world,310
new,276
one,270
must,262
man,213
life,210
young,201
two,192
find,163
war,161
years,153
back,152
team,152
city,151
agent,145
time,144
take,140
mission,140
police,140
help,137
group,132
finds,131
battle,129
family,127
way,125
save,124
get,118
become,116
soon,113
story,113
mysterious,112
stop,111
secret,105
death,103
fight,102
son,102
earth,101
former,101
father,100
evil,100
gang,98
takes,96
town,95
forces,94
film,93
cop,92
race,91
dangerous,89
first,88
crime,88
set,87
drug,87
american,86
becomes,86
love,86
government,83
people,83
named,82
men,81
together,80
daughter,80
revenge,80
wife,79
order,78
woman,78
n't,78
forced,77
friend,75
john,75
deadly,74
three,73
crew,73
planet,72
king,71
force,71
army,71
past,71
old,71
gets,70
last,70
game,69
job,69
...,69
prison,69
day,68
lives,68
murder,68
comes,67
home,66
girl,66
make,65
york,65
rescue,65
discovers,65
begins,64
leads,64
detective,64
power,63
called,63
also,63
protect,62
known,62
even,62
friends,62
goes,62
killed,62
country,61
future,61
escape,60
human,60
brother,60
assassin,60
ruthless,59
bond,59
behind,59
alien,59
criminal,59
series,58
kill,58
local,58
killer,58
left,57
powerful,56
face,56
run,56
small,56
martial,55
action,54
jack,54
dead,54
control,53
discover,53
island,53
james,53
leader,52
however,52
black,52
true,52
bring,52
attack,52
plan,52
enemy,51
events,51
turns,51
legendary,51
best,51
officer,51
led,50
partner,50
end,49
along,49
another,49
hero,48
captain,48
plot,48
come,48
cia,48
return,48
based,48
everything,47
turn,47
beautiful,47
attempt,47
search,47
whose,47
killing,47
plans,46
warrior,46
special,46
boss,46
sent,46
band,46
fbi,46
justice,46
ancient,45
school,45
u.s.,45
military,45
arts,45
movie,45
across,44
master,44
batman,44
boy,44
money,44
fighting,43
put,43
learns,43
trying,43
white,43
night,43
returns,42
america,42
security,42
try,42
lord,42
makes,42
work,42
criminals,42
lead,42
soldiers,42
real,41
year,41
sets,41
soldier,41
upon,41
frank,41
undercover,41
international,40
ship,40
wants,40
cops,40
taken,40
join,39
tries,39
heroes,39
dark,39
mother,39
little,39
angeles,39
ever,39
british,39
living,39
space,39
survive,39
big,39
girlfriend,38
adventure,38
kidnapped,38
lost,38
case,38
violent,38
without,37
powers,37
target,37
epic,37
track,37
los,37
destroy,37
taking,37
good,37
land,37
murdered,37
car,37
chinese,37
well,36
prevent,36
since,36
hope,36
falls,36
may,36
four,36
unlikely,36
head,36
russian,36
middle,36
elite,36
corrupt,36
journey,35
heist,35
terrorist,35
decides,35
century,35
like,35
quest,35
president,35
warriors,35
long,35
away,35
sister,34
high,34
would,34
desert,34
meets,34
using,33
threat,33
rogue,33
teams,33
yet,33
live,33
later,33
place,33
child,33
joins,33
kong,33
could,33
french,33
hands,32
ultimate,32
hunt,32
thief,32
learn,32
part,32
hired,32
united,32
nothing,32
determined,32
found,32
fate,31
nick,31
things,31
everyone,31
working,31
every,31
seeks,31
star,31
investigate,31
assigned,31
china,31
mob,31
japanese,31
use,30
destruction,30
uncover,30
humans,30
humanity,30
brothers,30
around,30
next,30
london,30
free,30
hong,30
veteran,30
members,29
keep,29
alive,29
final,29
still,29
missing,29
assassins,29
form,29
vampire,29
escapes,29
company,29
much,29
steal,29
bad,29
made,29
stolen,29
never,28
fights,28
street,28
survival,28
parents,28
house,28
village,28
train,28
bank,28
follows,28
involved,28
universe,27
threatens,27
wrong,27
stay,27
organization,27
ring,27
nuclear,27
name,27
fighter,27
desperate,27
finally,27
expert,27
several,27
joe,27
general,27
struggle,26
rival,26
blood,26
driver,26
dr.,26
agents,26
terrorists,26
five,26
lee,26
weapons,26
south,26
law,26
chance,26
brutal,26
side,25
global,25
agency,25
god,25
defend,25
pilot,25
heart,25
gotham,25
society,25
queen,25
trail,25
deep,25
states,25
great,25
conspiracy,25
including,25
finding,25
female,25
unit,25
prove,25
eventually,25
hit,25
meanwhile,24
attempts,24
massive,24
major,24
operation,24
caught,24
dragon,24
pair,24
creatures,24
paris,24
truth,24
hell,24
skills,24
decide,24
body,24
business,24
jimmy,24
danny,24
tom,24
peter,23
trapped,23
shot,23
superman,23
following,23
arrives,23
unknown,23
seemingly,23
state,23
late,23
quickly,23
destroyed,23
scientist,23
course,23
ends,23
enemies,23
sinister,23
many,23
killers,23
sea,23
defeat,23
mr.,23
remote,23
identity,23
supernatural,23
gold,23
see,23
right,23
top,23
getting,23
gangster,23
within,22
program,22
change,22
connor,22
works,22
turned,22
kingdom,22
chase,22
japan,22
rule,22
greatest,22
assassination,22
weapon,22
computer,22
notorious,22
hiding,22
virus,22
days,22
win,22
illegal,22
going,22
tough,22
service,22
mafia,22
policeman,22
guard,22
avenge,22
creature,21
north,21
something,21
personal,21
treasure,21
trouble,21
teenage,21
red,21
encounters,21
super,21
starts,21
different,21
entire,21
latest,21
hidden,21
clear,21
billy,21
champion,21
travels,21
history,21
giant,21
puts,21
streets,21
vengeance,21
spy,21
alex,21
hostage,21
training,21
harry,21
enough,21
plane,21
suddenly,21
gives,21
becoming,21
released,21
bounty,21
cash,21
disaster,20
daring,20
're,20
safe,20
empire,20
thing,20
realizes,20
peace,20
might,20
chaos,20
rest,20
adventures,20
dealer,20
vampires,20
children,20
accidentally,20
underground,20
sheriff,20
want,20
squad,20
women,20
retrieve,20
allies,19
gone,19
created,19
unexpected,19
fellow,19
among,19
sends,19
princess,19
act,19
heads,19
mind,19
video,19
resistance,19
forever,19
tells,19
career,19
perfect,19
know,19
faces,19
grows,19
inside,19
investigation,19
brings,19
wild,19
jungle,19
hunter,19
third,19
cross,19
thrown,19
seek,19
capture,19
trained,19
witness,19
johnny,19
samurai,19
private,19
couple,19
guy,19
jackie,19
danger,18
test,18
begin,18
armed,18
leave,18
operative,18
crash,18
leading,18
park,18
monster,18
far,18
worlds,18
anything,18
charlie,18
battles,18
bill,18
mexico,18
knows,18
stars,18
accident,18
hunters,18
air,18
die,18
recover,18
though,18
mike,18
freedom,18
chan,18
breaks,18
sequel,18
strange,18
goal,17
path,17
rise,17
break,17
heroic,17
crimes,17
mankind,17
uncle,17
businessman,17
peaceful,17
highly,17
classic,17
figure,17
lethal,17
given,17
struggles,17
recruited,17
combat,17
relentless,17
michael,17
vietnam,17
close,17
west,17
thieves,17
member,17
hard,17
reluctantly,17
dreams,17
partners,17
plays,17
various,17
childhood,17
making,17
conan,17
road,17
hot,17
community,16
tony,16
others,16
party,16
hand,16
anyone,16
estranged,16
civil,16
nazi,16
knight,16
vigilante,16
leaves,16
nearly,16
impossible,16
key,16
person,16
hits,16
believe,16
emperor,16
ago,16
looking,16
pilots,16
encounter,16
france,16
retired,16
protection,16
seen,16
used,16
thriller,16
seems,16
've,16
framed,16
secrets,16
unfortunately,16
survivors,16
ocean,16
rebel,16
clues,16
seal,16
station,16
rich,16
paul,16
million,16
chris,16
original,16
miami,16
uses,16
uncovers,16
fall,16
start,16
baby,16
africa,16
wilderness,16
six,15
reality,15
existence,15
imprisoned,15
system,15
confront,15
mountain,15
arthur,15
scene,15
escaped,15
dies,15
needs,15
aid,15
ordinary,15
nemesis,15
assignment,15
intelligence,15
sam,15
raised,15
losing,15
task,15
risk,15
machine,15
protecting,15
slave,15
question,15
eyes,15
drive,15
stand,15
guys,15
victims,15
sees,15
mastermind,15
lapd,15
complete,15
green,15
told,15
born,15
comedy,15
always,15
thousands,15
gun,15
travel,15
thugs,15
violence,15
carter,15
characters,15
look,15
role,15
secretly,15
release,15
legend,15
changes,15
project,15
give,15
vicious,15
kurt,15
ensues,15
yakuza,15
fought,14
civilization,14
destroying,14
conflict,14
gangsters,14
san,14
younger,14
popular,14
reporter,14
strength,14
california,14
hunted,14
really,14
seeking,14
dream,14
artist,14
abandoned,14
ben,14
attacked,14
responsible,14
agrees,14
galaxy,14
high-tech,14
captured,14
mercenaries,14
second,14
ice,14
hunting,14
jim,14
runs,14
betrayed,14
duty,14
underworld,14
terrifying,14
experience,14
beloved,14
front,14
detroit,14
teen,14
colonel,14
murderous,14
facility,14
robin,14
invasion,14
kid,14
successful,14
receives,14
tale,14
political,14
eye,14
despite,14
seem,14
pursuit,14
romance,14
situation,14
missions,14
david,14
due,14
van,14
hitman,14
owner,14
instead,14
goku,14
prisoner,14
nation,13
care,13
awry,13
safety,13
director,13
thomas,13
cast,13
immediately,13
prince,13
brilliant,13
scientists,13
plague,13
age,13
near,13
held,13
ultimately,13
destiny,13
scott,13
steve,13
sergeant,13
strike,13
demons,13
knowledge,13
promise,13
racing,13
professional,13
top-secret,13
cult,13
bloody,13
trip,13
fighters,13
sport,13
ten,13
choice,13
proves,13
citizens,13
richard,13
robbery,13
step,13
aliens,13
oil,13
installment,13
normal,13
brought,13
renegade,13
max,13
recruits,13
dying,13
rather,13
ranger,13
steel,13
bomb,13
wealthy,13
someone,13
reluctant,13
kidnap,13
facing,13
catch,13
officers,13
targets,13
students,13
drugs,13
robbers,13
mobster,13
code,13
art,13
ways,13
tournament,13
drama,13
marine,13
meet,13
overcome,13
diamond,13
europe,13
teenager,13
running,13
board,13
serial,13
thor,12
birth,12
worse,12
globe,12
boys,12
came,12
wayne,12
professor,12
clan,12
ninja,12
parker,12
student,12
superhero,12
department,12
royal,12
formidable,12
falling,12
alliance,12
torn,12
navy,12
beyond,12
throughout,12
syndicate,12
paths,12
fear,12
soul,12
robot,12
holds,12
got,12
cause,12
trust,12
eve,12
although,12
villains,12
marcus,12
roman,12
almost,12
show,12
ordered,12
ross,12
visit,12
gordon,12
office,12
pay,12
kingpin,12
famous,12
showdown,12
mortal,12
crisis,12
wars,12
flynn,12
eccentric,12
comic,12
battling,12
savage,12
believes,12
crooked,12
robert,12
alone,12
futuristic,12
demon,12
map,12
means,12
enlists,12
mars,12
english,12
charge,12
evidence,12
bishop,12
detectives,12
troubled,12
older,12
follow,12
directed,12
foreign,12
victim,12
kills,12
relationship,12
hospital,12
monsters,12
developed,12
searching,12
kung,12
saiyan,12
kids,12
factions,11
abducted,11
animals,11
engineer,11
need,11
pull,11
create,11
restore,11
reunite,11
villain,11
bruce,11
stone,11
took,11
border,11
fortune,11
continues,11
ability,11
doctor,11
device,11
retribution,11
devil,11
debt,11
jones,11
technology,11
mercenary,11
happens,11
7,11
planning,11
explosion,11
double,11
process,11
line,11
saving,11
modern,11
revealed,11
worst,11
resources,11
christmas,11
prey,11
brutally,11
building,11
sadistic,11
arms,11
obsessed,11
covert,11
efforts,11
incredible,11
enforcement,11
husband,11
smith,11
rescues,11
stranger,11
infiltrate,11
humankind,11
prisoners,11
duo,11
corporation,11
biggest,11
recently,11
simple,11
refuses,11
huge,11
hawk,11
lieutenant,11
flight,11
dealers,11
move,11
sword,11
vacation,11
german,11
hours,11
buddy,11
posing,11
times,11
convinces,11
involving,11
version,11
authorities,11
cat,11
deal,11
magical,11
open,11
title,11
steals,11
able,11
competition,11
gangs,11
embarks,11
water,11
starring,11
western,11
ex-con,11
rookie,11
enter,11
raise,11
rob,11
national,11
dispatched,11
happened,11
ransom,11
brand,11
closer,11
eliminate,11
play,11
academy,11
castle,11
soviet,11
fierce,11
solve,11
mystery,11
storm,11
orders,11
college,11
henchmen,11
dog,11
east,11
league,11
chicago,11
isolated,11
casey,11
avengers,10
light,10
wanted,10
george,10
effort,10
balance,10
terrible,10
unique,10
threatened,10
vengeful,10
faced,10
embark,10
retirement,10
francisco,10
causing,10
causes,10
deadliest,10
answers,10
generation,10
alter,10
months,10
odds,10
actions,10
apart,10
lies,10
defense,10
centuries,10
coming,10
sense,10
sorcerer,10
ethan,10
skilled,10
full,10
forest,10
rises,10
bombing,10
suspect,10
score,10
robots,10
washington,10
stumbles,10
vows,10
lone,10
joker,10
genetically,10
send,10
races,10
discovery,10
rider,10
calls,10
lt.,10
remaining,10
partnership,10
chosen,10
'the,10
mcclane,10
texas,10
point,10
contract,10
games,10
clone,10
cold,10
britain,10
landscape,10
brave,10
realize,10
seven,10
services,10
count,10
threaten,10
luthor,10
thinks,10
inspector,10
outside,10
martin,10
pregnant,10
potential,10
friendship,10
routine,10
book,10
cover,10
strong,10
haunted,10
memories,10
died,10
refuge,10
bullets,10
cars,10
masters,10
talent,10
offers,10
accused,10
jake,10
sell,10
attacks,10
luck,10
written,10
vegas,10
motorcycle,10
stranded,10
rules,10
box,10
boyfriend,10
alternate,10
monkey,10
reach,10
commander,10
level,10
convict,10
kidnaps,10
immortal,10
think,10
scheme,10
deaths,10
asks,10
willing,10
underwater,10
voyage,10
flying,10
hires,10
returning,10
neighborhood,10
crashes,10
jail,10
meeting,10
morales,10
marry,10
base,10
eastern,10
african,9
genetic,9
experiment,9
matters,9
newly,9
fearsome,9
fury,9
leaders,9
darkness,9
apes,9
species,9
pursued,9
compete,9
captive,9
emerge,9
warfare,9
fearless,9
mentor,9
district,9
reputation,9
eight,9
ghost,9
inner,9
continue,9
winds,9
share,9
center,9
hunts,9
wing,9
trains,9
none,9
beauty,9
forcing,9
investigates,9
embroiled,9
recruit,9
jay,9
assassinate,9
asked,9
challenge,9
superpowers,9
eddie,9
warring,9
hundred,9
gods,9
paid,9
dictator,9
locked,9
monstrous,9
millions,9
controlled,9
barney,9
enterprise,9
federation,9
central,9
bride,9
reveals,9
complex,9
homicidal,9
buried,9
ground,9
quiet,9
moral,9
genius,9
innocence,9
jedi,9
action-packed,9
cartel,9
filled,9
murphy,9
desperately,9
ahead,9
number,9
masked,9
hacker,9
johnson,9
intent,9
lands,9
drawn,9
pacific,9
raid,9
mining,9
hold,9
kidnapping,9
especially,9
pirates,9
hostile,9
bumbling,9
boston,9
coma,9
worker,9
teacher,9
information,9
jerry,9
bandits,9
stumble,9
mason,9
slavery,9
courage,9
william,9
england,9
custody,9
price,9
turning,9
jason,9
witnesses,9
southern,9
novel,9
clash,9
style,9
havoc,9
tracks,9
turf,9
cure,9
smuggling,9
execution,9
class,9
murderer,9
successfully,9
quick,9
carrying,9
jesse,9
henry,9
damme,9
hood,9
problems,9
coast,9
threats,8
throne,8
intelligent,8
alpha,8
catastrophe,8
emerges,8
brink,8
post-apocalyptic,8
memory,8
villainous,8
natural,8
network,8
unite,8
victor,8
dealing,8
aftermath,8
iron,8
mexican,8
unravel,8
cave,8
outcast,8
turtles,8
spectacular,8
harvey,8
build,8
thrust,8
operatives,8
keeping,8
rage,8
saved,8
committed,8
else,8
curse,8
leaving,8
collision,8
ally,8
field,8
joining,8
winter,8
mystical,8
cyborg,8
sarah,8
capable,8
korean,8
stake,8
collide,8
started,8
trilogy,8
contact,8
hundreds,8
kaiju,8
rising,8
verge,8
sniper,8
stakes,8
spread,8
nazis,8
nypd,8
serious,8
minutes,8
ripley,8
appears,8
stage,8
increasingly,8
remains,8
apprentice,8
escaping,8
innocent,8
golden,8
corruption,8
fugitive,8
rambo,8
dna,8
identities,8
contend,8
caused,8
defeated,8
senator,8
unable,8
survivor,8
easy,8
magic,8
camp,8
hopes,8
rangers,8
bigger,8
outlaw,8
failed,8
tasked,8
dynasty,8
returned,8
call,8
hoping,8
driving,8
delivery,8
explosive,8
americans,8
invaders,8
purpose,8
charles,8
prepare,8
kidnappers,8
match,8
investigating,8
stealing,8
joined,8
opens,8
zombies,8
met,8
petty,8
homicide,8
stanley,8
nightmare,8
wounded,8
public,8
platoon,8
shady,8
murders,8
executive,8
farm,8
crook,8
embassy,8
onto,8
interest,8
focus,8
terror,8
cut,8
unexpectedly,8
barely,8
whole,8
irish,8
orphaned,8
truly,8
pulls,8
became,8
loose,8
piece,8
disappears,8
ryan,8
moves,8
trial,8
l.a.,8
arrest,8
recent,8
racer,8
amy,8
picard,8
broken,8
playing,8
character,8
suburban,8
films,8
escort,8
fred,8
shuttle,8
chen,8
standing,8
priest,8
resulting,8
chief,8
searches,8
dirty,8
possible,8
robber,8
mark,8
frieza,8
tong,8
fact,8
kenshin,8
tokyo,8
marek,8
extremely,8
stories,8
fast,8
early,8
incident,8
haru,8
wendy,8
large,7
intergalactic,7
twisted,7
advanced,7
assumes,7
prime,7
discovering,7
ape,7
enormous,7
learning,7
maze,7
unprecedented,7
clock,7
perilous,7
jane,7
sacrifice,7
mighty,7
catastrophic,7
rely,7
designed,7
questions,7
arrived,7
april,7
transformed,7
skull,7
intends,7
domination,7
ego,7
lines,7
galactic,7
han,7
attorney,7
subsequently,7
bent,7
greater,7
avoid,7
moon,7
wizard,7
tower,7
kind,7
fail,7
imf,7
crosses,7
youth,7
protector,7
betrayal,7
understand,7
aided,7
launch,7
crack,7
mole,7
disappeared,7
toughest,7
reclaim,7
suicide,7
arriving,7
tyrannical,7
spent,7
develops,7
suffering,7
dave,7
passed,7
targeted,7
dragons,7
seize,7
bound,7
defending,7
church,7
uss,7
seeing,7
reign,7
list,7
casino,7
pursuing,7
grown,7
hollywood,7
arena,7
tragic,7
anakin,7
twin,7
crystal,7
civilian,7
thought,7
traveling,7
museum,7
stronger,7
sacred,7
reunites,7
feeling,7
airport,7
holding,7
analyst,7
matrix,7
arrested,7
thwart,7
lose,7
transferred,7
lincoln,7
poor,7
done,7
beginning,7
blade,7
cat-and-mouse,7
official,7
ambitious,7
lex,7
luke,7
slaves,7
pursue,7
resurrected,7
sexy,7
redemption,7
deliver,7
sky,7
account,7
loses,7
farmer,7
dea,7
awakens,7
factory,7
daniel,7
federal,7
surviving,7
threatening,7
everyday,7
total,7
longtime,7
nowhere,7
midst,7
manhattan,7
sun,7
smart,7
chases,7
respect,7
transforming,7
double-crossed,7
idea,7
miss,7
transporting,7
'll,7
mad,7
sides,7
physical,7
necessary,7
damien,7
hardened,7
kirk,7
unwittingly,7
corps,7
bourne,7
complicated,7
las,7
christopher,7
settle,7
mild-mannered,7
franchise,7
rescuing,7
frankenstein,7
bob,7
trio,7
phone,7
store,7
actually,7
lawyer,7
feature,7
movies,7
plant,7
missile,7
lane,7
milo,7
disease,7
shows,7
bodyguard,7
era,7
trafficking,7
carl,7
population,7
trinity,7
pits,7
girls,7
diamonds,7
sean,7
urban,7
doc,7
bullet,7
italian,7
spirit,7
elaborate,7
present,7
succeeds,7
prequel,7
residents,7
overrun,7
feet,7
passengers,7
room,7
snake,7
sights,7
experimental,7
cousins,7
restaurant,7
property,7
success,7
winner,7
corporate,7
bar,7
eric,7
caine,7
ambushed,7
wakes,7
area,7
ford,7
guns,7
kato,7
massacre,7
ray,7
baron,7
flee,7
nine,7
sentenced,7
gambler,7
20th,7
hometown,7
ninjas,7
carry,7
pick,7
tyrant,7
wong,7
martial-arts,7
manages,7
results,7
mistaken,7
wonder,7
instructor,7
crazy,7
d'artagnan,7
boat,7
truck,7
data,7
package,7
valuable,7
anger,7
brian,7
command,7
befriends,7
naruto,7
cousin,7
olive,7
jill,7
infected,7
seagal,7
hud,7
handle,6
collect,6
unimaginable,6
t'challa,6
serve,6
asgard,6
manhunt,6
shares,6
gorilla,6
discovered,6
altered,6
tear,6
worldwide,6
arrogant,6
invade,6
amazon,6
bilbo,6
claim,6
ruined,6
inspired,6
wick,6
governments,6
superhuman,6
asking,6
mutant,6
billionaire,6
machines,6
fears,6
reveal,6
shredder,6
grip,6
diabolical,6
weaponry,6
spider-man,6
push,6
european,6
armored,6
germany,6
defeating,6
resurfaces,6
pirate,6
port,6
kamen,6
sort,6
all-new,6
capt,6
eternal,6
charged,6
hulk,6
nefarious,6
wilson,6
devoted,6
stopping,6
aboard,6
gifted,6
archaeologist,6
locate,6
maleficent,6
invading,6
result,6
places,6
disappearance,6
treacherous,6
junior,6
loving,6
strikes,6
rock,6
taxi,6
aka,6
web,6
widow,6
expose,6
market,6
already,6
india,6
dracula,6
terminator,6
invincible,6
devious,6
amusement,6
forms,6
divided,6
amazing,6
zeus,6
loss,6
gunslinger,6
walter,6
trace,6
breach,6
legions,6
began,6
personality,6
specialist,6
nature,6
wisecracking,6
reaches,6
uncharted,6
stands,6
setting,6
loved,6
imagined,6
hostages,6
dedicated,6
seth,6
strip,6
rampage,6
transform,6
honor,6
loyalty,6
tested,6
greed,6
submarine,6
supply,6
simon,6
pulled,6
robocop,6
forbidden,6
opportunity,6
injured,6
larry,6
decades,6
chain,6
serving,6
fame,6
gradually,6
presidential,6
employee,6
helping,6
secretary,6
leadership,6
radio,6
selling,6
indian,6
territory,6
allied,6
lady,6
plots,6
surface,6
cocky,6
watch,6
avenger,6
rid,6
benjamin,6
revolutionary,6
angel,6
feelings,6
hijacked,6
stuck,6
unbeknownst,6
suffer,6
intense,6
waters,6
shark,6
passenger,6
metro,6
jean,6
region,6
narcotics,6
watching,6
investigator,6
expected,6
blind,6
douglas,6
quaid,6
license,6
speed,6
doug,6
burnett,6
sole,6
beach,6
actor,6
gathers,6
teach,6
food,6
1970s,6
better,6
exactly,6
ties,6
gen.,6
slain,6
trade,6
rare,6
formula,6
romantic,6
bandit,6
ravaged,6
cocaine,6
mixed,6
happy,6
everywhere,6
miles,6
travis,6
pursues,6
situations,6
lantern,6
bud,6
fire,6
nations,6
spending,6
fisherman,6
alongside,6
terry,6
mass,6
obtain,6
australian,6
apartment,6
news,6
edge,6
pressure,6
earl,6
extreme,6
overthrow,6
wilds,6
conquer,6
teens,6
ones,6
exchange,6
mathayus,6
exact,6
ready,6
crown,6
whether,6
attempting,6
lack,6
companions,6
shocked,6
sharks,6
neo,6
safely,6
rights,6
rebellious,6
rebellion,6
homes,6
challenges,6
journalist,6
dollars,6
regain,6
1980s,6
vice,6
court,6
kung-fu,6
includes,6
trucker,6
riddick,6
mom,6
convicted,6
passionate,6
went,6
maverick,6
asian,6
organized,6
spirits,6
tang,6
origins,6
horde,6
stan,6
dre,6
differences,6
grace,6
violently,6
compound,6
heists,6
cruise,6
football,6
bizarre,6
surrounding,6
period,6
mysteriously,6
settles,6
britt,6
thus,6
realizing,6
supposed,6
serbian,6
commanding,6
deakins,6
mouse,6
washes,6
agree,6
least,6
prize,6
shop,6
19th,6
jeffrey,6
deeper,6
turner,6
bargained,6
blue,6
santa,6
believed,6
accompanied,6
difficult,6
skill,6
struggling,6
vessel,6
hes,6
explorer,6
marshal,6
ex-girlfriend,6
jackass,6
grant,6
literally,6
superstar,6
kaoru,6
clean,6
sudden,6
furious,6
psychotic,6
alan,6
hides,6
prostitutes,6
thai,6
christian,6
arrive,6
siege,6
moscow,6
jacques,6
superiors,6
armstrong,6
affairs,6
monk,6
quite,6
planned,6
fired,6
towards,6
passes,6
clans,6
summer,6
hill,6
hole,6
needed,6
luc,6
khan,6
evangelion,6
drifter,6
ball,6
ashore,6
riot,6
zaid,6
tongan,6
shadows,5
wakanda,5
prophecy,5
raging,5
size,5
battlefield,5
runners,5
stark,5
built,5
dwarves,5
assemble,5
curry,5
maintain,5
pass,5
activity,5
hide,5
creator,5
hitler,5
solo,5
dent,5
finest,5
sparrow,5
sure,5
doom,5
odyssey,5
feels,5
triangle,5
picks,5
pieces,5
conclusion,5
decepticons,5
menace,5
planets,5
foe,5
deadpool,5
humor,5
surgeon,5
con,5
influence,5
regime,5
idyllic,5
growing,5
today,5
lab,5
position,5
longer,5
espionage,5
tragedy,5
manager,5
loves,5
features,5
theme,5
cataclysmic,5
colleague,5
intrigue,5
opposing,5
financial,5
vesper,5
preparing,5
movement,5
provide,5
levels,5
convince,5
extraordinary,5
maximus,5
feudal,5
lords,5
neither,5
presence,5
producer,5
roland,5
radar,5
finish,5
promised,5
shadowy,5
washed-up,5
trainee,5
opposition,5
invisible,5
bodies,5
audience,5
unleashed,5
reich,5
employer,5
royale,5
determination,5
reconcile,5
morning,5
predator,5
confronts,5
snow,5
spain,5
accept,5
terrorism,5
skywalker,5
devastating,5
demands,5
kevin,5
fantastic,5
elusive,5
constantly,5
arrival,5
triggers,5
scottish,5
ruled,5
turmoil,5
wish,5
insane,5
wave,5
patrol,5
superheroes,5
moses,5
prepared,5
except,5
hills,5
unstoppable,5
surfer,5
allow,5
satellite,5
unleash,5
tommy,5
josh,5
host,5
penguin,5
accepted,5
neville,5
messages,5
stops,5
marvel,5
expendables,5
outlaws,5
common,5
activities,5
gave,5
inhabitants,5
environment,5
lie,5
vendetta,5
riding,5
frozen,5
fortress,5
detonate,5
egypt,5
taliban,5
matt,5
abuse,5
scorpion,5
route,5
intercept,5
let,5
cunning,5
warlord,5
transport,5
fiance,5
expect,5
views,5
meaning,5
shocking,5
worth,5
wwii,5
lycans,5
aside,5
river,5
thailand,5
workers,5
smugglers,5
leo,5
evade,5
say,5
cyrus,5
promises,5
exotic,5
relic,5
matter,5
immigrant,5
procedure,5
drives,5
horrific,5
orleans,5
chilling,5
remake,5
zombie,5
ladies,5
captors,5
fly,5
playboy,5
commit,5
regular,5
support,5
kept,5
strict,5
loyalties,5
ruins,5
sometimes,5
amid,5
average,5
protg,5
science,5
parts,5
achieve,5
sign,5
samuel,5
chemical,5
operations,5
loot,5
sex,5
transforms,5
details,5
date,5
excitement,5
fleeing,5
cage,5
abusive,5
ambassador,5
minor,5
graboids,5
long-lost,5
filming,5
advice,5
drops,5
connection,5
contain,5
alice,5
bitter,5
thrill-seeking,5
theyre,5
medical,5
touch,5
slums,5
assault,5
pageant,5
hart,5
fourth,5
boyka,5
aging,5
stages,5
launches,5
miller,5
helped,5
subway,5
inmate,5
ops,5
injected,5
headquarters,5
wake,5
dean,5
issues,5
horror,5
waste,5
jump,5
immense,5
card,5
toward,5
titans,5
lot,5
pawn,5
colony,5
storms,5
impending,5
lucas,5
mogul,5
blofeld,5
populated,5
problem,5
ignoring,5
enforcer,5
candidate,5
separate,5
economy,5
macleod,5
heir,5
mean,5
attempted,5
desolate,5
vow,5
anna,5
resort,5
feel,5
outwit,5
mutants,5
bugs,5
imperial,5
miners,5
iii,5
animated,5
kgb,5
multiple,5
impact,5
prominent,5
gadgets,5
russia,5
cursed,5
tracking,5
julia,5
ex-partner,5
cross-country,5
vehicles,5
ride,5
sentence,5
rape,5
disguise,5
looks,5
hijack,5
inventor,5
robberies,5
aim,5
brain,5
sub,5
heading,5
focuses,5
headed,5
panic,5
niece,5
subject,5
broke,5
blart,5
apprehend,5
colleagues,5
assembles,5
claims,5
commando,5
12-year-old,5
howard,5
quarantine,5
shut,5
grizzled,5
slowly,5
gruesome,5
mate,5
rayne,5
atlantic,5
man-eating,5
wildlife,5
spring,5
leone,5
rig,5
walker,5
hal,5
hijackers,5
tall,5
emergency,5
develop,5
plunged,5
deserted,5
jennings,5
attitude,5
paroled,5
bike,5
largest,5
beckett,5
plenty,5
management,5
mutiny,5
hale,5
taught,5
owens,5
callahan,5
feared,5
affair,5
consequences,5
antics,5
retire,5
claus,5
pushed,5
huo,5
wang,5
jeremy,5
regis,5
andy,5
grand,5
small-town,5
depicts,5
appear,5
chon,5
roy,5
player,5
site,5
crossed,5
determine,5
creation,5
guts,5
jet,5
ask,5
templar,5
sara,5
warden,5
legion,5
ceo,5
whilst,5
beat,5
funny,5
chad,5
vietnamese,5
braddock,5
climbing,5
social,5
warlords,5
wishes,5
terence,5
chased,5
ash,5
experienced,5
kelly,5
usa,5
comrades,5
shadow,5
woods,5
loyal,5
moore,5
crashed,5
nurse,5
rocky,5
angels,5
spencer,5
cheech,5
popeye,5
trap,5
earn,5
heroin,5
bly,5
mccoy,5
flooding,5
alphonse,5
gantz,5
200,5
gadget,5
steven,5
ruben,5
nora,5
jinyiwei,5
despot,4
artifacts,4
inflict,4
reclusive,4
challenged,4
wakandan,4
panther,4
dragged,4
all-powerful,4
orb,4
okoye,4
silverback,4
predators,4
antidote,4
peacekeeping,4
deposited,4
erased,4
hangs,4
ultron,4
uneasy,4
intricate,4
odin,4
foster,4
darkest,4
erebor,4
elves,4
diana,4
barry,4
allen,4
caesar,4
dominance,4
gladers,4
labyrinth,4
logan,4
virtual,4
guardians,4
mysteries,4
creates,4
spies,4
scale,4
increase,4
lang,4
brooklyn,4
adolf,4
untold,4
earthquake,4
division,4
tank,4
overwhelming,4
thirty,4
governor,4
fellowship,4
formed,4
prior,4
transformers,4
autobots,4
territories,4
minister,4
thousand,4
safeguard,4
wade,4
subjected,4
abilities,4
coerced,4
getaway,4
disney,4
suffers,4
successor,4
shaw,4
directly,4
mi6,4
authority,4
gareth,4
mallory,4
motives,4
severe,4
lara,4
limits,4
boxing,4
amateur,4
laws,4
apparent,4
d.c.,4
enlist,4
poker,4
winning,4
enters,4
annihilation,4
trusted,4
generals,4
gladiator,4
tormented,4
twelve,4
similar,4
souls,4
fallen,4
aaron,4
surprise,4
fan,4
kim,4
robotic,4
managed,4
chapter,4
fantastical,4
challenging,4
favorite,4
unmapped,4
exploring,4
rome,4
restless,4
victory,4
jaeger,4
evolved,4
jaegers,4
teamed,4
apocalypse,4
tris,4
classified,4
divergents,4
knife,4
dutch,4
commandos,4
downed,4
basterds,4
circle,4
payback,4
loop,4
overtaken,4
single-handedly,4
colonists,4
marines,4
claire,4
extinction,4
selene,4
prowess,4
research,4
tried,4
one-by-one,4
stunt,4
closest,4
radiation,4
laboratory,4
australia,4
unleashing,4
biological,4
choose,4
salt,4
surreal,4
event,4
republic,4
offspring,4
teaming,4
values,4
changed,4
trials,4
omnicorp,4
gains,4
beings,4
extract,4
spacecraft,4
highlands,4
capital,4
volunteers,4
snaps,4
hall,4
tail,4
screen,4
undergoes,4
solar,4
perseus,4
accepts,4
hapless,4
homeland,4
newt,4
simply,4
edward,4
systems,4
penal,4
posse,4
tarzan,4
council,4
resurrect,4
resident,4
location,4
erupts,4
walk,4
strategy,4
wages,4
otherwise,4
survived,4
assigns,4
knew,4
rick,4
o'connell,4
sending,4
self,4
chest,4
rumored,4
embedded,4
paired,4
actors,4
anubis,4
gain,4
marseilles,4
cargo,4
passion,4
sanctuary,4
aspirations,4
shortly,4
gabriel,4
rebuild,4
architect,4
taylor,4
confronted,4
rages,4
respective,4
freeze,4
poison,4
eggs,4
crooks,4
transported,4
short,4
instinct,4
conference,4
berlin,4
murdock,4
horribly,4
fantasy,4
graduation,4
ended,4
elementary,4
aggressive,4
utah,4
strangers,4
upcoming,4
villagers,4
wins,4
prototype,4
murtaugh,4
companion,4
remain,4
undead,4
balthazar,4
1990s,4
lover,4
deputy,4
launching,4
artists,4
performing,4
physician,4
convicts,4
reaper,4
gorgeous,4
sir,4
holmes,4
centered,4
drivers,4
twenty,4
spanish,4
robbed,4
townspeople,4
accidental,4
image,4
damage,4
stick,4
marries,4
owners,4
toxic,4
canadian,4
iraq,4
veterans,4
sgt,4
cities,4
draw,4
uncovered,4
retaliation,4
ferris,4
link,4
pete,4
reese,4
gig,4
burt,4
gummer,4
jamie,4
kennedy,4
ancestor,4
1930s,4
exile,4
mutated,4
outbreak,4
rivals,4
descendant,4
nobleman,4
wits,4
venice,4
wall,4
rescued,4
counterfeiting,4
fist,4
nyc,4
newspaper,4
greece,4
sixth,4
graphic,4
object,4
infiltrates,4
guards,4
val,4
polar,4
defends,4
points,4
lola,4
happen,4
scientific,4
dystopian,4
theft,4
tape,4
real-life,4
quentin,4
fails,4
comics,4
clark,4
lois,4
hotel,4
gritty,4
glory,4
intention,4
olympus,4
disgraced,4
add,4
sorceress,4
tribe,4
saves,4
experiences,4
upside,4
revolt,4
ex-cia,4
blockbuster,4
continuing,4
bit,4
fiancee,4
durant,4
effect,4
core,4
proper,4
wreak,4
zion,4
certain,4
nephew,4
billion,4
craft,4
current,4
bringing,4
judge,4
adaptation,4
record,4
newest,4
largo,4
warheads,4
blackmail,4
rebels,4
sake,4
millennium,4
beast,4
immortality,4
jungles,4
shaolin,4
assist,4
hell-bent,4
julian,4
artificial,4
fort,4
rico,4
enigmatic,4
homeless,4
ex-special,4
chinatown,4
helps,4
coup,4
frantically,4
funeral,4
comet,4
politics,4
word,4
heavily,4
missiles,4
revolves,4
jeff,4
tense,4
crash-lands,4
half,4
harley,4
axel,4
sing,4
one-man,4
section,4
culture,4
marseille,4
survives,4
blazing,4
hate,4
carmen,4
juni,4
cortez,4
mutual,4
psychopath,4
enlisted,4
punks,4
cultural,4
kitai,4
mako,4
foes,4
extermination,4
spreads,4
elements,4
entity,4
baker,4
half-human,4
prone,4
reserve,4
2010,4
reacher,4
1999,4
torture,4
vincent,4
aware,4
delivers,4
gunmen,4
bus,4
blow,4
fallon,4
swedish,4
susan,4
tests,4
korea,4
misfits,4
expedition,4
stalked,4
fashion,4
triads,4
loner,4
charismatic,4
mercy,4
perspective,4
sensitive,4
unemployed,4
pope,4
seriously,4
raids,4
zhen,4
hard-nosed,4
cane,4
marriage,4
spyder,4
forges,4
spoiled,4
sheep,4
colombian,4
kate,4
trigger,4
belgian,4
less,4
pop,4
idol,4
crazed,4
totally,4
sparks,4
pain,4
trent,4
sommerton,4
junction,4
conquest,4
injury,4
bear,4
fulfill,4
okinawa,4
flash,4
dwindling,4
navigate,4
robbing,4
corporations,4
mishima,4
masses,4
music,4
wedding,4
collector,4
meteor,4
calling,4
gunman,4
strongest,4
seasoned,4
knowing,4
generations,4
swordsman,4
miserable,4
assaulted,4
usual,4
rough,4
beijing,4
exercise,4
exceptional,4
django,4
fei-hung,4
dad,4
wielding,4
savages,4
effects,4
sharp,4
annie,4
marked,4
flame,4
appearance,4
equally,4
stunts,4
vikings,4
carlos,4
fox,4
prostitute,4
injustice,4
divorce,4
county,4
suspicion,4
valley,4
manage,4
hordes,4
vision,4
irons,4
inspiring,4
offering,4
african-american,4
mountains,4
cell,4
merciless,4
musketeers,4
income,4
charming,4
botched,4
owned,4
blonde,4
typical,4
sidekick,4
rainforest,4
aircraft,4
union,4
outpost,4
offered,4
lau,4
zane,4
senior,4
rio,4
bars,4
bethany,4
offer,4
duncan,4
combined,4
jewel,4
jean-claude,4
birthday,4
galina,4
detailing,4
somi,4
door,4
deeply,4
bobby,4
capturing,4
convinced,4
sons,4
clandestine,4
devises,4
shipment,4
mute,4
message,4
dooley,4
suspects,4
protagonist,4
disgruntled,4
assistant,4
liberate,4
alchemist,4
wright,4
stole,4
firm,4
brazil,4
hatch,4
seattle,4
involves,4
weekend,4
s.w.a.t,4
beats,4
arizona,4
laid,4
completely,4
unorthodox,4
techniques,4
term,4
solomon,4
joan,4
joey,4
neighbor,4
shepard,4
supposedly,4
flees,4
players,4
immigrants,4
barons,4
tiny,4
norway,4
melvin,4
legal,4
shinji,4
amp,4
ill,4
mesrine,4
beaten,4
zatichi,4
salesman,4
hockey,4
topo,4
arch,4
elric,4
jia,4
stevens,4
afro-american,4
yasin,4
guilt,4
soran,4
simmons,4
basketball,4
shanghai,4
pierre,4
inn,4
rod,4
trunks,4
shion,4
darkspore,4
club,4
cardinal,4
ominous,4
environmental,4
loyalists,4
seduce,4
molly,4
representative,4
swamp,4
claw,4
bligh,4
plata,4
salud,4
groberg,4
letters,4
entertainment,4
homecoming,4
popularity,4
taggart,4
quigley,4
saints,4
durex,4
razor,4
qinglong,4
kazuya,4
continued,3
emerged,3
cosmic,3
moment,3
reserved,3
kings,3
homeworld,3
quill,3
davis,3
gentle,3
discredited,3
secure,3
spanning,3
recruitment,3
dormant,3
earths,3
mightiest,3
enacting,3
alliances,3
attacking,3
punishment,3
desolation,3
smaug,3
orcs,3
fuelled,3
faith,3
consisting,3
boxes,3
magician,3
passing,3
supplier,3
x-men,3
periods,3
legacy,3
contest,3
newfound,3
suit,3
armor,3
skynet,3
politicians,3
grim,3
wise-cracking,3
pym,3
rogers,3
queens,3
theater,3
battle-hardened,3
commands,3
responsibility,3
ex-aid,3
putting,3
down-on-his-luck,3
poseidon,3
ingenious,3
undertake,3
metropolis,3
banner,3
merry,3
origin,3
doomed,3
fabled,3
chappie,3
indiana,3
iconic,3
fiercest,3
newborn,3
infant,3
aurora,3
aunt,3
teenagers,3
shape,3
compromised,3
explorers,3
ventures,3
hendricks,3
codes,3
croft,3
fiercely,3
adventurer,3
lifestyle,3
bottom,3
jurassic,3
dinosaur,3
originally,3
hammond,3
robotics,3
ensure,3
quietly,3
silence,3
otherworldly,3
kay,3
chiffre,3
participate,3
maiden,3
attend,3
felix,3
important,3
palace,3
vlad,3
unborn,3
destined,3
21st,3
virtually,3
mib,3
proportions,3
expertise,3
symbol,3
throws,3
traders,3
paying,3
catwoman,3
present-day,3
nerdy,3
hercules,3
solace,3
thirsty,3
now-adult,3
newer,3
thrilling,3
hiccup,3
toothless,3
astrid,3
skies,3
associate,3
guild,3
oath,3
devised,3
minds,3
bridge,3
proving,3
untested,3
heavy,3
commissioned,3
scout,3
engulfing,3
airmen,3
occasionally,3
raises,3
nazi-occupied,3
aldo,3
wronged,3
blackmailed,3
active,3
owen,3
salvage,3
volcanic,3
dinosaurs,3
animal,3
trainer,3
dawn,3
werewolves,3
bets,3
visits,3
moonlights,3
katniss,3
researcher,3
engineered,3
plunges,3
evelyn,3
dramatic,3
defuse,3
throw,3
descends,3
view,3
camera,3
horrifying,3
knights,3
crumbles,3
seduced,3
darth,3
vader,3
grow,3
soviets,3
whereabouts,3
carver,3
grid,3
prehistoric,3
lifetime,3
multinational,3
overseas,3
controversial,3
watchman,3
stirs,3
sci-fi,3
stationed,3
crashing,3
mrida,3
defies,3
inadvertently,3
relief,3
holiday,3
22nd,3
vet,3
tactics,3
intrepid,3
attending,3
rogen,3
replacement,3
assume,3
exploit,3
energy,3
hades,3
ivan,3
g.i,3
bid,3
hicks,3
two-face,3
dick,3
mayor,3
padm,3
perhaps,3
orangutan,3
tiger,3
breaking,3
inmates,3
hungry,3
cowboys,3
tech,3
hellboy,3
adulthood,3
utopian,3
contained,3
humble,3
mask,3
absence,3
all-out,3
sworn,3
hotshot,3
a.j,3
egyptian,3
cycle,3
june,3
2005,3
exist,3
doesnt,3
summoned,3
wesley,3
gibson,3
invented,3
available,3
gates,3
stashed,3
independence,3
totalitarian,3
bloodthirsty,3
roam,3
welcome,3
vigilantes,3
objective,3
hijacking,3
suburbanites,3
mix,3
wicked,3
procreate,3
naval,3
engage,3
admiral,3
often,3
experts,3
marshals,3
desk,3
transfer,3
150,3
supervillain,3
contender,3
peak,3
reinhardt,3
horrors,3
hybrid,3
ivy,3
war-torn,3
breed,3
surprises,3
reaching,3
astronaut,3
temporarily,3
airborne,3
bag,3
hand-to-hand,3
represents,3
schmidt,3
jenko,3
synthetic,3
emilien,3
capsule,3
occurred,3
policemen,3
complicate,3
clue,3
out-of-control,3
explode,3
fireworks,3
coastal,3
mythical,3
alexander,3
persian,3
persians,3
requires,3
holy,3
unseen,3
happening,3
audition,3
cyborgs,3
confrontation,3
perfection,3
detachment,3
whos,3
roger,3
partnered,3
riggs,3
unnecessary,3
risks,3
odd,3
dashing,3
suffered,3
betrayals,3
fiery,3
myth,3
wrongfully,3
murdering,3
gerard,3
wiped,3
crush,3
harrowing,3
judah,3
motley,3
honorable,3
principles,3
reapers,3
preventing,3
peasant,3
hector,3
sherlock,3
watson,3
rivalry,3
diego,3
vega,3
alejandro,3
dancer,3
surgery,3
employ,3
repair,3
runaway,3
hang,3
israeli,3
desire,3
arab,3
boxer,3
ex-marine,3
names,3
col.,3
randall,3
accomplish,3
countless,3
builds,3
staff,3
unlike,3
demand,3
motion,3
mitch,3
1972,3
olympic,3
munich,3
execute,3
dropped,3
co-pilot,3
ace,3
alternative,3
mental,3
theory,3
venom,3
fresh,3
riley,3
pages,3
cockburn,3
scenes,3
researchers,3
clashes,3
reason,3
ogre,3
snatch,3
busy,3
luxury,3
establishment,3
low,3
small-time,3
gambling,3
gamble,3
closed,3
fleet,3
propelled,3
eradicate,3
considered,3
swat,3
sensation,3
tough-as-nails,3
gracie,3
saga,3
despair,3
300,3
bottle,3
xixo,3
paranormal,3
wildest,3
bloodiest,3
fence,3
bureau,3
rate,3
nevada,3
equipment,3
sail,3
menacing,3
decade,3
athlete,3
cohorts,3
highest,3
belongs,3
amount,3
launched,3
drilling,3
intruders,3
sisters,3
july,3
orbit,3
conducts,3
incarcerated,3
sentences,3
summon,3
costumed,3
sought,3
boyd,3
ex-wife,3
nabbed,3
stewart,3
banning,3
scrambles,3
plagued,3
rampaging,3
trek,3
dangers,3
conner,3
swift,3
16-year-old,3
tracked,3
strives,3
blown,3
sleepy,3
unsavory,3
life-or-death,3
previous,3
seizes,3
slays,3
parent,3
ferocious,3
sorcery,3
stonebanks,3
exiled,3
intentions,3
invited,3
pharmaceutical,3
unpredictable,3
subjects,3
creating,3
unstable,3
curtis,3
prepares,3
pal,3
accountant,3
breathtaking,3
visual,3
pitted,3
officials,3
lacks,3
bombs,3
clary,3
cup,3
lucy,3
media,3
archenemy,3
fifth,3
connery,3
beneath,3
unforgiving,3
entirely,3
paradise,3
volatile,3
outsiders,3
hugely,3
tornadoes,3
overwhelmed,3
mary,3
atomic,3
ian,3
spartacus,3
sold,3
weeks,3
numbers,3
ranks,3
ex-lover,3
gong,3
blomkvist,3
magazine,3
plunging,3
vowed,3
mma,3
mongkut,3
placed,3
spaceship,3
2000,3
benevolent,3
prophesied,3
clyde,3
charlotte,3
unwillingly,3
advantage,3
barnes,3
exacting,3
reunion,3
backdrop,3
damaged,3
shell,3
bunker,3
episode,3
suspicious,3
foreigners,3
patriot,3
guilty,3
wanting,3
tour,3
vanish,3
sight,3
blame,3
disappearing,3
chambers,3
estate,3
scam,3
native,3
province,3
killings,3
giants,3
witches,3
witch,3
kaulder,3
moments,3
austin,3
wheel,3
gauntlet,3
racers,3
manner,3
southwestern,3
taste,3
wage,3
terrorize,3
rapidly,3
eerie,3
anderson,3
jackal,3
heavyweight,3
maximum,3
monastery,3
direct,3
afghanistan,3
1997,3
landed,3
bet,3
foley,3
square,3
punisher,3
adopted,3
jigsaw,3
deeds,3
seals,3
barriers,3
puppetmaster,3
enhanced,3
construction,3
chip,3
planted,3
boomer,3
silent,3
attention,3
single,3
mount,3
freak,3
acts,3
response,3
informs,3
temple,3
convention,3
squadron,3
madman,3
complications,3
gigantic,3
poses,3
explains,3
courageous,3
hardcore,3
jobs,3
punches,3
bullies,3
terrain,3
fast-paced,3
barbarian,3
arnold,3
freddy,3
unleashes,3
week,3
acting,3
succumbs,3
specialists,3
prospector,3
succeed,3
bearing,3
laura,3
press,3
brood,3
dhampir,3
half-vampire,3
saddled,3
sebastian,3
747,3
deadlier,3
terrorizing,3
triumph,3
overnight,3
ghettos,3
neutron,3
falsely,3
ex-mercenary,3
smuggler,3
recovering,3
value,3
spill,3
packed,3
shootout,3
gabe,3
climbers,3
rigged,3
fictional,3
meant,3
figures,3
approaches,3
smarter,3
skeptical,3
viral,3
wanders,3
thirst,3
orchid,3
kai,3
overlord,3
ireland,3
monks,3
peril,3
gate,3
roads,3
outback,3
nicknamed,3
mall,3
ocp,3
suicidal,3
yen,3
dust,3
messenger,3
parkour,3
resourceful,3
skillfully,3
pays,3
adversaries,3
colombia,3
succeeding,3
reconnaissance,3
bosnia,3
pressures,3
doomsday,3
entrusted,3
lowly,3
self-indulgent,3
tension,3
ned,3
bungled,3
wanda,3
lauren,3
grisly,3
interferes,3
severely,3
oss,3
hardship,3
miyagi,3
reno,3
riveting,3
intended,3
variety,3
speeds,3
3-d,3
tropical,3
fledgling,3
elwood,3
grew,3
tied,3
idealistic,3
sophisticated,3
fearful,3
arm,3
aspiring,3
alike,3
cases,3
universes,3
additional,3
reward,3
pride,3
astronauts,3
decorated,3
angela,3
invites,3
kane,3
targeting,3
shattered,3
gulf,3
flashbacks,3
dating,3
treatment,3
patrovina,3
phoenix,3
trunk,3
enslaved,3
unfolds,3
krypton,3
failing,3
countryside,3
shipping,3
sailor,3
honeymoon,3
jean-luc,3
u.s.s,3
previously,3
corbucci,3
nero,3
refused,3
certificate,3
1993,3
subsequent,3
featuring,3
cook,3
artifact,3
beck,3
brazilian,3
discipline,3
mischievous,3
lucis,3
niflheim,3
goals,3
dubbed,3
approach,3
maniac,3
sweetheart,3
methods,3
terrier,3
flies,3
married,3
dealings,3
carrie,3
harsh,3
cost,3
rath,3
beerus,3
worthy,3
sabotage,3
axe,3
bosses,3
high-kicking,3
allows,3
disastrous,3
exists,3
devlin,3
tie,3
unwitting,3
jonah,3
megan,3
finale,3
cruelty,3
pet,3
collar,3
main,3
organisation,3
ugly,3
campaign,3
giving,3
located,3
teelas,3
product,3
introduces,3
connected,3
sweeping,3
hawkins,3
spend,3
cruel,3
counterpart,3
politician,3
aramis,3
athos,3
porthos,3
louis,3
high-flying,3
cody,3
vetter,3
patrons,3
solitary,3
geoff,3
heritage,3
chapman,3
culprit,3
cover-up,3
freelance,3
marx,3
bangkok,3
kham,3
elephant,3
rose,3
remainder,3
canton,3
corners,3
accompanying,3
sheridan,3
confident,3
indians,3
language,3
january,3
halloween,3
tanker,3
courier,3
contains,3
centers,3
brown,3
reckless,3
yan,3
kin,3
ming,3
respectively,3
decided,3
nearby,3
unsuspecting,3
jordan,3
clutches,3
nascimento,3
bope,3
witwicky,3
unfortunate,3
hamilton,3
helen,3
mariachi,3
paranoia,3
airplane,3
distant,3
kell,3
television,3
stephen,3
agenda,3
straight,3
hatcher,3
infiltrated,3
taesik,3
downs,3
household,3
neighboring,3
starship,3
troopers,3
emotional,3
trick,3
bonds,3
jasmine,3
starting,3
airline,3
enrolls,3
appeared,3
internal,3
viking,3
madness,3
steiner,3
longs,3
concerned,3
hears,3
guitar,3
tradition,3
mistake,3
via,3
expectations,3
demanding,3
soundtrack,3
apocalyptic,3
bomber,3
fatal,3
please,3
revive,3
cool,3
initially,3
drinking,3
naturally,3
author,3
2008,3
manji,3
ann,3
morris,3
singer,3
flint,3
remained,3
bink,3
nice,3
rascal,3
keeps,3
somewhere,3
samir,3
laden,3
bands,3
derelict,3
rat,3
efficiency,3
hao,3
duel,3
pole,3
reggie,3
ryu,3
afford,3
amidst,3
empress,3
facade,3
mercilessly,3
respected,3
possessing,3
initiative,3
testify,3
domestic,3
operating,3
hamburger,3
bronze,3
kyoto,3
covering,3
measures,3
mines,3
opponent,3
volcano,3
ducks,3
coach,3
genre,3
shoot,3
qing,3
protected,3
gay,3
guido,3
marshall,3
initial,3
lying,3
anime,3
self-sacrifice,3
negotiator,3
well-known,3
darkman,3
informant,3
burns,3
filmed,3
burning,3
youths,3
lunatic,3
farrell,3
borders,3
jade,3
doorstep,3
goose,3
fend,3
landing,3
files,3
conscience,3
either,3
todd,3
drew,3
universal,3
deveraux,3
addition,3
specializing,3
remnants,3
outfit,3
infamous,3
psychopathic,3
ammunition,3
clouseau,3
balls,3
sealed,3
boyle,3
bardock,3
revived,3
babylon,3
vin,3
tell,3
inevitably,3
talented,3
guidance,3
retitled,3
stooges,3
ideas,3
lots,3
psychiatrist,3
actress,3
keong,3
sleeping,3
accompany,3
kogor,3
steps,3
taiwan,3
wealth,3
electronics,3
tuck,3
ginzo,3
convoy,3
reservation,3
profit,3
presents,3
earp,3
duke,3
mac,3
opposite,3
bust,3
answer,3
experiments,3
honour,3
peasants,3
yuki,3
catches,3
photographer,3
brainiac,3
jai,3
louisiana,3
jeans,3
donor,3
dove,3
promoter,3
scars,3
aimed,3
turkish,3
ron,3
non-stop,3
footsteps,3
richest,3
sphere,3
suits,3
gunnery,3
midnight,3
competitors,3
philip,3
knock,3
gas,3
permanent,3
rounds,3
well-trained,3
pact,3
afterlife,3
lifelong,3
monica,3
zhang,3
philo,3
unravels,3
trevor,3
outrageous,3
tree,3
griffith,3
satan,3
broly,3
protest,3
hannay,3
skinheads,3
replaces,3
chui,3
chik,3
701,3
ending,3
galactica,3
karen,3
online,3
benyon,3
richelieu,3
tow,3
krabat,3
suzuki,3
interests,3
invaded,3
na-mi,3
shahid,3
stu,3
sequences,3
allan,3
entei,3
tunnel,3
asia,3
seibei,3
buying,3
liam,3
missionary,3
employed,3
nico,3
juggle,3
handyman,3
schemes,3
cooler,3
miklo,3
marston,3
otsutsuki,3
sharky,3
stegman,3
thunderbirds,3
university,3
lukas,3
kenner,3
ghul,3
sabrina,3
aman,3
amsterdam,3
gwyn,3
kurono,3
lomax,3
thanos,2
infamy,2
infinity,2
stones,2
uncertain,2
technologically,2
mantel,2
nakia,2
queen-mother,2
princess-kid,2
dora,2
milaje,2
'special,2
ragnarok,2
asgardian,2
hela,2
ronan,2
accuser,2
primatologist,2
unshakable,2
extraordinarily,2
mutates,2
similarly,2
ever-changing,2
halt,2
s.h.i.e.l.d.,2
require,2
jumpstart,2
pave,2
disasters,2
satellites,2
climate,2
geostorm,2
wipes,2
cosmos,2
malekith,2
plunge,2
withstand,2
recklessly,2
reignites,2
grips,2
laketown,2
mirkwood,2
azog,2
defiler,2
marching,2
fueled,2
sauron,2
middle-earth,2
restored,2
selfless,2
metahumans,2
steppenwolf,2
parademons,2
ex-hitman,2
roof,2
sleight,2
wiping,2
collective,2
regulate,2
polarizes,2
opinion,2
amongst,2
ensemble,2
selves,2
wckd-controlled,2
weary,2
cares,2
ailing,2
weaponized,2
settled,2
foot,2
cameraman,2
embrace,2
hank,2
ant-man,2
insurmountable,2
2nd,2
wardaddy,2
selina,2
kyle,2
branded,2
freewheeling,2
17th-century,2
quarrels,2
riders,2
fearing,2
god-like,2
revered,2
modern-day,2
savior,2
wrestles,2
hobbit,2
frodo,2
baggins,2
destination,2
beatrice,2
headstrong,2
vanished,2
transformer,2
28th,2
valerian,2
laureline,2
identify,2
awaits,2
healing,2
anne,2
blackbeard,2
prodigy,2
celebrated,2
covenant,2
pure-hearted,2
harmony,2
happiness,2
briefcase,2
belonged,2
connors,2
lizard,2
choices,2
gravely,2
exposed,2
chairman,2
explore,2
gained,2
access,2
explanation,2
ferret,2
independent,2
reigning,2
impressive,2
isla,2
nublar,2
fully,2
envisioned,2
suspecting,2
s.h.i.e.l.d,2
scope,2
established,2
galaxies,2
scheduled,2
high-stakes,2
winnings,2
establish,2
leiter,2
plotting,2
mythological,2
insurgents,2
indestructible,2
absolutely,2
deals,2
brock,2
journeys,2
executed,2
ages,2
transports,2
traditional,2
exhausted,2
extended,2
bitten,2
spider,2
endowed,2
fourteen,2
world-weary,2
warmed,2
bunch,2
opened,2
skylark,2
celebrity,2
tabloid,2
tonight,2
interview,2
deschain,2
odim,2
toppling,2
judgment,2
steering,2
t-x,2
t-1000,2
termination,2
snotlout,2
inseparable,2
charting,2
oceans,2
vindicated,2
ppdc,2
brightest,2
consume,2
type,2
simultaneously,2
neural,2
defenseless,2
heroesa,2
hunnam,2
rinko,2
kikuchi,2
obsolete,2
mounting,2
types,2
divergent,2
fit,2
enthusiast,2
demolitionist,2
loose-cannon,2
locale,2
cable,2
explores,2
furthest,2
guerillas,2
blends,2
trophies,2
dismantle,2
organizations,2
effective,2
terrified,2
jewish-american,2
specifically,2
scalping,2
raine,2
french-jewish,2
altar,2
quantum,2
urge,2
interrogate,2
davian,2
lifepod,2
terra-formers,2
colonial,2
eruption,2
demise,2
founded,2
worked,2
rendezvous,2
joint,2
waged,2
nocturnal,2
smitten,2
peace-loving,2
male,2
werewolf,2
associates,2
enjoying,2
grey,2
thirteen,2
traps,2
await,2
hunger,2
exposure,2
angry,2
luther,2
heiress,2
culminates,2
hanging,2
skyscraper,2
document,2
sith,2
unveil,2
ashes,2
obi-wan,2
kenobi,2
yoda,2
secrecy,2
related,2
indy,2
butt,2
ethical,2
limit,2
tech-savvy,2
crossing,2
croods,2
tide,2
critically,2
envisions,2
reigns,2
daley,2
awakening,2
gladiators,2
rex,2
guardian,2
moving,2
grasp,2
drone,2
unruly,2
accomplished,2
custom,2
wise,2
ill-fated,2
kingdoms,2
surly,2
reborn,2
travelers,2
contingency,2
heroics,2
vast,2
beret,2
shake,2
franco,2
celebrities,2
helpless,2
unholy,2
beasts,2
exhibit,2
include,2
terminated,2
cobra,2
brolin,2
visitor,2
riddler,2
courtroom,2
disfigured,2
millionaire,2
philanthropist,2
circus,2
ward,2
deformed,2
individual,2
naboo,2
darker,2
man-made,2
immune,2
daily,2
vacationing,2
traffickers,2
prostitution,2
possibly,2
prisons,2
paycheck,2
apache,2
promising,2
ceremony,2
acclimated,2
encampment,2
gift,2
voracious,2
2019,2
uncontaminated,2
quan,2
long-buried,2
overly,2
tonto,2
nurses,2
health,2
donning,2
unscrupulous,2
jabba,2
hutt,2
leia,2
asteroid,2
nasa,2
dan,2
drill,2
renowned,2
pharaoh,2
ahmad,2
classes,2
elysium,2
overpopulated,2
preserve,2
unlucky,2
damon,2
daunting,2
equality,2
content,2
sidelines,2
looper,2
waiting,2
mop,2
riches,2
franklin,2
declaration,2
reassigned,2
areas,2
bracelet,2
imhotep,2
designs,2
bearer,2
lust,2
valentina,2
victorian,2
phillips,2
2009,2
somali,2
alabama,2
bliss,2
organisations,2
nonstop,2
casualties,2
miraculously,2
hopper,2
shane,2
oscar,2
lenny,2
marks,2
defeats,2
gathered,2
xavier,2
grappled,2
comprehension,2
corrupted,2
cherish,2
1942,2
solution,2
existed,2
nightstalkers,2
abigail,2
hannibal,2
unlock,2
batgirl,2
dual,2
wedge,2
dynamic,2
missionaries,2
crash-landing,2
brash,2
davidson,2
talking,2
habits,2
exposing,2
rotten,2
cameron,2
draws,2
henchman,2
war-weary,2
barsoom,2
collapse,2
rests,2
interstellar,2
aristocrat,2
shapely,2
antiquities,2
uptight,2
straight-laced,2
shannon,2
p.d,2
smarts,2
wildly,2
buddies,2
anderton,2
predict,2
biologist,2
blackness,2
sounds,2
tastes,2
perceive,2
downtrodden,2
stalking,2
chancellor,2
cohaagen,2
supplying,2
pizza,2
loser,2
shopping,2
flesh-eating,2
1978,2
nose,2
pretend,2
tortured,2
laughs,2
barrios,2
wearing,2
surfers,2
gather,2
resurface,2
venturing,2
farther,2
westerner,2
chelios,2
blacksmith,2
crusades,2
rachel,2
escalate,2
request,2
fading,2
porn,2
eliminating,2
sins,2
chose,2
distraught,2
vs.,2
demonstrates,2
unwilling,2
accomplice,2
optimus,2
cyclist,2
blaze,2
sells,2
mephistopheles,2
roxanne,2
adrian,2
abduct,2
kershaw,2
assets,2
boots,2
urgent,2
patrick,2
hummel,2
100,2
families,2
servicemen,2
oppression,2
twist,2
palestinian,2
christ,2
grimm,2
nathan,2
algren,2
pressed,2
consumed,2
wipe,2
croker,2
safecracker,2
von,2
1976,2
software,2
zorro,2
foil,2
precious,2
doctors,2
shift,2
cherry,2
enraged,2
aggressors,2
ex-boyfriend,2
hancock,2
down-and-out,2
antihero,2
slip,2
pennsylvania,2
hurtling,2
dagger,2
releasing,2
sands,2
reverse,2
ambition,2
kip,2
memphis,2
high-octane,2
sand,2
policy,2
realm,2
orc,2
eleven,2
athletes,2
september,2
mossad,2
demoted,2
cias,2
nears,2
mitchell,2
institutionalized,2
stepfather,2
retreating,2
coping,2
crying,2
canada,2
graboid,2
milk,2
stack,2
booth,2
comical,2
homer,2
marksman,2
isolation,2
surrogate,2
leaf,2
tayback,2
thunder,2
production,2
rain,2
spock,2
rejects,2
emotion,2
calm,2
begun,2
runner,2
earlier,2
spectre,2
russians,2
tatiana,2
willingly,2
istanbul,2
elsie,2
anthony,2
enslaving,2
forgotten,2
staying,2
amnesia,2
triad,2
necks,2
cris,2
torments,2
sick,2
assumed,2
cheap,2
tricks,2
cataclysm,2
danson,2
highsmith,2
jackson,2
tattoos,2
hoitz,2
background,2
friendships,2
sacrifices,2
dodging,2
impenetrable,2
run-down,2
block,2
untouchable,2
bravest,2
raiding,2
lights,2
blocked,2
floor,2
indonesian,2
jersey,2
shooting,2
leagues,2
servitude,2
stoner,2
loosely,2
600,2
2015,2
set-up,2
ex-federale,2
mills,2
kidnapper,2
said,2
usher,2
enthusiasts,2
gilbert,2
trejo,2
bookie,2
protective,2
welfare,2
bassett,2
picking,2
readings,2
caps,2
liquid,2
floating,2
enola,2
xander,2
pandora,2
recruiting,2
manni,2
honey,2
ryder,2
asleep,2
populace,2
alaska,2
wolves,2
huntsman,2
incriminating,2
saban,2
tarantino,2
fake,2
mothership,2
dozen,2
lay,2
alter-ego,2
talk,2
crackdown,2
grave,2
nicole,2
worm,2
fields,2
survivalist,2
punk,2
gerry,2
populations,2
mindless,2
startling,2
documents,2
seaside,2
mammoth,2
aims,2
10-year-old,2
fascist,2
guerrilla,2
oppressive,2
arthurs,2
likes,2
tribulations,2
trajectory,2
slaughter,2
jaded,2
supremacy,2
angers,2
unless,2
face-to-face,2
conrad,2
eluded,2
faster,2
versus,2
lycan,2
faction,2
misty,2
writer,2
stronghold,2
digging,2
advised,2
source,2
depicting,2
worried,2
somehow,2
fixed,2
lured,2
xerxes,2
themistokles,2
adrenaline-fueled,2
guide,2
administration,2
encryption,2
obtained,2
bahamas,2
descended,2
shadowhunters,2
achieving,2
pit,2
crypt,2
awakened,2
defy,2
birds,2
chuck,2
visited,2
pigs,2
battled,2
wasteland,2
ma-ma,2
pusher,2
combine,2
duties,2
isnt,2
wreaked,2
waves,2
warn,2
ravages,2
cape,2
burned,2
carnage,2
cube,2
sports,2
obsession,2
played,2
willem,2
dafoe,2
fleming,2
assignments,2
foshan,2
sino-japanese,2
chooses,2
salander,2
mikael,2
next-generation,2
kickboxer,2
sloan,2
400,2
undergo,2
rigorous,2
mentors,2
stranding,2
dominated,2
primitive,2
gene,2
currency,2
negotiate,2
retreat,2
tracy,2
locates,2
irreverent,2
phenomenon,2
takeover,2
maybe,2
narrates,2
garage,2
mechanic,2
contraband,2
soccer,2
assassinations,2
accidents,2
roan,2
election,2
purge,2
valerious,2
customers,2
fantasies,2
crossfire,2
tycoon,2
obliterate,2
stopped,2
leon,2
redfield,2
raccoon,2
rampages,2
mobile,2
progresses,2
badass,2
hardy,2
navigating,2
avenging,2
truths,2
nev.,2
circumstances,2
pawnshop,2
travelling,2
ruin,2
diplomatic,2
super-hero,2
enterprising,2
gathering,2
premier,2
capitol,2
cale,2
entrepreneurs,2
ships,2
rebecca,2
merchant,2
spreading,2
slice,2
18th,2
gateway,2
armies,2
slayed,2
followers,2
separating,2
yearning,2
hottest,2
stuntman,2
suv,2
johnathan,2
priceless,2
egg,2
provoke,2
hansel,2
gretel,2
colorado,2
extra-terrestrial,2
utter,2
grandfather,2
sting,2
ira,2
sweetwater,2
iceman,2
ditch,2
borg,2
changing,2
toll,2
trautman,2
walled,2
perspectives,2
assuming,2
forming,2
zorin,2
suspicions,2
industry,2
tyler,2
receiving,2
elimination,2
andrew,2
hi-tech,2
instructions,2
trading,2
counterfeit,2
gumshoe,2
slaughtered,2
length,2
colonies,2
cora,2
waging,2
russoti,2
alias,2
unpunished,2
bosnian,2
lake,2
2029,2
cybernetics,2
highly-wanted,2
cybernetically,2
planetary,2
disillusioned,2
implicates,2
near-death,2
assassin-for-hire,2
dune,2
substance,2
a.d.,2
lava,2
magnificent,2
tactical,2
purposefully,2
mutate,2
promptly,2
construct,2
capabilities,2
rowan,2
eponymous,2
spoof,2
aki,2
sid,2
countries,2
gant,2
suitcase,2
hatched,2
bikers,2
pressured,2
easily,2
prestigious,2
jezzie,2
sonja,2
lucian,2
powder,2
best-selling,2
action-thriller,2
strategic,2
dimwitted,2
bebop,2
hurley,2
apparently,2
random,2
equipped,2
feisty,2
classmate,2
ying,2
teaches,2
maturity,2
nova,2
cypher,2
unfamiliar,2
cockpit,2
schwarzenegger,2
horn,2
inept,2
heineken,2
descend,2
excuse,2
humdrum,2
isles,2
infecting,2
urgently,2
still-quarantined,2
waking,2
dobbs,2
curtin,2
tampico,2
1925,2
difficulties,2
libya,2
half-alien,2
lennox,2
tempered,2
engraved,2
smashes,2
scaramanga,2
eighteenth,2
romania,2
fits,2
compunction,2
kagan,2
vladimir,2
brimstone,2
persuade,2
transportation,2
boeing,2
shuttles,2
hugo,2
drax,2
below-and,2
cheryl,2
emcee,2
ex-thug,2
photo,2
persons,2
website,2
mende,2
overtaking,2
sierra,2
pink,2
conscripted,2
ripping,2
swath,2
bloodshed,2
countrywide,2
offshore,2
deepwater,2
horizon,2
exploded,2
9th,2
daggers,2
rejoin,2
fellows,2
obsessive,2
neil,2
mccauley,2
top-notch,2
hanna,2
recognizes,2
respects,2
dedication,2
thieving,2
traffic,2
slater,2
ticket,2
publisher,2
thesis,2
aquatica,2
alzheimer,2
engineers,2
intending,2
capacity,2
nervous,2
declared,2
pushes,2
express,2
draven,2
crow,2
ideal,2
rice,2
treats,2
remember,2
flower,2
unaware,2
nest,2
1941,2
ronin,2
keanu,2
reeves,2
13th,2
zoe,2
witnessing,2
starfleet,2
quinn,2
savvy,2
standoff,2
1980,2
2002,2
champ,2
gasoline,2
shelter,2
firms,2
incapable,2
envelope,2
engaged,2
crusade,2
declaring,2
ignites,2
realized,2
dutchman,2
jericho,2
invitation,2
trooper,2
gung-ho,2
racist,2
mastery,2
yip,2
1940s,2
donnie,2
mulan,2
crawford,2
unfinished,2
calif.,2
reid,2
aimless,2
wilkinson,2
chou,2
crime-fighters,2
most-powerful,2
chudnofsky,2
christoph,2
waltz,2
macmanus,2
jess,2
routes,2
alarmed,2
estrada,2
brandon,2
photographs,2
outrun,2
tracker,2
sunny,2
murderers,2
rosewood,2
villainy,2
fragments,2
temblor,2
quake,2
expels,2
tapped,2
confirming,2
extradited,2
wily,2
railroaded,2
grudgingly,2
safety-obsessed,2
diva,2
love-averse,2
stealth-fighter,2
vic,2
deliberately,2
maneuvers,2
traversing,2
canyons,2
carmichael,2
enslave,2
thulsa,2
valeria,2
subotai,2
osric,2
munro,2
explosives,2
embittered,2
time-traveler,2
wrecked,2
eager,2
maxwell,2
intact,2
crafty,2
melanie,2
wrongly,2
ongoing,2
feline,2
cleaning,2
1200,2
desires,2
benoit,2
rings,2
crimson,2
rivers,2
earning,2
diver,2
17-year-old,2
supplies,2
prosperity,2
sponsors,2
tekken,2
blues,2
funds,2
fractured,2
badly,2
briefing,2
destroys,2
vanishes,2
backup,2
downfall,2
nockmaar,2
elora,2
delivering,2
kryptonite,2
frame,2
onslaught,2
nightclub,2
client,2
amos,2
reed,2
felon,2
possess,2
saiyans,2
obtaining,2
rioting,2
outer,2
debts,2
signals,2
breakdown,2
nobody,2
docked,2
navigation,2
arsenal,2
deceased,2
vault,2
repay,2
high-school,2
earned,2
rapid-fire,2
tenth,2
action/adventure,2
15th,2
mcleod,2
distracted,2
writing,2
string,2
mistakes,2
dants,2
ozone,2
ziest,2
ramirez,2
depths,2
priestess,2
kaminsky,2
muir,2
retiring,2
one-time,2
uprising,2
cryogenically,2
1996,2
parole,2
hearing,2
captor,2
apprehending,2
neighbors,2
essex,2
whale,2
moby,2
unthinkable,2
morality,2
direction,2
self-esteem,2
mettle,2
claimed,2
imminent,2
jewish,2
poland,2
crumbling,2
stray,2
container,2
sails,2
unknowingly,2
achieved,2
recognition,2
worries,2
bison,2
conduct,2
congo,2
berserk,2
riker,2
romulan,2
shinzon,2
right-hand,2
carol,2
1966,2
sequels,2
porter,2
endless,2
agreed,2
chi,2
pan,2
jessica,2
mouthy,2
affections,2
mariana,2
words,2
muster,2
specializes,2
lad,2
slapstick,2
trademark,2
kingsglaive,2
surrender,2
fawcett,2
indigenous,2
supported,2
terrorizes,2
collars,2
aiming,2
gus,2
psychological,2
supercomputer,2
hubert,2
sylvester,2
stallone,2
frail,2
progressively,2
revelation,2
shoots,2
enrolled,2
quartet,2
escorting,2
fast-talking,2
polly,2
cartels,2
executes,2
friday,2
zoo,2
ling,2
pairs,2
compilation,2
pranks,2
skits,2
anniversary,2
blink,2
haunt,2
amazons,2
prized,2
doyle,2
accompanies,2
adam,2
belle,2
mal,2
hex,2
confederate,2
biker,2
crusader,2
deputies,2
rancher,2
benefactor,2
hans,2
beckert,2
seedy,2
drago,2
action-adventure,2
elena,2
comfort,2
armand,2
bart,2
belong,2
versions,2
interpol,2
imagination,2
usually,2
annual,2
mormons,2
harass,2
excessive,2
attracts,2
keyes,2
magnetic,2
atmosphere,2
resolve,2
reactivate,2
athletic,2
himura,2
wandering,2
kamiya,2
clumsy,2
pei,2
o'bannon,2
adventurers,2
dagen,2
half-elf,2
hopelessly,2
brother-in-law,2
peterson,2
weatherman,2
elderly,2
widower,2
elder,2
raizo,2
waits,2
gedren,2
keeper,2
shark-infested,2
antichrist,2
hume,2
disturbing,2
philippe,2
tango,2
perret,2
frames,2
handler,2
diablo,2
bronson,2
drake,2
voice,2
surround,2
remove,2
harbor,2
sailing,2
natives,2
viciously,2
occupation,2
2003,2
booby-trapped,2
comeback,2
bennett,2
passport,2
ruth,2
mickey,2
ill-gotten,2
wire,2
goons,2
mobsters,2
reaction,2
alters,2
abduction,2
buffy,2
cache,2
activists,2
conspire,2
predicament,2
spectacularly,2
recapture,2
no-one,2
johnnie,2
annabelle,2
attached,2
boxcar,2
pictures,2
historic,2
terribly,2
1879,2
natal,2
rorke,2
drift,2
tribal,2
normally,2
defenders,2
highway,2
valentine,2
bored,2
implant,2
removed,2
baader,2
meinhof,2
1967,2
andreas,2
takers,2
inches,2
competing,2
awaited,2
designer,2
stepford,2
husbands,2
tretiak,2
fusion,2
emma,2
russell,2
yorker,2
lengths,2
elvis,2
impersonator,2
closing,2
tripp,2
subterranean,2
lionel,2
janeiro,2
battalion,2
slum,2
symbols,2
assassinated,2
surf,2
participating,2
ordeal,2
strengthened,2
dennis,2
bold,2
hijacker,2
sylvia,2
interested,2
immortals,2
scotland,2
immensely,2
swordsmen,2
inevitable,2
separately,2
ridge,2
blast,2
flames,2
torching,2
pod,2
troublesome,2
robbins,2
lynch,2
sad,2
30s,2
rocketeer,2
cliff,2
spends,2
partridge,2
broadcaster,2
portrays,2
potentially,2
hard-luck,2
championship,2
relying,2
residing,2
liner,2
dux,2
entered,2
chong,2
abroad,2
alesia,2
ministry,2
pleasure,2
horse,2
penalty,2
condemned,2
smersh,2
nacho,2
fortunately,2
fakes,2
painful,2
marlboro,2
expanding,2
penchant,2
crocodile,2
mann,2
rusty,2
californian,2
contents,2
drunken,2
aristocratic,2
stransky,2
corporal,2
vastly,2
superior,2
persona,2
summit,2
lays,2
icy,2
carries,2
weed,2
unassuming,2
astro,2
atom,2
pandemic,2
contagion,2
wait,2
inexorable,2
ryback,2
transmission,2
structure,2
les,2
bastille,2
tanguy,2
laverdure,2
albert,2
1969,2
stood,2
religious,2
rosco,2
hitchhiker,2
confused,2
stash,2
hesitant,2
claude,2
twins,2
separated,2
picture,2
montreal,2
eyewitness,2
edgar,2
greystoke,2
pow,2
norris,2
clinic,2
nightmarish,2
cuts,2
firefox,2
rumours,2
eerily,2
article,2
statue,2
caribbean,2
lion,2
super-criminal,2
high-ranking,2
mansion,2
paper,2
harder,2
badlands,2
huston,2
award,2
rush,2
rancor,2
steele,2
veronique,2
advances,2
towns,2
morgan,2
casanova,2
bin,2
readies,2
soil,2
brent,2
magna,2
hawke,2
high-speed,2
seizing,2
tim,2
shand,2
transformation,2
traitor,2
farraday,2
communications,2
vintage,2
interrupted,2
spares,2
acquiring,2
believing,2
tag,2
unhappy,2
dollar,2
unisols,2
sullivan,2
formation,2
packard,2
walsh,2
transplant,2
spirals,2
volunteer,2
regards,2
bug,2
grounds,2
dumps,2
protects,2
nine-year-old,2
autistic,2
unearths,2
tears,2
swiftly,2
executing,2
theories,2
hokage,2
jian,2
meth,2
items,2
emil,2
blonsky,2
high-security,2
matias,2
covers,2
nightwing,2
stamp,2
beating,2
harm,2
absent-minded,2
novelist,2
would-be,2
raw,2
zodiac,2
nearing,2
drumgoole,2
engineering,2
japanse,2
drastic,2
scroll,2
useless,2
emily,2
fled,2
dobermann,2
20-year-old,2
blocks,2
helicopter,2
chopper,2
spin,2
wilder,2
tax,2
dreadful,2
geologist,2
scholarships,2
retain,2
varsity,2
credit,2
cleveland,2
greene,2
chronicles,2
gavilan,2
harrison,2
calden,2
tinseltown,2
ragtag,2
epidemic,2
roslyn,2
instantly,2
infatuated,2
foursome,2
horses,2
kruger,2
relating,2
palomino,2
fruitless,2
bail,2
1962,2
lich,2
simone,2
sawa,2
karl,2
lessons,2
extraterrestrial,2
spiders,2
announcer,2
harlan,2
talks,2
newsman,2
thinking,2
offices,2
forrest,2
westlake,2
skin,2
sloane,2
composed,2
interviews,2
eating,2
claustrophobic,2
shockingly,2
painting,2
ritual,2
yamakasi,2
ghetto,2
bills,2
leather,2
hattori,2
ellie,2
medieval,2
necromancer,2
brooks,2
firefighter,2
wolf,2
puzzles,2
poachers,2
battleground,2
atwell,2
founding,2
snow-capped,2
reincarnation,2
heaven,2
goodwill,2
tibetan,2
hiking,2
compulsive,2
debtors,2
germans,2
florida,2
buford,2
skydiving,2
snipes,2
jessie,2
butler,2
collapses,2
sour,2
counter-terrorist,2
colton,2
charter,2
decommissioned,2
entangled,2
uncovering,2
contractors,2
contracts,2
captures,2
descending,2
atlantis,2
saint,2
evading,2
occult,2
burn,2
progress,2
geiranger,2
clown,2
primary,2
bullitt,2
hitmen,2
double-crosses,2
supreme,2
planes,2
model,2
differently,2
technique,2
evildoers,2
failure,2
scarce,2
villiers,2
det,2
oleg,2
challenger,2
broadway,2
kitchen,2
proceeds,2
madcap,2
dodge,2
cole,2
nerv,2
tokyo-3,2
ikari,2
rei,2
dvd/blu-ray,2
visions,2
funding,2
midwest,2
regard,2
look-alikes,2
elliot,2
jazz,2
greg,2
playwright,2
ellen,2
sinclair,2
diverse,2
inherits,2
milton,2
charger,2
sacrificed,2
weakness,2
shawn,2
goods,2
distinctive,2
geary,2
chasing,2
cassius,2
shepherdson,2
wrote,2
banks,2
normal-sized,2
option,2
feats,2
gunned,2
kakihara,2
repressed,2
bronx,2
advertising,2
carjacking,2
involuntary,2
amuro,2
concert,2
pianist,2
whiz,2
glass,2
high-rise,2
untraceable,2
ronnie,2
feds,2
mood,2
pascal,2
recovery,2
stealth,2
campbell,2
surprisingly,2
chamber,2
mid-western,2
followed,2
opposed,2
slim,2
pickpocket,2
large-scale,2
colorful,2
mccall,2
finished,2
lily,2
psychlos,2
greedy,2
androids,2
piloted,2
jun,2
arrests,2
tirelessly,2
wukong,2
500,2
zach,2
wyatt,2
studded,2
2,2
alain,2
shaft,2
motivated,2
slaying,2
switzerland,2
prohibition-era,2
allegiances,2
mounts,2
eternia,2
skeletor,2
grayskull,2
loveless,2
assassinating,2
gunfighter,2
high-profile,2
gaultier,2
deserter,2
larger,2
rag-tag,2
evolve,2
spectacle,2
filmmaking,2
convenience,2
bombay,2
cartoon,2
newbie,2
malfunction,2
supersoldier,2
rockets,2
seas,2
luffy,2
notice,2
depressed,2
vidocq,2
scary,2
radioactive,2
controls,2
adoptive,2
concerns,2
caffery,2
fairbanks,2
bury,2
mara,2
sexual,2
pows,2
collecting,2
android,2
maid,2
marian,2
creators,2
bhaskar,2
krueger,2
sale,2
hussein,2
neighbourhood,2
shirt,2
zed,2
rightfully,2
banned,2
cloud,2
jonathan,2
rollerball,2
quit,2
raees,2
darkseid,2
occupied,2
disc,2
showing,2
scrutiny,2
rankings,2
tanto,2
slug,2
fin,2
cobol,2
award-winning,2
nash,2
houston,2
replacing,2
cletus,2
producing,2
mode,2
infernal,2
sweeney,2
regan,2
hire,2
mummy,2
lending,2
librarian,2
vicky,2
farmers,2
lancelot,2
orlando,2
banana,2
amantido,2
bananas,2
torsillo,2
nearest,2
blunt,2
cao,2
signs,2
cutler,2
extinct,2
catching,2
facilities,2
largely,2
shots,2
hard-living,2
recon,2
snowman,2
philippines,2
enlistment,2
shun,2
irresponsible,2
inc.,2
turaqistan,2
tamerlane,2
hauser,2
suppresses,2
emotions,2
gobbling,2
sauce,2
bermuda,2
vips,2
munchausen,2
b.r.o.t.h.e.r.h.o.o.d.,2
warren,2
boutwell,2
behaves,2
strangely,2
expensive,2
copenhagen,2
reformed,2
seventeen,2
13th-century,2
mongol,2
batu,2
mongols,2
principality,2
endurance,2
evpaty,2
feral,2
swarm,2
teachers,2
ensconced,2
initiates,2
enterprise-d,2
seventy-eight,2
goldi,2
russias,2
forests,2
abiding,2
evolves,2
civilized,2
glacial,2
siberian,2
theresa,2
randle,2
adaption,2
shakespeare,2
deathbed,2
narc,2
tellis,2
manning,2
newcomer,2
centre,2
hallum,2
approached,2
paced,2
sanjuro,2
contemporary,2
mcelroy,2
streetwise,2
tricky,2
quincy,2
meiji,2
shishio,2
horrigan,2
detail,2
solving,2
shared,2
disguised,2
caped,2
aged,2
spiraling,2
huang,2
brutality,2
recollection,2
hot-shot,2
trusty,2
brawler,2
deathstroke,2
jetliner,2
caldwell,2
attain,2
czar,2
plucked,2
kochin,2
wheelo,2
roshi,2
bulma,2
ninjutsu,2
sensei,2
michigan,2
gripping,2
represent,2
controlling,2
stern,2
warning,2
ikemoto,2
glen,2
curly,2
sparring,2
kicks,2
jaga,2
bada,2
wto,2
full-scale,2
annabella,2
ex-soldiers,2
punch,2
suspense,2
secretive,2
abort,2
performed,2
ong,2
bak,2
tien,2
meditation,2
wei,2
hedge,2
fund,2
honest,2
documentary,2
patriots,2
meier,2
stays,2
nanahara,2
kishkumen,2
szorlok,2
musketeer,2
orphan,2
protectors,2
sun-woo,2
cheating,2
economic,2
fei-hong,2
antagonism,2
slightly,2
provides,2
kearney,2
behavior,2
possesses,2
quebec,2
danila,2
sharknado,2
debut,2
fiction,2
chung,2
jushinta,2
malicious,2
singh,2
employers,2
blackmailing,2
mally,2
miley,2
monkeybone,2
veil,2
shall,2
keats,2
quatermain,2
deunan,2
jodhaa,2
akbar,2
trucks,2
handful,2
abused,2
mayhem,2
telling,2
meager,2
daughters,2
mori,2
creative,2
minute,2
sigurd,2
trench,2
lived,2
loaded,2
godzilla,2
twenty-year,2
bones,2
shekhar,2
pills,2
roma,2
thug,2
cheat,2
goodhue,2
genji,2
heike,2
powerpuff,2
haunting,2
virtuous,2
metal,2
hatred,2
bauer,2
swindle,2
antique,2
mismatched,2
rolled,2
embarrassment,2
pleads,2
disastrously,2
familiar,2
fletcher,2
timor,2
lifeboat,2
ditching,2
insurance,2
wind,2
cajuns,2
canoes,2
mirror,2
idaho,2
mormon,2
1950,2
musings,2
humbling,2
hilarious,2
buoy,2
deep-rooted,2
adventure-filled,2
islands,2
wisdom,2
animilitia,2
animal-inspired,2
cheetah,2
croc,2
man-bat,2
table,2
creta,2
thick,2
tumble,2
milos,2
grassroots,2
gaulle,2
gendarme,2
toscani,2
aikido,2
personalized,2
thorough,2
bone-crushing,2
schoolgirl,2
ninja-yakuza,2
machines-of-death,2
serento,2
juan,2
sol,2
downtown,2
taco,2
bell,2
ridiculous,2
towing,2
damn,2
gladiatorial,2
super-strong,2
spinach-scarfing,2
wrecks,2
rooming,2
oyl,2
fianc,2
bluto,2
s.e,2
syndicates,2
handover,2
counter-terrorism,2
mi5,2
pearce,2
looms,2
coveted,2
unscheduled,2
detours,2
shen,2
mold,2
homework,2
epa,2
appalachian,2
chef,2
richards,2
kotaro,2
bite,2
busted,2
mccabe,2
clerk,2
bundang,2
symptoms,2
strasser,2
adult,2
abhishek,2
housewife,2
touchy,2
wonders,2
all-star,2
hiiro,2
taiga,2
lovelica,2
paco,2
cruz,2
maddy,2
relies,2
defendor,2
spin-off,2
aegis,2
uninfected,2
brad,2
privatized,2
gohan,2
roberts,2
coogan,2
konoha,2
uzumaki,2
romero,2
pinwheel,2
kobayashi,2
casella,2
directors,2
choi,2
humiliates,2
valerie,2
minions,2
saori,2
seiya,2
wondering,2
ants,2
hideo,2
duff,2
railroad,2
damian,2
dmz,2
ruka,2
albright,2
murakawa,2
anymore,2
geronimo,2
terrorized,2
tae,2
battlestar,2
hyung-do,2
nightmares,2
sentai,2
illegitimate,2
picked,2
ensuing,2
herbie,2
rally,2
gunther,2
tum,2
medusa,2
gennosuke,2
oboro,2
villages,2
israel,2
cayden,2