world,357
new,295
must,295
one,257
young,250
two,244
find,243
life,206
time,169
man,169
back,167
evil,161
save,158
father,156
help,155
family,150
finds,146
war,146
take,146
way,137
story,135
home,134
friends,134
named,134
battle,125
mysterious,124
love,124
earth,122
years,122
adventure,112
mission,112
city,112
group,110
king,109
secret,108
film,107
son,107
get,106
set,105
stop,104
friend,104
first,103
journey,103
takes,101
girl,100
soon,99
team,99
land,99
n't,99
boy,98
old,97
race,95
become,93
together,91
three,91
island,88
make,87
power,86
game,86
becomes,84
forces,83
gang,82
along,81
fight,81
day,81
people,81
order,80
rescue,80
discovers,80
army,77
town,76
planet,75
...,75
true,74
comes,74
crew,74
however,73
forced,73
search,73
ancient,72
little,72
dangerous,71
beautiful,71
daughter,69
lives,69
death,69
human,68
return,68
men,67
face,67
legendary,67
american,66
agent,66
woman,65
quest,65
goes,65
leader,64
discover,64
left,64
escape,64
year,63
captain,62
series,62
across,61
space,61
also,61
village,61
begins,60
past,60
gets,60
force,59
powerful,59
best,59
called,58
ship,58
bond,57
lost,57
mother,56
john,56
sent,56
black,55
leads,55
last,55
jack,55
come,55
based,55
end,54
great,54
powers,53
princess,53
bring,53
alien,53
upon,53
america,52
known,52
former,52
brother,52
even,51
epic,51
sets,51
protect,50
returns,50
police,50
meets,50
tries,50
falls,50
country,49
school,49
decides,49
destroy,49
away,49
warrior,48
led,47
plans,47
future,47
parents,47
hero,46
join,46
real,46
live,46
plan,46
another,46
ever,46
government,46
whose,46
enemy,45
learns,45
treasure,45
turn,45
queen,45
living,45
york,44
place,44
movie,44
wife,44
magical,44
small,44
try,43
adventures,43
dragon,43
big,43
children,43
wants,43
magic,43
events,42
action,42
work,42
british,42
trying,42
south,42
white,42
could,42
hands,41
makes,41
attack,41
kingdom,41
deadly,41
james,41
revenge,40
fate,39
like,39
heroes,39
dark,39
four,39
kidnapped,39
pilot,39
meet,39
gold,39
turns,39
dead,38
behind,38
jungle,38
military,38
around,38
wild,38
everything,37
peter,37
things,37
master,37
head,37
century,37
missing,37
trip,37
yet,36
may,36
plot,36
high,36
run,36
band,36
taken,36
hunter,36
local,36
money,36
destruction,35
attempt,35
survive,35
scientist,35
use,34
threat,34
ruthless,34
fighting,34
threatens,34
humans,34
brothers,34
heart,34
dr.,34
would,34
u.s.,34
hope,33
prince,33
lead,33
special,33
accidentally,33
classic,33
part,33
encounter,33
sea,33
kill,33
killed,33
using,32
chance,32
mr.,32
including,32
escapes,32
alone,32
follows,32
embark,31
sends,31
hunt,31
crime,31
tale,31
dream,31
tells,31
park,31
middle,31
much,31
defeat,31
good,31
detective,31
soldiers,31
eventually,31
well,30
sister,30
prevent,30
determined,30
since,30
north,30
put,30
final,30
keep,30
teenage,30
turned,30
max,30
creatures,30
nothing,30
next,30
still,30
night,30
sword,30
within,29
case,29
creature,29
dreams,29
rival,29
learn,29
control,29
giant,29
far,29
finally,29
star,29
days,29
warriors,29
strange,29
travels,29
drug,29
general,29
plane,29
never,28
meanwhile,28
survival,28
characters,28
travel,28
know,28
harry,28
agents,28
deep,28
french,28
follow,28
wealthy,28
universe,27
test,27
lord,27
pirate,27
friendship,27
desert,27
peace,27
captured,27
long,27
decide,27
teenager,27
realizes,27
inside,27
form,27
martial,27
car,27
something,27
free,27
right,27
mystery,26
global,26
history,26
change,26
unlikely,26
thief,26
everyone,26
united,26
partner,26
russian,26
every,26
cop,26
emperor,26
wilderness,26
later,26
pair,26
arts,26
taking,26
embarks,26
capture,26
're,26
danger,25
without,25
international,25
luke,25
fall,25
caught,25
company,25
witch,25
suddenly,25
found,25
joins,25
london,25
book,25
looking,25
dog,25
women,25
uses,25
disaster,24
becoming,24
tony,24
god,24
age,24
doctor,24
arrives,24
seeks,24
struggle,24
faces,24
forest,24
hidden,24
track,24
brings,24
five,24
house,24
made,24
encounters,24
several,24
job,24
summer,24
see,24
map,24
flying,24
chinese,24
stolen,24
england,24
murder,24
tom,24
kids,24
going,24
ash,24
boys,24
pokmon,24
prove,23
desperate,23
superman,23
begin,23
leave,23
professor,23
hired,23
nuclear,23
galaxy,23
west,23
tribe,23
machine,23
killer,23
prison,23
trouble,23
unexpected,22
ultimate,22
defend,22
mountain,22
humanity,22
los,22
angeles,22
starts,22
states,22
animal,22
ends,22
late,22
cia,22
christmas,22
working,22
bear,22
retrieve,22
always,22
different,22
hell,22
anything,22
road,22
cat,22
many,22
water,22
africa,22
monsters,22
care,21
animals,21
destroying,21
security,21
following,21
strength,21
restore,21
perilous,21
among,21
conflict,21
arthur,21
break,21
clan,21
red,21
uncle,21
attempts,21
beyond,21
entire,21
eccentric,21
course,21
skills,21
name,21
modern,21
steal,21
storm,21
stranded,21
sequel,21
animated,21
snow,21
killing,21
green,21
supernatural,21
freedom,21
win,21
actually,21
air,21
show,21
members,20
side,20
nick,20
extraordinary,20
dies,20
civil,20
empire,20
mankind,20
'll,20
child,20
childhood,20
key,20
justice,20
sinister,20
blood,20
wizard,20
leaves,20
vampire,20
process,20
given,20
agrees,20
rest,20
spirit,20
weapon,20
violent,20
sees,20
times,20
criminal,20
traveling,20
incredible,20
stay,20
spy,20
kong,20
china,20
beloved,20
san,20
fbi,20
top,20
expedition,20
japanese,20
private,20
monster,20
throne,19
officer,19
terrible,19
forever,19
inventor,19
secrets,19
super,19
really,19
demons,19
helps,19
raised,19
president,19
important,19
train,19
body,19
notorious,19
stars,19
indian,19
ocean,19
reach,19
golden,19
believe,19
crash,19
accident,19
boss,19
call,19
making,19
due,19
bill,19
reality,18
existence,18
girlfriend,18
gone,18
path,18
villain,18
others,18
superhero,18
build,18
ring,18
tarzan,18
original,18
might,18
able,18
moon,18
truth,18
trio,18
sorcerer,18
chase,18
operation,18
soldier,18
pirates,18
greatest,18
remote,18
hit,18
castle,18
puts,18
dinosaurs,18
fantastic,18
close,18
instead,18
henry,18
rule,18
born,18
befriends,18
paris,18
husband,18
kid,18
enough,18
recover,18
major,18
arrive,18
havoc,18
japan,18
board,18
billy,18
project,18
santa,18
flight,18
civilization,17
means,17
target,17
safety,17
agency,17
effort,17
balance,17
popular,17
video,17
royal,17
quickly,17
terrorist,17
impossible,17
revealed,17
sam,17
peaceful,17
wrong,17
roman,17
gives,17
second,17
discovery,17
valley,17
lands,17
thing,17
though,17
threatened,17
knows,17
investigate,17
aliens,17
joe,17
assigned,17
sir,17
alex,17
trapped,17
vacation,17
farm,17
heads,17
europe,17
start,17
released,17
conan,17
eye,17
mouse,17
yang,17
six,16
george,16
director,16
need,16
daring,16
amazon,16
anyone,16
alive,16
destiny,16
greater,16
english,16
robot,16
duo,16
enemies,16
romance,16
abandoned,16
leading,16
risk,16
full,16
complete,16
transported,16
fairy,16
monkey,16
research,16
thieves,16
robin,16
knight,16
lady,16
remains,16
hunters,16
frank,16
plays,16
half,16
richard,16
station,16
problem,16
experience,16
holiday,16
jim,16
josh,16
vale,16
solve,15
prime,15
experiment,15
worse,15
teams,15
fearsome,15
villainous,15
personal,15
escaped,15
cave,15
organization,15
ordinary,15
bent,15
destroyed,15
finding,15
ice,15
capt,15
task,15
mind,15
chaos,15
believes,15
involved,15
headed,15
fear,15
curse,15
mystical,15
slave,15
ago,15
gods,15
eyes,15
combat,15
massive,15
visit,15
step,15
fire,15
appears,15
runs,15
sheriff,15
kidnap,15
demon,15
rebel,15
deliver,15
want,15
vengeance,15
dying,15
fantasy,15
secretly,15
criminals,15
couple,15
million,15
kidnaps,15
dogs,15
bad,15
novel,15
mexico,15
prisoner,15
create,15
successful,15
nation,14
discovered,14
despite,14
music,14
program,14
jane,14
younger,14
held,14
reporter,14
reluctantly,14
armed,14
seemingly,14
society,14
winter,14
nemesis,14
dynasty,14
voyage,14
state,14
uncover,14
battles,14
share,14
works,14
businessman,14
orphaned,14
aboard,14
disney,14
ben,14
pacific,14
edward,14
attacked,14
dinosaur,14
recruited,14
expert,14
nature,14
situation,14
murdered,14
safe,14
fellow,14
brave,14
genius,14
hiding,14
twin,14
beast,14
identity,14
realize,14
've,14
count,14
release,14
ready,14
ranger,14
thinks,14
legend,14
robert,14
perfect,14
mountains,14
carrying,14
squad,14
wishes,14
orphan,14
native,14
food,14
marry,14
member,14
searches,14
running,14
catch,14
france,14
mom,14
avenge,14
caesar,14
asterix,14
ensues,14
near,14
business,14
danny,14
crashes,14
bounty,14
chi,14
results,14
tokyo,14
allies,13
thor,13
imprisoned,13
rogue,13
matters,13
talent,13
fights,13
reunite,13
confront,13
rise,13
unite,13
iron,13
causes,13
unknown,13
needs,13
device,13
batman,13
apart,13
torn,13
play,13
rebels,13
loss,13
technology,13
knowledge,13
mercenary,13
nearly,13
career,13
meeting,13
latest,13
high-tech,13
terrifying,13
whole,13
california,13
training,13
guy,13
wolves,13
give,13
ways,13
competition,13
seek,13
whale,13
losing,13
die,13
offers,13
steel,13
egypt,13
hotel,13
hoping,13
loves,13
streets,13
installment,13
changes,13
hand,13
base,13
party,13
assassin,13
someone,13
tiny,13
farmer,13
michael,13
corrupt,13
hong,13
lonely,13
marines,13
bank,13
league,13
drake,13
survivors,13
girls,13
african,12
fox,12
light,12
charming,12
unique,12
resistance,12
mighty,12
claim,12
species,12
contest,12
compete,12
fortune,12
captive,12
spectacular,12
aid,12
teen,12
memory,12
lies,12
idea,12
adaptation,12
reaches,12
realm,12
trail,12
seems,12
centuries,12
coming,12
growing,12
ron,12
move,12
professional,12
india,12
stumbles,12
hercules,12
dragons,12
computer,12
fierce,12
drive,12
weapons,12
lion,12
holmes,12
cold,12
returned,12
oil,12
comedy,12
asks,12
cops,12
invasion,12
beginning,12
bomb,12
proves,12
unfortunately,12
martin,12
david,12
underground,12
role,12
mythical,12
cross,12
art,12
science,12
amazing,12
famous,12
joined,12
wendy,12
various,12
kirk,12
area,12
rebellious,12
camp,12
somehow,12
owner,12
saved,12
pan,12
dad,12
used,12
grandfather,12
obelix,12
award,12
villagers,12
getting,12
miles,12
football,12
flash,12
hawk,12
avengers,11
created,11
emerges,11
globe,11
chain,11
develops,11
abilities,11
vengeful,11
act,11
causing,11
fears,11
ultimately,11
ability,11
heist,11
han,11
alliance,11
all-new,11
person,11
hot,11
female,11
authorities,11
message,11
political,11
infant,11
operative,11
happens,11
holds,11
leaving,11
look,11
challenge,11
trust,11
saving,11
villains,11
came,11
explorer,11
ten,11
victory,11
buried,11
beasts,11
hunting,11
dealer,11
flee,11
german,11
games,11
pursuit,11
mortal,11
sophie,11
kevin,11
comic,11
convinces,11
vietnam,11
seven,11
renegade,11
street,11
enlists,11
horse,11
bringing,11
fighter,11
overcome,11
died,11
amp,11
successfully,11
elements,11
champion,11
paradise,11
version,11
australian,11
saves,11
box,11
mary,11
valuable,11
van,11
suspicious,11
jason,11
mischievous,11
difficult,11
estranged,11
command,11
corporation,11
recently,11
overthrow,11
boat,11
efforts,11
assistant,11
swordsman,11
naruto,11
godzilla,11
sons,11
cindel,11
goal,10
abducted,10
genetic,10
awry,10
ape,10
newly,10
catastrophe,10
brink,10
skywalker,10
immediately,10
stone,10
answers,10
continues,10
turtles,10
scott,10
parker,10
governor,10
formidable,10
falling,10
continue,10
courage,10
seeking,10
brilliant,10
thrilling,10
shows,10
films,10
marine,10
explorers,10
service,10
avoid,10
scientists,10
intelligence,10
artist,10
grows,10
got,10
moves,10
cause,10
planning,10
disappeared,10
struggles,10
terrorists,10
arriving,10
line,10
marcus,10
mercenaries,10
passed,10
trilogy,10
surface,10
hostile,10
robots,10
grown,10
enterprise,10
uncharted,10
seeing,10
seattle,10
choose,10
lucy,10
students,10
arms,10
heroic,10
level,10
shrek,10
hard,10
chosen,10
send,10
short,10
wish,10
crisis,10
submarine,10
wars,10
flynn,10
desperately,10
normal,10
brought,10
ruled,10
sacred,10
battling,10
poor,10
drawn,10
third,10
chief,10
breaks,10
inhabitants,10
hopes,10
luthor,10
pursue,10
revolutionary,10
western,10
gain,10
paul,10
troops,10
match,10
yellow,10
opens,10
murderous,10
bumbling,10
tough,10
covert,10
deal,10
possession,10
woods,10
foreign,10
adult,10
fails,10
undercover,10
opposite,10
wreak,10
hours,10
pole,10
charles,10
circus,10
rob,10
elite,10
cats,10
fact,10
rock,10
told,10
baby,10
cruise,10
kai,10
challenges,10
sara,10
east,10
convinced,10
matt,10
ranch,10
sell,10
early,10
jackie,10
marek,10
unable,10
mob,10
main,10
worst,10
loses,10
written,10
lukas,10
carrie,10
threats,9
stones,9
factions,9
crack,9
engineer,9
pull,9
stark,9
prepares,9
cast,9
wayne,9
thomas,9
arrived,9
system,9
virtual,9
fearless,9
alter,9
ego,9
galactic,9
inner,9
fallen,9
navy,9
landscape,9
conquer,9
jones,9
conclusion,9
center,9
almost,9
prehistoric,9
diego,9
nazi,9
doc,9
7,9
eve,9
explore,9
although,9
adventurer,9
joining,9
assassins,9
market,9
winning,9
superpowers,9
journeys,9
suffering,9
sport,9
worlds,9
rider,9
relentless,9
charlie,9
unexpectedly,9
front,9
duty,9
invaders,9
intent,9
certain,9
marriage,9
arrival,9
australia,9
thought,9
tyrant,9
jedi,9
viking,9
names,9
crystal,9
escaping,9
breaking,9
spell,9
stronger,9
hunted,9
opportunity,9
transferred,9
fly,9
territory,9
enter,9
texas,9
survivor,9
walk,9
plots,9
bigger,9
cousin,9
adopted,9
grand,9
knew,9
trained,9
strong,9
commander,9
exotic,9
miami,9
community,9
refuge,9
involving,9
companion,9
stumble,9
ruins,9
forbidden,9
tournament,9
reluctant,9
resort,9
huge,9
william,9
francisco,9
transforms,9
character,9
alongside,9
mayor,9
canadian,9
mad,9
montana,9
guys,9
else,9
buy,9
terror,9
southern,9
20th,9
wedding,9
hole,9
stories,9
present,9
lot,9
separated,9
cargo,9
sean,9
ride,9
bandits,9
store,9
spaceship,9
littlefoot,9
nice,9
evidence,9
boyfriend,9
mafia,9
passionate,9
pay,9
potion,9
open,9
ying,9
shot,9
built,9
jesse,9
rich,9
period,9
shady,9
fun,9
price,9
herman,9
feet,9
rivalry,9
louis,9
television,9
directed,9
celebi,9
cruel,9
masters,9
musical,9
documentary,9
court,9
luffy,9
kenshin,9
cartel,9
woo,9
intergalactic,8
advanced,8
birth,8
size,8
colorful,8
darkness,8
faced,8
bilbo,8
inspired,8
unravel,8
creates,8
katniss,8
steve,8
solo,8
kamen,8
ghost,8
sure,8
thrust,8
skilled,8
regain,8
broken,8
homeland,8
orders,8
protecting,8
hostage,8
quite,8
picks,8
assignment,8
defense,8
thousand,8
sid,8
ethan,8
paths,8
locate,8
suffers,8
betrayal,8
figure,8
understand,8
disappearance,8
voldemort,8
reveals,8
ally,8
aided,8
lethal,8
ventures,8
strike,8
clear,8
score,8
theme,8
ensure,8
intrigue,8
conspiracy,8
financial,8
felix,8
soul,8
bloody,8
presence,8
paid,8
contact,8
astronaut,8
controlled,8
hogwarts,8
dictator,8
invisible,8
changing,8
pursuing,8
wise,8
raise,8
information,8
mowgli,8
mastermind,8
thwart,8
kgb,8
annual,8
holy,8
easy,8
showdown,8
unit,8
assassination,8
obsessed,8
apprentice,8
grow,8
shy,8
cursed,8
walking,8
britain,8
changed,8
museum,8
ahead,8
rescues,8
rightful,8
masked,8
clash,8
sail,8
defeated,8
tail,8
savage,8
contend,8
threaten,8
lie,8
rangers,8
silver,8
hilarious,8
mount,8
wildest,8
clues,8
cure,8
miss,8
odds,8
buddy,8
narcotics,8
cars,8
trade,8
obsession,8
fourth,8
tales,8
killers,8
tribes,8
transform,8
troubled,8
tyrannical,8
supposed,8
rescued,8
12-year-old,8
construction,8
guide,8
rivals,8
thrown,8
wind,8
sky,8
aging,8
said,8
writer,8
sole,8
river,8
became,8
piece,8
towards,8
aircraft,8
disappears,8
relationship,8
reign,8
starring,8
safely,8
guard,8
literally,8
wildlife,8
think,8
better,8
less,8
episode,8
vows,8
egg,8
caused,8
luck,8
circle,8
extremely,8
includes,8
crocodiles,8
site,8
brain,8
searching,8
facing,8
walter,8
sebastian,8
cole,8
beat,8
culture,8
simon,8
coast,8
skill,8
daniel,8
officers,8
kim,8
ted,8
pete,8
bargained,8
saiyan,8
goku,8
travis,8
older,8
d'artagnan,8
cash,8
flees,8
injured,8
jimmy,8
looks,8
sidekick,8
took,8
magician,8
earn,8
eagle,8
crown,8
scroll,8
sun,8
trial,8
produced,8
involves,8
ahab,8
medical,8
mace,8
dialga,8
goons,8
jeon,8
eindoak,8
victini,8
angus,8
large,7
collect,7
twisted,7
fought,7
reclusive,7
jumps,7
intelligent,7
enormous,7
alpha,7
hector,7
uneasy,7
arrogant,7
darkest,7
invade,7
dwarves,7
pass,7
reveal,7
shredder,7
outcast,7
mutant,7
ninja,7
mentor,7
generation,7
skull,7
domination,7
student,7
defeating,7
somewhere,7
modern-day,7
formed,7
accompanied,7
feels,7
teenagers,7
imperial,7
number,7
heir,7
closer,7
bonds,7
public,7
unwilling,7
let,7
invention,7
keeping,7
sense,7
humor,7
trains,7
highly,7
lover,7
archaeologist,7
regime,7
romantic,7
interest,7
brown,7
beauty,7
result,7
places,7
aunt,7
collision,7
vanquish,7
bella,7
field,7
apes,7
treacherous,7
launch,7
explosion,7
longer,7
limits,7
widow,7
recruit,7
palace,7
clue,7
amusement,7
twelve,7
question,7
bunch,7
exploring,7
twist,7
hiccup,7
races,7
favorite,7
mark,7
began,7
pilots,7
barney,7
starting,7
immortality,7
lightning,7
route,7
cup,7
central,7
potential,7
betrayed,7
susan,7
sadistic,7
receives,7
recruits,7
ralph,7
destroys,7
physical,7
johnny,7
soviet,7
aside,7
gambler,7
remaining,7
cut,7
leaders,7
setting,7
especially,7
clone,7
noble,7
knights,7
anakin,7
companions,7
crossing,7
reunited,7
larry,7
fugitive,7
elusive,7
smith,7
beings,7
scottish,7
nations,7
law,7
intrepid,7
ivan,7
unusual,7
framed,7
movement,7
kind,7
word,7
colony,7
shark,7
room,7
table,7
insists,7
location,7
ambitious,7
lex,7
promise,7
chest,7
action-packed,7
kidnapping,7
driving,7
waters,7
odd,7
vampires,7
homes,7
data,7
douglas,7
quaid,7
dorothy,7
ask,7
wicked,7
surrounding,7
veteran,7
murtaugh,7
investigation,7
straight,7
met,7
chases,7
folklore,7
jake,7
haunted,7
current,7
title,7
watson,7
herd,7
neverland,7
biggest,7
retirement,7
tragic,7
bitter,7
descendant,7
lantern,7
rely,7
fast,7
aladdin,7
jail,7
fleet,7
citizens,7
jungles,7
polar,7
horrific,7
lay,7
plant,7
sorceress,7
jackson,7
months,7
news,7
source,7
ransom,7
witches,7
alternate,7
college,7
bell,7
samurai,7
rid,7
production,7
separate,7
oscar,7
owners,7
italy,7
vacationing,7
often,7
taylor,7
outwit,7
scheme,7
invited,7
possible,7
chris,7
unwittingly,7
success,7
blue,7
developed,7
bet,7
drives,7
catches,7
faithful,7
mobster,7
attention,7
brutal,7
exciting,7
european,7
barbarian,7
sarah,7
banished,7
blind,7
feature,7
small-town,7
captures,7
ragtag,7
dust,7
witness,7
responsible,7
transport,7
monks,7
hood,7
seas,7
nest,7
outback,7
hale,7
miyagi,7
thus,7
learning,7
hungry,7
aspiring,7
winner,7
rescuing,7
vessel,7
civilian,7
pick,7
property,7
willy,7
develop,7
region,7
executive,7
pikachu,7
lake,7
helicopter,7
stake,7
chan,7
simple,7
frustrated,7
roy,7
adventurers,7
emergency,7
kidnappers,7
musketeers,7
scene,7
cody,7
rough,7
retire,7
claus,7
terms,7
superstar,7
academy,7
chicago,7
ursula,7
wolf,7
landing,7
crusoe,7
ideas,7
harvey,7
frieza,7
shoot,7
diamond,7
entei,7
offer,7
club,7
julia,7
paws,7
ran,7
handle,6
shadows,6
unimaginable,6
t'challa,6
challenged,6
panther,6
asgard,6
prophecy,6
discovering,6
wanted,6
miguel,6
stunning,6
unlock,6
hangs,6
sacrifice,6
elves,6
victor,6
catastrophic,6
designed,6
deadliest,6
questions,6
creator,6
guardians,6
mysteries,6
armor,6
machines,6
warfare,6
settled,6
diabolical,6
port,6
scientific,6
enigmatic,6
destination,6
odyssey,6
eternal,6
delivery,6
reindeer,6
winds,6
espionage,6
offered,6
funny,6
interested,6
watch,6
italian,6
dispatched,6
precious,6
vast,6
rises,6
dashing,6
edge,6
pressure,6
throughout,6
undertake,6
metropolis,6
manny,6
tiger,6
adopts,6
hunts,6
imf,6
crosses,6
con,6
anne,6
marty,6
maleficent,6
idyllic,6
invading,6
racing,6
mole,6
double,6
independent,6
features,6
washington,6
embroiled,6
asked,6
cult,6
plotting,6
convince,6
spent,6
origins,6
neither,6
zeus,6
russell,6
hundreds,6
object,6
mars,6
legions,6
resources,6
choice,6
divided,6
fit,6
lived,6
birthday,6
kindly,6
lee,6
heavy,6
coup,6
clutches,6
obtain,6
championship,6
federation,6
imagined,6
clans,6
bob,6
insurance,6
tracks,6
khan,6
shocking,6
tour,6
fiona,6
happy,6
married,6
footsteps,6
manager,6
trainer,6
desire,6
arctic,6
remarkable,6
motion,6
stage,6
quiet,6
accept,6
greed,6
whereabouts,6
lifetime,6
filled,6
speak,6
natural,6
thriller,6
moving,6
wave,6
patrol,6
colonel,6
superheroes,6
ships,6
holding,6
rambo,6
unstoppable,6
seize,6
unleash,6
factory,6
crimes,6
blu,6
lone,6
everywhere,6
horde,6
bloodthirsty,6
tell,6
mining,6
environment,6
fortress,6
sworn,6
rick,6
reward,6
anubis,6
feelings,6
extraterrestrial,6
truly,6
drugs,6
motorcycle,6
wang,6
talking,6
historical,6
memories,6
mike,6
laughs,6
problems,6
post-apocalyptic,6
highest,6
climbers,6
riggs,6
partners,6
remain,6
manage,6
stealing,6
detectives,6
dave,6
nephew,6
accused,6
stanley,6
seal,6
physician,6
sherlock,6
arab,6
host,6
redemption,6
pet,6
reverse,6
lt.,6
sides,6
escort,6
innocence,6
except,6
grants,6
helping,6
loose,6
fairies,6
hollow,6
feeling,6
sacrifices,6
helped,6
summoned,6
extreme,6
prepare,6
teens,6
alice,6
waste,6
teaches,6
meaning,6
missions,6
prisoners,6
warlord,6
mathayus,6
card,6
gifted,6
toward,6
bit,6
era,6
style,6
storms,6
matrix,6
neo,6
hits,6
hollywood,6
chuck,6
kelly,6
happened,6
enthusiastic,6
protected,6
bird,6
lessons,6
milo,6
pain,6
violence,6
porn,6
hears,6
giants,6
cinema,6
whos,6
gadgets,6
virus,6
tracking,6
anderson,6
struggling,6
rape,6
grandmother,6
picard,6
lily,6
landed,6
relative,6
julius,6
franchise,6
americans,6
class,6
underwater,6
squadron,6
slowly,6
colleagues,6
defends,6
rules,6
dre,6
differences,6
connection,6
terrain,6
bodyguard,6
kills,6
foes,6
adorable,6
jonathan,6
shuttle,6
dawn,6
wwii,6
formula,6
gear,6
seem,6
enlisted,6
dusty,6
competing,6
support,6
plague,6
arm,6
nightmare,6
vision,6
fictional,6
ticket,6
elephant,6
jacques,6
mutiny,6
tricks,6
raids,6
greedy,6
pokemon,6
steals,6
massacre,6
forms,6
campaign,6
manages,6
failing,6
pack,6
stray,6
pig,6
depths,6
usual,6
season,6
appear,6
mix,6
fend,6
allows,6
disastrous,6
went,6
vikings,6
belle,6
lovers,6
social,6
imagination,6
goblins,6
talents,6
honour,6
refuses,6
tommy,6
corruption,6
hospital,6
hides,6
sailing,6
crocodile,6
moscow,6
gangs,6
legion,6
drama,6
icy,6
selling,6
assault,6
commanding,6
2013,6
robbers,6
assistance,6
completely,6
indians,6
mixed,6
suicune,6
kermit,6
buddies,6
pals,6
serial,6
influence,6
shaggy,6
germany,6
200,6
singer,6
overprotective,6
prized,6
lewis,6
sealed,6
halloweentown,6
check,6
ghul,6
towani,6
solby,6
fascinated,6
festival,6
baseball,6
shaman,6
revolution,6
oliver,6
latimer,6
darby,6
nicolas,6
megan,6
ming,6
212,6
bizarro,6
rudolph,6
zoro,6
laura,6
woody,6
gunn,6
forrester,6
clow,6
sits,6
g-0,6
cosmic,5
artifacts,5
wakanda,5
serve,5
assumes,5
all-powerful,5
judy,5
bunny,5
shares,5
tear,5
secure,5
guidance,5
foster,5
faith,5
bruce,5
diana,5
barry,5
collective,5
governments,5
superhuman,5
newfound,5
billionaire,5
suit,5
spies,5
mass,5
scale,5
intends,5
spider-man,5
sparrow,5
bound,5
gotham,5
sort,5
fellowship,5
anna,5
corporate,5
seen,5
traps,5
puzzles,5
internal,5
believed,5
rhodes,5
decepticons,5
vanished,5
menace,5
charged,5
planets,5
awaits,5
syndicate,5
committed,5
youth,5
door,5
inadvertently,5
newborn,5
happiness,5
hermione,5
wizards,5
relocate,5
gareth,5
bombing,5
suspect,5
lara,5
driver,5
aka,5
colleague,5
expose,5
jay,5
scheduled,5
maiden,5
attend,5
enters,5
already,5
clock,5
devious,5
similar,5
fantastical,5
toothless,5
calls,5
hal,5
monstrous,5
verge,5
teamed,5
stand,5
personality,5
harness,5
uncovers,5
deaths,5
ross,5
stands,5
victims,5
ravaged,5
decision,5
gather,5
siblings,5
edmund,5
narnia,5
returning,5
dubbed,5
cage,5
attitude,5
extinction,5
orphans,5
reed,5
hunger,5
glory,5
donkey,5
nazis,5
protection,5
dedicated,5
kung,5
cost,5
risks,5
immortal,5
swept,5
closest,5
moral,5
arena,5
heiress,5
ogre,5
gorgeous,5
iii,5
feared,5
sci-fi,5
constantly,5
attacks,5
stationed,5
spacecraft,5
highlands,5
badger,5
insane,5
enforcement,5
arrested,5
hills,5
korean,5
dna,5
allow,5
perseus,5
lose,5
amelia,5
lincoln,5
gradually,5
wins,5
thousands,5
jewel,5
bugs,5
hires,5
expendables,5
kuzco,5
squire,5
stallion,5
dan,5
moses,5
egyptian,5
ray,5
rare,5
phil,5
countryside,5
gates,5
riches,5
rumored,5
benjamin,5
wounded,5
hide,5
designs,5
thugs,5
intercept,5
handsome,5
befriended,5
elliott,5
hawaii,5
admiral,5
expect,5
duke,5
vegas,5
pal,5
promises,5
draws,5
henchman,5
carter,5
aristocrat,5
worker,5
alexander,5
trusty,5
summit,5
tested,5
ties,5
explosive,5
hold,5
balthazar,5
needed,5
puss,5
boots,5
tall,5
mason,5
athlete,5
mayan,5
performing,5
tired,5
outside,5
encountering,5
spanish,5
14-year-old,5
marshal,5
trek,5
purposes,5
hook,5
eager,5
thailand,5
solitary,5
iraq,5
mere,5
fleeing,5
pursued,5
long-lost,5
1930s,5
toy,5
thrill-seeking,5
reason,5
begun,5
wits,5
spending,5
pixie,5
focus,5
settle,5
policeman,5
passes,5
saga,5
despair,5
austin,5
dastardly,5
horror,5
launched,5
whether,5
missile,5
allied,5
summon,5
16-year-old,5
continuing,5
sorcery,5
population,5
stronghold,5
tinker,5
archenemy,5
blofeld,5
connery,5
event,5
wonder,5
record,5
code,5
remake,5
cub,5
moose,5
lush,5
vice,5
fort,5
execute,5
misfit,5
nearby,5
arrest,5
lucky,5
inc.,5
receive,5
prize,5
mice,5
jealous,5
vendetta,5
sight,5
russia,5
riddle,5
arch,5
convicted,5
sign,5
distant,5
unaware,5
honor,5
druid,5
gaul,5
resourceful,5
asian,5
ryan,5
courier,5
regular,5
flower,5
spirits,5
countries,5
spring,5
sparks,5
done,5
cheng,5
cunning,5
grace,5
genie,5
rag-tag,5
rejoin,5
clumsy,5
harvest,5
jeopardy,5
replace,5
simply,5
decided,5
sights,5
sergeant,5
treasures,5
packed,5
passengers,5
signs,5
hawkins,5
alan,5
deserted,5
tad,5
bizarre,5
capturing,5
wheel,5
mate,5
empress,5
enslaved,5
fulfill,5
infamous,5
cutter,5
damon,5
loyalty,5
claims,5
maggie,5
multiple,5
circa,5
dollars,5
stops,5
national,5
adam,5
robbery,5
dick,5
beliefs,5
boog,5
norman,5
sailor,5
u.s.s,5
inhabited,5
cattle,5
homeless,5
adoptive,5
crazy,5
aiming,5
contract,5
cross-country,5
19th,5
recent,5
saw,5
teaming,5
divorce,5
illegal,5
toby,5
chon,5
strong-willed,5
lucas,5
clean,5
abduct,5
inherited,5
elaborate,5
rachel,5
online,5
pictures,5
historic,5
adults,5
package,5
implant,5
templar,5
st.,5
household,5
airplane,5
cares,5
romans,5
hat,5
sentenced,5
visits,5
notice,5
owned,5
addition,5
martian,5
demanding,5
kurt,5
serious,5
flies,5
guns,5
railroad,5
tradition,5
employer,5
outpost,5
single,5
apache,5
mail,5
irons,5
wealth,5
shepard,5
usa,5
hovering,5
surprise,5
sammy,5
quirky,5
bomber,5
tuesday,5
robinson,5
federal,5
tina,5
wrestling,5
victim,5
kingpin,5
lulu,5
allegedly,5
eastern,5
advertising,5
bottle,5
monk,5
bury,5
daisy,5
allan,5
filmmaker,5
shadow,5
hire,5
21st,5
jessica,5
locals,5
amazonian,5
guts,5
gadget,5
darkspore,5
upside,5
funded,5
warlock,5
handful,5
threatening,5
poachers,5
marcel,5
tia,5
cynical,5
footage,5
ewoks,5
inn,5
studies,5
korea,5
bed,5
happen,5
craig,5
lassie,5
swallow,5
giratina,5
sakura,5
guards,5
producers,5
perrin,5
priest,5
wakandan,4
kings,4
dragged,4
ragnarok,4
quill,4
manhunt,4
orb,4
davis,4
okoye,4
gorilla,4
gentle,4
altered,4
predators,4
antidote,4
battlefield,4
fury,4
peacekeeping,4
spanning,4
musician,4
trickster,4
dormant,4
ultron,4
cosmos,4
plunge,4
odin,4
smaug,4
erebor,4
ruined,4
sauron,4
assemble,4
curry,4
gladers,4
maze,4
emerge,4
grim,4
symbol,4
rebellion,4
hank,4
obstacles,4
rogers,4
transformed,4
weaponry,4
untold,4
optimistic,4
curiosity,4
doom,4
poseidon,4
forge,4
targets,4
male,4
sweet,4
endless,4
aftermath,4
interstellar,4
marvel,4
magically,4
briefcase,4
transformers,4
autobots,4
push,4
boundaries,4
minister,4
rage,4
hulk,4
impending,4
mammoth,4
tower,4
wade,4
surgeon,4
feud,4
indiana,4
ark,4
damage,4
successor,4
choices,4
swan,4
northwest,4
cullen,4
fatal,4
exposed,4
mi6,4
position,4
gained,4
access,4
codes,4
fully,4
silence,4
enlist,4
top-secret,4
invincible,4
brock,4
annihilation,4
capable,4
adrift,4
hundred,4
souls,4
fighters,4
breach,4
evolved,4
kaiju,4
beneath,4
supplies,4
rising,4
millions,4
type,4
locked,4
defending,4
waiting,4
blame,4
specialist,4
scout,4
marries,4
performs,4
mcqueen,4
driven,4
succeed,4
sleepy,4
uss,4
knowing,4
werewolf,4
graduation,4
casino,4
determination,4
magnificent,4
fifth,4
costume,4
exactly,4
buildings,4
dire,4
free-spirited,4
controls,4
grimm,4
union,4
underworld,4
ferocious,4
elsa,4
volcanic,4
furious,4
comfort,4
ground,4
enjoying,4
thirteen,4
reclaim,4
confronts,4
gale,4
district,4
increasingly,4
await,4
spain,4
unleashing,4
genetically,4
lego,4
republic,4
investigates,4
passing,4
spans,4
decades,4
stranger,4
custom,4
serving,4
exploit,4
solar,4
energy,4
hades,4
accepts,4
hapless,4
cobra,4
leadership,4
systems,4
domesticated,4
orangutan,4
shipwreck,4
ant,4
grizzled,4
partnership,4
promising,4
facility,4
allowed,4
outlaw,4
collide,4
pharaoh,4
slaves,4
o'connell,4
commit,4
roam,4
scorpion,4
suburban,4
glass,4
radio,4
naval,4
gonzo,4
inexplicably,4
collapse,4
tomb,4
relic,4
metal,4
teacher,4
unfold,4
bullets,4
sexy,4
philippe,4
digging,4
travelers,4
clara,4
crusades,4
roger,4
tintin,4
loyal,4
suspects,4
sunken,4
blockbuster,4
time-traveling,4
thanks,4
bully,4
sports,4
average,4
relive,4
prone,4
percy,4
smart,4
picture,4
samuel,4
families,4
gave,4
account,4
oppression,4
slavery,4
jesus,4
gift,4
enchanted,4
bored,4
lawrence,4
peril,4
sex,4
foil,4
lawyer,4
steven,4
minions,4
hatches,4
technician,4
canine,4
dump,4
dagger,4
beach,4
tropical,4
ancestor,4
hugo,4
embittered,4
spock,4
corps,4
nobleman,4
istanbul,4
gwen,4
fix,4
wisdom,4
hes,4
compound,4
contains,4
greece,4
humankind,4
accomplish,4
vicious,4
custody,4
schemes,4
charge,4
cohorts,4
honey,4
skipper,4
rico,4
sisters,4
real-life,4
cities,4
lovable,4
exchange,4
clark,4
immense,4
unprecedented,4
parallel,4
complicated,4
jobs,4
attempting,4
trolls,4
unless,4
fashion,4
pawn,4
exiled,4
investigating,4
core,4
proper,4
zion,4
speed,4
trinity,4
worried,4
escorts,4
bombs,4
anymore,4
carry,4
media,4
pit,4
unforgiving,4
defy,4
opening,4
invites,4
waves,4
poisonous,4
insects,4
wake,4
distress,4
largo,4
rights,4
small-time,4
weeks,4
ranks,4
benevolent,4
famed,4
gabriel,4
assist,4
julian,4
fantasies,4
raid,4
mexican,4
low,4
succeeds,4
department,4
elliot,4
devastated,4
alley,4
ruin,4
smuggling,4
prominent,4
redeem,4
rat,4
larger,4
ditch,4
orphanage,4
industry,4
getafix,4
accompany,4
high-society,4
hi-tech,4
aim,4
colonies,4
settlers,4
chip,4
planetary,4
silent,4
shelter,4
acts,4
endor,4
creating,4
hate,4
answer,4
carmen,4
juni,4
cortez,4
prequel,4
wall,4
dimwitted,4
henchmen,4
array,4
detroit,4
nowhere,4
13-year-old,4
kitai,4
playing,4
howard,4
arnold,4
fail,4
fred,4
bullet,4
saddled,4
atlantic,4
2003,4
sandy,4
squirrel,4
switches,4
murphy,4
mysteriously,4
ocp,4
terrorizing,4
ritual,4
employees,4
somewhat,4
hijackers,4
canyon,4
bus,4
traffic,4
harbors,4
resemble,4
deeper,4
investigator,4
cyborg,4
cook,4
niece,4
portland,4
routine,4
presents,4
estate,4
irish,4
leslie,4
starship,4
realized,4
war-torn,4
seriously,4
turning,4
rampaging,4
forests,4
ruby,4
promised,4
mean,4
ordered,4
agree,4
illness,4
robbing,4
shrewd,4
whilst,4
negotiator,4
caribbean,4
high-spirited,4
puppy,4
expected,4
upcoming,4
report,4
figures,4
disappear,4
pup,4
fearful,4
billion,4
determine,4
rather,4
tragedy,4
largest,4
prostitute,4
ninjas,4
wandering,4
witnesses,4
'the,4
neighbor,4
congo,4
berserk,4
senior,4
airport,4
artifact,4
profit,4
planned,4
caravan,4
innocent,4
warring,4
link,4
flame,4
mistaken,4
ashore,4
bag,4
confrontation,4
frog,4
rancher,4
cruelty,4
loving,4
songs,4
weakness,4
scotland,4
cell,4
total,4
fiction,4
gangsters,4
manipulates,4
heritage,4
bishop,4
finn,4
transporting,4
bedroom,4
nerve,4
timeless,4
dundee,4
tourists,4
awakens,4
wells,4
turf,4
books,4
experiments,4
arabian,4
nesib,4
emir,4
sand,4
located,4
ambushed,4
ninth,4
shop,4
gaining,4
murders,4
maid,4
marian,4
karate,4
robber,4
assembles,4
goofy,4
fishing,4
impress,4
combined,4
grant,4
albert,4
religious,4
jet,4
swordplay,4
swashbuckling,4
1999,4
phantom,4
cool,4
closed,4
dash,4
delightful,4
sinbad,4
babe,4
tank,4
charlotte,4
centers,4
border,4
wives,4
novelist,4
solomon,4
chased,4
joan,4
wilder,4
climb,4
mickey,4
musketeer,4
visiting,4
safari,4
sg-1,4
supposedly,4
zombie,4
respected,4
fish,4
rushes,4
ball,4
strict,4
elric,4
medicine,4
gaming,4
vegeta,4
files,4
assembled,4
drew,4
teach,4
afterlife,4
babylon,4
ori,4
player,4
granting,4
sleeping,4
stealth,4
climbing,4
zatichi,4
respect,4
heaven,4
dodge,4
masterpiece,4
straw,4
scooby-doo,4
daphne,4
peasants,4
unforgettable,4
spot,4
clothes,4
topo,4
slaughtered,4
coma,4
stephen,4
budderball,4
sheep,4
fantmas,4
darkseid,4
animation,4
alphonse,4
amy,4
bold,4
crashed,4
floor,4
simpson,4
heat,4
kaoru,4
nine,4
bubble,4
portrays,4
jill,4
amnesia,4
griffith,4
laboratory,4
youthful,4
robotics,4
shion,4
homicidal,4
cardinal,4
richelieu,4
norway,4
loop,4
wielding,4
ended,4
stu,4
molly,4
forward,4
telling,4
frightening,4
bones,4
scooby,4
mistakes,4
planes,4
damme,4
cheech,4
letters,4
tied,4
harsh,4
v-cinema,4
disease,4
quigley,4
kirikou,4
shipwrecked,4
unleashes,4
uzumaki,4
1860s,4
infected,4
apparently,4
ruka,4
scenario,4
quixote,4
bardock,4
pleasure,4
scholar,4
troop,4
shazam,4
shinichi,4
tai,4
attraction,4
andersen,4
spoiled,4
dollar,4
rapunzel,4
holt,4
shaymin,4
zero,4
roland,4
kinetech,4
ava,4
yann,4
hijacked,4
railway,4
anglique,4
jeoffray,4
novels,4
thug,4
balam,4
jamie,4
tang,4
taskmaster,4
dodger,4
fagin,4
hexx,4
ancestral,4
philadelphia,4
zoroark,4
zorua,4
raikou,4
dedham,4
crime-solving,4
indeed,4
o'gill,4
harm,4
medallion,4
sallinger,4
bay,4
ruslan,4
sao,4
niehu,4
icemen,4
guild,4
harleen,4
rajveer,4
mayhem,4
iris,4
cilan,4
elsewhere,4
revive,4
weaker,4
chick,4
abel,4
pkk,4
cant,4
rene,4
kokone,4
eric,4
kendig,4
roadside,4
gunboat,4
hannes,4
bombardier,4
cmdr,4
saucer,4
zatoichi,4
mature,4
marlon,4
sentai,4
dekaranger,4
shurik,4
hemingway,4
nss,4
seunghee,4
iolaus,4
iza,4
ayla,4
timm,4
sudanese,4
fanfan,4
rainsford,4
zaroff,4
ernie,4
tyra,4
flicka,4
viewers,4
noblewoman,4
colorado,4
annoying,4
stallone,4
kitchen,4
sai,4
yuk,4
brotherhood,4
amuro,4
ryann,4
continued,3
despot,3
inflict,3
uncertain,3
raging,3
discredited,3
familys,3
accomplished,3
enacting,3
alliances,3
punishment,3
grips,3
orcs,3
marching,3
middle-earth,3
allen,3
boxes,3
activity,3
x-men,3
ensemble,3
periods,3
labyrinth,3
asking,3
offensive,3
foot,3
grip,3
lang,3
embrace,3
pym,3
hitler,3
17th-century,3
ex-aid,3
exists,3
actions,3
vigilante,3
arises,3
putting,3
frodo,3
beatrice,3
prior,3
kristoff,3
olaf,3
devil,3
triangle,3
astronomer,3
1990s,3
attractive,3
genre,3
language,3
variety,3
apocalyptic,3
exist,3
words,3
pandora,3
material,3
cinematic,3
headquarters,3
leia,3
1926,3
gandalf,3
deceit,3
spectre,3
elizabeth,3
aware,3
ingenious,3
operatives,3
sloth,3
merry,3
nefarious,3
deadpool,3
fabled,3
blackbeard,3
rabbit,3
heights,3
repair,3
1985,3
harmony,3
today,3
directly,3
forcing,3
authority,3
mallory,3
motives,3
hendricks,3
severe,3
croft,3
jurassic,3
originally,3
cataclysmic,3
quietly,3
d.c.,3
otherworldly,3
monitor,3
kay,3
ambassadors,3
opposing,3
chiffre,3
participate,3
poker,3
establish,3
vesper,3
provide,3
toughest,3
mib,3
expertise,3
deals,3
corners,3
throws,3
maximus,3
trusted,3
gladiator,3
fourteen,3
tormented,3
solace,3
opened,3
reputation,3
challenging,3
survived,3
ingenuity,3
signal,3
started,3
minds,3
bridge,3
potter,3
headmaster,3
church,3
huntsman,3
hotshot,3
finish,3
explores,3
dutch,3
moody,3
killings,3
midst,3
jacob,3
royale,3
complex,3
false,3
wardrobe,3
plunged,3
climactic,3
study,3
ignored,3
active,3
parr,3
suburbia,3
xander,3
thrilled,3
von,3
self,3
lack,3
outsiders,3
gains,3
upset,3
chewbacca,3
panem,3
devoted,3
founded,3
lazy,3
transforming,3
resident,3
centuries-old,3
pyramid,3
pregnant,3
pits,3
council,3
dramatic,3
mistakenly,3
wisecracking,3
crumbles,3
darth,3
vader,3
offspring,3
mettle,3
soviets,3
related,3
peru,3
devastating,3
tech-savvy,3
grid,3
remember,3
trials,3
daley,3
grasp,3
tablet,3
vital,3
mrida,3
unruly,3
defies,3
ill-fated,3
relief,3
kingdoms,3
lords,3
surly,3
pevensie,3
bravery,3
helen,3
screen,3
undergoes,3
satellite,3
volunteers,3
earhart,3
gun,3
g.i,3
senator,3
padm,3
smugglers,3
happily,3
linda,3
rio,3
troupe,3
hopper,3
terrorizes,3
self-centered,3
summons,3
pacha,3
round,3
lancelot,3
pact,3
contained,3
producer,3
smitten,3
outlaws,3
mask,3
riding,3
moved,3
frozen,3
nasa,3
determines,3
detonate,3
renowned,3
otherwise,3
flood,3
divorced,3
drop,3
weekend,3
tricked,3
embedded,3
independence,3
frontier,3
areas,3
resurrected,3
bearer,3
disguises,3
programmed,3
employee,3
circumstances,3
lieutenant,3
fiance,3
sixth,3
marked,3
las,3
disappearing,3
rocky,3
intriguing,3
blade,3
existed,3
dracula,3
mouth,3
brash,3
leo,3
nottingham,3
marion,3
procedure,3
horribly,3
october,3
1957,3
talk,3
chilling,3
amid,3
common,3
outwitting,3
persians,3
schoolteacher,3
misty,3
convict,3
lupin,3
everest,3
encountered,3
lifelong,3
lapd,3
distraught,3
awaiting,3
snowy,3
priceless,3
thompson,3
wacky,3
bud,3
1986,3
kitty,3
wrongfully,3
chemical,3
gen.,3
demands,3
christopher,3
alaska,3
harrowing,3
rice,3
instantly,3
genuine,3
peasant,3
revolt,3
flamboyant,3
scrat,3
acorn,3
thrills,3
highs,3
lows,3
twenty,3
alejandro,3
robbed,3
chaney,3
accompanying,3
stuart,3
pushed,3
fabulous,3
outbreak,3
garbage,3
releasing,3
sands,3
date,3
col.,3
researcher,3
ferdinand,3
bull,3
prefers,3
tree,3
versus,3
fastest,3
leaf,3
portal,3
pages,3
pursues,3
situations,3
homer,3
maintain,3
merchant,3
fiery,3
calm,3
russians,3
bid,3
busy,3
forgotten,3
staying,3
wanders,3
sometimes,3
harold,3
kumar,3
stoner,3
jersey,3
rumpelstiltskin,3
ogres,3
jasmine,3
lamp,3
jafar,3
burned,3
harbor,3
cocky,3
600,3
miller,3
tibet,3
ace,3
friendly,3
tribal,3
venture,3
protective,3
spends,3
launches,3
vs.,3
points,3
jamaica,3
issues,3
betrothed,3
garden,3
surreal,3
july,3
orbit,3
snake,3
sentences,3
remainder,3
mild-mannered,3
daily,3
lois,3
lane,3
sought,3
abductions,3
strives,3
theater,3
paddington,3
100th,3
demigod,3
titans,3
aaron,3
charm,3
stonebanks,3
subsequently,3
puppies,3
oasis,3
technological,3
effect,3
radiation,3
unstable,3
preparations,3
doomed,3
bolt,3
penny,3
heading,3
washes,3
obtained,3
diamonds,3
seventh,3
failed,3
clary,3
fleece,3
benson,3
disillusioned,3
eat,3
mogul,3
craft,3
awakened,3
populated,3
birds,3
featuring,3
drunken,3
shes,3
seaside,3
courageous,3
candidate,3
played,3
contain,3
tim,3
maltazard,3
atomic,3
blackmail,3
whisked,3
spartacus,3
sold,3
clerk,3
rambunctious,3
primitive,3
trap,3
thrive,3
mountaintop,3
retreat,3
tracy,3
alps,3
ulysses,3
spoken,3
grocery,3
feel,3
tycoon,3
eliminate,3
currently,3
exploits,3
backdrop,3
jump,3
cassie,3
sullivan,3
travelling,3
invitation,3
heirs,3
wily,3
guilty,3
premier,3
leon,3
18th,3
armies,3
kaulder,3
valiant,3
followers,3
moments,3
scandal,3
smurfs,3
stuck,3
mainland,3
afghanistan,3
fantasia,3
pride,3
kiara,3
voice,3
jude,3
jordan,3
cleopatra,3
covered,3
building,3
orleans,3
madcap,3
spike,3
sunk,3
boomer,3
focuses,3
coastal,3
rainforest,3
clyde,3
time-travel,3
a.d.,3
wilds,3
nigel,3
freak,3
tickets,3
subject,3
injected,3
broke,3
dee,3
happening,3
temple,3
eight,3
fugitives,3
mercy,3
signals,3
probe,3
bikers,3
supervillain,3
feisty,3
strangers,3
horn,3
internet,3
horses,3
flames,3
prospector,3
costumes,3
rayne,3
half-human,3
persuade,3
deserts,3
survives,3
shakespeare,3
march,3
meteor,3
outer,3
rings,3
intention,3
desires,3
robocop,3
hopelessly,3
affairs,3
hijacks,3
gunfighter,3
morgan,3
virgil,3
14th,3
crusader,3
perform,3
ending,3
supreme,3
holes,3
victorian,3
isolated,3
utah,3
swat,3
payne,3
elevator,3
speck,3
fantasy-adventure,3
jean,3
dive,3
loot,3
enchanting,3
fledgling,3
keeps,3
upriver,3
afflicted,3
benefactor,3
quinn,3
tahiti,3
awkward,3
millionaire,3
newcomer,3
elixir,3
possesses,3
roads,3
charismatic,3
barren,3
destructive,3
engaged,3
hair,3
timid,3
photo,3
blart,3
himalayas,3
cane,3
juggle,3
views,3
deakins,3
deliberately,3
terry,3
picking,3
jules,3
xifing,3
lust,3
purpose,3
infiltrate,3
declare,3
broadway,3
cougar,3
followed,3
majestic,3
victoria,3
hound,3
copper,3
logan,3
sending,3
consequences,3
initial,3
scamp,3
lifestyle,3
instant,3
dungeons,3
midwife,3
alike,3
bug,3
toys,3
universes,3
nobody,3
miserable,3
fake,3
melvilles,3
moby,3
unthinkable,3
value,3
grizzly,3
mule,3
neil,3
tasked,3
theyre,3
vehicles,3
krypton,3
responsibility,3
hiring,3
services,3
barely,3
rig,3
sinks,3
lines,3
babysitting,3
brad,3
musicians,3
previously,3
fiancee,3
inherits,3
beck,3
discipline,3
harder,3
goddess,3
fievel,3
effects,3
rath,3
saloon,3
escorting,3
gigantic,3
trick,3
alain,3
bosses,3
appearance,3
beaumont,3
recounts,3
good-natured,3
accompanies,3
mal,3
racer,3
damaged,3
comet,3
county,3
garrett,3
suspicion,3
organisation,3
archaeological,3
zone,3
atmosphere,3
captors,3
persuaded,3
missionary,3
teelas,3
melissa,3
neighborhood,3
ants,3
elder,3
spend,3
talisman,3
aramis,3
athos,3
porthos,3
opera,3
gunslinger,3
completed,3
geoff,3
excitement,3
dangers,3
natives,3
ricky,3
ernest,3
plenty,3
inspectors,3
iraqi,3
parts,3
gallons,3
chloe,3
gulf,3
destined,3
forming,3
burden,3
yakuza,3
remove,3
mrs.,3
ember,3
cyrus,3
barn,3
owls,3
elvis,3
convention,3
witwicky,3
stitch,3
lays,3
saleeh,3
auda,3
fathers,3
blessed,3
possibility,3
minutes,3
re-engage,3
curious,3
fun-filled,3
cliff,3
blaster,3
poised,3
ella,3
storybook,3
1000,3
captor,3
fog,3
annie,3
rescuers,3
principal,3
imaginable,3
mansion,3
1969,3
discharged,3
drifter,3
sled,3
truck,3
confused,3
available,3
deeply,3
armstrong,3
fired,3
shaw,3
bink,3
pigeon,3
strip,3
shut,3
beijing,3
inhabits,3
adams,3
arguments,3
t-rex,3
jerry,3
spared,3
volunteer,3
crash-lands,3
dynamic,3
gene,3
shun,3
vortex,3
would-be,3
assisted,3
leone,3
term,3
administration,3
humiliated,3
mines,3
dig,3
knock,3
spin,3
tasks,3
pants,3
experiences,3
constable,3
ned,3
daredevil,3
auto,3
accepted,3
harrison,3
stargate,3
scrooge,3
talks,3
bligh,3
christian,3
ronal,3
muppets,3
incident,3
youths,3
brooks,3
punished,3
employers,3
players,3
operating,3
lunatic,3
prey,3
wearing,3
shipment,3
alluring,3
skydiving,3
crooks,3
appalachian,3
sahara,3
luckily,3
hazel,3
martial-arts,3
aristocratic,3
earns,3
creation,3
contracted,3
aquarium,3
slow,3
angry,3
medieval,3
opponent,3
pulls,3
turbulent,3
angelina,3
industrialist,3
jack-jack,3
injuries,3
ownership,3
lots,3
crook,3
reckless,3
critical,3
2009,3
steps,3
taiwan,3
islands,3
cleo,3
rides,3
bail,3
dante,3
volcano,3
pakistan,3
amadeo,3
beats,3
masseur,3
ginzo,3
raucous,3
gambling,3
abusive,3
song,3
500,3
shaft,3
arrests,3
gordon,3
commissioner,3
charger,3
mac,3
shiki,3
upheaval,3
nami,3
point,3
wheelchair,3
unhappy,3
arn,3
spaces,3
wear,3
patema,3
regiment,3
reviving,3
awoken,3
2008,3
brainiac,3
collecting,3
android,3
proud,3
b-dawg,3
buddha,3
mudbud,3
hair-raising,3
ball-playing,3
cinderella,3
berk,3
lagaan,3
champaner,3
rain,3
retaliation,3
radical,3
sound,3
mummy,3
goose,3
eggs,3
burmese,3
importance,3
bride,3
brazil,3
predicament,3
brand,3
gas,3
standing,3
detachment,3
sake,3
granddaughter,3
miners,3
1943,3
morning,3
pipe,3
snakes,3
eva,3
joker,3
gathers,3
approached,3
request,3
meiji,3
shishio,3
division,3
surfing,3
philo,3
tokugawa,3
represent,3
overjoyed,3
wrote,3
oldest,3
involve,3
replaces,3
state-of-the-art,3
imagine,3
revived,3
showing,3
dated,3
tribesman,3
patriots,3
plagued,3
bastian,3
rogues,3
canals,3
alleyways,3
capital,3
croc,3
entrepreneurs,3
replacing,3
adversaries,3
unnamed,3
urchins,3
suzuki,3
mariah,3
conflicts,3
coltan,3
kalabar,3
17th,3
tunnel,3
forgets,3
grandpa,3
liam,3
ishmael,3
2048,3
ecosystem,3
compelled,3
representative,3
gunman,3
unlucky,3
says,3
pot,3
shanghai,3
jeans,3
tongan,3
southwestern,3
casper,3
kindred,3
homework,3
seagal,3
bayi,3
developers,3
exit,3
pagnol,3
kuroto,3
split,3
loch,3
ness,3
restaurant,3
injury,3
marston,3
poisoned,3
role-playing,3
bigfoot,3
foundling,3
exceptional,3
sixteen,3
agnes,3
companies,3
electronics,3
damian,3
ewok,3
purchased,3
eighth,3
wagon,3
rumoured,3
matter,3
missionaries,3
sibling,3
marauding,3
preparing,3
salvage,3
approaches,3
chile,3
thunderbirds,3
rooms,3
melvin,3
sour,3
dolphin,3
haunt,3
brian,3
durant,3
groups,3
singing,3
kakashi,3
genm,3
lazer,3
kull,3
accidents,3
grew,3
wolverine,3
builds,3
naughty,3
naive,3
practices,3
natsu,3
responsibilities,3
bears,3
wakes,3
womanizing,3
convincing,3
crossover,3
walks,3
friday,3
whatever,3
stow,3
sydney,3
hawks,3
whirled,3
axis,3
calling,3
lawmen,3
mine,3
twain,3
lets,3
unorthodox,3
wright,3
avoiding,3
jacquou,3
bibi,3
yukie,3
minbari,3
shatterhand,3
apaches,3
peyrac,3
coolest,3
alcoholic,3
wong,3
leung,3
hedgehog,3
episodes,3
connecticut,3
colt,3
espaniola,3
cute,3
marge,3
buck,3
emerged,2
thanos,2
infamy,2
infinity,2
moment,2
technologically,2
reserved,2
mantel,2
nakia,2
queen-mother,2
princess-kid,2
dora,2
milaje,2
'special,2
homeworld,2
asgardian,2
hela,2
hopps,2
zootopia,2
partnering,2
scam-artist,2
wilde,2
ronan,2
accuser,2
primatologist,2
unshakable,2
extraordinarily,2
silverback,2
mutates,2
similarly,2
ever-changing,2
halt,2
s.h.i.e.l.d.,2
recruitment,2
baffling,2
generations-old,2
ban,2
idol,2
ernesto,2
cruz,2
jumpstart,2
earths,2
mightiest,2
pave,2
rey,2
unsettled,2
malekith,2
withstand,2
recklessly,2
reignites,2
desolation,2
laketown,2
mirkwood,2
azog,2
defiler,2
fueled,2
fuelled,2
restored,2
selfless,2
metahumans,2
consisting,2
steppenwolf,2
parademons,2
regulate,2
polarizes,2
opinion,2
amongst,2
selves,2
wckd-controlled,2
parentage,2
connor,2
wise-cracking,2
cameraman,2
everdeen,2
capitol,2
astonishing,2
shrink,2
increase,2
ant-man,2
brooklyn,2
adolf,2
queens,2
quarrels,2
riders,2
shared,2
bright,2
jaded,2
god-like,2
revered,2
savior,2
hobbit,2
baggins,2
inheriting,2
snowman,2
blowing,2
strongly,2
headstrong,2
subconscious,2
considered,2
rosa,2
wonderful,2
counterpart,2
chemistry,2
slightly,2
sucked,2
pitted,2
furthest,2
necessities,2
strategic,2
maneuvers,2
r2-d2,2
c-3po,2
newt,2
houses,2
relations,2
aragorn,2
mordor,2
cryptic,2
press,2
pepper,2
debt,2
pieces,2
transformer,2
valerian,2
laureline,2
territories,2
cultures,2
safeguard,2
foe,2
woolly,2
saber-toothed,2
origin,2
wilson,2
lease,2
wing,2
fountain,2
affections,2
eighties,2
mcfly,2
1955,2
disrupting,2
attracting,2
rekindling,2
iconic,2
fiercest,2
aurora,2
lab,2
curt,2
connors,2
lizard,2
shape,2
hopeless,2
classmate,2
cautions,2
endangers,2
chairman,2
committee,2
ferret,2
fiercely,2
isla,2
nublar,2
envisioned,2
taxi,2
adjust,2
web,2
scope,2
falcon,2
assassinate,2
high-stakes,2
leiter,2
levels,2
statement,2
absolutely,2
eddie,2
generals,2
advisor,2
traders,2
renamed,2
audiences,2
continent,2
received,2
world-weary,2
dreaming,2
persistent,2
astrid,2
skies,2
charting,2
unmapped,2
oceans,2
restless,2
jaeger,2
watney,2
presumed,2
meager,2
draw,2
consume,2
devised,2
jaegers,2
proving,2
washed-up,2
untested,2
trainee,2
apocalypse,2
types,2
tris,2
divergents,2
11th,2
witchcraft,2
sniper,2
commissioned,2
engulfing,2
freeze,2
melt,2
prompts,2
warn,2
decade,2
rookie,2
piston,2
seasoned,2
commandos,2
downed,2
airmen,2
occasionally,2
audience,2
neighbors,2
surrounded,2
malicious,2
approaching,2
loved,2
urge,2
renesmee,2
cullens,2
volturi,2
glacial,2
owen,2
arcade,2
jr.,2
titular,2
fixes,2
wanting,2
rush,2
learned,2
affect,2
bagheera,2
baloo,2
intellectual,2
equal,2
advantage,2
teleport,2
alters,2
upended,2
daunting,2
richards,2
sue,2
super-strong,2
napoleon,2
copilot,2
peeta,2
embarking,2
districts,2
senses,2
quell,2
warship,2
weigh,2
tension,2
grail,2
brody,2
schneider,2
recovering,2
eruption,2
roamed,2
claire,2
worked,2
slacker,2
viper,2
bliss,2
betrayals,2
childbirth,2
fulfills,2
all-out,2
grey,2
luther,2
dominance,2
terrorism,2
supply,2
hanging,2
albeit,2
smelly,2
fire-breathing,2
sith,2
ashes,2
decimated,2
obi-wan,2
kenobi,2
yoda,2
haddock,2
irina,2
indy,2
coerced,2
self-indulgent,2
pulled,2
croods,2
outlook,2
nemo,2
marlin,2
dom,2
watchman,2
stirs,2
awakening,2
gladiators,2
rex,2
comfortable,2
uniting,2
crashing,2
triggers,2
archer,2
turmoil,2
figuring,2
dwarf,2
stripes,2
b.c,2
bronze,2
emerging,2
sparta,2
menelaus,2
troy,2
trojans,2
agamemnon,2
greeks,2
hall,2
fame,2
employs,2
surfer,2
assume,2
johnson,2
unholy,2
breathing,2
smithsonian,2
chocolate,2
maker,2
presidential,2
naboo,2
janeiro,2
zebra,2
behalf,2
oppressed,2
bustling,2
reunites,2
paycheck,2
townspeople,2
amity,2
poison,2
pure,2
limbs,2
camelot,2
silly,2
tech,2
elf,2
erupt,2
hellboy,2
activities,2
encampment,2
utopian,2
1933,2
butch,2
tonto,2
unscrupulous,2
ridding,2
strategy,2
jabba,2
hutt,2
wages,2
asteroid,2
truman,2
a.j,2
defiant,2
ramses,2
monumental,2
visions,2
measures,2
dockworker,2
ex-wife,2
pitting,2
abuse,2
pegasus,2
venturing,2
franklin,2
suicide,2
post,2
sioux,2
evelyn,2
bracelet,2
imhotep,2
valentina,2
official,2
introduces,2
ill,2
resulting,2
pesky,2
eustace,2
scrubb,2
swallowed,2
painting,2
hugh,2
robotic,2
belongs,2
uncovering,2
profoundly,2
engage,2
shane,2
raoul,2
suitcase,2
cover,2
increases,2
alarming,2
rate,2
stoned,2
ashitaka,2
boar,2
mater,2
nightstalkers,2
abigail,2
hannibal,2
mikey,2
attic,2
one-eyed,2
romances,2
barsoom,2
rediscovers,2
rests,2
worship,2
moonlights,2
antiquities,2
welcome,2
sounds,2
chancellor,2
cohaagen,2
nine-year-old,2
prejudices,2
capsule,2
dug,2
occurred,2
princes,2
explode,2
playboy,2
tangles,2
tannen,2
awe-inspiring,2
breathtaking,2
partnered,2
unnecessary,2
homicide,2
suffered,2
undead,2
lurks,2
cantankerous,2
2015,2
last-ditch,2
manhattan,2
arch-nemesis,2
ski,2
sidelines,2
optimus,2
myth,2
bloom,2
appetites,2
marshals,2
deputy,2
urgent,2
patrick,2
hummel,2
launching,2
100,2
slain,2
servicemen,2
graduating,2
1992,2
christ,2
zealots,2
pretending,2
townsfolk,2
motley,2
exception,2
peculiar,2
convicts,2
farmers,2
sharing,2
sly,2
ottoman,2
psychological,2
spills,2
laughter,2
vega,2
zorro,2
bandit,2
mattie,2
grit,2
cogburn,2
drinking,2
generally,2
granny,2
porter,2
belong,2
hudson,2
outcasts,2
flowers,2
rumours,2
excited,2
murdock,2
ford,2
hitchhiker,2
sitting,2
jumping,2
mellow,2
orc,2
colonize,2
connect,2
nearing,2
reservation,2
friendships,2
deteriorate,2
riley,2
lawman,2
walls,2
clocks,2
automaton,2
goddaughter,2
rejects,2
beowulf,2
grendel,2
impetuous,2
crossroads,2
tatiana,2
avatars,2
wings,2
warm,2
decisions,2
pacts,2
duped,2
sneaks,2
disguise,2
propelled,2
gray,2
drawing,2
fortunately,2
loosely,2
300,2
norwegian,2
cabin,2
angels,2
author,2
madison,2
wachati,2
welfare,2
futuristic,2
caps,2
liquid,2
floating,2
enola,2
exile,2
recruiting,2
megalomaniacal,2
saban,2
angel,2
obliterated,2
ones,2
rango,2
dirt,2
crowd,2
resembles,2
nightmares,2
mothership,2
dozen,2
conducts,2
louie,2
bare,2
comics,2
assets,2
ops,2
camps,2
relatively,2
high-security,2
crush,2
alter-ego,2
spirituality,2
tracked,2
startling,2
revelations,2
exact,2
cassandra,2
adventurous,2
trajectory,2
kraken,2
fisherman,2
supremacy,2
rages,2
dangerously,2
devotion,2
poppy,2
branch,2
trader,2
cruella,2
vil,2
worldwide,2
curtis,2
depicting,2
fixed,2
bahamas,2
spook,2
ghouls,2
manner,2
shadowhunters,2
vanessa,2
blossoms,2
adrenaline-charged,2
pandemonium,2
hear,2
crypt,2
unjustly,2
terrors,2
entirely,2
visited,2
pigs,2
experts,2
grandchildren,2
anxious,2
kubo,2
mesmerizes,2
entertainment,2
tributes,2
prepared,2
instincts,2
watching,2
nursery,2
shepherding,2
cube,2
xxx,2
willem,2
dafoe,2
burton,2
selenia,2
menaced,2
warheads,2
traditional,2
ian,2
numbers,2
florida,2
folks,2
credit,2
next-generation,2
equipment,2
plunging,2
stewart,2
morocco,2
kenai,2
koda,2
desolate,2
stranding,2
dominated,2
2000,2
notoriously,2
brontosaurus,2
vegetation,2
spiritual,2
rapidly,2
sausage,2
products,2
transylvania,2
valerious,2
bloodline,2
frankenstein,2
hell-bent,2
artificial,2
stopping,2
economy,2
best-selling,2
actress,2
heroine,2
actors,2
fans,2
bottom,2
circling,2
hugely,2
netherlands,2
bfg,2
carried,2
detour,2
weenie,2
pampered,2
pets,2
knocked,2
kung-fu,2
spooky,2
visitors,2
bonfamille,2
butler,2
diplomatic,2
possibly,2
bernard,2
respond,2
rufus,2
missiles,2
vanish,2
trace,2
chambers,2
institute,2
province,2
gateway,2
unleashed,2
yearning,2
provoke,2
sting,2
heavyweight,2
sweetwater,2
maximum,2
sentence,2
papers,2
gargamel,2
tumble,2
apple,2
borg,2
cyborgs,2
direct,2
monastery,2
trautman,2
zorin,2
suspicions,2
bullies,2
atreyu,2
simba,2
kovu,2
actor,2
carrey,2
poorly,2
carefree,2
either,2
edifis,2
succeeding,2
roddy,2
toilet,2
sewer,2
hang,2
bowels,2
maverick,2
counterfeit,2
cora,2
invented,2
conceal,2
sub,2
panic,2
tense,2
cat-and-mouse,2
peruvian,2
urban,2
unwillingly,2
erupts,2
blazing,2
lava,2
adversary,2
bearded,2
rapid,2
response,2
murderer,2
reaper,2
informs,2
headmistress,2
mythological,2
promptly,2
single-handedly,2
aki,2
genesis,2
boring,2
explains,2
lycans,2
sonja,2
lucian,2
sorts,2
fawn,2
afraid,2
commando,2
maturity,2
nova,2
cypher,2
extended,2
beacon,2
shocked,2
fast-paced,2
humorous,2
schwarzenegger,2
olivia,2
mako,2
inept,2
tracey,2
least,2
junior,2
promoted,2
activates,2
atop,2
winged,2
dodging,2
difficulties,2
guests,2
engraved,2
robinsons,2
stowaway,2
oversized,2
romania,2
dhampir,2
747,2
follow-up,2
details,2
page,2
recipe,2
deputies,2
wrongly,2
stardom,2
placed,2
allowing,2
encoded,2
delta,2
loyalties,2
aerial,2
trunk,2
plants,2
obsessive,2
earp,2
weary,2
badge,2
commands,2
coveted,2
overturned,2
peak,2
rigged,2
blow,2
pocahontas,2
arranged,2
transports,2
horton,2
enzo,2
reno,2
diving,2
diver,2
closely,2
dolphins,2
considers,2
persuades,2
galleon,2
mermaid,2
suzanne,2
particularly,2
oregon,2
haru,2
schoolgirl,2
rewards,2
deed,2
proposal,2
orchid,2
pharmaceutical,2
stalked,2
voracious,2
ronin,2
keanu,2
reeves,2
overlord,2
wipe,2
necessary,2
jared,2
13th,2
ireland,2
fraught,2
gay,2
hustler,2
idaho,2
sexual,2
starfleet,2
midas,2
b.c.,2
channel,2
loner,2
commanded,2
sensitive,2
crusade,2
mall,2
mountaineer,2
harrer,2
constant,2
relationships,2
collector,2
vic,2
drops,2
radar,2
taught,2
collection,2
laser,2
programs,2
emerald,2
wanda,2
oss,2
reynolds,2
darkly,2
hardship,2
crete,2
okinawa,2
prosperity,2
interesting,2
getaway,2
tried,2
rediscover,2
gary,2
moore,2
alec,2
1940,2
centered,2
guerrillas,2
zambezia,2
nave,2
tod,2
expectations,2
theodore,2
roll,2
badly,2
fulfil,2
spinster,2
pizza,2
fed,2
longs,2
junkyard,2
buster,2
nockmaar,2
elora,2
prophesied,2
entrusted,2
oncoming,2
kryptonite,2
frame,2
10-year-old,2
11-year-old,2
owns,2
programming,2
possess,2
strongest,2
saiyans,2
1950,2
orbiting,2
unmanned,2
navigation,2
arsenal,2
porco,2
rosso,2
chasing,2
mare,2
dants,2
nobility,2
szalinski,2
uprising,2
essex,2
assaulted,2
inspire,2
surviving,2
starvation,2
direction,2
fast-talking,2
deer,2
hibernation,2
blithe,2
besides,2
condemned,2
cooperate,2
according,2
resolve,2
awesome,2
detention,2
self-esteem,2
served,2
shipping,2
disabled,2
sails,2
unknowingly,2
sharks,2
bison,2
conduct,2
unexplored,2
thrill-seekers,2
honeymoon,2
jean-luc,2
resulted,2
romulan,2
shinzon,2
wallace,2
gromit,2
cheese,2
provides,2
mechanical,2
brenda,2
tames,2
trucker,2
northern,2
darwin,2
brazilian,2
raccoons,2
orca,2
dial,2
fawcett,2
establishment,2
indigenous,2
shaun,2
hill,2
loneliness,2
1980s,2
funeral,2
grisly,2
nurse,2
mutated,2
ex-girlfriend,2
polly,2
perkins,2
vow,2
astrix,2
supermodel,2
systematically,2
eliminating,2
burn,2
fractured,2
timeline,2
amazons,2
conquest,2
depicts,2
ruler,2
ibn,2
flesh,2
carlos,2
engine,2
shift,2
all-terrain,2
drago,2
elena,2
armand,2
irresistible,2
emmy,2
zugor,2
versions,2
posing,2
sheltered,2
star-crossed,2
brent,2
mounts,2
keyes,2
deteriorating,2
reactivate,2
stepbrother,2
trails,2
pei,2
o'bannon,2
imprisonment,2
thane,2
dagen,2
half-elf,2
man-eating,2
weatherman,2
intense,2
sweeping,2
oklahoma,2
1700s,2
borrowing,2
targeted,2
anthill,2
phone,2
gedren,2
keeper,2
overrun,2
tango,2
perret,2
income,2
high-flying,2
handler,2
imaginative,2
none,2
patrons,2
recreations,2
life-like,2
pays,2
trucks,2
swords,2
advances,2
zealand,2
bush,2
lyle,2
warren,2
thornton,2
tess,2
drags,2
booby-trapped,2
beverly,2
wherever,2
ruling,2
tails,2
vee,2
harmless,2
finale,2
holidays,2
annabelle,2
attached,2
boxcar,2
epidemic,2
removed,2
exhausted,2
sabotage,2
generations,2
lights,2
geologist,2
grandiose,2
tretiak,2
emma,2
blamed,2
aggie,2
ostensibly,2
brainwashed,2
rulers,2
zane,2
closing,2
symbols,2
lilo,2
jumba,2
peninsula,2
belt,2
skeptical,2
pod,2
non-stop,2
warmth,2
rocketeer,2
growth,2
guinea,2
appliances,2
unlocked,2
comely,2
smersh,2
kreese,2
stepmother,2
methods,2
halfway,2
evicted,2
enrolls,2
dealings,2
mute,2
norse,2
chieftain,2
amiable,2
high-school,2
longtime,2
roxanne,2
thunder,2
dazzling,2
gizmos,2
evict,2
scheming,2
pioneer,2
les,2
2005,2
tanguy,2
laverdure,2
1967,2
liberate,2
losers,2
wasteland,2
stood,2
victories,2
untimely,2
please,2
rosco,2
ceo,2
patterson,2
expects,2
corpse,2
firefox,2
naturally,2
say,2
managed,2
fell,2
remained,2
godlike,2
newspaper,2
smarter,2
someday,2
kate,2
huston,2
gobi,2
mongolia,2
hot-headed,2
seizing,2
hoggett,2
zephyr,2
carnivorous,2
chimps,2
barabbas,2
ordeals,2
troopers,2
wait,2
centurion,2
laos,2
inman,2
ada,2
unearths,2
gwendolyn,2
shepherd,2
traveler,2
asuna,2
reconcile,2
blonsky,2
shrinks,2
zodiac,2
intended,2
paroled,2
warden,2
drumgoole,2
audacious,2
samir,2
jeremy,2
adulthood,2
touch,2
ged,2
arren,2
hatred,2
dumas,2
donald,2
duck,2
minnie,2
thinking,2
classical,2
sales,2
kit,2
gavilan,2
calden,2
tinseltown,2
instructor,2
hearts,2
celebrity,2
archeologist,2
mordon,2
prevents,2
luxury,2
liner,2
palomino,2
fruitless,2
reinhardt,2
swindle,2
dorado,2
worth,2
lich,2
simone,2
lying,2
drink,2
nephews,2
collie,2
included,2
randall,2
self-sacrifice,2
hiking,2
insights,2
offices,2
office,2
fletcher,2
bergens,2
shoulders,2
abducts,2
filmed,2
burning,2
hattori,2
ellie,2
texan,2
navarre,2
navigate,2
norm,2
invents,2
parrot,2
ex-special,2
stella,2
nerd,2
snipes,2
repressed,2
finny,2
nestrians,2
sneaking,2
involuntary,2
leah,2
write,2
colton,2
occupied,2
barons,2
charter,2
decommissioned,2
universal,2
luc,2
deveraux,2
electrifying,2
dirty,2
prospect,2
saint,2
evading,2
realizing,2
dubai,2
hatch,2
outfit,2
dating,2
burns,2
mentally,2
architect,2
roped,2
doubles,2
suspenseful,2
increasing,2
borders,2
proceeds,2
talented,2
nomadic,2
mile,2
tape,2
shawn,2
earning,2
normal-sized,2
disturbed,2
georgia,2
nolan,2
rampage,2
judge,2
ussr,2
spells,2
russo,2
cydney,2
disgruntled,2
scenic,2
acquaintances,2
kidman,2
owning,2
1893,2
boxer,2
beaten,2
prototype,2
undertakes,2
anger,2
chamber,2
slim,2
beating,2
humble,2
convoy,2
entered,2
wukong,2
buddhism,2
norton,2
latter,2
estrada,2
confident,2
eternia,2
skeletor,2
grayskull,2
waits,2
loveless,2
assassinating,2
antics,2
affair,2
scrambles,2
evolve,2
filmmaking,2
impressed,2
polynesia,2
heidi,2
eight-year-old,2
swedish,2
broods,2
tunnels,2
balto,2
mara,2
balls,2
photographer,2
stalking,2
crossed,2
plastic,2
landscapes,2
sharpshooter,2
outfits,2
swarm,2
untamed,2
horrors,2
boarding,2
beset,2
drought,2
taxes,2
bhuvan,2
plight,2
blackthorne,2
cricket,2
misfits,2
slug,2
environmental,2
weather,2
cartoon,2
titanic,2
wwe,2
bautista,2
arizona,2
blunt,2
cornwall,2
whaler,2
picnic,2
slums,2
midnight,2
platoon,2
cartoonist,2
sauce,2
bermuda,2
flooding,2
baron,2
soran,2
evolves,2
julie,2
pupils,2
simmons,2
theresa,2
clot,2
horrible,2
organized,2
wreaking,2
wreck,2
bitch,2
marie,2
brigade,2
disbanded,2
beer,2
bride-to-be,2
andes,2
tuaregs,2
ajar,2
residents,2
behavior,2
clint,2
madman,2
nightwing,2
pods,2
kyoto,2
inspector,2
solving,2
perils,2
brawler,2
caldwell,2
lengths,2
attain,2
onto,2
pines,2
treks,2
employ,2
trevor,2
schoolboys,2
savagery,2
blossom,2
goals,2
visionary,2
combines,2
makeshift,2
1996,2
hokkaido,2
sayuri,2
ex-soldiers,2
gate,2
flea,2
forget,2
ong,2
bak,2
tien,2
duel,2
arrange,2
fraud,2
patients,2
hedge,2
fund,2
tame,2
savanna,2
cheetah,2
disguised,2
meier,2
audition,2
maniac,2
scared,2
kishkumen,2
szorlok,2
tow,2
owes,2
unlike,2
rocket,2
gou'ald,2
justforkix,2
wood,2
tearing,2
cartographer,2
hyp,2
nod,2
mutt,2
rocks,2
blocks,2
tasmanian,2
monkeybone,2
rousing,2
keats,2
psychics,2
quatermain,2
lurking,2
corner,2
witch-hunter,2
redferne,2
execution,2
propels,2
jodhaa,2
akbar,2
toxic,2
collapses,2
captivity,2
vitalstatistix,2
tuscany,2
operate,2
jeffrey,2
mori,2
fields,2
minute,2
sigurd,2
rafting,2
leg,2
pee-wee,2
blonde,2
husbands,2
shekhar,2
strikes,2
tax,2
cheat,2
goodhue,2
genji,2
heike,2
emotional,2
everyday,2
claw,2
bauer,2
plata,2
salud,2
groberg,2
ghosts,2
popeye,2
wrecks,2
olive,2
fianc,2
homecoming,2
aspirations,2
popularity,2
taggart,2
lebrac,2
shirley,2
kasukabe,2
zak,2
amidst,2
inventions,2
slips,2
everybody,2
terminal,2
gunfighters,2
caves,2
necromancer,2
lottery,2
pterano,2
dinos,2
edinburgh,2
option,2
strasser,2
housewife,2
notices,2
dislikes,2
hiiro,2
taiga,2
lovelica,2
terrorized,2
magnate,2
maddy,2
messages,2
mimi-siku,2
youngsters,2
deranian,2
karaba,2
outrun,2
september,2
cooler,2
evolution,2
miroslava,2
scary,2
mario,2
ronny,2
konoha,2
hokage,2
minato,2
namikaze,2
tailed,2
pinwheel,2
kobayashi,2
casella,2
marnie,2
carolina,2
year-old,2
inspiring,2
catapulted,2
tania,2
russof,2
abu-sir,2
coates,2
mongrel,2
uninvited,2
isle,2
uma,2
self-proclaimed,2
blood-sucking,2
charley,2
15-year-old,2
lean,2
racehorse,2
pre-teen,2
talia,2
deathstroke,2
guiding,2
righteous,2
acknowledging,2
pill,2
shuttlecraft,2
jermitt,2
catarine,2
gorax,2
deej,2
transmitter,2
four-year,2
towanis,2
ironclad,2
technique,2
mastery,2
glow,2
promoter,2
future-world,2
privatized,2
self-mutilation,2
casual,2
specially,2
geared,2
demographic,2
samurai-sword-wielding,2
engineers,2
possessing,2
chateau,2
gloire,2
mon,2
pere,2
recollections,2
predecessor,2
julien,2
ciamaca,2
summers,2
provence,2
roleplayers,2
reenact,2
dragons-like,2
prop,2
spellbook,2
grimoire,2
conjure,2
blood-lusting,2
succubus,2
forth,2
mancha,2
sancho,2
panza,2
itchy,2
spin-off,2
combating,2
chilled,2
yugis,2
millennium,2
item,2
yugi,2
mitcho,2
harbour,2
pear,2
reverse-flash,2
againwith,2
progressively,2
apprehend,2
flashand,2
marauders,2
maracaibo,2
fist,2
typical,2
imdb,2
bronson,2
malakian,2
anton,2
sensation,2
steampunk,2
luchan,2
bearing,2
tibetan,2
seals,2
costillo,2
represents,2
pulling,2
pranks,2
chavez,2
ricks,2
darkman,2
aura,2
wide-eyed,2
sacrificed,2
browning,2
kiriya,2
receiving,2
akivasha,2
creators,2
thats,2
pelle,2
bitten,2
antboy,2
ocelot,2
cases,2
aji,2
williams,2
awful,2
tsunami,2
immediate,2
daniels,2
emt,2
upholding,2
ivory,2
arlington,2
spice,2
bullwinkle,2
curves,2
foreboding,2
dogsled,2
plucky,2
rugged,2
wage,2
michiru,2
critic,2
dunston,2
homunculus,2
joanna,2
turbo,2
beanstalk,2
andie,2
terak,2
charal,2
teek,2
gannon,2
letha,2
eliza,2
debbie,2
delivered,2
rudy,2
smuggler,2
low-budget,2
cecilia,2
altera,2
dina,2
haeundae,2
mukade,2
leyline,2
rundown,2
huck,2
runaway,2
flat,2
multi-million,2
nansac,2
falkenstein,2
irwin,2
workaholic,2
elgin,2
cyprus,2
previously-unknown,2
suppressing,2
facts,2
contacts,2
snooping,2
roles,2
neighboring,2
santer,2
influences,2
supervisor,2
re-rout,2
measurement,2
avert,2
gamers,2
resist,2
next-level,2
realism,2
exhilarating,2
cutting,2
combatants,2
mistake,2
michle,2
mercier,2
hossein,2
convenience,2
vanishes,2
bravely,2
dramas,2
serge,2
golon,2
xiv,2
predict,2
measure,2
it.now,2
on-the-lam,2
presidents,2
squabbling,2
frantic,2
distressed,2
cobain,2
memorial,2
sideshow,2
resolved,2
overdog,2
wolff,2
niki,2
earthling,2
combining,2
ixchel,2
1937,2
woochi,2
chosun,2
1509,2
taoist,2
prophetic,2
commit.jumping,2
appearing,2
entrapment,2
anti-superhero,2
sight-seeing,2
1825,2
understand/accept,2
lifestyles,2
boorish,2
insensitive,2
twentysomething,2
shamanistic,2
hallucinogen,2
pedro,2
cactus,2
drunkenness,2
womana,2
fairyto,2
anti-communist,2
cuban,2
repressing,2
botching,2
idiosyncratic,2
burrows,2
appointed,2
fetch,2
scriptures,2
gong,2
multitude,2
cardboard,2
9-year-old,2
dares,2
bumble,2
gruel,2
dismal,2
urchin,2
artful,2
brownlow,2
sikes,2
gibson,2
breakthrough,2
psi-comp,2
hardwired,2
kaena,2
clouds,2
burglary,2
brandel,2
knives,2
campus,2
cloaking,2
render,2
warships,2
eldridge,2
lea,2
ullerup,2
trapper,2
dobb,2
participant,2
drafted,2
peasy,2
mcconnahay,2
large-scale,2
grandeur,2
melchior,2
gaspard,2
bethlehem,2
homage,2
macha,2
messiah,2
sidney,2
ruff-diamond,2
khybar,2
kilted,2
khazi,2
skirted-devils,2
underneath,2
thirteenth,2
overall,2
long-running,2
pearl,2
arc,2
pre-evolved,2
baccer,2
updating,2
nights,2
pops,2
asleep,2
gratitude,2
itinerant,2
heart-of-gold,2
'guns,2
donovan,2
carousing,2
'boats,2
gilhooley,2
adds,2
midgets,2
sleuths,2
wee,2
frisky,2
storyteller,2
proverbial,2
21-inch,2
leprechaun,2
evening,2
mirth,2
nonstop,2
shenanigans,2
dramatizes,2
farley,2
mowat,2
tundra,2
grievous,2
caribou,2
herds,2
totally,2
furthermore,2
zemons,2
umpteenth,2
margaret,2
infuriating,2
irritating,2
toppling,2
professed,2
disappointments,2
post-earthquake,2
merged,2
abobo,2
absolute,2
reasons,2
antonio,2
mobsters,2
chaotic,2
pugilist,2
v.i,2
warshawski,2
babysit,2
kat,2
dennis,2
trapeze,2
fifty,2
jean-philippe,2
duvivier,2
realise,2
higher,2
spudnick,2
voiced,2
earles,2
gravity,2
pooches,2
kane,2
resign,2
traffickers,2
herbert,2
walkers,2
fluffy,2
gum,2
valentine,2
wreckage,2
witlessly,2
vain,2
marrying,2
yuanlong,2
taoyuan,2
rank,2
sindu,2
foresee,2
financer,2
digs,2
outskirt,2
transferring,2
vehicle,2
defrosts,2
xilians,2
via,2
unreality,2
boyhood,2
sandlot,2
revolves,2
clair,2
imperative,2
phoenix,2
lounge,2
singers,2
booked,2
gig,2
moroccan,2
pawns,2
ishtar,2
unassuming,2
receptionist,2
sahni,2
nanda,2
on-rush,2
ditched,2
shoot-outs,2
transcontinental,2
chicks,2
throw,2
hurt,2
withdrawn,2
carries,2
eagles,2
first-born,2
pushes,2
intervenes,2
naming,2
companionship,2
denied,2
athenian,2
darios,2
rhodian,2
phoenician,2
militants,2
depression,2
intimidates,2
bettering,2
militant,2
ex-convict,2
tyrese,2
tangled,2
counterfeiting,2
martel,2
liandra,2
20-year,2
fourteen-year-old,2
mackenzie,2
juneau,2
lonesome,2
backpacker,2
tranquility,2
zenon,2
kar,2
2049,2
tito,2
wiro,2
pencak,2
silat,2
teachers,2
indonesian,2
angga,2
dwimas,2
sasongko,2
searchlight,2
lifelike,2
hirune,2
hime,2
kojima,2
okayama,2
prefecture,2
2020,2
olympics,2
modifying,2
joint,2
dismantle,2
cartels,2
mountainous,2
thwarted,2
scorpion-attack,2
piloted,2
stoller,2
bert,2
rhine,2
notably,2
uh60,2
ah1,2
ah64,2
maneuverability,2
firepower,2
tirante,2
turks,2
constantinople,2
relieving,2
carmesina,2
byzantine,2
virginity,2
drakken,2
depends,2
hottie,2
middleton,2
bueno,2
nacho,2
bombarding,2
devils,2
nim,2
depend,2
yaskov,2
records,2
austria,2
memoir,2
initiating,2
frenetic,2
darryl,2
childlike,2
inventing,2
junk,2
method,2
bulletproof,2
lowest,2
budgeted,2
haditha,2
kilo,2
insurgents,2
warming,2
flooded,2
vatican,2
unfreezes,2
hibernating,2
rhedosaurus,2
prosper,2
venice,2
dumped,2
auntie,2
holman,2
pablo,2
tributary,2
yangtze,2
exploited,2
revolution-torn,2
iconoclasm,2
rice-bowl,2
symbiosis,2
foreigner,2
hostility,2
climax,2
river-boom,2
ten-year-old,2
vorstadtkrokodile,2
entry,2
hanness,2
dont,2
handicapped,2
telescope,2
grafton,2
constraints,2
camparelli,2
court-martialed,2
orga,2
yakuza-controlled,2
neighbouring,2
smaller,2
brewing,2
satchel,2
fronteras,2
radioman,2
lifeboat,2
scouting,2
supermans,2
embarrassing,2
confusing,2
himon,2
backward,2
counterparts,2
regret,2
merchants,2
comancheros,2
aurocastro,2
apulia,2
elect,2
brancaleone,2
norcia,2
occurr,2
awake,2
electricity,2
ominously,2
reflects,2
infection,2
kilimanjaro,2
hamburg,2
bosporus,2
honoring,2
peebles,2
pearls,2
beseiged,2
steranko,2
shannon,2
reconnaissance,2
zangaro,2
tortured,2
deported,2
switch,2
robberies,2
tumbling,2
dance,2
middle-schooler,2
rod,2
allbright,2
out-of-this-world,2
elspeth,2
pott,2
freestyle,2
opponents,2
rear,2
horizon,2
provincial,2
struck,2
beam,2
hartmann,2
19th-century,2
possessed,2
fevered,2
toei,2
serves,2
revival,2
tokusou,2
prologue,2
gavan,2
gaea,2
immersed,2
hitomi,2
kanzaki,2
escaflowne,2
vertigo,2
bestselling,2
angela,2
sommer-bodenburg,2
castles,2
graveyards,2
nerdy,2
caucas,2
legends,2
intoxication,2
deceitful,2
caucasian,2
ptah,2
hoteb,2
paint-on-glass-animated,2
aleksandr,2
petrov,2
awards,2
montreal,2
assortment,2
english-language,2
soundtracks,2
concurrently,2
imax,2
benji,2
boating,2
territorial,2
csar,2
borgnoli,2
unsuccessful,2
salesman,2
pretends,2
legally,2
adopt,2
triads,2
mai,2
self-defense,2
assailant,2
presented,2
anti-hero,2
samson,2
delilah,2
cecil,2
demille,2
tedium,2
permission,2
andre,2
1962,2
asuka,2
dock,2
hyunjun,2
sawoo,2
profiling,2
hera,2
movie-length,2
enron-type,2
differering,2
classes,2
jeep,2
chestnut,2
deathstalker,2
reena,2
seer,2
jams,2
solicits,2
evie,2
cloned,2
berets,2
1968,2
grudgingly,2
jinks,2
prevail,2
cahill,2
montagnard,2
dak,2
nhe,2
t.c,2
doyle,2
jumbo-sized,2
headache,2
dull,2
marko,2
junkies,2
homosexuals,2
transvestites,2
provocative,2
snuff,2
clientele,2
badder,2
reimagining,2
xena,2
alum,2
oconnor,2
traditionally,2
narrator,2
mammal,2
maimed,2
gunned,2
garoni,2
shapiro,2
nyc,2
notes,2
wittington,2
indulgent,2
absentee-father,2
overboard,2
transatlantic,2
steamship,2
banks,2
low-paid,2
considerate,2
nelson,2
buccaneers,2
gasparde,2
karl,2
nangijala,2
strng,2
chivalrous,2
ivanhoe,2
locksley,2
lionheart,2
rucio,2
vinnie,2
trafficking,2
thyler,2
richest,2
dubious,2
laugh,2
frenchman,2
libyan,2
tobruk,2
tambul,2
barter,2
refuse,2
germans,2
desert-weary,2
reinforcements,2
variation,2
yankee,2
malfunction,2
laptop,2
amaze,2
1952,2
tulipe,2
adeline,2
daughters,2
1918,2
disliked,2
lower-class,2
unchivalrous,2
ambitiously,2
medal,2
viral,2
gatling,2
shenandoah,2
virginia,2
youngest,2
hirate,2
much-admired,2
retainers,2
flesh-and-blood,2
kilograms,2
guyana,2
fever,2
cyberbowl,2
hangovers,2
ex-us,2
shortly,2
freeing,2
ruse,2
1982,2
1977,2
centred,2
rowf,2
snitter,2
highlights,2
vivisection,2
horus,2
scandinavian/eastern,2
recovers,2
moog,2
grundewald,2
warlord/ice,2
hilda,2
sings,2
haunting,2
reefs,2
guest,2
gracious,2
towbridge,2
highwayman,2
colonial,2
horsing,2
workshop,2
time-machine,2
conspiring,2
ngo,2
embassy,2
mafias,2
mineral,2
brain-swapping,2
nardole,2
investigative,2
pei-pei,2
fighter-for-hire,2
brief,2
inebriated,2
wanderer,2
yueh,2
hua,2
aids,2
shaky,2
renmei,2
accidental,2
yeli,2
yuan,2
shao,2
bing,2
big-city,2
wyoming,2
jet-black,2
mustang,2
ghota,2
urp,2
tammy,2
diner,2
waitress,2
sprinkle,2
nbc,2
phenomenally,2
show-stopping,2
extravagant,2
zadan,2
meron,2
soaring,2
guaranteed,2
luftwaffe,2
admired,2
burma,2
fitness,2
nightmare-haunted,2
english-speaking,2
refugees,2
columbia,2
capsize,2
relentlessly,2
schooled,2
attract,2
roxie,2
condition,2
deemed,2
eradicated,2
treatment,2
lena,2
holoway,2
renames,2
abandons,2
shogunate,2
gram,2
parsons,2
influential,2
tripped,2
fatally,2
overdosed,2
morphine,2
tequila,2
1973,2
hearse,2
petrol,2
hot-tempered,2
rojar,2
banansistan,2
vivacious,2
ellianna,2
ollie,2
closure,2
dissolution,2
kinomoto,2
awarded,2
tomoyo,2
syaoran,2
cards,2
ten-day,2
'entirely,2
stopped,2
seat,2
turbulence,2
mixing,2
deceased,2
dana,2
malibu,2
jefferys,2
sylvester,2
cosmo,2
carboni,2
1946,2
sleazy,2
floorshow,2
consists,2
matches,2
purses,2
starred,2
directorial,2
debut,2
dish,2
conducted,2
piochar,2
yalghaar,2
patriotism,2
throbbing,2
heartbeat,2
fends,2
natalia,2
requests,2
defection,2
leverage,2
condorman,2
krokov,2
triggerman,2
hydra,2
brutes,2
live-action,2
biding,2
gentleman,2
emerald-encrusted,2
mehmed,2
topkapi,2
fong,2
manchurian,2
re-establishing,2
conform,2
rigid,2
presumptive,2
belogorye,2
integral,2
ght,2
nds,2
occurring,2
roots,2
big-time,2
machinations,2
biz,2
beatles,2
frampton,2
aerosmith,2
tides,2
seasons,2
chun,2
moreshe,2
kindness,2
shell,2
hobos,2
conductor,2
rails,2
eunuch,2
hsu,2
decrepit,2
ex-doctor,2
homosexual,2
bookseller,2
harlow,2
hometowns,2
archeological,2
battra,2
mothra,2
raided,2
agenciessuch,2
bdn,2
ciaas,2
tooru,2
highway,2
shuichi,2
akai,2
rifle,2
roadway,2
newly-remodeled,2
ferris,2
colors,2
status-conscious,2
down-to-earth,2
wolf-dog,2
dogsledder,2