world,364
new,350
one,326
must,264
find,247
friends,245
film,241
young,234
life,222
time,218
story,198
two,177
back,175
help,174
named,172
save,172
way,171
family,159
animated,156
evil,153
city,144
n't,144
first,143
get,143
home,142
adventure,139
mysterious,137
little,134
take,132
...,130
girl,128
man,126
set,125
finds,124
day,122
love,121
however,116
earth,115
together,114
years,109
takes,108
series,108
friend,107
journey,105
old,105
make,105
stop,103
school,100
boy,99
three,97
become,96
away,96
comes,96
battle,95
christmas,95
father,94
island,94
along,93
true,92
king,91
donald,88
secret,87
like,86
human,86
group,86
begins,86
gang,85
known,85
also,84
children,83
place,82
cat,82
land,81
princess,81
dragon,81
people,81
come,81
war,81
movie,80
meets,78
team,78
magical,76
high,76
best,75
discovers,75
based,75
called,74
lives,73
end,72
quest,72
order,72
planet,72
power,72
around,71
rescue,71
town,69
space,69
wants,69
village,69
decides,69
race,68
fight,68
year,67
short,67
real,66
search,66
monster,66
great,65
gets,65
mission,65
soon,64
magic,63
many,62
big,62
even,61
tries,61
house,61
plan,61
special,60
prince,60
star,59
use,59
lost,59
goes,59
heart,58
animals,58
show,58
living,57
nobita,57
kingdom,56
learns,56
adventures,56
night,56
lupin,56
tom,56
return,55
good,55
everything,55
join,55
work,55
black,55
things,54
powerful,54
becomes,54
son,54
doraemon,54
discover,53
meet,53
queen,53
dark,52
hero,52
tells,52
dreams,51
ever,51
forest,51
another,51
everyone,51
forces,51
death,51
see,51
going,51
mystery,50
live,50
sets,50
game,50
animation,50
dog,50
tale,50
giant,49
leads,49
makes,49
learn,49
friendship,48
heroes,48
strange,48
humans,48
much,48
legendary,48
mouse,48
behind,47
across,47
including,47
characters,47
try,47
well,47
past,47
long,47
plot,47
events,46
parents,46
protect,46
escape,46
falls,46
trying,46
would,46
face,46
music,45
upon,45
put,45
follows,45
turns,45
dream,45
powers,45
band,44
creatures,44
daughter,44
jerry,44
mr.,43
never,43
woman,43
warrior,43
still,43
army,43
crew,43
barbie,43
decide,42
batman,42
destroy,42
beautiful,42
book,42
final,42
disney,42
turn,42
mickey,42
monsters,41
classic,41
baby,41
far,40
universe,40
small,40
every,40
defeat,40
ship,39
rest,39
follow,39
could,39
last,39
fairy,39
future,39
dr.,39
part,39
fate,38
rabbit,38
bring,38
japan,38
mother,38
finally,38
witch,38
bugs,38
ago,38
pokmon,38
super,37
made,37
may,37
right,37
santa,37
japanese,37
girls,37
red,37
fun,37
dangerous,36
animal,36
favorite,36
accidentally,36
alien,36
park,36
danger,36
meanwhile,36
head,36
plans,36
treasure,36
ancient,36
party,36
side,36
tokyo,36
prove,35
left,35
always,35
forced,35
play,35
vampire,35
different,35
determined,34
sister,34
starts,34
inside,34
moon,34
attack,34
country,34
sea,34
second,34
epic,34
later,34
child,34
suddenly,34
found,34
since,34
able,34
trip,34
holiday,34
brother,34
history,33
taken,33
leave,33
master,33
leader,33
travel,33
food,33
four,33
famous,33
blue,33
created,33
action,33
goku,33
conan,33
winter,32
using,32
wild,32
days,32
spirit,32
hope,32
police,31
force,31
among,31
entire,31
seems,31
within,31
know,31
ends,31
creature,31
others,31
beloved,31
version,31
bear,31
musical,31
destruction,31
cartoon,31
led,30
form,30
machine,30
pirates,30
kids,30
leaves,30
threat,30
wish,30
feature,30
playing,30
perfect,30
shows,30
changes,30
course,30
duck,30
dead,29
control,29
embark,29
peace,29
castle,29
give,29
captain,29
whose,29
trouble,29
without,29
capture,29
start,29
name,29
original,29
bunny,28
age,28
taking,28
encounter,28
comic,28
fly,28
revenge,28
making,28
season,28
deadly,28
ash,28
released,28
wolf,28
prevent,28
following,27
call,27
free,27
're,27
york,27
win,27
detective,27
legend,27
bird,27
seen,27
hunter,27
gold,27
getting,27
pluto,27
really,26
brings,26
villains,26
alone,26
snow,26
white,26
brave,26
summer,26
humanity,26
someone,26
reality,26
childhood,26
fall,26
government,26
returns,26
bad,26
rock,26
used,26
visit,26
america,26
sees,26
fox,25
becoming,25
job,25
unlikely,25
robot,25
five,25
pair,25
turned,25
sequel,25
valley,25
whole,25
happy,25
yet,25
american,25
uses,25
men,25
royal,25
continues,25
scientist,25
penguin,25
dance,25
pirate,25
fire,25
hunters,25
anime,25
goofy,25
scooby-doo,25
chance,24
solve,24
attempt,24
ice,24
struggle,24
steal,24
next,24
deal,24
fish,24
eventually,24
lead,24
runs,24
hit,24
body,24
forever,24
pals,24
flying,24
hidden,24
coming,24
needs,24
popular,24
create,24
something,24
want,24
dinosaur,24
light,24
desperate,23
care,23
league,23
toys,23
seeks,23
worlds,23
though,23
deep,23
dinosaurs,23
heads,23
kidnaps,23
female,23
begin,23
tell,23
strength,23
attempts,23
littlefoot,23
kidnapped,23
episode,23
tiny,23
collection,23
run,23
scooby,23
important,22
keep,22
conflict,22
door,22
looking,22
car,22
lands,22
enough,22
members,22
eyes,22
international,22
local,22
late,22
ocean,22
travels,22
couple,22
north,22
exciting,22
relationship,22
several,22
truth,22
ready,22
'll,22
missing,22
greatest,22
pooh,22
ghost,22
hunt,22
vacation,22
shaggy,22
talent,21
peter,21
train,21
discovery,21
beast,21
golden,21
jungle,21
company,21
meaning,21
dogs,21
member,21
stolen,21
beyond,21
former,21
believe,21
crime,21
grandfather,21
mom,21
superman,21
amazing,21
stories,21
sound,21
justice,21
hot,21
naruto,21
character,21
luffy,21
egg,21
saints,21
sword,21
mind,20
main,20
owner,20
times,20
water,20
seven,20
destiny,20
green,20
faces,20
destroyed,20
filled,20
encounters,20
quickly,20
fellow,20
full,20
sent,20
featuring,20
present,20
agent,20
spring,20
top,20
military,20
thus,20
written,20
novel,20
chase,20
student,20
hulk,20
means,19
road,19
fear,19
sky,19
rival,19
gotham,19
sisters,19
explore,19
helps,19
shrek,19
fantastic,19
hilarious,19
mater,19
ultimately,19
tree,19
ultimate,19
boys,19
actually,19
survive,19
happens,19
robin,19
looks,19
retelling,19
warriors,19
games,19
various,19
demon,19
century,19
trio,18
meeting,18
uncle,18
nothing,18
restore,18
dragons,18
beauty,18
uncover,18
horse,18
lightning,18
escapes,18
match,18
instead,18
kill,18
kind,18
caught,18
raised,18
jack,18
outside,18
test,18
grows,18
look,18
all-new,18
john,18
born,18
competition,18
leading,18
hands,18
steals,18
struggles,18
soul,18
produced,18
hand,18
nature,18
eve,18
accident,18
close,18
threatens,18
kid,18
films,18
build,18
worse,18
features,18
memories,18
daffy,18
violent,18
adaptation,18
third,18
working,18
ghouls,18
case,17
despite,17
reindeer,17
ensues,17
birthday,17
immediately,17
gives,17
mike,17
given,17
raise,17
wife,17
video,17
marriage,17
destroying,17
ordinary,17
wizard,17
amp,17
loves,17
unexpected,17
sends,17
fairies,17
key,17
role,17
arthur,17
cats,17
charlie,17
break,17
hunting,17
change,17
stars,17
track,17
identity,17
aliens,17
attacked,17
enter,17
pete,17
max,17
attacks,17
civilization,17
stone,17
demons,17
academy,17
iron,17
although,16
knight,16
rule,16
business,16
enters,16
line,16
arrives,16
puts,16
monkey,16
realizes,16
ruled,16
captured,16
might,16
alternate,16
orphan,16
russian,16
bizarre,16
thing,16
hollywood,16
storm,16
rat,16
tales,16
pole,16
transformed,16
lot,16
wars,16
anything,16
middle,16
appears,16
song,16
general,16
knows,16
joins,16
surprise,16
brothers,16
beginning,16
teenage,16
act,16
reach,16
sun,16
near,16
officer,15
extraordinary,15
finding,15
center,15
duo,15
trapped,15
hiccup,15
complete,15
rather,15
leaving,15
toy,15
songs,15
lord,15
lady,15
street,15
need,15
beach,15
paris,15
strong,15
remains,15
embarks,15
secrets,15
wakes,15
fights,15
lonely,15
success,15
singing,15
figure,15
normal,15
hood,15
chaos,15
sinister,15
manages,15
computer,15
hat,15
investigate,15
share,15
project,15
searching,15
blood,15
garfield,15
voices,15
fantasy,15
walt,15
bounty,15
voice,15
causing,15
usual,15
catch,15
fred,15
galaxy,15
ring,15
fast,15
cousin,15
seeing,15
luke,15
ghosts,15
manga,15
courage,14
friendly,14
room,14
ages,14
joker,14
spirits,14
strikes,14
superhero,14
thinks,14
villain,14
thought,14
especially,14
shy,14
incredible,14
jewel,14
africa,14
god,14
tribe,14
halloween,14
deliver,14
farm,14
stay,14
fighter,14
seek,14
tarzan,14
stage,14
causes,14
mice,14
ball,14
overcome,14
aid,14
air,14
least,14
map,14
streets,14
simple,14
owl,14
partner,14
unfortunately,14
six,14
enemy,14
empire,14
havoc,14
shorts,14
art,14
production,14
minnie,14
told,14
shadow,14
shiki,14
process,14
level,14
brought,14
came,14
cold,14
rudolph,14
fujiko,14
early,14
've,14
jonny,14
guy,13
prehistoric,13
allies,13
criminal,13
woody,13
onto,13
afraid,13
aside,13
lion,13
title,13
teen,13
curious,13
receives,13
jr.,13
better,13
wicked,13
walking,13
traveling,13
eccentric,13
wise,13
circus,13
colony,13
emperor,13
personal,13
loses,13
balance,13
girlfriend,13
gone,13
community,13
facing,13
pet,13
grandmother,13
wings,13
organization,13
wind,13
brown,13
falling,13
happiness,13
fashion,13
problem,13
mankind,13
wishes,13
realize,13
choice,13
eat,13
nearby,13
hole,13
walk,13
existence,13
professor,13
apart,13
peaceful,13
inhabitants,13
rules,13
convince,13
festival,13
anyone,13
let,13
large,13
asks,13
saiyan,13
gods,13
open,13
annual,13
arrival,13
underground,13
box,13
arrive,13
easter,13
matrix,13
hell,13
secretly,13
ruthless,13
energy,13
building,13
breaks,13
kari,13
training,13
attention,13
works,13
straw,13
area,13
loki,13
frankie,13
ran,13
crazy,13
answer,13
system,13
spy,13
eternal,12
villainous,12
sid,12
lover,12
turtles,12
happily,12
buzz,12
plots,12
bond,12
high-tech,12
older,12
passed,12
belle,12
disaster,12
thief,12
donkey,12
lego,12
befriends,12
remember,12
defend,12
species,12
often,12
west,12
grand,12
claus,12
morning,12
half,12
met,12
minions,12
fulfill,12
conquer,12
clock,12
modern,12
rain,12
reaches,12
regain,12
polar,12
bee,12
rid,12
wayne,12
wrong,12
thomas,12
agents,12
society,12
virus,12
chases,12
fact,12
london,12
diamond,12
involved,12
terrifying,12
cyborg,12
pikachu,12
lived,12
say,12
saves,12
recover,12
makoto,12
believes,12
roo,12
visits,12
cause,12
ways,12
ruler,12
safe,12
person,12
killer,12
pilot,12
took,12
unknown,12
south,12
due,12
potion,12
think,12
clan,12
incident,12
period,12
students,12
evangelion,12
number,12
scenes,12
adam,12
tail,12
riding,12
cross,12
returned,12
stand,12
concert,12
desert,12
women,12
raoh,12
yuria,12
colorful,11
charming,11
fallen,11
san,11
hatches,11
enemies,11
andy,11
losing,11
ninja,11
move,11
outer,11
destroys,11
truly,11
zoo,11
mermaid,11
threatened,11
chosen,11
comedy,11
freedom,11
fighting,11
pal,11
died,11
held,11
trick,11
curse,11
biggest,11
places,11
seeking,11
bull,11
woods,11
ending,11
supernatural,11
obstacles,11
watch,11
bell,11
picture,11
struggling,11
chipmunks,11
ride,11
pan,11
literally,11
trap,11
crystal,11
stuck,11
creating,11
gather,11
mysteriously,11
plane,11
seemingly,11
presents,11
confront,11
pictures,11
upcoming,11
wood,11
enjoy,11
ruins,11
george,11
pack,11
science,11
luthor,11
million,11
werewolf,11
artist,11
alive,11
throughout,11
odette,11
aided,11
sure,11
meicoomon,11
ken,11
director,11
crash,11
bit,11
warner,11
nearly,11
sudden,11
skills,11
wanted,11
television,11
dimension,11
marvel,11
prison,11
seiya,11
bronze,11
moment,11
kenshiro,11
terrorist,11
rocket,11
piano,11
feature-length,11
asgard,11
elmer,11
western,11
riley,10
unexpectedly,10
reef,10
hungry,10
differences,10
worst,10
forms,10
toothless,10
conspiracy,10
mighty,10
heroic,10
faced,10
hide,10
easy,10
retrieve,10
cursed,10
spell,10
perilous,10
imagination,10
roger,10
tired,10
hiding,10
certain,10
bored,10
loyal,10
hold,10
fortune,10
goddess,10
mayor,10
offered,10
grown,10
choose,10
warm,10
palace,10
broken,10
sidekick,10
die,10
alvin,10
bomb,10
guard,10
terrible,10
alice,10
merry,10
lessons,10
cast,10
killed,10
pumbaa,10
calls,10
avoid,10
money,10
greedy,10
possession,10
brilliant,10
spike,10
survival,10
winning,10
romantic,10
junior,10
transported,10
pokemon,10
squirrel,10
harvest,10
dust,10
anywhere,10
award,10
crown,10
built,10
studios,10
tigger,10
elements,10
magician,10
experience,10
comet,10
federation,10
learning,10
puppy,10
pig,10
challenge,10
problems,10
responsible,10
sammy,10
vows,10
battles,10
surprises,10
chief,10
lucas,10
beings,10
suicide,10
goal,10
state,10
books,10
amusement,10
charge,10
preparing,10
driving,10
sometimes,10
metropolis,10
gromit,10
mythical,10
results,10
mountain,10
asterix,10
balls,10
teach,10
episodes,10
opening,10
became,10
designer,10
daisy,10
notices,10
reveal,10
huge,10
johnny,10
major,10
starring,10
julia,10
assassin,10
sanctuary,10
bartok,10
unique,10
tai,10
digimon,10
happened,10
corner,10
towards,10
assigned,10
stole,10
robots,10
talking,10
companion,10
audience,10
forget,10
sail,10
monk,10
breakfast,10
hyga,10
gumby,10
musician,9
growing,9
emotions,9
tough,9
almost,9
manny,9
tiger,9
office,9
trilogy,9
cave,9
lesson,9
james,9
feet,9
locked,9
mcqueen,9
route,9
central,9
penguins,9
jealous,9
slacker,9
clutches,9
teams,9
iii,9
companions,9
answers,9
french,9
african,9
hopes,9
oscar,9
whisked,9
underworld,9
saving,9
heir,9
throne,9
tricks,9
intent,9
doom,9
moves,9
invites,9
lure,9
notorious,9
boots,9
transform,9
generation,9
champion,9
pixie,9
hollow,9
china,9
happen,9
private,9
lovable,9
states,9
gift,9
creates,9
trolls,9
honey,9
saved,9
revealed,9
mischievous,9
paradise,9
era,9
dracula,9
invited,9
style,9
possible,9
unless,9
heaven,9
discovered,9
eye,9
involving,9
england,9
sing,9
apprentice,9
program,9
massive,9
superheroes,9
lucky,9
soldier,9
imagined,9
rise,9
impossible,9
sight,9
hears,9
thousand,9
scary,9
flight,9
includes,9
acre,9
piglet,9
horror,9
effort,9
zeon,9
weapons,9
gundam,9
tim,9
path,9
bully,9
lex,9
elves,9
theme,9
class,9
invasion,9
abilities,9
turtle,9
spends,9
farmer,9
inspired,9
neighborhood,9
table,9
invade,9
digital,9
squad,9
valentine,9
frankenstein,9
soldiers,9
emerges,9
merliah,9
inc.,9
loose,9
wins,9
less,9
witnesses,9
radio,9
abandoned,9
documentary,9
idea,9
obelix,9
angry,9
plays,9
experiences,9
frieza,9
angels,9
agency,9
serve,9
turning,9
national,9
investigation,9
flower,9
trail,9
paths,9
nami,9
spot,9
injured,9
brainiac,9
sheep,9
extra,9
titans,9
law,9
hired,9
perspective,9
spider,9
ben,9
planned,9
appearance,9
rin,9
floor,9
rugrats,9
kogoro,9
devil,9
linked,9
futuristic,9
rich,9
suit,9
cult,9
shooting,9
sleeping,9
sex,9
portal,9
arena,9
toa,9
athena,9
miguel,8
idol,8
accompanied,8
joy,8
task,8
orphaned,8
greater,8
divided,8
thrilling,8
races,8
sport,8
enchanted,8
starting,8
reunite,8
tower,8
action-packed,8
california,8
neighbors,8
developed,8
alex,8
fiona,8
hard,8
college,8
lies,8
lifetime,8
landscape,8
speak,8
europe,8
wonder,8
guardians,8
imperial,8
chinese,8
nemesis,8
fears,8
worried,8
else,8
studio,8
quiet,8
fearsome,8
step,8
vast,8
scrat,8
exotic,8
russia,8
masters,8
origins,8
feeling,8
reclaim,8
marry,8
thrown,8
undercover,8
panther,8
united,8
hotel,8
aunt,8
clouds,8
garden,8
dangers,8
motion,8
mad,8
dave,8
populated,8
birds,8
samurai,8
cards,8
stopped,8
steel,8
timon,8
prequel,8
thanks,8
intergalactic,8
floating,8
miss,8
patch,8
risk,8
smurfs,8
rebellious,8
lewis,8
faithful,8
'the,8
station,8
shelter,8
running,8
surface,8
akira,8
basketball,8
funny,8
noble,8
darkness,8
cruel,8
placed,8
source,8
dusty,8
somewhat,8
lose,8
vision,8
routine,8
sorcerer,8
felt,8
bed,8
hundred,8
excitement,8
adult,8
singer,8
sense,8
obsessed,8
edge,8
assistant,8
latest,8
successful,8
elementary,8
jigen,8
wandering,8
guide,8
lake,8
escaped,8
winner,8
front,8
opera,8
truck,8
news,8
magnificent,8
nuclear,8
talk,8
ensure,8
haunted,8
eating,8
adults,8
directed,8
elite,8
unit,8
investigates,8
wallace,8
remote,8
scheme,8
decided,8
currently,8
nightmare,8
france,8
orders,8
caused,8
allows,8
clown,8
point,8
monstrous,8
release,8
silly,8
furry,8
desperately,8
matter,8
grinch,8
manage,8
tunnels,8
serves,8
existed,8
dying,8
derek,8
aftermath,8
understand,8
total,8
deeper,8
underwater,8
behavior,8
event,8
blows,8
technology,8
excited,8
midst,8
assassins,8
elf,8
phone,8
agumon,8
omnitrix,8
except,8
disappeared,8
distant,8
buried,8
sakura,8
exactly,8
bears,8
madoka,8
vale,8
bringing,8
cartoons,8
thor,8
stanley,8
went,8
scientists,8
ghoulfriends,8
doctor,8
zin,8
window,8
bowl,8
diaboromon,8
shizuka,8
suneo,8
chip,8
yobi,8
kaori,8
zufu,8
stunning,7
delivery,7
snowman,7
sadness,7
gru,7
impending,7
diego,7
adventurous,7
simba,7
gorilla,7
transports,7
catwoman,7
closer,7
twist,7
wilderness,7
fantastical,7
astrid,7
bright,7
threaten,7
championship,7
compete,7
changing,7
bob,7
duty,7
invaders,7
racing,7
attraction,7
supply,7
furious,7
longer,7
names,7
granted,7
enormous,7
picks,7
kidnap,7
everywhere,7
airplane,7
summons,7
superhuman,7
olympus,7
lie,7
cure,7
suspect,7
machines,7
chicken,7
parallel,7
refuses,7
stealing,7
pursuit,7
elusive,7
herd,7
thrills,7
inventor,7
orphanage,7
weapon,7
twisted,7
hunted,7
single,7
louie,7
cool,7
odd,7
pink,7
opposite,7
abducted,7
diabolical,7
accepts,7
tasked,7
worker,7
career,7
hive,7
faraway,7
disappears,7
celebrate,7
rambunctious,7
store,7
terror,7
sir,7
began,7
lack,7
banished,7
theres,7
clues,7
romance,7
launch,7
memory,7
fit,7
vengeful,7
mirror,7
eight,7
pulled,7
whos,7
mewtwo,7
formula,7
clumsy,7
smurf,7
wedding,7
quite,7
seas,7
boss,7
agrees,7
silver,7
proposal,7
inherited,7
caesar,7
villagers,7
roman,7
flees,7
surfing,7
500,7
aboard,7
deserted,7
princesses,7
fantasia,7
shin-chan,7
ace,7
kim,7
desire,7
already,7
claim,7
classmates,7
imprisoned,7
horrific,7
ninjas,7
natural,7
combines,7
message,7
size,7
disappearance,7
field,7
bunch,7
wolves,7
granny,7
planets,7
throw,7
lively,7
tall,7
mean,7
mars,7
unravel,7
newest,7
eeyore,7
genius,7
screen,7
mercenary,7
opportunity,7
headed,7
completely,7
centers,7
planning,7
visiting,7
code,7
scrooge,7
included,7
bros.,7
humor,7
rushes,7
murders,7
celebi,7
transforms,7
fix,7
challenges,7
enjoying,7
virtual,7
wake,7
surviving,7
tour,7
southern,7
evening,7
holds,7
flood,7
civil,7
sweet,7
humankind,7
homeland,7
send,7
spaceship,7
scare,7
english,7
charles,7
flock,7
linus,7
wreak,7
letter,7
connected,7
wwe,7
younger,7
sparkle,7
duke,7
storybook,7
self,7
brand,7
murder,7
sights,7
1999,7
decisions,7
telling,7
edward,7
hoping,7
troubled,7
spend,7
presence,7
combat,7
animator,7
suffering,7
amidst,7
contest,7
wonderful,7
device,7
satan,7
serious,7
daphne,7
limits,7
robotic,7
skunk,7
hes,7
stranger,7
billy,7
revealing,7
kirikou,7
watching,7
goemon,7
rampage,7
joe,7
traps,7
temple,7
apparently,7
recent,7
survivors,7
countries,7
parts,7
defense,7
complex,7
violence,7
tony,7
mountains,7
factory,7
ferocious,7
arc,7
pianist,7
seem,7
shinichi,7
crashing,7
mariposa,7
victory,7
casper,7
says,7
done,7
realm,7
fascinated,7
bodies,7
week,7
poor,7
months,7
forgotten,7
sneak,7
baron,7
overview,7
interrupted,7
gandahar,7
elaborate,7
toto,7
boyfriend,7
honor,7
draculaura,7
inuyasha,7
pick,7
zenigata,7
ova,7
symphony,7
gas,7
leo,7
pororo,7
unlock,6
anna,6
anger,6
reputation,6
orphans,6
recruited,6
scene,6
develops,6
cub,6
wait,6
traditional,6
rely,6
surrounding,6
youngest,6
spent,6
exploring,6
explorer,6
contact,6
beasts,6
hides,6
driven,6
succeed,6
finish,6
costume,6
clean,6
interesting,6
titular,6
learned,6
inadvertently,6
started,6
camp,6
barn,6
daring,6
marty,6
public,6
married,6
memorable,6
kung,6
played,6
nefarious,6
sophie,6
breaking,6
changed,6
reunited,6
bank,6
blu,6
proves,6
guess,6
outcast,6
bumbling,6
prime,6
owners,6
murderous,6
feels,6
tintin,6
carrying,6
ahead,6
current,6
heist,6
cosmic,6
jane,6
decision,6
alongside,6
husband,6
fabulous,6
sailor,6
draws,6
canine,6
reward,6
ferdinand,6
flowers,6
descendant,6
wanders,6
forbidden,6
unstoppable,6
aladdin,6
cinderella,6
stands,6
waiting,6
citizens,6
wooden,6
lilo,6
adopts,6
domination,6
hear,6
tinker,6
simon,6
theodore,6
pigs,6
vengeance,6
bruce,6
global,6
ask,6
wonderland,6
recruits,6
frog,6
allowed,6
stumbles,6
maybe,6
support,6
fought,6
corporation,6
busy,6
stake,6
prize,6
foreign,6
ratchet,6
enlists,6
spreading,6
helped,6
schemes,6
alliance,6
pride,6
birth,6
drives,6
catches,6
wilbur,6
tunes,6
thieves,6
pop,6
stardom,6
sparks,6
internet,6
stork,6
winged,6
lantern,6
ventures,6
rises,6
march,6
susan,6
precious,6
rivals,6
shell,6
jon,6
ability,6
connection,6
culture,6
sara,6
creation,6
talents,6
christopher,6
wealthy,6
convinced,6
focus,6
slowly,6
kai,6
adopted,6
price,6
disappear,6
stray,6
misfit,6
strongest,6
saiyans,6
chasing,6
moving,6
fake,6
treasures,6
according,6
theyre,6
voyage,6
swan,6
speed,6
ground,6
engine,6
ranger,6
fearless,6
bandit,6
sparky,6
mark,6
twain,6
begun,6
digidestined,6
adds,6
unable,6
grow,6
menace,6
straight,6
highway,6
bigger,6
jet,6
explores,6
cloud,6
mamoru,6
reasons,6
teenagers,6
emma,6
winnie,6
note,6
destructive,6
smell,6
loving,6
icy,6
reluctant,6
hen,6
murdered,6
nightmares,6
fourth,6
matters,6
bombing,6
requests,6
shun,6
mechanical,6
perform,6
thinking,6
nephews,6
security,6
possesses,6
responsibility,6
players,6
harmony,6
mei,6
capital,6
remaining,6
dancing,6
intends,6
clear,6
amuro,6
direct-to-video,6
celebration,6
dickens,6
barrel,6
nose,6
fails,6
momo,6
creepy,6
gain,6
imaginative,6
dad,6
pump,6
laboratory,6
protective,6
patema,6
supposed,6
android,6
depicting,6
berk,6
operation,6
modern-day,6
fairytale,6
enchanting,6
steps,6
joining,6
efforts,6
live-action,6
troubles,6
capable,6
martial,6
scared,6
double,6
claims,6
awakens,6
protected,6
crash-lands,6
plant,6
union,6
maiden,6
ballet,6
chocolate,6
strict,6
cost,6
constantly,6
souls,6
nation,6
terrorism,6
natsuki,6
david,6
butterfly,6
gerda,6
greed,6
inner,6
dinner,6
stewie,6
outrageous,6
holy,6
saori,6
ghul,6
assembles,6
maintain,6
viewers,6
parrotmon,6
creator,6
bullies,6
allow,6
lamb,6
kakashi,6
foes,6
arnold,6
showing,6
writer,6
infection,6
originally,6
canadian,6
recess,6
base,6
willy,6
fans,6
apollo,6
research,6
sending,6
storyline,6
zoro,6
gruffalo,6
got,6
velma,6
scarecrow,6
emerald,6
movies,6
performance,6
collide,6
pass,6
hats,6
tournament,6
motoko,6
kings,6
status,6
compilation,6
via,6
said,6
suffers,6
giving,6
kusanagi,6
odin,6
banner,6
edo,6
heiji,6
alter,6
language,6
layton,6
nui,6
population,6
returning,6
grant,6
golgo,6
shop,6
universal,6
wataru,6
hadji,6
benton,6
request,6
bill,6
animatrix,6
strike,6
soviet,6
household,6
jesus,6
records,6
metru,6
fortunately,6
omnimon,6
kuramon,6
gian,6
recap,6
mikiya,6
guns,6
teamwork,6
puppets,6
belldandy,6
badiyanu,6
souther,6
johannes,6
tadashi,6
crushers,6
sonic,6
mobile,6
elle,6
rodrigo,6
iblard,6
siddhartha,6
catsello,6
shoveling,6
clayboys,6
ichirou,6
accomplished,5
coronation,5
guided,5
headquarters,5
emotion,5
infant,5
nemo,5
vegetarian,5
lightyear,5
circumstances,5
separate,5
feudal,5
extended,5
inhabited,5
globe,5
persistent,5
transformation,5
chapter,5
skies,5
hundreds,5
rider,5
staff,5
rapunzel,5
springs,5
garbage,5
continued,5
stows,5
ralph,5
tracks,5
cowboy,5
shift,5
mount,5
urban,5
provided,5
content,5
refuge,5
panda,5
transforming,5
crane,5
viking,5
mystical,5
sacred,5
ill-fated,5
surly,5
domesticated,5
lone,5
troupe,5
kuzco,5
offers,5
immortal,5
mortal,5
invading,5
shark,5
surprising,5
purpose,5
overseas,5
european,5
victor,5
bride,5
october,5
metal,5
stakes,5
gifts,5
approaches,5
foil,5
convinces,5
british,5
farmers,5
crosses,5
thrust,5
suspects,5
puss,5
myth,5
acorn,5
host,5
eager,5
separated,5
raccoon,5
lamp,5
magically,5
teaches,5
searches,5
wage,5
transylvania,5
buy,5
flint,5
branch,5
penny,5
apple,5
beneath,5
fine,5
pinocchio,5
worthy,5
jumba,5
university,5
brainy,5
entirely,5
outsiders,5
safety,5
michael,5
insects,5
kiss,5
unfolds,5
hearts,5
koala,5
buster,5
distress,5
maltazard,5
welcome,5
families,5
sos,5
board,5
mysteries,5
richard,5
zombie,5
tragedy,5
threats,5
elliot,5
elephant,5
confidence,5
buddy,5
madame,5
duchess,5
alley,5
ruin,5
possibly,5
cooperation,5
pay,5
tooth,5
wits,5
gargamel,5
investigating,5
fierce,5
tink,5
fully,5
common,5
section,5
enhanced,5
henry,5
rare,5
service,5
alexa,5
muse,5
melody,5
collect,5
mentor,5
chipettes,5
fawn,5
adorable,5
genie,5
teenager,5
setting,5
darkseid,5
showdown,5
writes,5
smurfette,5
captures,5
ragtag,5
jeopardy,5
venture,5
blind,5
odds,5
beat,5
horton,5
jim,5
unusual,5
ambitious,5
aim,5
tad,5
fame,5
tropical,5
carefree,5
glowing,5
orb,5
fat,5
timeless,5
char,5
aznable,5
earning,5
illness,5
actress,5
initial,5
pup,5
longs,5
comfort,5
van,5
alike,5
recruit,5
remarkable,5
multiple,5
origin,5
dies,5
boog,5
stranded,5
norman,5
centuries,5
hideous,5
newborn,5
pose,5
youth,5
captive,5
laughs,5
crimes,5
ants,5
hits,5
devious,5
primitive,5
ones,5
wherever,5
henchmen,5
roll,5
background,5
epidemic,5
blow,5
kills,5
devastating,5
cash,5
spells,5
push,5
acclaimed,5
cyber,5
thriller,5
st.,5
hal,5
eris,5
particular,5
gadgets,5
vincent,5
woodland,5
clients,5
turkey,5
feelings,5
teacher,5
loss,5
intended,5
bite,5
pull,5
fair,5
twin,5
adventurer,5
comrades,5
fabled,5
baba,5
alternative,5
joined,5
advanced,5
facility,5
landing,5
tuesday,5
savage,5
defeating,5
figures,5
crocodile,5
romans,5
battlefield,5
julius,5
graphic,5
sealed,5
prepared,5
shoes,5
mari,5
involves,5
shinji,5
unaware,5
infamous,5
addition,5
anniversary,5
finale,5
questions,5
cleaning,5
mischief,5
visual,5
genetic,5
galactic,5
gathering,5
impressed,5
chopper,5
thousands,5
express,5
mecha,5
residents,5
frank,5
2008,5
summon,5
accompanies,5
embrace,5
slow,5
concerns,5
partners,5
dragged,5
asmar,5
depicts,5
nobody,5
importance,5
ordered,5
arts,5
assault,5
longtime,5
suburbs,5
appeared,5
22nd,5
survivor,5
yellow,5
vessel,5
giants,5
guts,5
unleashes,5
terrorizing,5
bath,5
deaths,5
loneliness,5
apartment,5
wounded,5
determine,5
stu,5
duel,5
developing,5
entei,5
typical,5
variety,5
signal,5
riddle,5
vampires,5
tommy,5
cow,5
frozen,5
frost,5
awaits,5
shin,5
pursued,5
gladiator,5
sam,5
terrorized,5
ron,5
outwit,5
lee,5
masked,5
killing,5
uzumaki,5
darth,5
wagon,5
whenever,5
bat,5
moscow,5
naive,5
bar,5
normies,5
costs,5
protagonist,5
evolves,5
parody,5
roles,5
elena,5
nights,5
passing,5
unlike,5
swept,5
plus,5
eden,5
sole,5
groups,5
points,5
minds,5
split,5
read,5
resulting,5
damage,5
achieve,5
nine,5
inventions,5
alise,5
immigrants,5
lowly,5
outcome,5
actions,5
fog,5
boiled,5
replace,5
crashes,5
nasty,5
brigade,5
club,5
offer,5
runner,5
arceus,5
hour,5
rob,5
terms,5
favourite,5
full-length,5
ghostly,5
assassination,5
corruption,5
possessed,5
putting,5
exiled,5
comics,5
higher,5
lanny,5
previous,5
tin,5
akemi,5
2003,5
crossover,5
driver,5
adversaries,5
authorities,5
fun-filled,5
feel,5
appear,5
christian,5
kyoto,5
treat,5
region,5
kaito,5
headless,5
piece,5
kidnapping,5
martian,5
otherwise,5
maurice,5
cinema,5
footage,5
aegis,5
fresh,5
statue,5
panic,5
german,5
timo,5
forward,5
hellboy,5
asleep,5
signs,5
intrigue,5
paul,5
acquired,5
either,5
mexican,5
marcus,5
badly,5
political,5
effect,5
surreal,5
considered,5
sadly,5
werner,5
mercenaries,5
explains,5
mass,5
totally,5
attached,5
blast,5
solitude,5
knights,5
daria,5
aware,5
chased,5
keeps,5
builds,5
trailer,5
toaster,5
neither,5
false,5
towns,5
development,5
devoted,5
vicious,5
barber,5
orchestra,5
sylvester,5
mega,5
upstairs,5
meiko,5
reina,5
bowling,5
dale,5
market,5
crusher,5
fridge,5
cheese,5
humphrey,5
och,5
edit,5
abel,5
breasts,5
chain,4
trickster,4
hector,4
kristoff,4
francisco,4
everyday,4
staying,4
critters,4
sloth,4
aims,4
escalates,4
heights,4
affections,4
aquarium,4
lords,4
warring,4
weaponry,4
trees,4
iceberg,4
carl,4
knew,4
earn,4
scaring,4
freeze,4
warn,4
situation,4
sleepy,4
radiator,4
cup,4
seasoned,4
parr,4
log,4
overrun,4
mess,4
belong,4
zebra,4
melman,4
gloria,4
captivity,4
meals,4
curiosity,4
godmother,4
lazy,4
trains,4
mistakenly,4
ogre,4
spectacular,4
whale,4
serving,4
kingdoms,4
word,4
ant,4
bustling,4
horde,4
madagascar,4
craft,4
stays,4
hercules,4
plotting,4
disappearing,4
stop-motion,4
acme,4
bag,4
post-apocalyptic,4
rooster,4
mrs.,4
snowy,4
drawn,4
ivan,4
outlaw,4
sly,4
drift,4
peril,4
spills,4
laughter,4
expedition,4
rescued,4
stuart,4
pushed,4
inspiration,4
cliff,4
ponyo,4
sorcery,4
dump,4
retells,4
romanov,4
empress,4
sitting,4
scheming,4
helping,4
unite,4
protecting,4
jasmine,4
remain,4
faith,4
wand,4
glorious,4
midnight,4
winds,4
sheriff,4
snake,4
collision,4
jobs,4
lucy,4
feed,4
scramble,4
weather,4
gnomes,4
quasi,4
harness,4
mutant,4
remy,4
restaurant,4
kitchen,4
puppet,4
social,4
wacky,4
sulley,4
achieving,4
barry,4
seville,4
visited,4
destined,4
theater,4
kisses,4
introduces,4
astronaut,4
reign,4
elsa,4
minion,4
corrupt,4
wily,4
leon,4
ears,4
resourceful,4
butler,4
diplomatic,4
republic,4
chris,4
sign,4
larger,4
guys,4
snoopy,4
pursue,4
rightful,4
toad,4
net,4
cops,4
mary,4
difficult,4
kaneda,4
bike,4
jordan,4
scout,4
all-powerful,4
battling,4
atop,4
dodging,4
exploding,4
flash,4
lures,4
none,4
bottom,4
crowd,4
nut,4
switches,4
unwittingly,4
newly,4
charm,4
allowing,4
liz,4
victorian,4
native,4
smith,4
cabin,4
cook,4
odie,4
mistaken,4
bamboo,4
punishment,4
endless,4
teens,4
frightening,4
inspires,4
computer-animated,4
kronk,4
hill,4
turf,4
drive,4
guardian,4
oliver,4
criminals,4
impress,4
crush,4
masterpiece,4
burst,4
shaken,4
danny,4
high-spirited,4
falcon,4
expected,4
expectations,4
instant,4
considers,4
washington,4
president,4
deemed,4
dawn,4
sixth,4
shouya,4
teasing,4
con,4
tested,4
famed,4
goat,4
grizzly,4
services,4
ray,4
travelling,4
forgets,4
actual,4
entertainment,4
environmental,4
imaginary,4
confrontation,4
folk,4
ailing,4
blade,4
brad,4
evolving,4
arrested,4
targeted,4
bug,4
round,4
absorbs,4
dealing,4
asteroid,4
annihilation,4
homeless,4
forming,4
fend,4
tails,4
creators,4
groundbreaking,4
provide,4
include,4
osiris,4
kind-hearted,4
risks,4
arrest,4
wonders,4
oshii,4
batou,4
owls,4
aggie,4
professional,4
genesis,4
joseph,4
fell,4
depths,4
closed,4
itchy,4
suitable,4
rings,4
owned,4
drama,4
audiences,4
sides,4
paper,4
reunites,4
player,4
increasingly,4
respected,4
curtain,4
watches,4
ernest,4
mexico,4
grants,4
mercy,4
familiar,4
classical,4
construction,4
shady,4
prepares,4
cop,4
question,4
drink,4
hours,4
dimwitted,4
egypt,4
releases,4
suicune,4
holidays,4
elric,4
filmed,4
ashes,4
norm,4
performing,4
designed,4
spread,4
discovering,4
crusoe,4
vegeta,4
self-proclaimed,4
historical,4
files,4
bent,4
luckily,4
ark,4
shuttle,4
u.s.,4
sand,4
aging,4
somehow,4
brian,4
jack-jack,4
babies,4
takao,4
elina,4
rainbow,4
rei,4
option,4
gentle,4
touch,4
cars,4
lots,4
carol,4
entitled,4
theatrically,4
proper,4
football,4
recently,4
respect,4
governor,4
soundtrack,4
experiments,4
immortality,4
fortress,4
combined,4
view,4
wildly,4
long-lost,4
traces,4
shipwrecked,4
marines,4
knowledge,4
enlist,4
arm,4
fuel,4
enraged,4
celebrating,4
sad,4
twilight,4
dreaded,4
escaping,4
traveled,4
organ,4
enjoyable,4
zone,4
lumiere,4
anthology,4
daughters,4
ladies,4
pastime,4
distracted,4
sleuth,4
remnants,4
cities,4
physical,4
resources,4
filmmaker,4
batgirl,4
shut,4
clavius,4
curry,4
aquatic,4
doesnt,4
slug,4
radical,4
sick,4
eaten,4
raises,4
alphonse,4
loved,4
fishing,4
lighthouse,4
terrorists,4
billionaire,4
laid,4
enigmatic,4
continue,4
surrounded,4
penelope,4
resurrect,4
simply,4
griffith,4
hawk,4
promise,4
ill,4
transferred,4
brink,4
coma,4
artifact,4
shion,4
reluctantly,4
appliances,4
target,4
link,4
charlotte,4
opens,4
stick,4
prepare,4
bullied,4
worry,4
relative,4
houses,4
alter-ego,4
peasant,4
infiltrated,4
misty,4
mansion,4
yokohama,4
would-be,4
hanging,4
fiction,4
dil,4
flutterfield,4
rumored,4
journeys,4
prisoner,4
rescues,4
sequences,4
mine,4
limit,4
kasukabe,4
androids,4
horrible,4
abominable,4
sleigh,4
brutal,4
instantly,4
pen,4
pool,4
chair,4
survives,4
date,4
spooky,4
blamed,4
tyrannical,4
antics,4
guidance,4
upset,4
han,4
themes,4
champions,4
kido,4
saint,4
yaga,4
arrived,4
performances,4
annoying,4
severely,4
baseball,4
seriously,4
armor,4
unearths,4
waking,4
initially,4
participates,4
issues,4
relationships,4
acting,4
diverse,4
accomplish,4
cell,4
digi-egg,4
koromon,4
greymon,4
happening,4
tetrax,4
maggie,4
caped,4
crusader,4
altera,4
gained,4
sandler,4
minus,4
tears,4
picked,4
legends,4
norimichi,4
yuusuke,4
fireworks,4
display,4
reason,4
occasion,4
solution,4
dreamworks,4
descend,4
plain,4
sheen,4
kanto,4
aaron,4
aura,4
offensive,4
sphere,4
toward,4
charms,4
lorenzo,4
les,4
automated,4
wide-eyed,4
rodents,4
canary,4
instruments,4
peanuts,4
focuses,4
pumpkin,4
kristyn,4
ballets,4
dripping,4
stable,4
michiru,4
treated,4
whatever,4
acts,4
warns,4
february,4
benedict,4
beanstalk,4
objects,4
novelist,4
two-headed,4
kara,4
bought,4
pleasant,4
kyon,4
yuki,4
indian,4
snacks,4
sell,4
attacking,4
dormant,4
failure,4
daily,4
repeated,4
promises,4
voiced,4
exist,4
wiping,4
museum,4
phantom,4
acorns,4
woonan,4
obtaining,4
minister,4
2009,4
pure,4
dorothy,4
nickelodeon,4
primarily,4
backyard,4
participate,4
destination,4
standing,4
pacific,4
innocent,4
luck,4
officers,4
inspector,4
installment,4
mouri,4
complicated,4
cut,4
homura,4
horseman,4
mafia,4
fist,4
eindoak,4
victini,4
elsewhere,4
renowned,4
value,4
porky,4
individual,4
mechanized,4
packed,4
words,4
tekken,4
self-defense,4
hemingway,4
blackwolf,4
enchantress,4
casts,4
australia,4
dive,4
towers,4
county,4
accepted,4
tetsuzo,4
paint,4
scrappy,4
maya,4
hornets,4
eleven,4
conclusion,4
saga,4
boo,4
fun-loving,4
haunting,4
fail,4
carry,4
shortly,4
assistance,4
saying,4
nutcracker,4
shepherdess,4
mask,4
intelligence,4
shepherd,4
consists,4
techniques,4
lunar,4
willing,4
sniper,4
engines,4
tie,4
fighters,4
ernie,4
clow,4
sacrifices,4
kindness,4
male,4
lucifer,4
psychic,4
stein,4
fort,4
personality,4
needed,4
count,4
advantage,4
surroundings,4
mardock,4
balot,4
duncan,4
kaiju,4
aya,4
mii-san,4
ruined,4
ted,4
smile,4
bannon,4
genesect,4
property,4
krash,4
kikoriki,4
hostages,4
bombs,4
shes,4
aircraft,4
knowing,4
interest,4
noharas,4
entered,4
terkel,4
coup,4
equally,4
raging,4
nazi,4
koya,4
satomi,4
fuse,4
cycle,4
concerning,4
sasha,4
premiere,4
auction,4
camel,4
narrative,4
chronicles,4
foot,4
monkeys,4
dim-witted,4
nazaldorf,4
titeuf,4
burt,4
ward,4
broom,4
nessie,4
pond,4
rubber,4
exploration,4
humanoid,4
emilio,4
practicing,4
shadows,4
jupiter,4
bow,4
vega,4
strky,4
successor,4
realizing,4
dances,4
skrm,4
gotten,4
celebrated,4
boogie,4
hancock,4
playful,4
1980,4
crook,4
sabotage,4
association,4
corpses,4
watson,4
3rd,4
geum,4
yee,4
investigative,4
threatening,4
pycal,4
puss'n,4
kshir,4
pepe,4
pew,4
resistance,4
comments,4
viewer,4
invents,4
zero-x,4
reminds,4
graduation,4
boards,4
agatha,4
ceremony,4
kamille,4
eri,4
riddick,4
clam,4
countryside,4
shinko,4
lars,4
findus,4
agree,4
cj7,4
figaro,4
jock,4
dolbar,4
gadget,4
mbius,4
ataru,4
lum,4
claws,4
headhunter,4
miyori,4
sleeps,4
sancho,4
flair,4
walks,4
naomi,4
renton,4
eureka,4
coconut,4
walter,4
kosala,4
orson,4
tire,4
stan,4
mayana,4
lowbelly,4
blockheads,4
clones,4
satou,4
kouga,4
ryouko,4
bastion,4
guest,4
splits,4
industry,4
jumps,3
crack,3
nick,3
familys,3
ban,3
sven,3
olaf,3
exception,3
uprooted,3
adjust,3
turmoil,3
navigate,3
despicable,3
downright,3
mismatched,3
woolly,3
mammoth,3
saber-toothed,3
feud,3
barrier,3
dentist,3
marlin,3
dory,3
surfer,3
dude,3
hypnotic,3
prodigy,3
exhausted,3
present-day,3
continent,3
dreaming,3
experiencing,3
russell,3
undergo,3
challenging,3
flynn,3
feisty,3
captor,3
handsome,3
chameleon,3
thugs,3
rookie,3
arcade,3
wanting,3
sweets,3
von,3
dire,3
collector,3
giraffe,3
regular,3
prodigious,3
gigantic,3
declared,3
ariel,3
eric,3
shifu,3
tigress,3
albeit,3
passage,3
feared,3
legged,3
mrida,3
unruly,3
archer,3
defies,3
detour,3
chimps,3
smugglers,3
linda,3
rio,3
janeiro,3
hires,3
wrecked,3
pacha,3
advisor,3
poison,3
pitch,3
zeus,3
phil,3
trainer,3
hades,3
mulan,3
supervillain,3
defeats,3
boar,3
rocky,3
espionage,3
corpse,3
victoria,3
valiant,3
cozy,3
ghoulish,3
eventual,3
rebel,3
everybody,3
reporter,3
priceless,3
unicorn,3
smart,3
continental,3
ape,3
scarlet,3
fateful,3
rescuing,3
waves,3
outbreak,3
granddaughter,3
quietly,3
versus,3
leaf,3
suburban,3
popped,3
formidable,3
vanquish,3
rumpelstiltskin,3
sneaks,3
jail,3
embroiled,3
wave,3
strangers,3
switch,3
skipper,3
octavius,3
mowgli,3
impromptu,3
paddington,3
proportions,3
outdoor,3
plastic,3
bolt,3
shipped,3
disastrous,3
chef,3
culinary,3
certainly,3
unwanted,3
upside,3
whistling,3
hawaiian,3
stitch,3
necessarily,3
balthazar,3
blossoms,3
subsequently,3
chubby,3
spinning,3
wendy,3
ten,3
forcing,3
cape,3
wheel,3
sleep,3
seal,3
bambi,3
drum,3
selenia,3
resort,3
weekend,3
footsteps,3
valuable,3
zany,3
moose,3
emoji,3
notoriously,3
highly,3
explorers,3
milo,3
submarine,3
worldwide,3
drop,3
vigilante,3
products,3
reunion,3
traditions,3
kennedy,3
rogue,3
hugely,3
giselle,3
slight,3
pets,3
oversized,3
supreme,3
boov,3
promptly,3
tip,3
safely,3
respond,3
alexander,3
institute,3
merchant,3
torn,3
block,3
papers,3
somewhere,3
clocks,3
mainland,3
object,3
circle,3
kiara,3
hang,3
rita,3
barriers,3
cybernetics,3
hacker,3
puppetmaster,3
earthquake,3
independent,3
adversary,3
darkest,3
unleash,3
bloody,3
looney,3
retired,3
entertaining,3
sorts,3
bands,3
square,3
moments,3
packages,3
flames,3
rag-tag,3
debut,3
rarest,3
tap,3
patty,3
bikini,3
spongebob,3
patrick,3
parade,3
command,3
murphy,3
meteor,3
crowned,3
responsibilities,3
heartwarming,3
grace,3
competing,3
aerial,3
bitter,3
coveted,3
krab,3
speck,3
loot,3
rewards,3
shining,3
rapidly,3
shape,3
naughties,3
millions,3
papa,3
absorb,3
skull,3
jones,3
accept,3
surf,3
whether,3
kanga,3
wedge,3
skill,3
kitten,3
mutt,3
scotland,3
lasagna,3
high-school,3
trek,3
beginnings,3
dedicated,3
dictator,3
helen,3
matt,3
damon,3
majestic,3
nave,3
defending,3
copper,3
scamp,3
fed,3
angel,3
mole,3
badger,3
irving,3
ichabod,3
katrina,3
convincing,3
declare,3
trained,3
santas,3
invincible,3
crimson,3
miyazaki,3
freelance,3
shouko,3
akari,3
distance,3
pulls,3
amount,3
besides,3
crisis,3
hatch,3
gifted,3
awesome,3
fleet,3
vehicles,3
hatched,3
free-spirited,3
good-natured,3
rivalry,3
zak,3
damaged,3
rosetta,3
woodsman,3
elixir,3
syndicate,3
camelot,3
rampaging,3
evolution,3
ballerina,3
passes,3
position,3
leela,3
dwarf,3
blending,3
infiltrate,3
electric,3
study,3
drummer,3
directors,3
record,3
releasing,3
fearing,3
revolt,3
overworked,3
mummy,3
assist,3
rulers,3
corps,3
liberty,3
programming,3
jimmy,3
rice,3
dispatched,3
paintings,3
brilliantly,3
coat,3
managed,3
detonate,3
pigeon,3
mainly,3
warning,3
prep,3
retaliation,3
exuberant,3
notion,3
stops,3
airplanes,3
proud,3
unbeknownst,3
hokage,3
rejects,3
solitary,3
transition,3
viewed,3
middle-aged,3
gin,3
drag,3
trinity,3
controlled,3
deeds,3
engaged,3
real-life,3
betrayed,3
teaming,3
interviews,3
1982,3
massacre,3
illustrate,3
result,3
failed,3
natives,3
drinking,3
vice,3
kate,3
contract,3
abduct,3
transport,3
eternally,3
quirky,3
ronal,3
barbarian,3
raids,3
abducts,3
enslaved,3
burning,3
hattori,3
purposes,3
arctic,3
melting,3
naughty,3
list,3
parrot,3
aged,3
disappointed,3
lit,3
flies,3
babel,3
involuntary,3
hazel,3
possibility,3
unmanned,3
druid,3
dug,3
east,3
kingpin,3
cleopatra,3
bet,3
completed,3
weeks,3
tables,3
hunts,3
gordon,3
madness,3
technique,3
smallest,3
shoemaker,3
rainy,3
eradicate,3
u.n.,3
retitled,3
feast,3
decorations,3
informs,3
belonging,3
paying,3
explode,3
controls,3
requires,3
tow,3
townsfolk,3
explosion,3
bureau,3
zero,3
site,3
kogor,3
innocence,3
trusted,3
ebenezer,3
productions,3
neon,3
festive,3
bearer,3
recovery,3
sticky,3
amadeo,3
routines,3
previously,3
merman,3
1995,3
numerous,3
gohan,3
garlic,3
krillin,3
superpowers,3
rosella,3
seclusion,3
defeated,3
sacrifice,3
victorious,3
disguised,3
impact,3
1996,3
dvd,3
dash,3
unforgettable,3
extend,3
image,3
core,3
entering,3
unfold,3
fifi,3
passageway,3
balto,3
bread,3
enthusiast,3
escalating,3
krypton,3
descending,3
crossed,3
collecting,3
ever-evolving,3
supergirl,3
shoot,3
yogi,3
mate,3
fires,3
uberta,3
manta,3
planetary,3
heritage,3
judge,3
reminisce,3
contained,3
formed,3
islands,3
award-winning,3
swinging,3
azur,3
nurse,3
tourist,3
stubborn,3
shopping,3
stuffed,3
vanished,3
stumble,3
kittens,3
bold,3
ladybug,3
2nd,3
elliott,3
keeper,3
tyler,3
library,3
colin,3
detected,3
hometown,3
doorstep,3
pumpkins,3
creative,3
convention,3
sewashi,3
rewriting,3
color,3
missiles,3
locals,3
invaded,3
trust,3
kept,3
guarded,3
titan,3
ally,3
deathstroke,3
roshi,3
bulma,3
blocks,3
adventurers,3
untold,3
accompanying,3
saiyajin,3
sake,3
direction,3
influence,3
goals,3
broly,3
authority,3
border,3
shirakawa,3
croc,3
lovers,3
involve,3
slavers,3
religious,3
proof,3
unearthed,3
harmless,3
tame,3
clara,3
sold,3
spoiled,3
healing,3
canals,3
siblings,3
trapping,3
rocks,3
suspecting,3
gradually,3
prefer,3
isolation,3
shall,3
protection,3
suffer,3
deunan,3
molly,3
range,3
sits,3
year-old,3
flag,3
tugboat,3
getafix,3
stages,3
fianc,3
containing,3
satire,3
hospital,3
absence,3
performed,3
heroine,3
poisoned,3
network,3
artists,3
tendencies,3
unseen,3
thick,3
rebellion,3
twosome,3
mistake,3
commit,3
boat,3
row,3
computers,3
dinos,3
slavery,3
yukon,3
lois,3
wakanda,3
cooler,3
resurrected,3
flip,3
thirty,3
tasks,3
clay,3
stripes,3
keeping,3
spider-man,3
camping,3
petrie,3
sixteen,3
konoha,3
response,3
tobi,3
agnes,3
cream,3
rebels,3
vader,3
jedi,3
overlord,3
knocks,3
australian,3
manhattan,3
babe,3
industrialist,3
ideas,3
revolutionary,3
volunteers,3
observes,3
blackout,3
savannah,3
introducing,3
kamiya,3
grabs,3
whistle,3
horn,3
utopian,3
prospects,3
cheer,3
oil,3
depleted,3
navigating,3
oppression,3
torment,3
predecessor,3
whoever,3
prosthetic,3
independently,3
fathers,3
cake,3
fits,3
bearing,3
diva,3
theatre,3
employees,3
item,3
applause,3
armies,3
clash,3
rendered,3
civilians,3
sacrificed,3
inheriting,3
possess,3
sorceress,3
ocelot,3
reached,3
structure,3
access,3
safeguard,3
senses,3
terminal,3
insists,3
rebirth,3
helpless,3
nuts,3
portrayed,3
riddler,3
cunning,3
domain,3
nekron,3
avenge,3
summoned,3
deck,3
attempting,3
fievel,3
plucky,3
rodent,3
bachelor,3
face-to-face,3
niko,3
quit,3
manner,3
soccer,3
pauper,3
nationwide,3
glow,3
auditorium,3
insidious,3
guards,3
inanimate,3
massachusetts,3
spree,3
dollar,3
stow,3
plunge,3
clawdeen,3
voltage,3
mail,3
greeted,3
haruhi,3
heard,3
marching,3
lambert,3
manager,3
zombies,3
werewolves,3
attend,3
perhaps,3
strip,3
revolves,3
official,3
markets,3
devour,3
dimensions,3
betrayal,3
explain,3
finest,3
colour,3
bounds,3
horrified,3
yukie,3
ranch,3
horrors,3
tinny,3
grew,3
hunger,3
julie,3
annabelle,3
getaway,3
drago,3
developer,3
likes,3
doomed,3
volcanion,3
noticed,3
sanji,3
usopp,3
clearly,3
court,3
adapted,3
donaldson,3
scheffler,3
bison,3
philosopher,3
laws,3
ugly,3
archenemies,3
legion,3
kansas,3
jester,3
strive,3
choujin,3
nagumo,3
entity,3
daredevil,3
modified,3
glory,3
tradition,3
narrated,3
youngsters,3
ancestral,3
murderer,3
pearl,3
top-secret,3
hans,3
victims,3
canterlot,3
autobots,3
flame,3
halo,3
diancie,3
travelers,3
asia,3
grail,3
magi,3
harvie,3
struck,3
alzheimer,3
industrial,3
troops,3
dreamed,3
asked,3
theft,3
hui,3
buh,3
nicolas,3
abyss,3
latin,3
iris,3
cilan,3
doll,3
witches,3
rough,3
revive,3
kris,3
olympics,3
medieval,3
phrase,3
recorded,3
cafe,3
mel,3
blanc,3
robert,3
celebrates,3
kibosh,3
bizarro,3
embarrassing,3
counterparts,3
maki,3
hassan,3
till,3
pollution,3
ecoban,3
powered,3
evade,3
progress,3
thats,3
location,3
immersed,3
thirteen,3
awards,3
leaps,3
sophisticated,3
fire-starter,3
shadowy,3
broker,3
continuation,3
ties,3
hedgehog,3
supremacy,3
favor,3
warfare,3
whirlpool,3
henchman,3
darling,3
teased,3
lights,3
sells,3
images,3
relatives,3
pieces,3
grain,3
buddha,3
sought,3
victim,3
labor,3
port,3
upside-down,3
snurks,3
'minions,3
mini-movie,3
impy,3
urmel,3
2006,3
laura,3
musicians,3
out-of-this-world,3
hauntings,3
rome,3
lovely,3
heat,3
sibyl,3
experiment,3
bus,3
talks,3
defends,3
intelligent,3
average,3
usually,3
mata,3
somebody,3
fritz,3
launches,3
portrays,3
thunder,3
mayhem,3
hanna-barbera,3
candidate,3
expert,3
saito,3
spark,3
workshop,3
time-machine,3
conspiring,3
hydra,3
moved,3
fbi,3
rifle,3
unhappy,3
larry,3
treaty,3
assassinate,3
selling,3
anthropomorphic,3
horns,3
hiroshima,3
spanish,3
kamui,3
kurapika,3
massacred,3
environment,3
flute,3
electricity,3
avoided,3
deformed,3
humorous,3
william,3
hybrid,3
silent,3
succeeds,3
opposing,3
spies,3
rests,3
matoran,3
diving,3
simulator,3
lying,3
graham,3
screams,3
lumpy,3
gobloon,3
neighbor,3
hyde,3
health,3
pain,3
followed,3
shoots,3
transfers,3
inherit,3
zabi,3
residence,3
made-for-tv,3
agility,3
remembers,3
repairs,3
secluded,3
mitsuru,3
harsh,3
awaited,3
dueling,3
bump,3
world-class,3
shrunk,3
contacts,3
occurs,3
client,3
practical,3
importantly,3
tragic,3
earlier,3
ido,3
gally,3
tranquility,3
kiev,3
therefore,3
impressive,3
jetsons,3
similar,3
genetically,3
dropping,3
dialogue,3
added,3
inherits,3
lily,3
matthesen,3
harm,3
northern,3
aphrodite,3
luxury,3
summary,3
exile,3
juana,3
employs,3
vermin,3
prokofiev,3
instrument,3
hamaji,3
noah,3
2000,3
b.o.o,3
shame,3
decade,3
aida,3
journalist,3
aoyama,3
loosely,3
accused,3
carnival,3
outback,3
argument,3
seoul,3
porcupine,3
aka,3
metaphysical,3
toki,3
propaganda,3
river,3
poachers,3
dashing,3
fudd,3
producers,3
miniature,3
harry,3
spotted,3
autopilot,3
oblivious,3
behave,3
miracle,3
repeatedly,3
gusuke,3
dirty,3
nowhere,3
celestial,3
scope,3
troubadour,3
devilish,3
subject,3
karaoke,3
taichi,3
howling,3
recognized,3
olive,3
teeth,3
awake,3
two-part,3
wrapped,3
haikyuu,3
colonies,3
artemis,3
jabberwock,3
thunderbolt,3
august,3
christina,3
mia,3
weighed,3
grief,3
platform,3
careful,3
sergio,3
seats,3
buddhism,3
'dragon,3
furniture,3
mage,3
azaka,3
kokutou,3
ryougi,3
hostess,3
blackie,3
illegal,3
warnings,3
third-year,3
studies,3
add,3
machinations,3
skyscraper,3
shanghai,3
nanto,3
implies,3
doting,3
sita,3
takizawa,3
basic,3
jazz,3
improve,3
villager,3
interested,3
armed,3
hikari,3
swedish,3
roof,3
thought-provoking,3
livi,3
assignments,3
headmaster,3
brazil,3
rumble,3
kagome,3
grim,3
bulldog,3
aeug,3
scarafoni,3
homes,3
meal,3
affectionate,3
nest,3
elevator,3
simulation,3
mammy,3
shero,3
gabu,3
northpia,3
jeremiah,3
minty,3
cowardly,3
wile,3
coyote,3
snowflake,3
amulet,3
slaves,3
att,3
herman,3
caveman,3
jacob,3
tma,3
arisa,3
beaver,3
heimlich,3
chin,3
condition,3
failing,3
confession,3
shiry,3
mikura,3
heavily,3
caruso,3
specimen,3
aquarius,3
grandma,3
planes,3
pushok,3
handle,3
heathcliff,3
mirai,3
bethlehem,3
covering,3
psychotic,3
soft,3
crewmembers,3
subterranean,3
riverbank,3
popcorn,3
ceiling,3
prey,3
jong-seok,3
bid,3
confuse,3
runt,3
grasshopper,3
stripe,3
sebastian,3
shattered,3
maelstrom,3
inquisitive,3
shot,3
tsunami,3
slag,3
judy,2
hopps,2
zootopia,2
partnering,2
scam-artist,2
wilde,2
baffling,2
generations-old,2
ernesto,2
cruz,2
arendelle,2
elsas,2
bumpy,2
midwest,2
disgust,2
advise,2
positive,2
deplorable,2
unlikable,2
nobler,2
mcgregor,2
warm-hearted,2
anti-villain,2
clownfish,2
worrisome,2
forgetful,2
sharks,2
jellyfish,2
seagulls,2
plus-sized,2
inflatable,2
baymax,2
hiro,2
hamada,2
craves,2
grodd,2
displacement,2
factions,2
intellect,2
bat-family,2
hospitalized,2
totoros,2
adrift,2
fredricksen,2
fullest,2
8-year,2
lease,2
chihiro,2
snotlout,2
inseparable,2
charting,2
unmapped,2
territories,2
sullivan,2
wazowski,2
melt,2
prompts,2
hostage,2
hair,2
ticket,2
piston,2
motor,2
mouthed,2
formerly,2
assignment,2
walle,2
fled,2
human-like,2
qualities,2
sleek,2
type,2
felix,2
fixes,2
buildings,2
rush,2
candies,2
cookies,2
devices,2
gear,2
admiring,2
lets,2
fugitives,2
impetuous,2
stepmother,2
mantis,2
viper,2
tyrant,2
smelly,2
gorgeous,2
fire-breathing,2
haddock,2
mettle,2
insecure,2
croods,2
outlook,2
custom,2
broke,2
casino,2
scent,2
hatchling,2
behalf,2
repaired,2
llama,2
partnership,2
lays,2
beliefs,2
pegasus,2
tricked,2
disguises,2
mushu,2
shang,2
aspirations,2
lenny,2
ashitaka,2
waits,2
maine,2
nine-year-old,2
eddie,2
snoop,2
marvin,2
swamp,2
extinction,2
hopelessly,2
repressed,2
ginger,2
chickens,2
coraline,2
caring,2
explosive,2
cantankerous,2
detectives,2
mastermind,2
humpty,2
dumpty,2
sharing,2
encountering,2
believed,2
racers,2
sosuke,2
goldfish,2
bottle,2
steadily,2
outcasts,2
12-year-old,2
rasputin,2
anastasia,2
maria,2
skeptical,2
fools,2
debt,2
hibernating,2
awesomeness,2
disguise,2
jafar,2
glass,2
fairy-tale,2
mitsuha,2
taki,2
occurrence,2
rico,2
rango,2
dirt,2
lizard,2
welcomed,2
hilt,2
affection,2
lorax,2
grumpy,2
r-rated,2
corrupted,2
settled,2
enabling,2
gargantuan,2
gnomeo,2
juliet,2
poppy,2
optimistic,2
statement,2
technologies,2
decidedly,2
sewers,2
apparent,2
visitor,2
toymaker,2
geppetto,2
vanessa,2
songwriter,2
speedy,2
volatile,2
kubo,2
self-discovery,2
fades,2
hook,2
seaside,2
courageous,2
finger,2
awakened,2
afternoon,2
whimsical,2
madcap,2
lavish,2
gene,2
responds,2
brontosaurus,2
lush,2
vegetation,2
thatch,2
irreverent,2
phenomenon,2
big-screen,2
brewing,2
hostile,2
sausage,2
foe,2
airport,2
redfield,2
smash,2
tag,2
tramp,2
happenings,2
weenie,2
pampered,2
pint-sized,2
pachyderm,2
accomplice,2
relations,2
bonfamille,2
clone,2
jabba,2
hutt,2
oneself,2
bernard,2
bianca,2
rodney,2
industries,2
chambers,2
arch,2
spirited,2
descent,2
relocate,2
14-year-old,2
arrietty,2
anonymity,2
items,2
cows,2
stallion,2
tumble,2
apples,2
distraction,2
kovu,2
scanner,2
earliest,2
gave,2
robinson,2
roddy,2
sewer,2
2029,2
highly-wanted,2
cybernetically,2
rainforest,2
dubbed,2
designs,2
fitting,2
amazon,2
teresa,2
aki,2
ross,2
tetsuo,2
motorcycle,2
covert,2
carpet,2
last-minute,2
nephew,2
brittany,2
misadventures,2
storks,2
unauthorized,2
horses,2
lava,2
pit,2
explodes,2
bio-engineered,2
dna,2
mew,2
vs.,2
dreamt,2
mates,2
beard,2
page,2
krabby,2
krabs,2
plankton,2
recipe,2
frollo,2
esmeralda,2
enlisted,2
ginormica,2
regal,2
aspires,2
amnesiac,2
mere,2
education,2
believing,2
needless,2
enthusiastic,2
shores,2
pocahontas,2
culprit,2
promotion,2
treacherous,2
cry,2
haru,2
shocking,2
opened,2
look-alike,2
exquisite,2
17-year-old,2
realises,2
grouchy,2
necessary,2
estate,2
zarina,2
captivated,2
possibilities,2
awkward,2
millionaire,2
cody,2
mockumentary,2
bridges,2
snail,2
meat,2
interests,2
settle,2
timeline,2
cruise,2
assigns,2
escort,2
marries,2
disrupting,2
dodger,2
illusionist,2
isolated,2
extravaganza,2
prosperity,2
reconstruction,2
torments,2
robbing,2
fledgling,2
stalked,2
fan,2
maintaining,2
gary,2
samuel,2
jackson,2
sean,2
moore,2
zambezia,2
tod,2
hound,2
spans,2
restrictions,2
imposed,2
lifestyle,2
junkyard,2
hunchbacked,2
kenneth,2
grahame,2
hall,2
oncoming,2
trajectory,2
kryptonite,2
relentless,2
distribute,2
receive,2
missed,2
executes,2
universes,2
porco,2
rosso,2
introduced,2
italian,2
frontiers,2
mare,2
bullying,2
compassion,2
wiser,2
tormented,2
inheritance,2
promised,2
takaki,2
robbery,2
blithe,2
estranged,2
ritual,2
cooperate,2
resolve,2
hiring,2
served,2
1959,2
warming,2
seagull,2
overcomes,2
shelly,2
kyuta,2
kumatetsu,2
jean-bob,2
ferngully,2
sherlock,2
widowed,2
crow,2
lab,2
rats,2
transplant,2
gears,2
launched,2
veteran,2
helicopter,2
wildfire,2
chloe,2
streak,2
loaded,2
irresistible,2
emmy,2
missteps,2
zugor,2
weakness,2
delight,2
goody,2
disturbing,2
anthill,2
exterminator,2
counterpart,2
re-telling,2
kayley,2
collapse,2
immensely,2
ordinemon,2
rural,2
planted,2
bonnie,2
ecologically-minded,2
feminists,2
violet,2
fry,2
remainder,2
terra,2
mala,2
terrian,2
'fantasia,2
restores,2
ruling,2
minimoy,2
betameche,2
pipeworks,2
bedroom,2
sounds,2
darkos,2
e.b.,2
out-of-work,2
e.b,2
fuses,2
graphics,2
renaissance,2
matriculated,2
hypnotize,2
principal,2
elastic-banded,2
underpants,2
half-wolf,2
ravaging,2
nome,2
alaska,2
2071,2
tanker,2
biochemical,2
astronomical,2
bebop,2
spiegel,2
faye,2
ein,2
misunderstandings,2
propose,2
annika,2
brietta,2
boundaries,2
universally,2
2032,2
bending,2
wishbone,2
bookshop,2
misunderstood,2
wit,2
dragging,2
soren,2
ostensibly,2
owlets,2
brainwashed,2
ga'hoole,2
oakton,2
bulldoze,2
misinterpreting,2
backson,2
malfunction,2
energies,2
gogh,2
frames,2
passionate,2
missile,2
fired,2
1945,2
upper,2
miles,2
atlantic,2
mumble,2
someday,2
pebble,2
carface,2
basically,2
bouncing,2
suggest,2
ridiculous,2
phoebus,2
zephyr,2
arguments,2
crossing,2
t-rex,2
carnivorous,2
plenty,2
parent,2
saw,2
musketeer,2
surpass,2
sasuke,2
iran,2
idealistic,2
revolution,2
tyranny,2
asuna,2
listening,2
emanating,2
cruelty,2
alfred,2
covers,2
nightwing,2
celestine,2
dental,2
artistic,2
crumbling,2
distinct,2
oscar-winning,2
runaway,2
knock,2
heart-warming,2
versions,2
framed,2
raid,2
ged,2
arren,2
hatred,2
maneuver,2
kit,2
celebrity,2
mordon,2
chicago,2
awarded,2
folman,2
usage,2
not-too-distant,2
dorado,2
worth,2
mcduck,2
huey,2
dewey,2
feuding,2
fiddle,2
stunt,2
stronger,2
bergens,2
delightfully,2
low,2
muscular,2
thwart,2
buddies,2
anew,2
corporate,2
directly,2
posse,2
gaming,2
surely,2
baker,2
obligations,2
restoring,2
finny,2
nestrians,2
leah,2
predators,2
definitely,2
smooth,2
sailing,2
gaul,2
occupied,2
legions,2
rumors,2
bows,2
preparations,2
patient,2
ricky,2
ella,2
poacher,2
jimbo,2
blob,2
octopus,2
narrow,2
geri,2
chess,2
alan,2
babysitter,2
babysitting,2
accompaniment,2
laverna,2
constant,2
nerv,2
pilots,2
tokyo-3,2
intense,2
asuka,2
ikari,2
dvd/blu-ray,2
soup,2
jade,2
rabbits,2
dam,2
vegita,2
solo,2
obnoxious,2
watchful,2
trusty,2
caf,2
conducts,2
olivia,2
elude,2
namesake,2
minute,2
comprising,2
gathers,2
pascal,2
maximus,2
underway,2
comical,2
lanterns,2
church,2
complains,2
overwhelming,2
amongst,2
efficiency,2
loser,2
confess,2
hangs,2
superstar,2
icon,2
unfinished,2
deceased,2
annoyed,2
hulking,2
follow-up,2
fairytopia,2
nori,2
devastated,2
2,2
pleakley,2
flintstones,2
cena,2
dragonballs,2
impacts,2
narrator,2
bigfoot,2
scientific,2
impel,2
rides,2
notice,2
derby,2
starship,2
objective,2
piloting,2
remake,2
gainax,2
ponyville,2
mane,2
pie,2
hideaway,2
preserve,2
kenichi,2
confined,2
spaces,2
wear,2
clothes,2
prohibits,2
scolded,2
explained,2
cogsworth,2
imaginations,2
forgiveness,2
folly,2
wing,2
randolph,2
rowena,2
genevieve,2
dancing.thinking,2
aleu,2
bakery,2
booming,2
concerned,2
bakers,2
'disappeared,2
piella,2
bakewell,2
sorbet,2
tagoma,2
reviving,2
geoff,2
johns/gary,2
unbound,2
kandor,2
all-knowing,2
fixed,2
intellectual,2
newly-arrived,2
life-like,2
photo-real,2
landscapes,2
miniseries,2
bbc,2
evergreen,2
2013,2
elastigirl,2
jellystone,2
boo-boo,2
barbara,2
donor,2
fulfills,2
utopia,2
untamed,2
fury,2
mounts,2
hiccups,2
colourful,2
sequin,2
flairies,2
sparkle-magic,2
dazzling,2
runway,2
knuckles,2
apokoliptian-tyrant,2
atlanna,2
half-brother,2
half-human,2
atlantean,2
teammates,2
beavis,2
butt-head,2
clueless,2
namekian,2
wonder-filled,2
newcomer,2
ali,2
pleasantries,2
dry,2
mists,2
medicinal,2
now-familiar,2
cobol,2
germany,2
djinn-fairy,2
recording,2
tracked,2
vile,2
rangers,2
clearing,2
picnic,2
tribes,2
perry,2
invisible,2
salesmen,2
accidents,2
endanger,2
treehouse,2
altered,2
implement,2
fiendish,2
decades,2
miramount,2
healthy,2
generations,2
caretaker,2
firing,2
mothers,2
zucchini,2
befriended,2
newfound,2
servant,2
web,2
deception,2
tara,2
kochin,2
wheelo,2
desires,2
flooding,2
waters,2
rebuild,2
atlantis,2
diana,2
steve,2
trevor,2
infinite,2
oms,2
draags,2
adulthood,2
charismatic,2
blossom,2
prophesied,2
unprepared,2
placing,2
jaga,2
bada,2
trunks,2
postwar,2
hokkaido,2
sayuri,2
relic,2
glimpse,2
emile,2
shrine,2
excluded,2
tchaikovsky,2
thumbelina,2
wildflowers,2
whim,2
gobber,2
snowstorm,2
guests,2
satellite,2
meier,2
justforkix,2
norway,2
stephen,2
tibetan,2
zelda,2
absolute,2
never-before-seen,2
hyp,2
nod,2
conflicts,2
dressing,2
experienced,2
tune,2
bursts,2
luxo,2
cartoonist,2
monkeybone,2
horny,2
coin,2
performers,2
seals,2
exists,2
veil,2
revelation,2
banned,2
mean-spirited,2
deployed,2
contend,2
unknowingly,2
brock,2
cope,2
joys,2
1963,2
vitalstatistix,2
challenged,2
kenji,2
math,2
email,2
unleashing,2
armageddon,2
saya,2
katana,2
makiho,2
amano,2
bane,2
chanticleer,2
volcanoes,2
powerpuff,2
theatrical,2
cancellation,2
robbed,2
bender,2
incompetence,2
protector,2
injustice,2
pixar,2
cheetah,2
berated,2
reaching,2
dejected,2
informed,2
kobayashi,2
sin,2
tonight,2
grandpa,2
macabre,2
daydreams,2
annoys,2
kotaro,2
erupts,2
pterano,2
hermey,2
cornelius,2
prospector,2
solar,2
radiation,2
lane,2
avengers,2
demise,2
decrees,2
extreme,2
midwife,2
witness,2
karaba,2
circles,2
virgin,2
circuit,2
meg,2
depart,2
generally,2
ghastly,2
grip,2
superstars,2
overprotective,2
s.h.i.e.l.d,2
madly,2
cera,2
ducky,2
minato,2
namikaze,2
tailed,2
ended,2
executing,2
length,2
confused,2
skywalker,2
dreadful,2
sci-fi,2
collaboration,2
daft,2
punk,2
matsumoto,2
animators,2
horace,2
horsecollar,2
clarabelle,2
peg-leg,2
pope,2
albino,2
impressing,2
ludmilla,2
eight-year-old,2
melbourne,2
forty-four-year,2
obese,2
mid-1970,2
homely,2
friendless,2
20-year,2
correspondence,2
ruth,2
deciding,2
1932,2
cocky,2
consume,2
thicknose,2
warned,2
individuality,2
okay,2
lucid,2
dream-like,2
philosophical,2
discussions,2
weave,2
griffins,2
flashback,2
pre-teen,2
talia,2
damian,2
guiding,2
righteous,2
acknowledging,2
kion,2
'lion,2
utilize,2
array,2
populate,2
policeman,2
pill,2
focused,2
botamon,2
unintentionally,2
digivolves,2
knocked,2
broadcasting,2
destruct,2
gwen,2
gabriel,2
plucked,2
badlands,2
cracks,2
facade,2
simpson,2
ayn,2
rand,2
tots,2
minimal,2
daycare,2
rooms,2
escapees,2
mindless,2
recasting,2
elven,2
liya,2
holder,2
alterans,2
no-holds-barred,2
davey,2
33-year,2
reserves,2
rock-like,2
holocaust,2
harshness,2
savior,2
risen,2
weak,2
livable,2
grand-grandson,2
spheres,2
schoolchildren,2
junichi,2
flat,2
nazuna,2
snoggletog,2
ineffectually,2
salvage,2
promotional,2
forthcoming,2
'evolution,2
roy,2
apes,2
ejected,2
generous,2
gelata,2
bake,2
mini-shorts,2
desserts,2
hue,2
scents,2
sensibility,2
volleybug,2
terrorising,2
wool,2
high-steppin,2
lustrous,2
jackalope,2
horn-adorned,2
moping,2
wooly,2
rebound,2
kelly,2
starling,2
glamourous,2
self-centred,2
frequently,2
snooty,2
chuzzlewit,2
sale,2
clearance,2
eben,2
bikes,2
unicycle,2
juggling,2
rainfall,2
resign,2
await,2
sprung,2
preoccupied,2
embracing,2
pok,2
aura-guiding,2
lucario,2
sensed,2
cameron,2
houndoom,2
detection,2
eliminated,2
cameroon,2
resolute,2
bloodline,2
blame,2
tsunade,2
two-hour,2
craig,2
bartlett,2
hey,2
journal,2
birthing,2
bog,2
princes,2
michel,2
systems,2
spiral,2
dwindling,2
supplies,2
eliminate,2
wanderer,2
cyberina,2
difference,2
re-worked,2
department,2
wolverine,2
amuse,2
throwing,2
fruits,2
crushes,2
nice,2
aquaman,2
miner,2
frontier,2
manaphy,2
marauding,2
catapult,2
afoot,2
pretty,2
gluttony,2
surging,2
larn,2
jarol,2
tense,2
timid,2
steamboat,2
delights,2
passenger,2
shiny,2
akko,2
appearing,2
ichigo,2
rukia,2
senna,2
wipes,2
touching,2
toponi,2
prejudiced,2
grounded,2
injury,2
high-flying,2
saddled,2
re-married,2
stepbrother,2
sparkling,2
hailey,2
commute,2
pipes,2
awnings,2
gurgling,2
gutters,2
timeglobe,2
twice,2
hatake,2
haruno,2
escorts,2
poorly,2
tends,2
materialistic,2
worldview,2
hikaru,2
decipher,2
hideo,2
akagi,2
ryusuke,2
higo,2
osaka,2
far-future,2
bitten,2
looked,2
'initiation,2
midland,2
campaign,2
decisive,2
victories,2
doldrey,2
2001,2
2001.it,2
boredom,2
detweiler,2
ex-principal,2
phillium,2
look-alikes,2
newly-acquired,2
tractor,2
beam,2
scores,2
climb,2
harp,2
jedi-in-training,2
death-star-blower-upper,2
double-edged,2
lightsaber,2
naboo,2
thwarted,2
crazed,2
galaxys,2
imperiled,2
maul,2
vaders,2
quests,2
nightmare-,2
memorably,2
carrolls,2
alices,2
oakhaven,2
goings,2
ancestor,2
district,2
attorney,2
harvey,2
dent,2
scarred,2
acid,2
defaced,2
beer,2
mint,2
sauce,2
encyclopaedius,2
britannicus,2
declining,2
kissed,2
eliza,2
debbie,2
organized,2
miracles,2
delivered,2
stinger,2
quick,2
suzumiya,2
announces,2
mikuru,2
koizumi,2
costumes,2
literature,2
daydream,2
hindu,2
handful,2
pursues,2
stir,2
doo,2
press,2
mukade,2
corners,2
leyline,2
housecat,2
stationed,2
shutting,2
financial,2
eggs,2
chicks,2
jetson,2
redeem,2
uncertain,2
tide,2
sinking,2
superbeasto,2
sexy,2
booklet,2
transformers,2
snatched,2
dan,2
rogers,2
broadcast,2
hardly,2
apocalyptic,2
punisher,2
dealer,2
imprisonment,2
migrate,2
reckless,2
stores,2
cant,2
invention,2
magearna,2
relaxing,2
hijacked,2
theif,2
trump,2
yeti,2
elisabeth,2
related,2
ryu,2
guile,2
chun,2
apprehend,2
cherry,2
rabbi,2
feline,2
require,2
concrete,2
confronts,2
grandparents,2
mikako,2
pace,2
makai,2
300,2
thornberrys,2
theaters,2
june,2
enduring,2
bonds,2
vehicle,2
podium,2
musically,2
uniqueness,2
defy,2
axis,2
useless,2
zoroark,2
zorua,2
raikou,2
burglar,2
glam,2
cute,2
hospitality,2
treatment,2
duckling,2
indifferent,2
absurd,2
kinds,2
violin,2
rothbart,2
cybertron,2
decepticons,2
megatron,2
bloom,2
depends,2
styles,2
riot,2
shirou,2
fuyuki,2
ann,2
perpetual,2
removed,2
disease,2
suspicious,2
on-board,2
temujin,2
assailant,2
dressed,2
emergency,2
mixes,2
1969,2
author,2
officially,2
examination,2
sings,2
entrance,2
swordsman,2
min,2
puella,2
magica,2
gutsy,2
zee,2
shimmervale,2
catania,2
cargo,2
kame-sen'nin,2
ribbon,2
nishi,2
backgrounds,2
strain,2
drakken,2
unforeseen,2
calculus,2
invented,2
postman,2
sombertown,2
warlock,2
o'bannon,2
survived,2
hime,2
kokone,2
posing,2
symbol,2
leg,2
bfg,2
ease,2
plants,2
clutch,2
builder,2
poem,2
signaling,2
hurt,2
bound,2
peep,2
mazinger,2
roller-skating,2
minutes,2
animations,2
interspersed,2
links,2
1979,2
shown,2
doc,2
provides,2
maltese,2
actor,2
adapt,2
surprisingly,2
situations,2
zarafa,2
hand-drawn,2
storytelling,2
cover,2
hallows,2
otherworldly,2
outlaws,2
1981,2
usa,2
forgot,2
tomorrow,2
suzuki,2
zaibatsu,2
kaido,2
mustafa,2
xiaoyu,2
information,2
mishima,2
maze,2
gaea,2
hitomi,2
kanzaki,2
escaflowne,2
vertigo,2
bestselling,2
novels,2
angela,2
sommer-bodenburg,2
castles,2
graveyards,2
state-of-the,2
ministry,2
maritime,2
paint-on-glass-animated,2
aleksandr,2
petrov,2
montreal,2
funded,2
assortment,2
companies,2
english-language,2
soundtracks,2
concurrently,2
imax,2
prolong,2
reduce,2
personalities,2
hijacking,2
ghost-infecting,2
operatives,2
delve,2
all-too-familiar,2
pyrophoric,2
arise,2
ambiguous,2
wages,2
netherworld,2
re-emerged,2
avatar,2
methods,2
all-father,2
asgardian,2
amora,2
separates,2
fashionable,2
sea-quel,2
splash,2
oceana,2
farquaad,2
thelonious,2
waterfall,2
raft,2
mariah,2
dog-sit,2
scraggly,2
rascal,2
publicly,2
indeed,2
beaten,2
doe,2
fancies,2
slyly,2
poten,2
andersen,2
matches,2
envisions,2
fiery,2
bountiful,2
1814,2
mid-fifties,2
boast,2
tirelessly,2
garbage-loaded,2
house-atelier,2
astounding,2
giant-size,2
bodhidharma,2
180,2
meter-wide,2
sheet,2
sparrows,2
painted,2
outspoken,2
23-year-old,2
o-ei,2
stubbornness,2
uncredited,2
brushes,2
chopsticks,2
skg,2
vhs,2
manges,2
singled-handedly,2
earths,2
airshow,2
revival,2
meadow,2
jelly,2
laughing,2
fill,2
invited-refugees,2
kuze,2
landed,2
dock,2
monster-sized,2
smaller,2
resemblance,2
imminent,2
third-generation,2
noise,2
ads,2
embarrassed,2
colors,2
angelino,2
prowling,2
garzooka,2
oblivion,2
kappa,2
koichi,2
stuff,2
valour,2
gasparde,2
antarctica,2
belt,2
spreads,2
seaun,2
shambala,2
float,2
awful,2
remi,2
mimiko,2
papapanda,2
strings,2
mythological,2
insane,2
15-year-old,2
sofia,2
royalty,2
themed,2
cheeky,2
mockingbird,2
portrait,2
disposes,2
painting,2
barren,2
sherman,2
abe,2
sapien,2
governed,2
steam,2
sales,2
territory,2
albuquerque,2
yosemite,2
kildren,2
day-to-day,2
homemade,2
projected,2
departure,2
pissed-off,2
lagoona,2
farnum,2
businessman,2
awaken,2
naked,2
clothing,2
wishing,2
distrust,2
matute,2
dibble,2
dollars,2
artillery,2
1977,2
sodor,2
medical,2
enslave,2
coach,2
overtakes,2
relive,2
street-smart,2
tyra,2
grab,2
kinomoto,2
card,2
syaoran,2
reed,2
godzilla,2
seasons,2
tasmanian,2
mistress,2
donkeys,2
boost,2
stare,2
veggietales,2
cucumber,2
appreciate,2
sunny,2
diplomat,2
easily,2
labors,2
civilian,2
sit,2
untimely,2
reveals,2
howls,2
rolling,2
pastoral,2
barefoot,2
gen,2
nakazawa,2
covered,2
dal,2
destino,2
painter,2
fuma,2
pulling,2
breakdown,2
vesparand,2
gon,2
unveiled,2
hufa,2
dystopian,2
countless,2
bravery,2
zzzax,2
ren,2
laloux,2
lalouxs,2
philippe,2
reigns,2
poverty,2
sylvain,2
brain,2
hurricane,2
equal,2
measures,2
morris,2
lessmore,2
cutting,2
roamed,2
cage,2
creeperiffic,2
pelican,2
boiler,2
coal,2
tangled,2
jasper,2
gulliver,2
blefiscu,2
trades,2
indestructible,2
nameless,2
arabian,2
terry,2
chapman,2
3-d,2
sequence,2
reading,2
appropriate,2
100,2
trick-or-treating,2
dishonest,2
talbot,2
jekyll,2
6th,2
saloon,2
lawless,2
kindergarten,2
immense,2
sayla,2
contends,2
ramba,2
ral,2
fraw,2
catching,2
oeufcoque,2
firebreather,2
cgi,2
eponymous,2
homework,2
120-foot-tall,2
breathe,2
okamura,2
reminiscences,2
solace,2
kiwi,2
ecosystem,2
singlehandedly,2
cultivating,2
deny,2
completes,2
expecting,2
abandond,2
blowout,2
vibes,2
sacrificing,2
despair,2
manifest,2
action-adventure,2
heart-stopping,2
tussling,2
bodyguard,2
suspense,2
tia,2
carrere,2
matheson,2
lend,2
attracts,2
bombay,2
charmander,2
cock,2
rancher,2
cockfight,2
dejavu,2
organizes,2
cataclysmic,2
scatter,2
ego,2
materializes,2
rupture,2
space-time,2
continuum,2
wilder,2
teamed,2
sentient,2
melon,2
reincarnation,2
upstaging,2
synopsis,2
furthermore,2
conan`s,2
kudo,2
draculauras,2
1600th,2
clawd,2
heartthrob,2
oddly,2
valentines,2
shroud,2
skip,2
ocelots,2
detailed,2
bursting,2
weaves,2
unfolding,2
tibet,2
plains,2
fable,2
mans,2
calculates,2
heap,2
possessing,2
forge,2
gothic,2
clue,2
jun,2
tsar,2
drown,2
sounga,2
unimaginable,2
johnson,2
drops,2
guitar,2
cannon,2
wwes,2
prevail,2
heading,2
parker,2
engineered,2
morgendorffer,2
lowered,2
presentation,2
yagami,2
notebook,2
logic,2
balloon,2
sleuthing,2
hounds,2
skeletons,2
yoda,2
younglings,2
droids,2
bricks,2
approaching,2
classified,2
foremost,2
boro,2
grass,2
stepped,2
caterpillars,2
conductor,2
fending,2
parties,2
naples,2
replaced,2
competitive,2
stretch,2
marine,2
warship,2
kyoya,2
yatsushiro,2
traffic,2
occurred,2
dare,2
cubs,2
scar,2
levamme,2
amatsukami,2
declares,2
del,2
moral,2
mixed,2
upsets,2
marguerite,2
bravely,2
serenading,2
rations,2
morina,2
iwerks,2
1929,2
hakkenden,2
fixies,2
patlabor,2
hata,2
opposed,2
alarm,2
zion,2
operations,2
arsenal,2
pin,2
wannabe,2
profile,2
loner,2
globe-trotting,2
quint,2
feathers,2
eagle,2
eats,2
bacteria,2
eradicated,2
supposedly,2
rooftop,2
alborea,2
ramades,2
cured,2
camps,2
rehabilitation,2
jean,2
mewsette,2
on-san,2
residential,2
chorus,2
kite,2
advice,2
kayla,2
hamish,2
macross,2
exorcist,2
stowaway,2
marks,2
wasteland,2
tensions,2
deals,2
suk-gyu,2
cannibal,2
a.c.o.r.n.s,2
state-of-the-art,2
lola,2
perdide,2
piel,2
fiance,2
matres,2
temps,2
dobrinya,2
niece,2
zmey,2
strider,2
root,2
chops,2
locate,2
fangtastic,2
columbus,2
dinkenstein,2
alma,2
pips,2
batty,2
beetle,2
volunteer,2
popularity,2
flashing,2
bean,2
titeufs,2
suite,2
lad,2
10-year,2
savva,2
hyenas,2
fest,2
paws,2
tied,2
contestant,2
ramone,2
g-man,2
partner-in-fun,2
arlene,2
backstage,2
grooming,2
iconic,2
newmar,2
lhikan,2
illustrated,2
axel,2
frustration,2
gratitude,2
belka,2
hurdled,2
malfunctions,2
streetwise,2
strelka,2
irredeemable,2
venya,2
amusing,2
program-training,2
macquack,2
golf,2
gamemaster,2
ensnares,2
gambles,2
thanos,2
spoof,2
bottoms,2
beagle,2
dear,2
irrepressible,2
steel-driving,2
1950,2
novelty,2
capitol,2
arrangement,2
originals,2
characterizations,2
tweety,2
seat,2
unhooks,2
hooks,2
malomyotismon,2
swarm,2
angemon,2
angewomon,2
t.k,2
merge,2
armageddemon,2
evolutionary,2
imperialdramon,2
korugar,2
lena,2
supers,2
enact,2
tea,2
buri,2
clever,2
wisdoms,2
paco,2
wrinkles,2
colleagues,2
pouring,2
becky,2
huck,2
gauche,2
mill,2
discord,2
simplest,2
string,2
occur,2
rick,2
darker,2
distressed,2
innovators,2
exposure,2
a-laws,2
resulted,2
awakening,2
raichii,2
yellowbird,2
feathered,2
miller,2
bash,2
flutes,2
roronoa,2
sworn,2
kagami,2
kuroko,2
brutally,2
claiming,2
junpei,2
swords,2
zentradi,2
tests,2
selected,2
blinky,2
guilt,2
raichi,2
evenly,2
carefully,2
trace,2
alfredo,2
demanding,2
nicknamed,2
briefly,2
plaguing,2
thanksgiving,2
arsene,2
cube,2
reverse,2
anina,2
intentions,2
clifford,2
jungo,2
roller,2
granite,2
freaky,2
apocalypse,2
located,2
starvation,2
yugi,2
transcends,2
krad,2
morgana,2
warms,2
hungarian,2
keys,2
concerto,2
koyomi,2
douglas,2
vault,2
75th,2
fortunate,2
bullets,2
attracted,2
corto,2
raspoutine,2
protects,2
bats,2
seize,2
banjo,2
caitlin,2
lanes,2
gloomy,2
stash,2
ramayana,2
rama,2
biographical,2
light-hearted,2
ussr-made,2
louis,2
stevenson,2
saki,2
selecao,2
popovich,2
rover,2
showgirl,2
idyllic,2
empathy,2
1980,2
remade,2
bing,2
crosby,2
daltons,2
accumulated,2
carts,2
monsieur,2
pierre,2
honest,2
naively,2
inserted,2
clause,2
emotionally,2
blackmails,2
shortened,2
sure-,2
skazka,2
skazok,2
27-minute,2
influential,2
yuri,2
norstein,2
non-narrative,2
cut-outs,2
'30s,2
19th,2
scouted,2
agent-,2
frankensteins,2
re-purposed,2
laborers-,2
adept,2
liberation,2
presidential,2
penetrates,2
tablets,2
babylon,2
drunken,2
handcuffs,2
spring-times,2
keiichi,2
urd,2
skuld,2
enveloping,2
five-tailed,2
maladjusted,2
revels,2
cc2,2
grabowsky,2
leaked,2
cells,2
cat-catcher,2
rusting,2
ball-like,2
blinking,2
pulsating,2
sledding,2
countdown,2
out-of-control,2
gem,2
mediterranean,2
wbfe,2
intact,2
perrault,2
screens,2
1877,2
fyodor,2
dostoyevsky,2
pacifier,2
vanishes,2
distorted,2
quarantines,2
patamon,2
millennial,2
depicted,2
soga,2
conquers,2
portion,2
exclusive,2
subplot,2
bart,2
orleans,2
fabrette,2
interfering,2
chances,2
unequaled,2
gladitorial,2
abound,2
prowess,2
earns,2
norse,2
mythology,2
german-language,2
cg-animated,2
voll,2
fahrt,2
inhabits,2
loveable,2
yacht,2
jurassic,2
captivating,2
aria,2
prickly,2
branches,2
farm-girl,2
pixels,2
stock,2
lumpennerd,2
grenzfurthner,2
ideotaining,2
cinematic,2
revue,2
concepts,2
privacy,2
yikes,2
tolerate,2
ignorant,2
topically,2
abusive,2
anymore,2
supported,2
ishan,2
raval,2
re-evaluates,2
calves,2
discourse,2
consciousness,2
silicone-based,2
lubricant,2
untypical,2
malysh,2
acute,2
karlson,2
punished,2
welfare,2
lindgren,2
adaptations,2
tremendously,2
nowadays,2
versa,2
alienated,2
reader,2
user,2
grownups,2
manned,2
lift-off,2
committee,2
concludes,2
oversee,2
successfully,2
hazards,2
thunderbirds,2
macleod,2
slain,2
okinawa,2
numbing,2
stench,2
traced,2
horrendously,2
portend,2
videographer,2
tutli-putli,2
earthly,2
possessions,2
descends,2
noctis,2
otokoyo,2
friendships,2
council,2
accepting,2
1978,2
bratz,2
magazine,2
mag,2
coincidence,2
18th,2
extremely,2
mcdull,2
outsmart,2
usagi,2
menomaru,2
sango,2
miroku,2
shippou,2
dictatorship,2
boogey,2
impulsively,2
zeta,2
gackt,2
identities,2
walker,2
moshimo-box,2
frustrated,2
precisely,2
check,2
moomin,2
ilm,2
slingshot,2
flintstone,2
swatter,2
bzzz,2
co.,2
determination,2
childs,2
unconventional,2
gruesome,2
festivities,2
super-powered,2
tillie,2
beset,2
miserable,2
sphinx,2
raiding,2
christ,2
tank,2
maliss,2
galvez,2
helmeth,2
cylinder,2
shade,2
dwell,2
lured,2
paid,2
istanbul,2
sleazy,2
approach,2
manivald,2
mai,2
persecution,2
robotnik,2
nominated,2
henson,2
karen,2
delivers,2
chamii,2
substance,2
hitches,2
walls,2
wealth,2
clerk,2
condor,2
regrets,2
mama,2
alphas,2
actors,2
pettson,2
sur,2
stda,2
sig,2
kungen,2
som,2
faktiskt,2
inte,2
svar,2
gena,2
pasted,2
kukuru,2
arms,2
arjun,2
ryo,2
sponsor,2
goose,2
photography,2
sergeant,2
shitoushin,2
shaking,2
ignore,2
contraption,2
polish,2
2002,2
index,2
stiyl,2
wallet,2
bushveld,2
today,2
dieter,2
hapless,2
juan,2
nando,2
nahuala,2
crulic,2
romanian,2
mya,2
fudo,2
bebe,2
figurine,2
titanic,2
groundhog,2
exam,2
yuu,2
classmate,2
cosmo,2
midgard,2
walked,2
taker,2
jens,2
extinct,2
beremon,2
momokichi,2
yusei,2
invent,2
disgraced,2
jonathan,2
printing,2
letters,2
gnome,2
jalle,2
llamas,2
lectures,2
bolar,2
denguil,2
dye,2
christianity,2
player-piano,2
fukuin,2
gospel,2
kyoukai,2
estevez,2
martin,2
jaci,2
velasquez,2
family-friendly,2
artfully,2
melchior,2
gaspar,2
birthplace,2
six-year-old,2
shadow-tag,2
producer,2
rumiko,2
takahashi,2
rematch,2
slayers,2
exploits,2
sorceresses,2
lina,2
inverse,2
fireballs,2
seafood,2
compare,2
naga,2
earthquakes,2
squeezes,2
mousetrap,2
cavort,2
present-laden,2
mistaking,2
plush,2
dashes,2
mistletoe,2
outdoors,2
popcycle,2
lads,2
spanning,2
expansive,2
ryuuga,2
details,2
notable,2
additions,2
safe-keeping,2
super-intelligent,2
mechanism,2
d'etat,2
executed,2
olander,2
million-dollar,2
11-year,2
shuts,2
denies,2
entrusted,2
unbelievable,2
animalympics,2
skiing,2
marathon,2
humid,2
conditions,2
gouldman,2
drama-comedy,2
plump,2
eludes,2
rod,2
reel,2
fish-less,2
wet,2
sleepless,2
luring,2
candles,2
arrow,2
tireless,2
insouciant,2
viaduct,2
irrigated,2
steppes,2
cisterns,2
spiritual,2
chilly,2
ymir,2
groot,2
dumb-waiter-style,2
dispenser,2
befalls,2
obtains,2
lunch,2
waiter,2
diners,2
portraits,2
organs,2
musketeers,2
unsuccessfully,2
conducting,2
jimena,2
gormaz,2
fernando,2
conspiracies,2
consequent,2
alfonso,2
unjustly,2
castile,2
berates,2
derelict,2
cruiser,2
romances,2
reproduce,2
mine-world,2
zygon,2
orin,2
avalor,2
proceeds,2
fool,2
corona,2
ducks,2
revisit,2
mombi,2
lass,2
liza,2
minnelli,2
ethel,2
powerless,2
jikan,2
panning,2
naohisa,2
inoue,2
wash,2
serenity,2
eisenhower,2
brooklyn,2
selfish,2
rotter,2
groping,2
barman,2
carnivore,2
bychoice,2
matilda,2
shapes,2
sizes,2
madge,2
reignite,2
equilibrium,2
cancel,2
littered,2
anonymously,2
pot,2
slipping,2
shakya,2
shield,2
miseries,2
migaila,2
afflicts,2
chapra,2
re-evaluate,2
babbitt,2
telephone,2
gullible,2
loud,2
gulled,2
thrashings,2
casually,2
resorts,2
wartime,2
blasted,2
anti-aircraft,2
amateur,2
burton,2
pests,2
disturbingly,2
assassinoids,2
internationally,2
quotient,2
excitable,2
ex-special,2
jessie,2
4-dac,2
extermination,2
angered,2
corn,2
tex,2
avery,2
variations,2
1943,2
rudiments,2
civilized,2
nightclubs,2
patched,2
tube,2
adhesive,2
hassle,2
zill,2
oriana,2
kyeong-min,2
outbid,2
wallpaper,2
pajamas,2
charro,2
mazinkaiser,2
grandpappy,2
amounts,2
sensitive,2
laird,2
rollo,2
fuuko,2
villages,2
eukariah,2
nook,2
rikka,2
mayan,2
thio,2
interchange,2
infernal,2
ledina,2
pointing,2
percy,2
horsemanship,2
schooler,2
keiand,2
forty-six,2
othersimmortality,2
nastiest,2
kei,2
feat,2
governments,2
handed,2
experimented,2
lifea,2
demi-human,2
benefit,2
benefiting,2
reacts,2
crying,2
devise,2
dognap,2
pearls,2
toyland,2
pegleg,2
trombone,2
vulcan,2
temerity,2
kicks,2
casbah,2
amorous,2
woos,2
rendition,2
charity,2
forte,2
desperation,2
dignitary,2
assassinated,2
scour,2
microchip,2
infighting,2
swirls,2
nina,2
klaus,2
grenades,2
jeep,2
tinkling,2
ivories,2
357,2
magnum,2
'maryuuin,2
behaved,2
cosplays,2
researcher,2
maryuuin,2
sneaker-wearing,2
hairy,2
automaton,2
reactivates,2
laying,2
unfamiliar,2
omnic,2
directive,2
polite,2
dignified,2
bellboy,2
buggsville,2
populace,2
colossal,2
lumberjack,2
sex-stuffed,2
lalapipo,2
divergent,2
seedy,2
strands,2
sexual,2
spaghetti,2
masturbating,2
self-loathing,2
amoeba,2
seduced,2
ladder,2
massage,2
attendant,2
scouts,2
sorry,2
pimps,2
consider,2
wailing,2
munchausen,2
scrabble,2
keith,2
moomintroll,2
wander,2
zoom,2
gamba,2
noroi,2
impeccable,2
nam-woo,2
nestor,2
manners,2
peacefully,2
gaurdians,2
daemon,2
vesperia,2
aer,2
apatheia,2