new,366
life,296
one,274
two,233
world,224
family,220
love,218
find,199
man,192
get,192
young,186
n't,186
must,182
friends,173
school,161
finds,155
help,152
back,139
time,135
home,132
woman,125
father,124
way,122
gets,122
story,119
make,119
together,115
three,112
friend,110
first,105
best,104
become,104
take,104
old,103
takes,103
town,101
lives,100
team,97
day,96
city,94
named,94
york,93
high,92
years,91
soon,90
girl,89
wife,88
...,86
film,86
mother,85
set,82
parents,82
son,82
save,81
meets,80
daughter,79
falls,78
couple,78
becomes,76
work,75
night,75
job,74
tries,73
comedy,73
men,72
decides,72
big,72
wants,70
order,70
discover,69
american,69
college,69
discovers,69
however,69
girlfriend,68
true,66
house,66
things,65
everything,64
group,64
jack,63
turns,63
living,63
along,62
war,62
beautiful,62
turn,62
like,61
comes,61
police,60
evil,60
party,60
business,60
also,60
stop,59
come,59
money,59
small,58
goes,58
show,58
dreams,57
another,57
local,57
former,56
relationship,56
children,56
kids,56
live,55
agent,55
secret,55
away,54
meet,54
boy,54
try,53
christmas,53
keep,52
forced,52
put,52
sets,52
star,52
people,52
sister,52
even,51
learns,51
year,51
good,51
whose,51
around,51
little,51
real,50
begins,50
last,50
end,50
return,49
marriage,49
never,49
women,49
guy,48
mysterious,47
romance,47
wedding,47
game,46
decide,46
brother,46
gang,46
great,45
ever,45
single,45
plan,44
really,44
run,44
fall,44
chance,43
still,43
accidentally,43
island,43
trip,43
journey,42
cop,42
next,42
trying,42
movie,42
events,41
unlikely,41
everyone,41
boss,41
seems,41
may,41
adventure,40
romantic,40
max,40
plans,40
hero,40
perfect,40
suddenly,40
win,40
finally,39
could,39
band,39
past,39
days,39
rescue,39
based,38
hit,38
yet,38
're,38
left,38
going,38
know,38
four,37
married,37
determined,36
future,36
career,36
tells,36
leaves,36
summer,36
los,36
angeles,36
face,36
company,36
dog,36
french,36
characters,35
earth,35
mission,35
moves,35
james,35
bad,35
death,35
much,35
mom,35
behind,34
student,34
road,34
known,34
heart,34
plot,34
hotel,34
friendship,34
made,34
country,34
marry,34
makes,34
different,34
case,33
dead,33
fight,33
escape,33
starts,33
place,33
popular,33
need,33
learn,33
right,33
book,33
dad,33
returns,33
nick,32
crime,32
quest,32
forces,32
move,32
battle,32
five,32
action,32
looking,32
wealthy,32
head,32
problem,32
see,32
steal,32
realizes,32
successful,32
brothers,31
america,31
deal,31
criminal,31
baby,31
happy,31
lost,31
across,31
would,31
without,31
queen,31
mr.,31
girls,31
upon,30
far,30
leads,30
famous,30
king,30
change,30
follows,30
including,30
works,30
dream,30
husband,30
anything,30
hollywood,30
store,30
charlie,30
george,30
land,29
black,29
part,29
start,29
course,29
owner,29
search,29
always,29
princess,29
white,29
strange,29
series,29
trouble,29
attempt,29
guys,29
apartment,29
many,29
professor,29
turned,28
sent,28
heads,28
alien,28
top,28
thinks,28
kid,28
detective,28
paul,28
arrives,28
date,28
competition,28
paris,28
long,28
car,28
music,27
becoming,27
ordinary,27
play,27
attempts,27
murder,27
getting,27
want,27
problems,27
tale,27
bring,27
changes,27
every,27
race,27
rock,27
ways,27
park,27
though,27
history,26
peter,26
teenage,26
important,26
believe,26
involving,26
middle,26
give,26
class,26
form,26
boys,26
london,26
john,26
wild,26
stay,26
complicated,26
struggling,26
break,26
well,26
since,26
called,26
control,25
human,25
brings,25
happens,25
close,25
biggest,25
machine,25
seemingly,25
caught,25
crew,25
executive,25
might,25
despite,24
legendary,24
'll,24
unexpected,24
andy,24
scientist,24
better,24
village,24
fbi,24
working,24
shows,24
drug,24
writer,24
avoid,24
visit,24
stars,24
army,24
camp,24
rich,24
needs,23
reporter,23
fortune,23
instead,23
embark,23
ends,23
making,23
dangerous,23
mike,23
buddy,23
private,23
entire,23
boyfriend,23
classic,23
vacation,23
dr.,23
taken,23
leave,23
kate,23
prison,23
prove,22
teenager,22
spend,22
travel,22
adventures,22
teacher,22
lee,22
wrong,22
jane,22
eye,22
bank,22
thing,22
enough,22
manhattan,22
food,22
child,22
shop,22
falling,22
social,22
partner,22
news,22
british,21
lose,21
losing,21
easy,21
street,21
duo,21
u.s.,21
lead,21
weekend,21
found,21
forever,21
hilarious,21
producer,21
six,21
pair,21
spirit,21
runs,21
identity,21
upside,21
second,21
coach,21
fun,21
something,21
ben,21
eccentric,20
birthday,20
eventually,20
prince,20
join,20
teams,20
personal,20
accident,20
involved,20
neighbor,20
stolen,20
thief,20
magical,20
success,20
beloved,20
planet,20
hopes,20
think,20
quickly,20
joins,20
given,20
england,20
actually,20
president,20
magic,20
jimmy,20
killer,20
uncle,20
childhood,20
eddie,20
south,20
officer,19
talent,19
rest,19
look,19
stuck,19
rival,19
video,19
later,19
miami,19
doctor,19
sex,19
law,19
cast,19
major,19
leaving,19
billy,19
joe,19
begin,19
nothing,19
academy,19
kill,19
follow,19
tom,19
professional,19
lover,19
businessman,19
mystery,18
inside,18
age,18
special,18
meeting,18
powerful,18
use,18
united,18
fairy,18
gorgeous,18
kong,18
carter,18
others,18
secretly,18
maybe,18
grown,18
various,18
puts,18
divorce,18
track,18
killing,18
undercover,18
body,18
sheriff,18
name,18
side,18
dance,18
shot,18
television,18
basketball,18
musical,18
east,18
mansion,18
charming,17
although,17
actor,17
powers,17
huge,17
cia,17
missing,17
shrek,17
hard,17
master,17
using,17
hong,17
apart,17
scheme,17
fly,17
west,17
rule,17
sam,17
threatens,17
player,17
office,17
teen,17
relationships,17
david,17
animated,17
crush,17
frank,17
greatest,17
sisters,17
quite,17
travels,17
animals,17
desperate,16
following,16
captain,16
thought,16
interest,16
super,16
large,16
room,16
scene,16
differences,16
states,16
loses,16
hires,16
destroy,16
hits,16
reunite,16
unexpectedly,16
bumbling,16
general,16
full,16
unfortunately,16
farm,16
fellow,16
beauty,16
pregnant,16
dogs,16
older,16
scott,16
grows,16
else,16
figure,16
opportunity,16
california,16
greg,16
question,16
process,16
act,16
cash,16
football,16
sexual,16
taking,16
fate,16
alone,16
art,16
protect,16
holiday,16
met,16
dave,16
air,16
worse,16
santa,16
released,16
revenge,16
force,15
seeking,15
survive,15
struggle,15
giant,15
enter,15
doc,15
recruited,15
slacker,15
whole,15
winning,15
mistaken,15
meanwhile,15
overcome,15
breaks,15
aspiring,15
call,15
partners,15
epic,15
seven,15
clear,15
younger,15
exactly,15
ready,15
longtime,15
rules,15
state,15
students,15
community,15
used,15
aliens,15
restaurant,15
whether,15
stories,15
week,15
security,15
share,15
learning,15
build,15
henry,15
comic,15
born,15
looks,15
playing,15
agrees,15
france,15
hot,15
director,15
ted,15
government,15
richard,15
solve,14
deadly,14
hope,14
brilliant,14
san,14
inventor,14
separate,14
power,14
europe,14
doug,14
international,14
remote,14
truth,14
green,14
especially,14
spending,14
jim,14
journalist,14
harry,14
mary,14
adult,14
marcus,14
free,14
cops,14
enlists,14
stranded,14
pretty,14
brought,14
supernatural,14
catch,14
criminals,14
stand,14
kevin,14
loves,14
late,14
advice,14
assistant,14
hired,14
manager,14
seek,14
million,14
hidden,14
assignment,14
newly,14
north,14
morning,14
hunt,14
storm,14
modern,14
cool,14
uses,14
feelings,14
sara,14
rob,14
leading,14
killed,14
gold,14
gives,14
believes,14
engaged,14
ancient,14
national,14
reality,14
worst,14
lawyer,14
compete,14
struggles,14
matt,14
affair,14
animal,14
estranged,14
jesse,14
means,13
turtles,13
led,13
nemesis,13
emotions,13
mind,13
dark,13
daughters,13
fake,13
happily,13
creates,13
employee,13
woods,13
tim,13
care,13
tell,13
inspector,13
shy,13
often,13
military,13
've,13
crash,13
playboy,13
posing,13
role,13
strike,13
hunter,13
martin,13
ring,13
eager,13
escapes,13
pet,13
driver,13
encounter,13
disaster,13
dating,13
female,13
widow,13
crazy,13
josh,13
chicago,13
experiences,13
jobs,13
lucy,13
curse,13
leader,13
divorced,13
stumbles,13
due,13
bear,13
skills,13
zoo,13
celebrity,13
realize,13
cat,13
english,13
latest,13
common,13
project,13
someone,13
guard,13
vegas,13
michael,13
several,13
neighborhood,13
bizarre,13
coming,13
knows,13
mark,13
service,13
baseball,13
hell,13
treasure,13
extraordinary,12
diabolical,12
feels,12
riley,12
center,12
ensues,12
expected,12
sense,12
destroyed,12
prom,12
senior,12
marty,12
inadvertently,12
corporate,12
annie,12
kidnapped,12
veteran,12
mexico,12
fiona,12
present,12
anyone,12
rose,12
retrieve,12
fashion,12
magazine,12
offers,12
partnership,12
spy,12
program,12
months,12
ex-wife,12
eyes,12
quiet,12
creature,12
jess,12
purpose,12
matthew,12
station,12
task,12
lord,12
heist,12
singer,12
odd,12
adam,12
evening,12
japanese,12
able,12
employees,12
harold,12
buy,12
fast,12
plane,12
bored,12
version,12
jail,12
rebellious,12
wakes,12
willing,12
hockey,12
antics,12
crisis,12
wishes,12
status,12
raised,12
hometown,12
lovable,12
door,12
families,12
eve,12
behavior,12
bond,12
robot,12
johnny,12
jason,12
bar,12
fact,12
freedom,12
suburban,12
small-town,12
club,12
idea,12
longer,12
southern,12
outrageous,12
got,12
lady,12
serious,12
lola,12
bill,12
jackie,12
red,12
befriends,12
radio,12
appears,12
lifestyle,12
lies,11
agency,11
experiment,11
score,11
onto,11
aside,11
organization,11
global,11
century,11
chosen,11
mistakenly,11
beach,11
seen,11
mistakes,11
lifetime,11
creatures,11
recruits,11
sir,11
handsome,11
retirement,11
simple,11
passion,11
decisions,11
nicky,11
artist,11
ambitious,11
unusual,11
hours,11
pursue,11
sexy,11
pull,11
kingdom,11
petty,11
holly,11
building,11
mrs.,11
number,11
wish,11
straight,11
bob,11
generation,11
test,11
wanted,11
buddies,11
canine,11
gone,11
deep,11
gay,11
billionaire,11
sure,11
drive,11
fights,11
thrown,11
waiting,11
male,11
'the,11
sarah,11
snow,11
spends,11
friendly,11
university,11
jerry,11
open,11
flint,11
lifelong,11
alex,11
connection,11
create,11
remy,11
resort,11
monsters,11
turning,11
short,11
uptight,11
capture,11
zombie,11
reputation,11
causes,11
luck,11
space,11
tough,11
caesar,11
italian,11
funny,11
raise,11
notorious,11
least,11
guests,11
pirate,11
estate,11
convinces,11
completely,11
moment,11
ultimate,11
settle,11
asks,11
hand,11
steve,11
newspaper,11
films,11
annual,11
original,11
diamond,11
twin,11
situation,11
nanny,11
moving,11
season,11
fred,11
teach,11
neighbors,11
murphy,11
heroes,10
shredder,10
outcast,10
tony,10
alter,10
capt,10
winds,10
jungle,10
growing,10
francisco,10
fear,10
attack,10
reconnect,10
humor,10
brown,10
agents,10
seem,10
chase,10
top-secret,10
union,10
european,10
water,10
ability,10
industry,10
filled,10
answers,10
remember,10
kuzco,10
arthur,10
investigate,10
outside,10
gift,10
god,10
flying,10
bellas,10
tour,10
oscar,10
fish,10
wing,10
catches,10
routine,10
streets,10
result,10
final,10
investigation,10
allows,10
facing,10
lessons,10
alongside,10
kat,10
foster,10
tree,10
uncover,10
hawaii,10
marshall,10
thieves,10
focus,10
arrive,10
detectives,10
starting,10
passes,10
whos,10
mischievous,10
personality,10
exciting,10
prize,10
vampire,10
member,10
editor,10
awkward,10
andrew,10
chaos,10
pal,10
worlds,10
normal,10
residents,10
knowing,10
lot,10
lovers,10
ultimately,10
chinese,10
society,10
grandfather,10
dan,10
breaking,10
effort,10
cross-country,10
style,10
within,10
third,10
terrible,10
vincent,10
match,10
retired,10
step,10
moon,10
among,10
nightmare,10
pay,10
dumped,10
experience,10
map,10
convince,10
dealing,10
support,10
written,10
sidekick,10
proves,10
louis,10
soldiers,10
quick,10
ship,10
glory,10
dies,10
less,10
person,10
except,10
fiance,10
forms,10
contest,10
helps,10
claus,10
recently,10
sends,10
washington,10
waitress,10
public,10
cult,10
ahead,10
craig,10
actress,10
drama,10
dylan,10
emerges,9
ghost,9
difficult,9
almost,9
trio,9
wilson,9
operation,9
league,9
refuses,9
mob,9
complete,9
woody,9
buzz,9
plots,9
nuclear,9
peace,9
kung,9
universe,9
dragon,9
let,9
danger,9
changed,9
reunited,9
robin,9
reach,9
mental,9
adorable,9
bachelor,9
aid,9
mix,9
wicked,9
aspirations,9
sea,9
expectations,9
con,9
ladies,9
running,9
upcoming,9
1970s,9
uncovers,9
russian,9
clerk,9
held,9
murtaugh,9
sequel,9
stage,9
prepare,9
allowed,9
bitter,9
hands,9
thinking,9
staff,9
cal,9
emily,9
sometimes,9
castle,9
feeling,9
jackson,9
ray,9
done,9
empire,9
kind,9
planning,9
royal,9
crown,9
rachel,9
kelly,9
principal,9
fired,9
failed,9
attractive,9
baker,9
choice,9
real-life,9
funeral,9
opposite,9
beyond,9
albert,9
faces,9
mild-mannered,9
rat,9
train,9
robbery,9
existence,9
nerdy,9
lands,9
massive,9
driving,9
ride,9
corrupt,9
terms,9
fire,9
voice,9
times,9
either,9
headed,9
hansel,9
grew,9
victor,9
finding,9
plays,9
fianc,9
path,9
girlfriends,9
youth,9
concert,9
discovery,9
members,9
author,9
danny,9
recover,9
secrets,9
decided,9
send,9
bus,9
ex-girlfriend,9
howard,9
pink,9
clouseau,9
gary,9
susan,9
bit,9
sell,9
quirky,9
attention,9
samantha,9
signs,9
daring,9
encounters,9
talk,9
cousin,9
chris,9
sweetheart,9
games,9
jackass,9
dinner,9
matter,9
alive,9
van,9
idol,8
balance,8
superhero,8
ego,8
threat,8
triangle,8
headquarters,8
navigate,8
villain,8
opening,8
ice,8
pact,8
teens,8
high-school,8
thugs,8
supposed,8
chaotic,8
terrorist,8
dealer,8
german,8
church,8
destroying,8
cabin,8
threatened,8
happened,8
courage,8
closer,8
played,8
extremely,8
traveling,8
speak,8
emperor,8
genius,8
watch,8
tiny,8
angel,8
report,8
target,8
weaponry,8
discovering,8
lenny,8
lie,8
jersey,8
watching,8
porn,8
politics,8
nose,8
matters,8
enemy,8
conspiracy,8
mask,8
charm,8
junior,8
hopelessly,8
riggs,8
busy,8
sports,8
defeat,8
iraq,8
impress,8
dale,8
respective,8
remains,8
choose,8
fallen,8
loyal,8
hear,8
darcy,8
flight,8
responsible,8
stumble,8
situations,8
remain,8
continues,8
nice,8
heroic,8
hes,8
letter,8
joined,8
internet,8
putting,8
finn,8
coast,8
possible,8
clients,8
granny,8
front,8
featuring,8
recent,8
unknown,8
system,8
opens,8
beginning,8
glamorous,8
cole,8
wins,8
reunites,8
places,8
humans,8
invited,8
guest,8
wonder,8
killers,8
pilot,8
financial,8
cross,8
receive,8
cats,8
butler,8
kidnaps,8
elizabeth,8
terror,8
develop,8
marrying,8
spring,8
point,8
safe,8
assassin,8
weeks,8
embarks,8
count,8
roman,8
julius,8
asterix,8
axel,8
derek,8
horror,8
fame,8
paths,8
sparks,8
sees,8
finish,8
havoc,8
penguin,8
forest,8
trail,8
novel,8
screen,8
serial,8
jake,8
architect,8
dying,8
jones,8
thus,8
hills,8
visits,8
attitude,8
reluctantly,8
worth,8
kit,8
maggie,8
larry,8
picture,8
line,8
chief,8
hapless,8
mean,8
hannah,8
murdered,8
naive,8
helen,8
pursues,8
dancer,8
pass,8
card,8
robber,8
bounty,8
deceased,8
sweet,8
goofy,8
calvin,8
wallace,8
questions,8
loosely,8
factory,8
texas,8
suffers,8
hiding,8
babe,8
doorstep,8
debt,8
convinced,8
ella,8
middle-aged,8
plant,8
bunny,7
jumps,7
colorful,7
newfound,7
mutant,7
parker,7
mentor,7
fighting,7
variety,7
fading,7
comeback,7
armed,7
nearly,7
fraud,7
neither,7
toys,7
cold,7
weapons,7
soviet,7
tracks,7
grand,7
half,7
client,7
justice,7
bargained,7
lazy,7
brave,7
furious,7
hold,7
fit,7
bugs,7
table,7
knight,7
eight,7
helping,7
paired,7
accept,7
smith,7
lethal,7
collide,7
high-tech,7
drink,7
develops,7
happiness,7
potential,7
meaning,7
danielle,7
dashing,7
witness,7
installment,7
fears,7
heir,7
moved,7
containing,7
confidence,7
certain,7
chicken,7
rebel,7
hospital,7
roger,7
emma,7
fling,7
bud,7
champion,7
saving,7
innocent,7
identities,7
attempting,7
mad,7
planned,7
ex-con,7
ferdinand,7
strong,7
allen,7
say,7
simon,7
classmate,7
linda,7
became,7
total,7
sleazy,7
promotion,7
lying,7
luxury,7
crook,7
roommate,7
took,7
airport,7
nobody,7
authorities,7
christopher,7
ken,7
harbor,7
receives,7
graduate,7
whoville,7
grinch,7
cindy,7
berlin,7
ailing,7
appear,7
teaching,7
roll,7
violent,7
stands,7
generations,7
regain,7
impossible,7
interview,7
suffering,7
polar,7
tracy,7
separated,7
clean,7
apple,7
kitchen,7
britain,7
welcome,7
dracula,7
issues,7
foil,7
toy,7
mistake,7
irreverent,7
drop,7
advantage,7
die,7
remaining,7
amusement,7
arts,7
alternative,7
vows,7
dick,7
jeopardy,7
haunted,7
victims,7
blue,7
central,7
jewel,7
unknowingly,7
hide,7
circle,7
includes,7
ruin,7
calls,7
potion,7
mouse,7
faithful,7
mobster,7
invasion,7
urban,7
ups,7
las,7
attend,7
character,7
hoping,7
brad,7
holidays,7
honeymoon,7
museum,7
soul,7
dates,7
lake,7
winner,7
beat,7
campus,7
bobby,7
companion,7
setting,7
connected,7
sight,7
obsessed,7
hears,7
comfortable,7
immediately,7
piece,7
deals,7
documentary,7
beverly,7
paradise,7
china,7
pierre,7
cut,7
celebration,7
pals,7
arrival,7
rely,7
sherman,7
invites,7
computer,7
harvard,7
salesman,7
talking,7
unpredictable,7
record,7
ashley,7
rather,7
siblings,7
write,7
demands,7
ocean,7
manage,7
grandmother,7
elliot,7
norman,7
ago,7
tommy,7
homeless,7
risk,7
incident,7
collection,7
gromit,7
monster,7
farmer,7
faced,7
expert,7
fans,7
happen,7
bag,7
event,7
bunch,7
underground,7
arrested,7
drawn,7
continue,7
perform,7
reluctant,7
gangster,7
italy,7
phantom,7
sentenced,7
directed,7
desperately,7
chip,7
ellie,7
adulthood,7
contract,7
gordon,7
joel,7
miguel,6
accomplished,6
musician,6
chain,6
unravel,6
clan,6
cameraman,6
devil,6
alliance,6
teenagers,6
endless,6
joy,6
conflict,6
rises,6
broadway,6
prehistoric,6
orphaned,6
enemies,6
deadpool,6
rogue,6
adopts,6
twisted,6
virginity,6
launch,6
wall,6
brooks,6
twist,6
circumstances,6
intergalactic,6
technology,6
involves,6
theft,6
transformed,6
millions,6
nasty,6
donkey,6
court,6
lego,6
succeed,6
fantastic,6
defend,6
pacha,6
accompanied,6
training,6
kidnapping,6
lapd,6
guardian,6
stranger,6
bets,6
hopefully,6
paranormal,6
explosive,6
mouth,6
millionaire,6
surprising,6
dedicated,6
teaches,6
trade,6
romantically,6
shaun,6
murderous,6
size,6
reclaim,6
drugs,6
amp,6
throne,6
audition,6
ipkiss,6
eventual,6
rocky,6
wacky,6
awry,6
thanks,6
bully,6
stuart,6
hatches,6
hudson,6
outbreak,6
patrick,6
delivery,6
construction,6
ford,6
daily,6
rid,6
prefers,6
devoted,6
plastic,6
cover,6
advertising,6
thoughts,6
tired,6
johnson,6
revealed,6
dictator,6
pam,6
miss,6
pageant,6
exists,6
aldous,6
schemes,6
launches,6
wind,6
independent,6
unaware,6
prestigious,6
stripes,6
wilderness,6
peaceful,6
approach,6
tournament,6
none,6
accomplish,6
bonds,6
rivals,6
rome,6
safety,6
witch,6
aboard,6
believing,6
emotional,6
abducted,6
allegra,6
fail,6
scheming,6
bolt,6
accepts,6
invitation,6
culinary,6
dangers,6
minister,6
singing,6
marisa,6
threaten,6
florida,6
pain,6
clique,6
lone,6
transported,6
1980s,6
martial,6
benjamin,6
visitors,6
boov,6
promptly,6
relocated,6
resourceful,6
banished,6
upper,6
rural,6
word,6
knowledge,6
amount,6
parties,6
sinister,6
misadventures,6
smurfs,6
award,6
loot,6
desert,6
introduces,6
bet,6
fraternity,6
steals,6
honor,6
sun,6
scary,6
daniel,6
entertaining,6
inherits,6
long-lost,6
alice,6
clash,6
dusty,6
nazi,6
spies,6
ryan,6
taylor,6
deliver,6
dean,6
destined,6
jonathan,6
returned,6
unable,6
obtain,6
light,6
writes,6
formula,6
inspired,6
clumsy,6
vanessa,6
stripper,6
amidst,6
magician,6
year-old,6
sights,6
sergeant,6
comedic,6
blind,6
vampires,6
delivers,6
fictional,6
keeps,6
julie,6
harris,6
inherited,6
culture,6
grow,6
inner,6
missed,6
pose,6
cher,6
hill,6
insurance,6
surprise,6
aka,6
governor,6
spoiled,6
likes,6
loose,6
unwittingly,6
oliver,6
carefree,6
policeman,6
hook,6
ragtag,6
flies,6
shady,6
medical,6
cause,6
favorite,6
contemporary,6
greedy,6
phillip,6
trust,6
walks,6
moore,6
fresh,6
reading,6
miles,6
verge,6
via,6
ruthless,6
wayne,6
woo,6
abandoned,6
scenes,6
highly,6
gambler,6
pig,6
stitch,6
columnist,6
andie,6
bride,6
clueless,6
spent,6
whatever,6
ernest,6
pretending,6
rebecca,6
chan,6
increasingly,6
movies,6
cousins,6
claim,6
servant,6
illegal,6
unique,6
wake,6
troubled,6
charles,6
miranda,6
stand-up,6
exist,6
brooklyn,6
ending,6
network,6
causing,6
pack,6
prime,6
amanda,6
efforts,6
unemployed,6
laura,6
box,6
orphan,6
consequences,6
wilder,6
therapist,6
couples,6
keeping,6
pete,6
focuses,6
suspect,6
ask,6
initially,6
key,6
elvis,6
nearby,6
truly,6
malcolm,6
lilo,6
jumba,6
mexican,6
gifted,6
dreamed,6
coffee,6
drinking,6
agree,6
communist,6
broken,6
reunion,6
strip,6
gain,6
claude,6
anna,6
leslie,6
jennifer,6
marion,6
cruchot,6
momo,6
bernie,6
crack,5
fox,5
settled,5
foot,5
politicians,5
rise,5
sewers,5
destiny,5
civil,5
queens,5
thrust,5
all-new,5
down-on-his-luck,5
midwest,5
mount,5
approaches,5
tiger,5
infant,5
wade,5
covert,5
one-night,5
rekindling,5
1985,5
arranges,5
federal,5
recruit,5
jay,5
weed,5
height,5
priceless,5
enormous,5
sudden,5
closet,5
knot,5
godmother,5
bodyguard,5
supply,5
valley,5
transforming,5
warrior,5
historic,5
imagined,5
challenges,5
ogre,5
wisecracking,5
nefarious,5
demanding,5
doesnt,5
elegant,5
lloyd,5
spectacular,5
incredible,5
horde,5
wise,5
battles,5
assigns,5
cocky,5
strength,5
actors,5
bliss,5
highs,5
awesome,5
attacked,5
tricks,5
throws,5
revolves,5
odds,5
pretend,5
cars,5
laughs,5
romancing,5
digging,5
arise,5
terrifying,5
revealing,5
timid,5
stanley,5
owners,5
risks,5
attached,5
minions,5
fabulous,5
investigating,5
mayor,5
12-year-old,5
soldier,5
arab,5
names,5
mere,5
guide,5
grad,5
grind,5
dust,5
sitting,5
leaf,5
carl,5
shake,5
blues,5
anonymous,5
online,5
lifeguard,5
passed,5
fast-talking,5
theyre,5
jacob,5
silent,5
kumar,5
fix,5
homeland,5
courts,5
domesticated,5
counterfeiting,5
disguise,5
terry,5
background,5
pursuing,5
villains,5
domination,5
laid,5
hopeless,5
poor,5
jewish,5
regime,5
formidable,5
plenty,5
ensure,5
locked,5
duties,5
hates,5
lou,5
dumps,5
arriving,5
shocked,5
drunk,5
irene,5
13-year-old,5
academic,5
campaign,5
demons,5
pretends,5
outwit,5
hard-nosed,5
suspicious,5
activities,5
brewing,5
handle,5
typical,5
plus,5
publicist,5
image,5
dirt,5
desires,5
amazing,5
canada,5
aunt,5
ann,5
exclusive,5
reaches,5
possibility,5
trolls,5
branch,5
puppies,5
cruella,5
vil,5
hitch,5
collins,5
co-star,5
accountant,5
chef,5
cooking,5
motion,5
lavish,5
celebrate,5
candidate,5
credit,5
jealous,5
explore,5
trap,5
india,5
indian,5
ex-boyfriend,5
logan,5
elaborate,5
motor,5
ordered,5
grocery,5
soccer,5
bottom,5
media,5
inc.,5
stake,5
wily,5
thomas,5
theme,5
injury,5
firm,5
straight-laced,5
customers,5
roof,5
demon,5
paying,5
ransom,5
went,5
dysfunctional,5
seriously,5
addams,5
youngest,5
thirty,5
robberies,5
edward,5
distant,5
targets,5
indeed,5
lewis,5
gave,5
druid,5
obelix,5
pirates,5
mitchell,5
sing,5
campbell,5
assigned,5
robbers,5
niece,5
surprises,5
vengeful,5
creating,5
lab,5
daphne,5
bohemian,5
blart,5
convention,5
lonely,5
hearts,5
carmen,5
regular,5
fend,5
gun,5
nephew,5
graduation,5
searching,5
bird,5
custody,5
flood,5
charismatic,5
ash,5
mates,5
host,5
release,5
victoria,5
winter,5
centered,5
absurd,5
hilariously,5
worker,5
angels,5
protection,5
records,5
floor,5
jules,5
market,5
disappears,5
hood,5
exotic,5
blood,5
captured,5
st.,5
designed,5
pictures,5
ticket,5
favourite,5
depressed,5
transfer,5
civilian,5
garfield,5
talented,5
built,5
claims,5
bed,5
schmidt,5
locals,5
tad,5
model,5
guru,5
casino,5
sharp,5
seeing,5
responsibilities,5
mall,5
followed,5
cruise,5
tropical,5
marries,5
realizing,5
already,5
walter,5
harvey,5
taste,5
jenny,5
department,5
widower,5
calling,5
lesbian,5
striking,5
convict,5
intelligence,5
misfit,5
mahoney,5
commitment,5
complex,5
japan,5
getaway,5
unfortunate,5
extraterrestrial,5
smoking,5
draws,5
usa,5
mafia,5
panther,5
fantastical,5
opposites,5
unpopular,5
message,5
turner,5
trained,5
attempted,5
remarkable,5
collect,5
chasing,5
mcphee,5
standing,5
molly,5
groom,5
free-spirited,5
fantasies,5
souls,5
blonde,5
boog,5
hall,5
smoke,5
motorcycle,5
wang,5
jessica,5
words,5
renowned,5
playwright,5
workaholic,5
parts,5
mollie,5
methods,5
buys,5
title,5
noah,5
players,5
rivalry,5
edwards,5
started,5
ten,5
bodies,5
intent,5
performance,5
linus,5
household,5
challenged,5
early,5
sophie,5
lionel,5
proud,5
pawn,5
giving,5
foreign,5
bandit,5
wolf,5
chon,5
roy,5
wildly,5
preparing,5
songs,5
unite,5
twins,5
period,5
boat,5
emotionally,5
everybody,5
interested,5
enters,5
ghosts,5
experiments,5
todd,5
quits,5
panic,5
nathan,5
pool,5
allow,5
placed,5
fishing,5
halloween,5
offered,5
therefore,5
pieces,5
alfie,5
hitler,5
spencer,5
offer,5
russell,5
angry,5
enrolls,5
sally,5
greek,5
wait,5
ranch,5
proposes,5
newton,5
studio,5
dirty,5
drew,5
heaven,5
phone,5
birth,5
literally,5
research,5
transferred,5
jean,5
totally,5
forget,5
judge,5
stone,5
bruce,5
owned,5
proper,5
corporation,5
ursula,5
slowly,5
tape,5
confront,5
license,5
religious,5
tuesday,5
golden,5
switch,5
conrad,5
melanie,5
eva,5
gabe,5
ball,5
charge,5
sylvia,5
presence,5
carmilla,5
judy,4
wilde,4
stunning,4
grim,4
fearless,4
stark,4
survival,4
sucked,4
everyday,4
turmoil,4
appearing,4
manny,4
diego,4
sid,4
origin,4
operative,4
mcfly,4
1955,4
disrupting,4
repair,4
cooperate,4
jordan,4
weekly,4
kicked,4
assassinate,4
shipment,4
solo,4
wars,4
economic,4
raucous,4
tension,4
gigantic,4
fugitives,4
tyrant,4
determination,4
likable,4
clutches,4
stifler,4
finch,4
cruel,4
suitcase,4
aspen,4
croods,4
landscape,4
oppressed,4
inventive,4
bustling,4
colony,4
silly,4
promising,4
institution,4
reconcile,4
distract,4
content,4
parisian,4
audrey,4
ghostbusters,4
superhuman,4
mortal,4
hercules,4
phil,4
tricked,4
plotting,4
weatherman,4
rut,4
unbeknownst,4
organisations,4
prospects,4
nerds,4
questionable,4
jeffrey,4
dude,4
lebowski,4
experts,4
uncomfortably,4
afford,4
schooler,4
bright,4
gentle,4
cracked,4
amid,4
burnett,4
lowry,4
policemen,4
sole,4
trusty,4
schoolteacher,4
buford,4
tannen,4
overrun,4
zombies,4
prospect,4
apparent,4
suicide,4
insane,4
diplomat,4
golightly,4
wearing,4
influence,4
ginger,4
cute,4
said,4
brains,4
arrangement,4
blockbuster,4
woes,4
scarlet,4
pushed,4
sport,4
inspiration,4
proving,4
daydream,4
arrest,4
web,4
alcohol,4
territory,4
dump,4
bianca,4
joey,4
desire,4
cab,4
canadian,4
flowers,4
exes,4
commit,4
lt.,4
benefit,4
permanently,4
bull,4
madrid,4
analyst,4
life-changing,4
bay,4
surgeon,4
fully,4
infatuated,4
fletcher,4
attorney,4
workers,4
amateur,4
palmer,4
1927,4
production,4
stoner,4
viktor,4
transit,4
rumpelstiltskin,4
hunted,4
restore,4
excitement,4
fist,4
provide,4
jasmine,4
palace,4
sneaks,4
aladdin,4
danson,4
highsmith,4
tattoos,4
gamble,4
hoitz,4
closed,4
touch,4
kingpin,4
co-workers,4
virgin,4
hynkel,4
byrnes,4
lighten,4
explores,4
confronting,4
leaders,4
area,4
likely,4
mia,4
genovia,4
earlier,4
sort,4
crashing,4
suggests,4
multiple,4
villainous,4
granted,4
overnight,4
anonymity,4
pays,4
digs,4
skip,4
obsessive,4
doubts,4
rango,4
brink,4
reverse,4
humiliated,4
monumental,4
sisterhood,4
blow,4
r-rated,4
pressure,4
transylvania,4
paddington,4
picks,4
kicks,4
citizens,4
avert,4
socially,4
15-year-old,4
continuing,4
sci-fi,4
conventions,4
historical,4
celebrities,4
decision,4
poppy,4
litter,4
misanthropic,4
platonic,4
cameras,4
previously,4
tabloid,4
turnblad,4
penny,4
von,4
disastrous,4
tasked,4
beasts,4
hungry,4
profession,4
beneath,4
visitor,4
fine,4
cameron,4
meddling,4
bandits,4
brennan,4
competitive,4
gene,4
emoji,4
distress,4
astronaut,4
spiritual,4
aaron,4
alpha,4
worldwide,4
clyde,4
solitary,4
barry,4
sausage,4
bid,4
nev.,4
miners,4
shell,4
manages,4
accidental,4
relations,4
bonfamille,4
classes,4
19th,4
heroine,4
lily,4
pride,4
conquer,4
undead,4
deciding,4
rodney,4
gadgets,4
evidence,4
gummer,4
attacks,4
pits,4
impressive,4
newest,4
roles,4
frat,4
convenience,4
stalked,4
convictions,4
worried,4
overbearing,4
developer,4
transform,4
gargamel,4
chases,4
misfits,4
lassard,4
patriarch,4
fester,4
carry,4
position,4
spot,4
pedro,4
hatch,4
beatrice,4
enlist,4
robinson,4
gaul,4
fish-out-of-water,4
detroit,4
foley,4
toilet,4
franchise,4
maverick,4
trading,4
rookie,4
cheerleader,4
destroys,4
shelter,4
rare,4
rio,4
carla,4
mothers,4
frankenstein,4
elderly,4
ambitions,4
spoof,4
minutes,4
juni,4
boring,4
comedian,4
cultures,4
sons,4
coolest,4
shoes,4
walking,4
particular,4
destruction,4
40-year-old,4
says,4
lila,4
african-american,4
pop,4
stardom,4
chipmunks,4
seniors,4
heading,4
wildcats,4
romances,4
catholic,4
dimwitted,4
similar,4
intentions,4
heiress,4
joanna,4
yacht,4
ark,4
hanging,4
stealing,4
downs,4
swimming,4
sandy,4
recipe,4
surly,4
lucky,4
cancer,4
stan,4
shock,4
inept,4
escaped,4
convicted,4
smurfette,4
neurotic,4
races,4
remake,4
strict,4
competing,4
irving,4
smuggling,4
bomb,4
attraction,4
mysteriously,4
somehow,4
breakdown,4
incompetent,4
enthusiastic,4
somewhat,4
immortal,4
julia,4
grace,4
dennis,4
robert,4
ensemble,4
suzanne,4
suburbs,4
walt,4
disney,4
culprit,4
speck,4
banks,4
scam,4
jon,4
yorkers,4
maintain,4
spirits,4
officers,4
werewolf,4
jeff,4
rosie,4
promote,4
mighty,4
teachers,4
throw,4
kronk,4
minor,4
temporarily,4
returning,4
poetry,4
suburb,4
escort,4
devious,4
adaptation,4
serving,4
environment,4
stock,4
announces,4
persuades,4
thousands,4
africa,4
chuck,4
mining,4
capable,4
thwart,4
georgia,4
feline,4
puppy,4
sign,4
casual,4
mikey,4
fat,4
empress,4
hughes,4
drunken,4
drake,4
duck,4
seduce,4
board,4
expensive,4
dreyfus,4
notice,4
confused,4
fighter,4
kim,4
thanksgiving,4
obnoxious,4
nave,4
orphanage,4
writing,4
torn,4
brain,4
figures,4
price,4
kidnap,4
accepted,4
creation,4
lisa,4
idealistic,4
honey,4
delightful,4
bigger,4
mastermind,4
reveals,4
saiyan,4
warriors,4
dollars,4
chased,4
mystical,4
shift,4
anderson,4
string,4
actual,4
knew,4
adventurous,4
opposition,4
violet,4
walk,4
discovered,4
hunters,4
freak,4
resolve,4
kept,4
gig,4
l.a.,4
rick,4
loved,4
freewheeling,4
forcing,4
womanizing,4
husbands,4
surprisingly,4
presidential,4
ugly,4
pole,4
exploits,4
pick,4
goal,4
physical,4
rap,4
mason,4
geeks,4
clark,4
health,4
effects,4
actions,4
intriguing,4
tear,4
avoiding,4
fed,4
towards,4
trick,4
stiff,4
kung-fu,4
retreat,4
nation,4
showing,4
pranks,4
stunts,4
features,4
asked,4
flat,4
300,4
pivert,4
hostage,4
invents,4
abusive,4
block,4
jill,4
bee,4
secretary,4
loving,4
operator,4
alan,4
perpetually,4
salon,4
tripp,4
sue,4
reveal,4
gathers,4
trinity,4
violence,4
shoot,4
outlaw,4
deeds,4
poet,4
dealings,4
anthony,4
allowing,4
robbie,4
addiction,4
1920s,4
caused,4
flees,4
hides,4
ages,4
godefroy,4
sacred,4
fertility,4
attending,4
tess,4
afterlife,4
told,4
unmarried,4
noble,4
barcelona,4
victim,4
sheep,4
chloe,4
chili,4
redneck,4
supposedly,4
expect,4
burns,4
dundee,4
australian,4
retelling,4
scrooge,4
language,4
results,4
drag,4
beth,4
text,4
1930s,4
psychic,4
spanish,4
luckily,4
western,4
speed,4
pulled,4
fails,4
performing,4
germany,4
details,4
understand,4
cronauer,4
vietnam,4
legend,4
committed,4
crosses,4
louna,4
promises,4
toward,4
prey,4
regardless,4
popularity,4
val,4
resistance,4
hitman,4
exposed,4
tail,4
flower,4
womanizer,4
flintstones,4
luis,4
cursed,4
novelist,4
ruby,4
inspires,4
regularly,4
adolescent,4
brand,4
political,4
clashes,4
marine,4
superpowers,4
garrett,4
deeply,4
interviews,4
disappeared,4
rascal,4
furry,4
tycoon,4
hundreds,4
unhappy,4
mixed,4
slightly,4
immigrant,4
trapped,4
geek,4
marcel,4
steps,4
miley,4
horrible,4
psychiatrist,4
developing,4
countryside,4
germans,4
strangers,4
beethoven,4
masetto,4
cannonball,4
trophy,4
window,4
comfort,4
photographer,4
elite,4
joan,4
violetta,4
instant,4
visiting,4
saved,4
possibly,4
quentin,4
association,4
mccall,4
jacks,4
daffy,4
circus,4
permanent,4
lang,4
crusoe,4
memories,4
scores,4
definitely,4
aging,4
lorelei,4
awakens,4
boyle,4
county,4
11-year-old,4
franois,4
buried,4
steven,4
willie,4
potter,4
wright,4
aram,4
bigfoot,4
brussels,4
debo,4
aidan,4
claire,4
occurs,4
beer,4
becca,4
perry,4
marc,4
franck,4
felix,4
luce,4
familys,3
ban,3
ernesto,3
cruz,3
unlock,3
guardians,3
darkness,3
iron,3
wise-cracking,3
blowing,3
strongly,3
forge,3
uneasy,3
astronomer,3
navy,3
tables,3
anger,3
advise,3
adjust,3
portrayal,3
altruistic,3
impending,3
mismatched,3
critters,3
woolly,3
mammoth,3
allies,3
subjected,3
abilities,3
collective,3
damage,3
competitors,3
lightyear,3
afraid,3
otherworldly,3
established,3
monitor,3
activity,3
arrived,3
opposing,3
pot,3
upset,3
fragile,3
napoleon,3
kgb,3
evildoers,3
prevent,3
catastrophe,3
trusted,3
recovery,3
upheavals,3
meltdown,3
bathroom,3
locate,3
frantic,3
testify,3
trial,3
panda,3
trains,3
crane,3
viper,3
monkey,3
low,3
significant,3
smelly,3
preparation,3
wears,3
wont,3
stupidity,3
indescribable,3
outlook,3
whale,3
behalf,3
everywhere,3
ant,3
troupe,3
freeloading,3
self-centered,3
round,3
summoned,3
caf,3
matchmaker,3
bumps,3
dana,3
trainer,3
hotheaded,3
repeating,3
suburbanites,3
coolly,3
assassins,3
split,3
bowl,3
russians,3
producers,3
toes,3
shark,3
vegetarian,3
improbable,3
intimacy,3
appearance,3
supervillain,3
metro,3
jeopardized,3
re-evaluate,3
goals,3
uneventful,3
pub,3
westley,3
staggering,3
complicate,3
assistance,3
out-of-control,3
narcotics,3
bullets,3
trilogy,3
travelers,3
habit,3
perfectly,3
evolved,3
died,3
cozy,3
swamp,3
investigates,3
blooms,3
loki,3
nightclub,3
tina,3
carlyle,3
angers,3
goons,3
repressed,3
rooster,3
unhinged,3
distraught,3
ties,3
2015,3
last-ditch,3
bound,3
racers,3
lightning,3
cup,3
bureaucrat,3
monotony,3
day-to-day,3
recurring,3
virtuous,3
damsel,3
bureaucracy,3
separation,3
anxiety,3
outcasts,3
hairstylist,3
rockstar,3
veterans,3
framed,3
howling,3
murdock,3
sgt,3
demolished,3
swept,3
edition,3
hitchhiker,3
galaxy,3
bosses,3
devise,3
convoluted,3
foolproof,3
employers,3
bulls,3
mellow,3
fastest,3
stumbled,3
dead-end,3
yes,3
disc,3
chad,3
gym,3
whirl,3
mitch,3
brash,3
backfire,3
recovered,3
suitors,3
liability,3
condo,3
unfaithful,3
adrift,3
transition,3
sound,3
hamburgers,3
crossroads,3
affect,3
coup,3
holding,3
recognizes,3
attendant,3
duped,3
ogres,3
embassy,3
customs,3
embroiled,3
lamp,3
jafar,3
ferrell,3
nyc,3
stuff,3
discuss,3
previous,3
humorless,3
bends,3
disasters,3
critical,3
retriever,3
packed,3
lows,3
maturity,3
base,3
worries,3
drawing,3
fortunately,3
gracie,3
hart,3
riding,3
mutated,3
equally,3
befriending,3
dwarves,3
gizmo,3
caring,3
gremlins,3
rhode,3
trooper,3
disorder,3
personalities,3
medication,3
skipper,3
rico,3
cope,3
magnate,3
pests,3
squad,3
swanky,3
sick,3
dewey,3
points,3
rightly,3
1965,3
twelve-year-olds,3
contracts,3
commission,3
voices,3
whiz,3
unconventional,3
grass,3
gritty,3
lizard,3
biology,3
30-something,3
o'donnell,3
wage,3
100th,3
overwhelmed,3
schedule,3
asleep,3
bradley,3
regal,3
rain,3
down-and-out,3
proportions,3
weather,3
documents,3
oppressive,3
attachments,3
psychologist,3
perhaps,3
optimistic,3
dalmatian,3
statement,3
hedonistic,3
mentors,3
progress,3
setbacks,3
corny,3
tussle,3
harness,3
facebook,3
espionage,3
chester,3
inventors,3
mankind,3
obvious,3
unwanted,3
defense,3
theater,3
hosting,3
diaz,3
homes,3
jude,3
imminent,3
posh,3
folks,3
nemeses,3
wet,3
notoriously,3
veers,3
rapidly,3
a-list,3
regina,3
phenomenon,3
takeover,3
coca-cola,3
600,3
charlotte,3
rottweiler,3
happening,3
informant,3
seal,3
supermarket,3
keeper,3
prequel,3
rejection,3
attracts,3
reorganizing,3
tip,3
madame,3
adelaide,3
reimagining,3
austens,3
feisty,3
bennet,3
fierce,3
blood-soaked,3
battlefield,3
unemployment,3
options,3
prominent,3
gathering,3
conference,3
high-powered,3
survivalist,3
deadliest,3
entrepreneurs,3
reversed,3
pending,3
fullest,3
dante,3
sharp-witted,3
minds,3
expel,3
visa,3
margaret,3
paxton,3
dollar,3
commanding,3
ditch,3
monastery,3
hostages,3
prepares,3
sits,3
mechanic,3
insight,3
relative,3
thrilling,3
misadventure,3
carrey,3
claudio,3
considering,3
sorority,3
radner,3
memory,3
adoption,3
hat,3
egyptian,3
cleopatra,3
conservative,3
eaten,3
accompany,3
egypt,3
site,3
troops,3
hottest,3
electrifying,3
song,3
high-society,3
madcap,3
asian,3
aim,3
crop,3
specializes,3
classmates,3
rainforest,3
ones,3
father-in-law,3
amy,3
cutthroat,3
miserable,3
earn,3
tunes,3
ingrid,3
colleagues,3
joining,3
rusty,3
griswold,3
border,3
rabbit,3
janey,3
dancing,3
complications,3
intimidating,3
patch,3
laugh,3
moments,3
fleeing,3
nazis,3
trigger,3
introduction,3
theodore,3
bands,3
chipettes,3
brittany,3
troy,3
gabriella,3
approaching,3
religion,3
origins,3
baxter,3
henchmen,3
greater,3
audience,3
companys,3
nights,3
knocking,3
reed,3
williams,3
excuse,3
masked,3
costumes,3
runaway,3
penguins,3
daisy,3
chauffeur,3
initial,3
page,3
spongebob,3
superheroes,3
disease,3
sensation,3
housewife,3
brainy,3
teamwork,3
partying,3
switches,3
march,3
charged,3
rings,3
jr.,3
earned,3
respectively,3
challenge,3
suspects,3
aerial,3
heights,3
grandson,3
bringing,3
affairs,3
paige,3
danish,3
1950s,3
catastrophic,3
coping,3
selected,3
emerge,3
holes,3
treasures,3
seas,3
strikes,3
quaid,3
disturbed,3
contractor,3
horton,3
elephant,3
please,3
post,3
riviera,3
cost,3
volunteers,3
mutual,3
naughties,3
spell,3
sorcerer,3
papa,3
necessary,3
warning,3
extended,3
kindred,3
pacific,3
savvy,3
deserted,3
tourists,3
admit,3
surfing,3
shared,3
complexities,3
worry,3
employment,3
channel,3
unsuspecting,3
shallow,3
misguided,3
spiral,3
negative,3
climb,3
closely,3
redemption,3
bridget,3
vada,3
cons,3
punishment,3
kiss,3
venice,3
pulls,3
britt,3
resources,3
giselle,3
badly,3
view,3
athletic,3
springs,3
maker,3
davis,3
grumpy,3
has-been,3
fair,3
sixth,3
nightmares,3
horrific,3
arizona,3
type,3
domestic,3
1984,3
mini,3
maxwell,3
drebin,3
energy,3
momma,3
crooked,3
sentence,3
boorish,3
enjoying,3
species,3
expecting,3
xifing,3
resurrect,3
grave,3
ally,3
olivia,3
pie,3
bent,3
afghanistan,3
machinery,3
trek,3
gas,3
rampage,3
tris,3
caroline,3
coma,3
stretch,3
lust,3
pleasure,3
available,3
denny,3
scientific,3
unscrupulous,3
blackmail,3
chevy,3
caretaker,3
gallery,3
rebels,3
unrequited,3
breathing,3
guidance,3
legal,3
nears,3
journal,3
communication,3
damon,3
ethan,3
stroke,3
sweethearts,3
altered,3
harder,3
defending,3
austen,3
books,3
tyrannical,3
script,3
failing,3
came,3
drivers,3
nine,3
peers,3
sophisticated,3
cable,3
garth,3
advances,3
seducing,3
wondering,3
chaplin,3
included,3
volkswagen,3
holds,3
gods,3
poker,3
ace,3
rambunctious,3
discipline,3
benefactor,3
handed,3
angela,3
seasoned,3
scare,3
distracted,3
couch,3
prep,3
filmmaker,3
invention,3
stuffed,3
adventurer,3
starr,3
telling,3
entertainment,3
thrill,3
uproarious,3
stepmother,3
existed,3
goat,3
bills,3
samurai,3
election,3
district,3
testing,3
aisle,3
grizzly,3
chi,3
prostitute,3
companions,3
starring,3
crystal,3
relaxing,3
nikki,3
embarking,3
knock,3
tales,3
vacationing,3
strives,3
stepdad,3
debbie,3
entanglements,3
converge,3
weddings,3
cheese,3
mechanical,3
contend,3
keen,3
seeks,3
shelley,3
nowhere,3
pledge,3
burton,3
fiancee,3
maniacal,3
cook,3
eggs,3
easter,3
ferocious,3
travis,3
wong,3
fei-hung,3
helped,3
erik,3
beta,3
debauchery,3
murderer,3
drops,3
thornton,3
dangerously,3
flock,3
raising,3
transforms,3
donor,3
voracious,3
blend,3
gus,3
shortly,3
ceremony,3
blunders,3
easily,3
playoffs,3
beast,3
pikachu,3
saw,3
vow,3
olympic,3
alain,3
friday,3
extravagant,3
brief,3
objects,3
marks,3
anniversary,3
small-time,3
library,3
ashore,3
birds,3
quit,3
nature,3
devlin,3
tie,3
inexperienced,3
confusion,3
loser,3
confronted,3
amends,3
soundtrack,3
garden,3
juliet,3
disappearance,3
unfolds,3
notices,3
racer,3
engine,3
whilst,3
alexander,3
dawson,3
fascinated,3
profitable,3
mess,3
current,3
puppet,3
soon-to-be,3
dealers,3
product,3
refuge,3
drummer,3
lucas,3
yard,3
wreaks,3
fisher,3
hawk,3
stalking,3
lions,3
outgoing,3
alabama,3
liaison,3
harbors,3
heffley,3
tumultuous,3
ellen,3
delights,3
loss,3
weapon,3
countless,3
tightly,3
suspicions,3
nurse,3
skeptical,3
pupil,3
completed,3
aware,3
vitti,3
naturally,3
sobel,3
practice,3
medieval,3
today,3
tuition,3
gwen,3
zealand,3
coolidge,3
halls,3
education,3
unstable,3
outlandish,3
portrays,3
clue,3
asteroid,3
painter,3
enjoy,3
william,3
donny,3
fathered,3
parent,3
engagement,3
relatives,3
eccentrics,3
acquaintances,3
knoxville,3
method,3
jamal,3
silas,3
exams,3
natural,3
grade,3
bait,3
centers,3
exec,3
threatening,3
include,3
sneaking,3
erupts,3
sub,3
property,3
protecting,3
mostly,3
precocious,3
shurik,3
spelling,3
outback,3
dastardly,3
midwestern,3
flamboyant,3
humanity,3
annabelle,3
coins,3
wooed,3
diner,3
answered,3
experimental,3
concerning,3
created,3
promise,3
stick,3
2002,3
barker,3
30s,3
so-called,3
wealth,3
evolves,3
adults,3
impersonator,3
builds,3
truck,3
winston,3
prank,3
17-year-old,3
witnesses,3
colleague,3
gracey,3
a.k.a,3
pleakley,3
hurt,3
drifting,3
superior,3
horrors,3
forward,3
receiving,3
wounded,3
gruesome,3
intellectual,3
tribe,3
saves,3
lindsey,3
corner,3
boston,3
laurent,3
switzerland,3
underway,3
businesswoman,3
server,3
ike,3
minute,3
anyway,3
hundred,3
nervous,3
shakespeare,3
treatment,3
shut,3
dramatic,3
librarian,3
charms,3
port,3
scholarship,3
cant,3
orders,3
blossoms,3
passenger,3
hip,3
face-to-face,3
ruled,3
corpse,3
lovely,3
portia,3
imaginary,3
ruse,3
flighty,3
vineyard,3
shuttle,3
roxanne,3
kermit,3
frog,3
muppets,3
dooley,3
elin,3
agnes,3
reasons,3
consider,3
psychotic,3
dispatched,3
auto,3
exam,3
adopt,3
eleven,3
freshman,3
madeleine,3
stole,3
cities,3
ron,3
commander,3
assignments,3
fan,3
aurora,3
camera,3
dentist,3
mountain,3
affectionate,3
milo,3
priest,3
marko,3
surreal,3
stacy,3
depression,3
designer,3
investigator,3
rejected,3
ryder,3
changing,3
bink,3
pigeon,3
escalating,3
mischief,3
injured,3
shocking,3
apprentice,3
anchor,3
celebrating,3
1960s,3
eat,3
superstar,3
luke,3
lively,3
erotic,3
flor,3
sat,3
dope,3
megan,3
grown-up,3
montana,3
sperm,3
simone,3
sales,3
route,3
resident,3
developed,3
ronny,3
hair,3
july,3
amnesia,3
anxious,3
alcoholic,3
comparing,3
capturing,3
passengers,3
caddy,3
golf,3
journalism,3
d.c.,3
responsibility,3
artistic,3
moral,3
tradition,3
wine,3
jamilah,3
pregnancy,3
composed,3
pro,3
waiter,3
passionate,3
tini,3
gran,3
tested,3
hooks,3
native,3
ducks,3
mickey,3
minnie,3
aubrey,3
hypochondriac,3
co-worker,3
wander,3
floyd,3
ended,3
tickets,3
harrison,3
reason,3
joys,3
adopted,3
louisiana,3
grey,3
crushed,3
bail,3
feminist,3
flynn,3
wrestling,3
selfish,3
morgan,3
study,3
oldest,3
flame,3
norm,3
dreaming,3
leopold,3
next-door,3
wonderland,3
madison,3
accio,3
manrico,3
mail,3
breakup,3
harriet,3
freddie,3
celeste,3
belongs,3
imagination,3
warbucks,3
longs,3
cinema,3
maid,3
barely,3
gilly,3
gambling,3
dysfunction,3
deeper,3
paloma,3
basement,3
eligible,3
rashid,3
wit,3
surfer,3
orange,3
dim-witted,3
creepy,3
erica,3
rumors,3
shape,3
olive,3
apartments,3
faith,3
jin-goo,3
uncontrollable,3
shepherd,3
keong,3
rooms,3
field,3
pianist,3
jokes,3
watches,3
examine,3
taiwan,3
tuck,3
boxing,3
slim,3
marni,3
backed,3
frankie,3
decent,3
1976,3
chocolate,3
nester,3
jose,3
les,3
mercedes,3
constantly,3
manner,3
funs,3
michigan,3
aba,3
luther,3
bombay,3
lambda,3
terminal,3
valedictorian,3
vittoria,3
karol,3
rosalinda,3
peasants,3
profit,3
tribal,3
run-down,3
prompting,3
bubble,3
thats,3
naughty,3
devastated,3
zinos,3
detail,3
raises,3
elena,3
pignon,3
convincing,3
esmond,3
monica,3
elliott,3
tomas,3
tereza,3
darryl,3
woodlands,3
hedwig,3
instantly,3
hopps,2
zootopia,2
partnering,2
scam-artist,2
baffling,2
generations-old,2
trickster,2
hector,2
mysteries,2
quill,2
parentage,2
grip,2
ninja,2
april,2
vern,2
fenwick,2
spider-man,2
vulture,2
sparrow,2
ill-fortune,2
sailors,2
salazar,2
trident,2
poseidon,2
headstrong,2
jumanji,2
pitted,2
rhinos,2
mambas,2
traps,2
puzzles,2
bumpy,2
exception,2
uprooted,2
guided,2
disgust,2
sadness,2
main,2
emotion,2
positive,2
kingsman,2
eggsy,2
merlin,2
statesman,2
rebuild,2
saber-toothed,2
sloth,2
nobler,2
aims,2
mercenary,2
accelerated,2
healing,2
hunts,2
sealing,2
motivate,2
eighties,2
attracting,2
gru,2
anti-villain,2
stockbroker,2
securities,2
corruption,2
banking,2
infiltration,2
belfort,2
autobiography,2
notch,2
kay,2
ambassadors,2
galaxies,2
illya,2
kuryakin,2
hostilities,2
budapest,2
concierge,2
protg,2
renaissance,2
painting,2
slow,2
20th,2
bachelor-party,2
revelry,2
tying,2
launching,2
perseveres,2
hangover,2
homer,2
pollutes,2
springfield,2
encased,2
dome,2
epa,2
simpsons,2
declared,2
unsleek,2
shifu,2
tigress,2
mantis,2
unsatisfactory,2
sadly,2
mini-figure,2
masterbuilder,2
gluing,2
exceeding,2
attained,2
eludes,2
'forrest,2
gump,2
proved,2
bein,2
albeit,2
fire-breathing,2
compatriot,2
glue,2
lubricant,2
prada,2
cave,2
shielded,2
dory,2
nemo,2
marlin,2
flik,2
grasshoppers,2
evil-minded,2
hopper,2
summons,2
advisor,2
yzma,2
poison,2
llama,2
squire,2
knights,2
bedevere,2
lancelot,2
not-quite-so-brave-as-sir-lancelot,2
galahad,2
pure,2
limbs,2
chopped,2
insists,2
camelot,2
super-secret,2
unrefined,2
ultra-competitive,2
tech,2
sidelines,2
painfully,2
amlie,2
tautou,2
amelie,2
all-around,2
do-gooder,2
wolfpack,2
defeated,2
gozer,2
bestowed,2
zeus,2
pegasus,2
horse,2
hades,2
olympus,2
nicholas,2
reassigned,2
sandford,2
decapitated,2
addressed,2
narcissistic,2
attractive-but-distant,2
mawkish,2
groundhog,2
punxsutawney,2
vanilla-wedded,2
highly-paid,2
spicy,2
pent-up,2
nonstop,2
championships,2
overseas,2
uso,2
wheelchair-bound,2
dragged,2
nihilists,2
ferrets,2
errant,2
sums,2
guess,2
unrealistic,2
1980s-era,2
novice,2
buenos,2
aires,2
femme,2
fatale,2
loop,2
megamind,2
defeats,2
exceptionally,2
19-year-old,2
supremely,2
strenuous,2
snack,2
londoners,2
enchantingly,2
buttercup,2
six-fingered,2
swordsmen,2
princes,2
sicilians,2
rodents,2
lovebirds,2
triumphing,2
hen-pecked,2
foot-loose,2
fancy,2
consignment,2
trash-talking,2
lowrey,2
explode,2
whacked-out,2
barrios,2
cuba,2
fireworks,2
outwitting,2
publics,2
adulation,2
mind-bending,2
spectacles,2
horsemen,2
resurface,2
delorean,2
mineshaft,2
1885,2
spurs,2
clara,2
clayton,2
tangles,2
columbus,2
scares,2
tallahassee,2
kick,2
ever-living,2
ass,2
survivors,2
stare,2
ripper,2
initiates,2
generals,2
frantically,2
captivated,2
varjak,2
dime,2
norse,2
exuding,2
robs,2
dorian,2
tyrell,2
blamed,2
tweedy,2
chickens,2
farmers,2
doom,2
awed,2
buttoned-down,2
partnered,2
unnecessary,2
homicide,2
prostitution,2
strings,2
juno,2
time-traveling,2
nip,2
biff,2
pesky,2
almanac,2
overkill,2
super-villain,2
herb,2
blindsided,2
blazing-fast,2
mcqueen,2
technician,2
hornet,2
piston,2
racings,2
low-level,2
wrongful,2
tuttle,2
mindless,2
id-toting,2
flu,2
banish,2
garbage,2
tenth,2
grader,2
rubs,2
fixes,2
israeli,2
counterterrorism,2
ambition,2
zohan,2
faking,2
head-to-head,2
pilgrim,2
wannabe,2
ramona,2
col.,2
hannibal,2
h.m.,2
bosco,2
b.a,2
baracus,2
templeton,2
faceman,2
peck,2
seconds,2
dent,2
prefect,2
researcher,2
penning,2
kurt,2
tolerable,2
intolerable,2
quitting,2
option,2
few-too-many,2
drinks,2
dubious,2
hustling,2
quietly,2
cork,2
smelling,2
versus,2
jumping,2
snorting,2
butting,2
temperament,2
roughest,2
bullfights,2
1936,2
munro,2
post-divorce,2
embrace,2
deserves,2
seventeen-year,2
spier,2
memoirs,2
litzke,2
feldheimer,2
cosmetic,2
surgery,2
predictably,2
doofuses,2
orbit,2
buchannon,2
butts,2
careless,2
chauvinistic,2
enables,2
reede,2
habitual,2
liar,2
blows,2
candles,2
fifth,2
payback,2
swindler,2
defrauded,2
slide,2
penthouse,2
weaver,2
unravels,2
fickle,2
self-styled,2
wisdom,2
navorski,2
d'etat,2
exploded,2
shambles,2
kennedy,2
passport,2
quarantined,2
lounge,2
simply,2
pacts,2
deal-maker,2
awaywhere,2
methe,2
wishing,2
triad,2
necks,2
life-threatening,2
bombing,2
allegiance,2
isabella,2
marketplace,2
street-urchin,2
nypd,2
p.k,2
baddest,2
desks,2
sit,2
wahlberg,2
photos,2
innocuous,2
shagadelic,2
clone,2
mini-me,2
foe,2
'70s,2
goldmember,2
austin,2
bruges,2
belgium,2
stitzer,2
pleasant,2
stamping,2
invoices,2
electronics,2
bothering,2
sex-obsessed,2
de-virginize,2
trish,2
adenoid,2
expand,2
barber,2
persecution,2
focker,2
pops,2
backward,2
impression,2
hawklike,2
gaze,2
trouble-loving,2
marley,2
load,2
mortality,2
lens,2
democracy,2
lovingly,2
space-traveling,2
smart-ass,2
advising,2
outlived,2
usefulness,2
dissection,2
compound,2
51,2
contains,2
earthlings,2
citizen,2
tough-as-nails,2
contestant,2
thermopolis,2
lilly,2
'princess,2
lessons'-,2
horses,2
side-saddle,2
archery,2
snowflake,2
munchkin-like,2
abhors,2
bretter,2
jansen,2
enchantress,2
vs.,2
cyber-buddy,2
enlightened,2
peltzer,2
mogwai,2
unleashes,2
baileygates,2
aggressive,2
kowalski,2
octavius,2
brine,2
baskin,2
carnival,2
unfamiliar,2
grown-ups,2
superstore,2
kathleen,2
blissfully,2
posts,2
parapsychologists,2
proton-pack-toting,2
exterminate,2
ghouls,2
hobgoblins,2
knockout,2
cellist,2
purge,2
refrigerator,2
unconformited,2
guitarist,2
vocalist,2
finagles,2
fifth-grade,2
substitute,2
finer,2
moonrise,2
off-shore,2
maguire,2
rod,2
tidwell,2
egomaniacal,2
player-turned-golf,2
gilmore,2
ire,2
shooter,2
mcgavin,2
pga,2
soften,2
gun-slinging,2
less-than-courageous,2
welcomed,2
hilt,2
romain,2
masturbating,2
midlife,2
do-over,2
aca-circuit,2
strengthen,2
aca-magic,2
tagging,2
canadians,2
terrance,2
philip,2
pronounced,2
corrupted,2
old-old-old-fashioned,2
vlad,2
impromptu,2
get-together,2
collision,2
old-school,2
suffocating,2
touring,2
sedative,2
bench,2
lockwood,2
clouds,2
enabling,2
chewandswallow,2
feed,2
gargantuan,2
scramble,2
spiteful,2
long-absent,2
stepping,2
scraping,2
re-runs,2
beamed,2
spacecraft,2
on-screen,2
dramas,2
solar,2
reconnects,2
coincides,2
antidepressants,2
maladies,2
theyve,2
bawdy,2
zack,2
miri,2
cash-flow,2
'hitch,2
hitchens,2
proven,2
techniques,2
melas,2
pleasantly,2
plump,2
pingleton,2
amber,2
shipped,2
lured,2
corp,2
technologies,2
betterment,2
operates,2
pickles,2
tacodiles,2
shrimpanzees,2
pie-thons,2
decidedly,2
rodent-phobic,2
ideally,2
situated,2
auguste,2
gusteau,2
certainly,2
cabdriver,2
kidnappers,2
koala,2
buster,2
drum,2
winslet,2
swap,2
christmastime,2
breakups,2
boyfriends,2
five-stake,2
mavis,2
118th,2
catering,2
ventura,2
fateful,2
senatorial,2
socialite,2
enchanting,2
madly,2
carddespite,2
bellboy,2
huff,2
doback,2
stepbrothers,2
constant,2
strains,2
multi-expressional,2
extremities,2
scorch,2
supernova,2
responds,2
sos,2
spoken,2
voyage,2
off-course,2
over-the-counter,2
cough,2
syrup,2
pepper,2
spray,2
cady,2
heron,2
plastics,2
samuels,2
self-described,2
ensemblelego,2
batmanstars,2
big-screen,2
gotham,2
jokers,2
hostile,2
batman,2
vigilante,2
execute,2
speedway,2
macho,2
primped,2
starsky,2
laid-back,2
hutch,2
hutchinson,2
huggy,2
persuasive,2
reese,2
feldman,2
contraband,2
medellin,2
cartel,2
products,2
shaolin,2
follower,2
discouraged,2
purchases,2
renovation,2
bone-chilling,2
tremors,2
1889,2
spooked,2
populate,2
droves,2
deaths,2
eradicated,2
dani,2
hairs,2
spooky,2
affects,2
overly-confident,2
accomplice,2
theres,2
duchess,2
heirs,2
o'malley,2
jazz-playing,2
alley,2
aristocats,2
tangled,2
epitome,2
prejudice,2
intensifies,2
swallow,2
rattled,2
surveys,2
commune,2
copperbottom,2
ratchet,2
weld,2
industries,2
obsolete,2
impact,2
mi-7,2
premier,2
once-disgraced,2
redeem,2
tarnished,2
stopping,2
burt,2
perfection,2
simulated,2
worm,2
flesh-eating,2
graboids,2
chauvinist,2
damien,2
dominated,2
uber-controlling,2
foul-mouthed,2
daytona,2
nuptials,2
riotous,2
karaoke,2
clerks,2
randal,2
potty-mouthed,2
needling,2
counter,2
jockeys,2
newly-formed,2
jody,2
insidious,2
install,2
arch,2
sensei,2
splinter,2
brew,2
deported,2
tate,2
put-upon,2
real-estate,2
sequence,2
lifeless,2
wizard,2
possession,2
climbing,2
rockies,2
adapts,2
humiliation,2
jenna,2
stashed,2
globe,2
alarming,2
ingenious,2
poorly,2
meryl,2
streep,2
imposter,2
farce,2
mac,2
scanner,2
bowler,2
ambivalent,2
edifis,2
surf,2
brady,2
ross,2
mack,2
lela,2
numbers,2
sunshine,2
roddy,2
sewer,2
hang,2
spike,2
square,2
leo,2
possessed,2
earthquake,2
taxi,2
blu,2
amazon,2
nigel,2
fearsome,2
under-appreciated,2
wasnt,2
housekeeper,2
capricious,2
politician,2
maya,2
rowan,2
single-handedly,2
looney,2
cortez,2
countries,2
kumail,2
illness,2
recreate,2
walley,2
fathers,2
disenchanted,2
dispute,2
arises,2
patrol,2
lynne,2
shares,2
bikers,2
subdivision,2
ensue,2
adams,2
risking,2
fortress,2
mix-up,2
alvin,2
toby,2
directions,2
unforgettable,2
friendships,2
debonair,2
unleash,2
positions,2
millionaires,2
produced,2
promoted,2
producing,2
unauthorized,2
carpenter,2
overboard,2
contacts,2
congressman,2
hitting,2
jockey,2
fulfill,2
recording,2
archeologist,2
recorded,2
unleashed,2
foes,2
ex-lovers,2
tap,2
types,2
shines,2
charts,2
requisite,2
sessions,2
behind-the-scenes,2
burger,2
bikini,2
surface,2
squirrel,2
villa,2
jep,2
seduced,2
decades,2
nightclubs,2
deanna,2
prisoner,2
forbidden,2
smurf,2
zac,2
efron,2
anne,2
hudgens,2
signing,2
parade,2
command,2
bloodthirsty,2
enlisted,2
information,2
ricky,2
nascar,2
knack,2
finishing,2
slots,2
retain,2
neighbour,2
organized,2
zisman,2
trunk,2
african,2
explodes,2
high-stakes,2
lieutenant,2
refused,2
worked,2
studios,2
filming,2
severe,2
admiral,2
carefully,2
supreme,2
rag-tag,2
liz,2
victorian,2
smitten,2
lissa,2
sacrifice,2
intend,2
exploit,2
managers,2
toymaker,2
roberts,2
juicy,2
near,2
according,2
obliged,2
gunmen,2
fantasy,2
arrogant,2
slater,2
krab,2
talents,2
fledgling,2
oregon,2
liked,2
philippe,2
seaside,2
batch,2
commandant,2
disgusted,2
odie,2
look-alike,2
song-and-dance,2
acts,2
befriend,2
grouchy,2
felt,2
wipe,2
villagers,2
killings,2
hurricane,2
layover,2
decrepit,2
neighboring,2
twice,2
jenko,2
infiltrates,2
mature,2
freshmen,2
crashes,2
seizes,2
cody,2
bridges,2
zooey,2
outer,2
navigates,2
monroe,2
flee,2
concocted,2
aide,2
elixir,2
klutzy,2
tai,2
makeover,2
spreads,2
overworked,2
moms,2
conventional,2
photo,2
ladder,2
raids,2
paroled,2
ricki,2
guitar,2
rock-and-roll,2
sticks,2
mulan,2
dorm,2
haruto,2
kurosaki,2
spyder,2
cocaine,2
occasionally,2
stumbling,2
bust,2
largest,2
aimless,2
wilkinson,2
kato,2
unbelievable,2
dublin,2
strained,2
flawed,2
storybook,2
murderers,2
rosewood,2
scout,2
ernie,2
teammates,2
funding,2
academies,2
sleep,2
elm,2
burroughs,2
patient,2
population,2
underwater,2
swarm,2
dormant,2
flesh,2
usual,2
hipster,2
bean,2
cannes,2
thieving,2
missions,2
belgian,2
entrusted,2
lowly,2
core,2
benefits,2
complication,2
mermaid,2
activists,2
embarrassed,2
compromised,2
promotes,2
smart,2
crass,2
artists,2
promoter,2
icon,2
allergies,2
touches,2
wide-eyed,2
weight,2
realises,2
nina,2
selling,2
oss,2
beds,2
vet,2
reynolds,2
mate,2
steel,2
feared,2
enslaved,2
understanding,2
heard,2
gridiron,2
plain,2
genre,2
norah,2
beings,2
misunderstanding,2
correct,2
iris,2
beam,2
filmore,2
preoccupied,2
nicole,2
sitter,2
hire,2
aimed,2
drain,2
fund,2
bungling,2
ropes,2
moscow,2
jacques,2
environmental,2
preserve,2
june,2
wide,2
moonlights,2
johnston,2
baldwin,2
marigold,2
predicament,2
edge,2
zambezia,2
literature,2
parallel,2
intelligent,2
uncaring,2
possesses,2
telekinetic,2
autistic,2
laughter,2
wendy,2
valentin,2
wonders,2
oblivion,2
gather,2
tied,2
stunt,2
disappear,2
trainee,2
collector,2
robbed,2
vanishes,2
tracking,2
wyatt,2
boost,2
level,2
science,2
baron,2
peasant,2
heists,2
prompts,2
access,2
handles,2
veterinarian,2
recall,2
short-term,2
feet,2
considered,2
tramp,2
edna,2
bug,2
cases,2
amos,2
vast,2
elves,2
deemed,2
executes,2
dawn,2
missile,2
programming,2
nations,2
authority,2
undergone,2
invincible,2
1950,2
spaceship,2
safely,2
beau,2
thousand,2
debts,2
reward,2
porco,2
rosso,2
crimson,2
introduced,2
freelance,2
cedric,2
disgraced,2
shane,2
decorated,2
junkie,2
respect,2
blessing,2
lana,2
confident,2
midst,2
outsmart,2
randy,2
dupree,2
newlywed,2
frustrated,2
hedley,2
politically,2
szalinski,2
scouring,2
skeeter,2
bronson,2
bewildered,2
operatives,2
reuben,2
irresistible,2
comically,2
irresponsible,2
hard-working,2
truths,2
dany,2
boon,2
cliques,2
gal,2
famed,2
imprisoned,2
retrieving,2
memoir,2
assist,2
uprising,2
carolina,2
elle,2
eternally,2
rally,2
1962,2
vernon,2
delta,2
average,2
americans,2
civilization,2
blithe,2
hollow,2
besides,2
sanity,2
coop,2
expose,2
cans,2
closing,2
sack,2
overlooks,2
primitive,2
buds,2
wives,2
marriages,2
grant,2
unfold,2
eternal,2
painful,2
opera,2
mortician,2
interludes,2
spotlight,2
madeline,2
arch-rival,2
intention,2
gomez,2
morticia,2
add,2
storylines,2
deception,2
forth,2
accused,2
adviser,2
ashtray,2
wayans,2
marlon,2
carries,2
warhead,2
coyote,2
coyotes,2
hole,2
extreme,2
misses,2
ample,2
brenda,2
invading,2
sullivan,2
lesson,2
interfering,2
peoples,2
ruined,2
crunch,2
daredevil,2
part-time,2
valuable,2
tossed,2
zeta,2
unless,2
makeup,2
combination,2
trucker,2
agreed,2
emerald,2
pan,2
defunct,2
hated,2
inhabitants,2
artifact,2
beck,2
disposition,2
mishaps,2
sadistic,2
slapstick,2
trademark,2
presided,2
choices,2
harried,2
shes,2
statue,2
swingers,2
traffic,2
outdo,2
levels,2
brood,2
consists,2
vignettes,2
staid,2
doctors,2
liver,2
scouting,2
akeem,2
synthetic,2
psychological,2
superman,2
hubert,2
frail,2
interferes,2
pistol,2
weak,2
rocco,2
adds,2
16th,2
tomboyish,2
avery,2
zone,2
mcginty,2
sentinels,2
screwed,2
space-time,2
express,2
lurks,2
billion,2
backs,2
quartet,2
humanoid,2
conman,2
christina,2
meaningful,2
courtney,2
dickens,2
sensual,2
passage,2
individuals,2
interactions,2
magazines,2
raped,2
carrie,2
cantankerous,2
fun-loving,2
published,2
counting,2
establishment,2
1988,2
olympics,2
compilation,2
skits,2
beavis,2
butt-head,2
10th,2
2000,2
operating,2
ultra,2
fast-paced,2
bible,2
obsession,2
hank,2
washes,2
midwesterner,2
answer,2
prayers,2
prized,2
suit,2
unwitting,2
riot,2
bigoted,2
slimane,2
dress,2
elude,2
rabbi,2
barris,2
requires,2
nela,2
outskirts,2
cynical,2
tranquil,2
white-suited,2
lights,2
present-day,2
belle,2
troublemaking,2
offspring,2
screenplay,2
gnomes,2
antonio,2
hardly,2
world-famous,2
damaged,2
ranger,2
philandering,2
coincidence,2
eastern,2
absent,2
infamous,2
gatherings,2
messer,2
juggling,2
careers,2
ground,2
demo,2
arrange,2
versions,2
19th-century,2
opportunists,2
supplying,2
virus,2
mormons,2
bullies,2
bambino,2
mccallister,2
natalie,2
complicates,2
goody,2
shops,2
disturbing,2
impatient,2
treat,2
informed,2
pei,2
o'bannon,2
melody,2
value,2
brother-in-law,2
atlanta,2
dough,2
besieged,2
poses,2
marijuana,2
insects,2
shrink,2
crimes,2
sparky,2
prepared,2
kyle,2
manipulates,2
festive,2
secure,2
mayflower,2
achieve,2
privacy,2
evelyn,2
ruth,2
experienced,2
whistle,2
potentially,2
humiliating,2
surrounded,2
slice,2
acclaimed,2
teenaged,2
seasonal,2
smoothly,2
bonus,2
advocate,2
diamonds,2
spins,2
twain,2
tango,2
gabriel,2
perret,2
frames,2
moonlighting,2
roaring,2
descends,2
device,2
beauregard,2
gunman,2
retire,2
gunfighter,2
insecure,2
kirk,2
lasting,2
sixty-something,2
geoff,2
stable,2
benson,2
shining,2
boucher,2
gretta,2
hip-hop,2
gum,2
gangsters,2
sailing,2
believed,2
natives,2
counseling,2
montmirail,2
jewels,2
gays,2
stops,2
throwing,2
tend,2
hawaiian,2
insist,2
focal,2
gotten,2
imagine,2
long-haired,2
moe,2
leela,2
dwarf,2
tulip,2
unwelcome,2
burn,2
casper,2
episodic,2
boum,2
descend,2
therapy,2
examination,2
centering,2
xavier,2
reaper,2
lucrative,2
superstars,2
ivy,2
neuroses,2
angst,2
harassing,2
hate,2
sinclair,2
julianne,2
subject,2
kinnear,2
lane,2
yancy,2
pearl,2
nerves,2
deranged,2
kemp,2
pristine,2
juan,2
entangled,2
sanderson,2
development,2
schoolgirl,2
specifically,2
coming-of-age,2
delicate,2
buffy,2
filmed,2
gulf,2
out-of-work,2
bike,2
gangs,2
crocodile,2
good-natured,2
instincts,2
flavor,2
smaller,2
rednecks,2
engineer,2
gray,2
throughout,2
originally,2
regarded,2
fountain,2
yorker,2
harper,2
nomad,2
elementary,2
ali,2
thrilled,2
alfalfa,2
shorts,2
psychopathic,2
pitching,2
klump,2
genetic,2
frame,2
serum,2
proposal,2
juvenile,2
detention,2
outlet,2
deaf,2
paula,2
sabotage,2
clause,2
stepford,2
outlaws,2
repeatedly,2
identified,2
margot,2
warlords,2
correspondent,2
sleeping,2
figured,2
boarding,2
centre,2
learned,2
overwhelming,2
200,2
bernard,2
owns,2
bakery,2
werewolves,2
swindled,2
grieving,2
scream,2
orleans,2
interesting,2
world-class,2
trent,2
evenings,2
lonette,2
reflect,2
evers,2
fury,2
adolf,2
monstrous,2
brass,2
numerous,2
determine,2
warren,2
disapproves,2
fourth,2
contained,2
airplane,2
cooper,2
adrian,2
shocks,2
dickerson,2
affable,2
scrappy,2
reports,2
fort,2
boyd,2
regiment,2
horrifying,2
vicious,2
colonel,2
neglects,2
dinosaurs,2
downhill,2
antoine,2
seduces,2
romans,2
banker,2
solitude,2
chatty,2
late-night,2
females,2
offensive,2
sad,2
impulsively,2
heffalump,2
elusive,2
curious,2
partridge,2
broadcaster,2
subsequently,2
digital,2
pairs,2
rehab,2
chooses,2
resistant,2
refusing,2
ceo,2
concerned,2
meals,2
robots,2
fanatical,2
revolutionary,2
leonard,2
shuts,2
succesful,2
bars,2
morris,2
devotes,2
lance,2
tragedy,2
wrench,2
best-selling,2
stanton,2
outspoken,2
stoners,2
fanatics,2
abroad,2
revisit,2
wrestles,2
smersh,2
triumphs,2
hard-charging,2
lawrence,2
enable,2
sponsors,2
bloody,2
cunning,2
intrepid,2
pup,2
humane,2
halfway,2
evicted,2
16-year-old,2
exact,2
loophole,2
championship,2
interrupted,2
weird,2
riches,2
gathered,2
boddy,2
parrot,2
oddball,2
spots,2
penniless,2
attends,2
1940s,2
axe,2
landlords,2
engage,2
gillian,2
owens,2
angelov,2
wilma,2
warden,2
penchant,2
intense,2
strait-laced,2
princeton,2
pressman,2
jeremiah,2
exhilarating,2
lacks,2
sled,2
naturalist,2
gofer,2
plagued,2
satiric,2
masterpiece,2
upper-class,2
randall,2
fast-food,2
finance,2
whirlwind,2
dads,2
seattle,2
dolittle,2
communicate,2
forlorn,2
suitable,2
assumes,2
martha,2
amiable,2
embarrass,2
demolition,2
feature,2
unassuming,2
degenerate,2
biological,2
kindhearted,2
relate,2
cigarettes,2
hosts,2
snowy,2
sailor,2
lula,2
sister-in-law,2
kindergarten,2
fares,2
newsman,2
payne,2
losers,2
hound,2
sadie,2
minor-league,2
stint,2
bona,2
fide,2
rekindle,2
covers,2
false,2
jamaican,2
nickname,2
rev,2
menace,2
rosco,2
succeeds,2
pincus,2
miraculously,2
revived,2
annoying,2
blacky,2
wwii,2
abandons,2
cleaner,2
gigolo,2
began,2
imaginable,2
mumble,2
meantime,2
shaw,2
nursing,2
rolls,2
paper,2
1944,2
woodland,2
cheated,2
brooke,2
rocks,2
all-out,2
upscale,2
argument,2
housing,2
gen.,2
rancor,2
steele,2
circuit,2
veronique,2
clothes,2
michele,2
vastly,2
1978,2
somewhere,2
isolated,2
greed,2
entertains,2
wealthiest,2
rollers,2
dash,2
shoe,2
kentucky,2
default,2
retaliation,2
victory,2
hoggett,2
confesses,2
betray,2
typically,2
temptation,2
efficiency,2
intended,2
acquiring,2
unfinished,2
plague,2
spirited,2
warne,2
downtown,2
lennon,2
lift,2
unpleasant,2
screenwriter,2
francesca,2
ventures,2
young-goon,2
mentally,2
frequently,2
il-soon,2
cure,2
mitchie,2
newcomers,2
sensational,2
over-the-top,2
cinderella,2
presents,2
sex-crazed,2
pining,2
deborah,2
clasky,2
tensions,2
disappearing,2
josie,2
audiences,2
turkey,2
unidentified,2
reggie,2
scheduled,2
surviving,2
panics,2
annika,2
world-weary,2
hard-partying,2
philosophy,2
fatal,2
guards,2
stewart,2
glamour,2
jeans,2
manners,2
bare,2
1959,2
blocks,2
anton,2
fitting,2
fourteen,2
presentation,2
graduated,2
t-birds,2
jacket,2
futuristic,2
boxer,2
avenge,2
naruto,2
wanting,2
respected,2
marwood,2
withnail,2
monty,2
satisfying,2
accompanies,2
rivers,2
festival,2
flammond,2
realising,2
expelled,2
pilots,2
items,2
expedition,2
alternate,2
smails,2
erin,2
stays,2
awaits,2
practitioner,2
dimension,2
troublesome,2
shrinks,2
entrepreneur,2
strays,2
tails,2
follow-up,2
celestine,2
craving,2
satire,2
childlike,2
offbeat,2
oscar-winning,2
bite,2
lots,2
list,2
northern,2
chastity,2
brock,2
mph,2
effect,2
searches,2
routinely,2
swank,2
entrenched,2
represents,2
purposes,2
mounting,2
contestants,2
diverse,2
bred,2
barracks,2
walked,2
duke,2
sefton,2
acquired,2
extend,2
sexuality,2
huttinger,2
sedate,2
parenthood,2
wreak,2
raid,2
spree,2
episodes,2
package,2
elements,2
sharing,2
duchemin,2
clown,2
tester,2
ralph,2
sorely,2
cookie,2
peek,2
gloria,2
holy,2
grail,2
scholarships,2
varsity,2
donald,2
swindle,2
satan,2
schools,2
conversation,2
ski,2
drives,2
unfairly,2
dig,2
globodyne,2
collapse,2
robbing,2
cultural,2
sidarthur,2
leadership,2
sold-out,2
portal,2
gavilan,2
calden,2
yoga,2
instructor,2
herbie,2
beetle,2
protected,2
mordon,2
code,2
betrayed,2
teaming,2
stayed,2
picking,2
marybeth,2
bayou,2
butcher,2
rangers,2
monthly,2
bogart,2
self-help,2
dorado,2
mythical,2
broke,2
joyride,2
griffin,2
nephews,2
darnell,2
parking,2
ove,2
neighbourhood,2
literary,2
sinja,2
backyard,2
toast,2
childs,2
spain,2
chemical,2
townspeople,2
ratner,2
sought,2
helena,2
reeling,2
switchblade,2
lampoon,2
subversive,2
murray,2
tricky,2
sexually,2
warner,2
vice,2
manufacturing,2
roberta,2
quarterback,2
sketches,2
footage,2
bergens,2
delightfully,2
factions,2
radha,2
achieves,2
crowd,2
settles,2
biasi,2
proceeds,2
muriel,2
mascot,2
debut,2
big-city,2
superiors,2
xixo,2
shopping,2
savage,2
absence,2
invisible,2
hildy,2
steer,2
jade,2
goodwill,2
aged,2
bury,2
offends,2
would-be,2
bryan,2
grades,2
stuffy,2
sensitive,2
fascist,2
barrel,2
brantley,2
mackenzie,2
michaels,2
equal,2
witches,2
compulsive,2
debtors,2
obligations,2
pat,2
exchange,2
life-long,2
ill,2
effective,2
woos,2
clive,2
unfurls,2
jaded,2
finny,2
nestrians,2
involuntary,2
hazel,2
leah,2
smooth,2
resists,2
dug,2
encountering,2
facility,2
hannigan,2
confusing,2
jefferson,2
appointed,2
shortcomings,2
zach,2
siler,2
sharply,2
sly,2
humorous,2
trailer,2
eloise,2
saddled,2
dna,2
habits,2
element,2
sheeni,2
armored,2
organizes,2
sword,2
monks,2
crusades,2
jewelry,2
sustaining,2
assailant,2
presley,2
catcher,2
cancelled,2
lads,2
challenging,2
overachiever,2
isnt,2
vocal,2
differently,2
rocked,2
broadcasting,2
august,2
1967,2
marla,2
whatsoever,2
values,2
toxic,2
observations,2
janitor,2
inspire,2
big-time,2
grandpa,2
remedy,2
patrons,2
terrorists,2
auggie,2
mummy,2
ringo,2
application,2
janet,2
frank-n-furter,2
violently,2
revolution,2
in-laws,2
fool,2
underneath,2
crashed,2
terence,2
look-alikes,2
nonetheless,2
resulting,2
fondness,2
marin,2
mile,2
afternoon,2
julian,2
marx,2
sixteen-year-old,2
scrambles,2
revolving,2
washed,2
range,2
normal-sized,2
thread,2
demolish,2
zoe,2
ballroom,2
tutor,2
mother-in-law,2
dropout,2
burned,2
allan,2
chantry,2
term,2
sadomasochistic,2
kakihara,2
bind,2
bronx,2
appreciate,2
cartoon,2
barney,2
tests,2
annoyed,2
occasion,2
friedrich,2
sammy,2
diane,2
n.j.,2
reckless,2
vendetta,2
sentences,2
bounce,2
suitor,2
pope,2
ward,2
dismay,2
hottie,2
attracted,2
describes,2
kyun-woo,2
assisting,2
widowed,2
covets,2
sydney,2
ratings,2
tropez,2
pascal,2
maximus,2
chameleon,2
finale,2
dada,2
kondke,2
amongst,2
vessel,2
arms,2
captive,2
o'reilly,2
celine,2
pursuit,2
motel,2
bates,2
mid-life,2
charlene,2
bedroom,2
beating,2
listen,2
mona,2
zibby,2
source,2
con-man,2
blane,2
morals,2
streetwise,2
einstein,2
bloom,2
cell,2
rediscovers,2
cora,2
manchester,2
contact,2
suave,2
fatherhood,2
management,2
embezzled,2
enlisting,2
1973,2
hustler,2
jean-ren,2
anglique,2
handicap,2
disguised,2
awakened,2
daytime,2
underwear,2
richards,2
loveless,2
holden,2
unreliable,2
heartbroken,2
eye-catching,2
zachary,2
civilized,2
tropics,2
nba,2
arletty,2
ashby,2
chronicles,2
tingle,2
mayhem,2
tempted,2
luxurious,2
dorothy,2
attilio,2
caribbean,2
rising,2
addition,2
polish,2
dominique,2
divorces,2
expatriate,2
smalls,2
non-vampire,2
controlling,2
embarrasses,2
treating,2
empty,2
reliving,2
fuel,2
pleasantville,2
suzie,2
landers,2
hallie,2
caffery,2
fairbanks,2
puberty,2
arm,2
opponent,2
valmont,2
jocelyn,2
advertisement,2
supervisor,2
mller,2
goethe-gesamtschule,2
fitness,2
overweight,2
extra,2
rough,2
rescuing,2
bhaskar,2
sale,2
engaging,2
rosemary,2
karate,2
racing,2
berk,2
rent,2
hone,2
recommends,2
treats,2
ira,2
roommates,2
senator,2
hurley,2
gonzo,2
fantmas,2
ivan,2
envisions,2
porsche,2
scandal,2
motley,2
nadine,2
illias,2
rollo,2
slights,2
paolo,2
ominous,2
russ,2
chubby,2
coconut,2
jean-tienne,2
fougerole,2
mass,2
seymour,2
mushnik,2
supper,2
requested,2
elmo,2
till,2
displays,2
hypocritical,2
alberto,2
unmask,2
cletus,2
transport,2
substance,2
reilly,2
1980,2
mcdonald,2
pong,2
models,2
connects,2
entrusts,2
berke,2
allison,2
latin,2
barnhardt,2
funes,2
mistress,2
modest,2
mandy,2
banana,2
amantido,2
bananas,2
torsillo,2
skirt,2
diva,2
great-great,2
skull,2
razor,2
sr.,2
zelig,2
nancy,2
garp,2
middle-class,2
titta,2
yudale,2
bentzi,2
buxom,2
zare,2
dadan,2
haley,2
athlete,2
turbo,2
mannequin,2
inheritance,2
hard-living,2
whitacre,2
sissi,2
nora,2
cartoonist,2
pumpkins,2
combat,2
self,2
afro-american,2
sabina,2
link,2
zany,2
percy,2
walken,2
brewster,2
jacquouille,2
conscience,2
blossom,2
lengths,2
dakota,2
crawl,2
bitch,2
curly,2
dynamite,2
dignan,2
'job,2
torino,2
standstill,2
snakes,2
oasis,2
poisonous,2
tuaregs,2
ajar,2
orchestra,2
egg,2
gentlemen,2
magorium,2
emporium,2
wonderful,2
birdie,2
sanjuro,2
fletch,2
sebastian,2
mcelroy,2
quincy,2
burrows,2
delirious,2
jocks,2
missy,2
ramsey,2
pyke,2
zhang,2
philo,2
brawler,2
jrmie,2
viking,2
mortimer,2
aunts,2
waxman,2
brainard,2
heck,2