one,286
police,282
new,268
two,253
life,245
man,245
young,233
murder,205
crime,199
detective,193
find,166
get,157
family,156
killer,152
story,149
drug,143
city,142
help,138
finds,132
years,131
must,131
woman,131
cop,131
prison,130
gang,124
world,123
case,121
time,120
soon,119
town,118
wife,118
becomes,116
agent,115
takes,113
film,112
death,110
criminal,110
n't,108
daughter,104
money,104
gets,99
back,99
york,99
set,99
take,98
former,95
friend,95
old,94
men,94
lives,92
way,92
local,92
father,91
bank,88
become,88
friends,86
make,86
girl,83
job,83
love,83
home,82
son,82
team,82
heist,81
boss,81
three,79
small,77
based,76
partner,76
goes,76
group,76
mob,75
officer,74
begins,73
brother,73
plan,73
murders,71
turn,69
named,69
fbi,69
turns,69
mother,68
revenge,68
business,68
order,68
work,67
past,67
best,67
however,67
gangster,66
game,66
leads,66
dead,66
kill,66
robbery,66
war,65
also,65
girlfriend,65
cops,64
first,64
american,63
trying,63
...,63
school,62
together,62
night,60
come,59
mafia,59
investigate,59
murdered,59
house,59
criminals,58
behind,58
serial,58
things,58
day,58
hit,57
four,57
series,57
working,56
involved,56
discovers,56
killing,56
people,56
even,56
true,56
investigation,56
john,56
undercover,55
mysterious,53
another,53
killed,53
decides,53
sets,52
whose,52
known,52
may,52
husband,52
car,52
force,51
tries,51
forced,51
secret,50
meets,50
kidnapped,50
los,50
angeles,50
events,50
escape,50
comes,49
like,49
save,49
couple,49
women,49
sent,49
thief,48
real,48
justice,47
high,47
beautiful,47
living,47
run,47
private,46
corrupt,45
wants,45
body,45
lord,44
ruthless,44
last,44
law,43
found,43
good,42
deadly,42
face,42
left,42
paul,42
returns,42
big,42
later,41
around,41
victim,41
lawyer,41
leader,40
boy,40
attempt,40
crew,40
missing,40
inspector,40
released,40
jail,40
trail,39
forces,39
violent,39
dealer,39
paris,39
london,39
stop,39
seems,39
dangerous,39
black,39
wrong,39
would,38
next,38
track,38
thieves,38
head,38
makes,37
solve,37
start,37
fight,37
rich,37
starts,37
caught,36
child,36
special,36
frank,36
long,36
assassin,36
brutal,36
evidence,36
government,36
across,36
end,36
desperate,35
veteran,35
underworld,35
killers,35
little,35
days,35
're,35
powerful,35
ends,35
steal,35
discover,35
street,34
homicide,34
country,34
along,34
notorious,34
ray,34
away,34
try,34
know,34
put,33
every,33
kong,33
looking,33
bad,33
assigned,33
live,33
jack,33
runs,33
leave,33
many,33
train,32
without,32
hands,32
hong,32
james,32
call,32
harry,32
jimmy,32
hired,32
plot,32
mission,32
hostage,32
plans,32
rob,32
murderer,32
dark,31
star,31
keep,31
plays,31
violence,31
victims,31
joins,31
learns,31
tough,31
drugs,31
teams,31
brothers,31
relationship,31
follows,31
protect,30
heart,30
driver,30
mystery,30
michael,30
five,30
top,30
right,30
quickly,30
sister,30
well,30
target,30
play,30
name,30
rival,30
nothing,30
lead,30
getting,30
taking,29
battle,29
action,29
everything,29
personal,29
ever,29
members,29
yet,29
texas,29
suicide,29
upon,29
sheriff,29
charlie,29
seemingly,29
career,29
fall,29
crimes,28
suspect,28
conspiracy,28
part,28
seeks,28
works,28
want,28
partners,28
bring,28
search,28
children,28
book,28
thriller,27
within,27
identity,27
chief,27
inside,27
responsible,27
going,27
could,27
year,27
eye,27
accused,27
officers,27
chicago,27
decide,27
much,27
billy,27
parents,27
called,27
knows,27
use,27
falls,27
truth,26
wealthy,26
lee,26
streets,26
realizes,26
finally,26
u.s.,26
determined,26
tom,26
assignment,26
teenage,26
stay,26
attorney,25
everyone,25
corruption,25
different,25
cross,25
detectives,25
never,25
far,25
student,25
clues,25
really,25
jake,25
affair,25
pair,25
dr.,25
united,25
mexico,25
baby,25
chance,25
south,25
deal,25
kills,25
trouble,25
made,25
investigating,24
instead,24
quiet,24
armed,24
double,24
attempts,24
recently,24
point,24
french,24
begin,24
scene,24
break,24
trial,24
hotel,24
diamond,24
might,24
girls,24
alone,24
prove,24
boyfriend,24
security,24
mark,24
successful,24
director,24
leaves,24
shot,24
apartment,24
following,23
late,23
terrorist,23
threatens,23
course,23
danny,23
hot,23
san,23
still,23
owner,23
stolen,23
mobster,23
several,23
million,23
california,23
married,23
turned,23
community,23
british,23
place,23
return,23
fate,23
fighting,23
nick,23
six,23
comedy,23
situation,23
sex,23
control,22
gangsters,22
involving,22
seem,22
unexpected,22
led,22
others,22
believe,22
secrets,22
illegal,22
financial,22
since,22
college,22
master,22
meanwhile,22
drama,22
tells,22
road,22
service,21
investigates,21
mind,21
party,21
learn,21
organized,21
professor,21
kid,21
kidnapping,21
witness,21
middle,21
role,21
seen,21
ring,21
france,21
shady,21
boys,21
race,21
clouseau,21
debt,21
gives,21
jesse,21
disappearance,20
political,20
alive,20
russian,20
else,20
agents,20
doctor,20
band,20
framed,20
spy,20
aging,20
carter,20
simple,20
eddie,20
station,20
johnny,20
chinese,20
dad,20
ex-con,20
professional,20
entire,20
catch,20
escapes,20
david,20
president,20
vicious,20
states,20
cover,20
investigator,20
problems,20
major,20
state,20
george,20
using,20
future,20
thinks,20
great,20
movie,20
fresh,20
district,19
enemy,19
trapped,19
businessman,19
grace,19
someone,19
trip,19
accident,19
ben,19
puts,19
older,19
lapd,19
form,19
leaving,19
free,19
information,19
murdering,19
act,19
guys,19
terry,19
evil,19
arrested,19
eccentric,19
female,19
small-town,19
japanese,19
store,19
enemies,19
martial,19
suspects,19
sees,19
operation,19
eventually,19
tale,19
taken,19
guy,19
yakuza,19
lost,19
bobby,19
stone,19
department,18
l.a.,18
uncover,18
believes,18
max,18
complete,18
retired,18
unlikely,18
outside,18
society,18
attack,18
mike,18
robbers,18
petty,18
offers,18
clear,18
chain,18
meeting,18
pursuit,18
army,18
meet,18
suburban,18
agrees,18
hard,18
accidentally,18
hitman,18
rookie,18
enough,18
front,18
cash,18
famous,18
power,18
stealing,18
breaks,18
dreams,18
innocent,18
journey,18
planning,17
organization,17
skills,17
care,17
huge,17
lover,17
prisoner,17
dream,17
scheme,17
richard,17
america,17
latest,17
arrives,17
union,17
policeman,17
sell,17
stranger,17
worst,17
escaped,17
making,17
happened,17
though,17
gangs,17
something,17
shows,17
danger,17
pay,17
daring,17
needs,17
jim,17
strike,17
gun,17
discovered,17
spree,17
line,16
novel,16
stand,16
cia,16
grows,16
pull,16
close,16
better,16
contract,16
southern,16
web,16
complicated,16
kingpin,16
con,16
friendship,16
rescue,16
alex,16
fellow,16
restaurant,16
finding,16
convicted,16
uncle,16
dirty,16
dealing,16
hold,16
kate,16
sam,16
class,16
connection,16
witnesses,16
mexican,16
strange,16
open,16
early,16
fear,15
vengeance,15
bill,15
stories,15
hunt,15
thugs,15
heads,15
die,15
elite,15
global,15
side,15
club,15
students,15
including,15
held,15
room,15
casino,15
means,15
narcotics,15
1970s,15
easy,15
ago,15
figure,15
see,15
manager,15
authorities,15
uses,15
think,15
expert,15
art,15
neighbor,15
squad,15
exchange,15
change,15
final,15
murphy,15
chased,15
wild,15
international,15
kidnaps,15
tell,15
committed,15
increasingly,15
history,15
captain,15
always,15
destroy,15
music,15
show,15
rose,15
arts,15
convinced,15
company,15
childhood,15
tony,15
batman,14
system,14
anyone,14
thing,14
win,14
trained,14
card,14
rest,14
deeper,14
hollywood,14
almost,14
heroes,14
hires,14
miami,14
nearly,14
safe,14
cartel,14
ways,14
ultimately,14
enters,14
jigsaw,14
human,14
rape,14
ransom,14
football,14
assassination,14
legendary,14
asked,14
white,14
lose,14
second,14
detroit,14
freedom,14
cutler,14
used,14
films,14
kidnap,14
arrest,14
running,14
sergeant,14
orders,14
experience,14
sentenced,14
charles,14
suddenly,14
person,14
brian,14
paradise,14
convinces,14
client,14
military,14
reporter,14
bar,14
serving,14
nightmare,14
ripley,14
village,13
wall,13
seasoned,13
sadistic,13
survival,13
attempting,13
prostitute,13
wave,13
ocean,13
sense,13
agency,13
assassins,13
sexy,13
buddy,13
task,13
johnson,13
brought,13
martin,13
lands,13
moral,13
robber,13
vacation,13
match,13
talk,13
england,13
consequences,13
irish,13
journalist,13
small-time,13
syndicate,13
neighborhood,13
blind,13
sequel,13
urban,13
computer,13
disappears,13
weekend,13
crook,13
public,13
writer,13
'the,13
protection,13
rise,13
abusive,13
berlin,13
number,13
spends,13
visit,13
dealers,13
told,13
picture,13
china,13
soldier,13
remote,13
encounters,12
brings,12
terrible,12
getaway,12
refuses,12
federal,12
corleone,12
bloody,12
prevent,12
quest,12
infiltrate,12
arms,12
pursue,12
boston,12
vegas,12
especially,12
hoping,12
reluctant,12
playing,12
marcus,12
hours,12
cars,12
playboy,12
commit,12
francisco,12
west,12
arthur,12
bishop,12
targets,12
mentor,12
nightclub,12
unfortunately,12
haunted,12
price,12
stumbles,12
desert,12
luck,12
create,12
asks,12
manhattan,12
fights,12
eyes,12
teen,12
extreme,12
office,12
national,12
hopes,12
interest,12
give,12
elaborate,12
murderous,12
look,12
short,12
joe,12
raped,12
cause,12
path,12
younger,12
news,12
abducted,12
guilty,12
jackie,12
unit,12
shoots,12
model,12
bent,12
medical,12
except,12
gold,12
lieutenant,12
fact,12
nearby,12
dog,12
king,12
legal,12
settle,12
bars,12
becky,12
jewel,12
phantom,12
romantic,12
hiding,12
mr.,12
s.w.a.t,12
bag,12
lies,12
tokyo,12
confront,12
charley,12
lui,12
eight,11
wayne,11
nowhere,11
full,11
promise,11
large,11
corporate,11
jordan,11
duo,11
matters,11
psychopathic,11
training,11
program,11
1950s,11
posing,11
actor,11
struggles,11
collision,11
passion,11
malone,11
charges,11
stumble,11
beloved,11
upside,11
reclusive,11
larry,11
psychologist,11
setting,11
peace,11
twin,11
hunting,11
hospital,11
release,11
innocence,11
travel,11
question,11
brutally,11
psychopath,11
scotland,11
receives,11
cold,11
chase,11
times,11
sure,11
julian,11
recent,11
although,11
buy,11
shop,11
widow,11
travels,11
summer,11
orleans,11
became,11
avenge,11
teenager,11
chan,11
serious,11
clean,11
mobsters,11
loose,11
member,11
building,11
blood,11
losing,11
affairs,11
troubled,11
survive,11
bob,11
border,11
killings,11
hell,11
gone,11
fast,11
simon,11
near,11
dying,11
holmes,11
maggie,11
lonely,11
realize,11
fish,11
anthony,11
unable,10
sinister,10
washington,10
beginning,10
hidden,10
retirement,10
months,10
directed,10
enforcement,10
paths,10
supposed,10
twist,10
steps,10
obsessed,10
impossible,10
red,10
poor,10
choi,10
flame,10
las,10
wing,10
partnership,10
angel,10
seeking,10
vows,10
anything,10
got,10
asking,10
area,10
faces,10
uncovers,10
spirit,10
changes,10
goal,10
heroin,10
born,10
century,10
develops,10
enter,10
nypd,10
've,10
opportunity,10
continues,10
revealed,10
operative,10
recover,10
rock,10
abuse,10
raise,10
guilt,10
forever,10
mastermind,10
rid,10
ten,10
christmas,10
silence,10
join,10
blackmail,10
leaders,10
pink,10
rules,10
entangled,10
massive,10
hunter,10
teens,10
'll,10
perfect,10
lethal,10
deep,10
enforcer,10
single,10
hero,10
need,10
thai,10
willing,10
already,10
risk,10
marries,10
hes,10
chris,10
north,10
common,10
tense,10
unexpectedly,10
jerry,10
attacks,10
fails,10
morning,10
shocking,10
tragic,10
attention,10
convicts,10
hood,10
modern,10
priest,10
struggle,10
moves,10
least,10
sentence,10
numbers,10
inspired,10
actually,10
pat,10
armored,10
transport,10
factory,10
helps,10
retrieve,10
spain,10
mistress,10
timmy,10
adam,10
nam,10
hunted,9
lou,9
effort,9
sudden,9
battles,9
problem,9
genius,9
influence,9
leading,9
remains,9
betrayal,9
diabolical,9
employee,9
heists,9
hope,9
executive,9
hides,9
recruits,9
knew,9
dollar,9
crooked,9
roger,9
jessica,9
raised,9
causing,9
result,9
send,9
bay,9
unique,9
ordered,9
clerk,9
god,9
step,9
choice,9
abandoned,9
pursuing,9
expose,9
activities,9
bodies,9
prey,9
aid,9
double-crossed,9
embroiled,9
facing,9
biggest,9
villains,9
austin,9
cruel,9
capture,9
box,9
priceless,9
soviet,9
cocaine,9
pulled,9
matt,9
rather,9
seductive,9
florida,9
kevin,9
turf,9
nature,9
seek,9
execution,9
arrive,9
feels,9
captive,9
teacher,9
thinking,9
straight,9
unusual,9
shooting,9
memories,9
artist,9
rogue,9
central,9
ambitious,9
longer,9
robbing,9
throughout,9
despite,9
senior,9
kids,9
pick,9
japan,9
1960s,9
robberies,9
died,9
classic,9
german,9
seedy,9
calls,9
weapons,9
worse,9
guns,9
perhaps,9
given,9
happy,9
politician,9
island,9
offer,9
actions,9
hide,9
becoming,9
gambling,9
pretty,9
underground,9
cell,9
crazy,9
rural,9
lovers,9
connected,9
aunt,9
adventure,9
reveals,9
holds,9
normal,9
ford,9
court,9
guards,9
nation,9
demons,9
walker,9
drives,9
moment,9
growing,9
string,9
loves,9
guard,9
infamous,9
befriends,9
hardened,9
dies,9
leon,9
loot,9
calvin,9
trio,9
retire,9
terms,9
trade,9
botched,9
grandfather,9
breaking,9
airport,9
drake,9
ex-wife,9
steven,9
stepfather,9
half,9
executed,9
romano,9
tommy,9
harvey,8
reputation,8
gotham,8
driven,8
tragedy,8
bond,8
deceit,8
mccall,8
dedicated,8
none,8
seven,8
move,8
painting,8
fake,8
patriarch,8
vito,8
seduces,8
mentally,8
stars,8
millionaire,8
pressure,8
rome,8
1940s,8
andy,8
alternate,8
italy,8
convince,8
ended,8
secretly,8
gather,8
terrified,8
built,8
requires,8
regular,8
junior,8
drive,8
wish,8
embark,8
newly,8
invasion,8
sun,8
policy,8
grisly,8
minor,8
ultimate,8
capone,8
spend,8
disappeared,8
unstoppable,8
solitary,8
lengths,8
psychological,8
defends,8
various,8
powers,8
sidekick,8
ex-convict,8
christian,8
hijack,8
subway,8
peter,8
backdrop,8
trust,8
bullet,8
1980s,8
academy,8
blue,8
exact,8
recruited,8
commits,8
throw,8
fears,8
madman,8
grandson,8
paid,8
filmed,8
vigilante,8
tracking,8
paroled,8
hills,8
panther,8
due,8
ensues,8
convict,8
centered,8
score,8
yard,8
psychiatrist,8
lured,8
involves,8
coming,8
rare,8
theft,8
exploits,8
trafficking,8
demands,8
manages,8
key,8
strikes,8
crane,8
african,8
network,8
turner,8
experienced,8
met,8
mansion,8
movies,8
pursues,8
video,8
carl,8
closing,8
date,8
angela,8
purse,8
centers,8
crisis,8
industry,8
count,8
accountant,8
original,8
rachel,8
passes,8
ranger,8
apparently,8
disguise,8
planned,8
gambler,8
idea,8
isolated,8
revolves,8
desperately,8
park,8
carry,8
dooley,8
psychotic,8
bounty,8
beauty,8
amy,8
sexual,8
week,8
reality,8
visions,8
third,8
official,8
forcing,8
tape,8
hall,8
charged,8
tracks,8
joey,8
cousin,8
madness,8
torn,8
aka,8
queens,8
mental,8
intent,8
corpse,8
mistaken,8
awry,8
torture,8
real-life,8
conspire,8
ride,8
fearless,8
vic,8
henry,8
solving,8
fortune,8
struggling,8
opens,8
frankie,8
swede,8
plane,8
corporation,8
award,8
guerin,8
warren,8
board,8
jonas,8
philip,8
mikey,8
linda,8
chicken,8
media,7
daily,7
unwittingly,7
sends,7
desire,7
controversial,7
citizens,7
adventures,7
sins,7
horrific,7
unstable,7
process,7
patrol,7
rosa,7
ego,7
assigns,7
watch,7
interpol,7
feds,7
actors,7
policemen,7
beach,7
destroyed,7
resort,7
talent,7
singer,7
risks,7
panic,7
wrongfully,7
deputy,7
motion,7
motorcycle,7
committing,7
routine,7
exile,7
surrounding,7
onto,7
answers,7
closed,7
ken,7
expected,7
dispatched,7
disgraced,7
sleepy,7
spending,7
incarcerated,7
testify,7
league,7
ex-cop,7
worth,7
frame,7
walter,7
charming,7
often,7
sometimes,7
hole,7
closer,7
toughest,7
credit,7
remake,7
title,7
among,7
informant,7
barry,7
rancher,7
terrorists,7
rapist,7
determine,7
frustrated,7
agenda,7
assist,7
traps,7
european,7
results,7
moved,7
inept,7
crack,7
grow,7
witnessing,7
spent,7
12-year-old,7
politicians,7
economy,7
unsuspecting,7
sharp,7
scenes,7
eliminate,7
suicidal,7
danish,7
section,7
clash,7
standing,7
wanted,7
bored,7
bust,7
glory,7
jacques,7
whole,7
valuable,7
owned,7
collector,7
forensic,7
ones,7
pals,7
starting,7
contend,7
difficult,7
dubbed,7
walk,7
immigrants,7
targeted,7
badly,7
experiences,7
bronson,7
intense,7
bennett,7
prostitutes,7
placed,7
sgt,7
estate,7
support,7
suffers,7
unlucky,7
bargained,7
prominent,7
possible,7
watson,7
unfolds,7
write,7
miles,7
decades,7
loner,7
poker,7
dinner,7
challenge,7
happens,7
rises,7
explosive,7
assault,7
waitress,7
renegade,7
firm,7
insurance,7
done,7
drifter,7
safety,7
style,7
proves,7
cult,7
edwards,7
harrowing,7
transferred,7
contact,7
online,7
attitude,7
betrayed,7
beating,7
relentless,7
able,7
brilliant,7
unemployed,7
purpose,7
dangerously,7
written,7
conan,7
honest,7
center,7
lovely,7
mrs.,7
activist,7
moore,7
popular,7
drawn,7
edouard,7
social,7
senator,7
buried,7
colleague,7
broken,7
scam,7
zero,7
holiday,7
documentary,7
basement,7
reeves,7
countryside,7
places,7
pierre,7
route,7
stage,7
assistant,7
seagal,7
thug,7
fed,7
systematically,7
looks,7
fugitive,7
shane,7
vince,7
depardieu,7
jai,7
tangled,7
ranvir,7
josh,7
dobbs,7
toro,7
dent,6
assumes,6
mountain,6
anna,6
billionaire,6
uncovering,6
serve,6
self-imposed,6
express,6
chappie,6
culprit,6
hayes,6
jason,6
sin,6
autobiography,6
efforts,6
brooks,6
would-be,6
teaching,6
captured,6
vietnam,6
taxi,6
insane,6
colonel,6
reunites,6
two-face,6
edward,6
robin,6
background,6
jill,6
upstanding,6
inmates,6
investment,6
escalates,6
threat,6
cuba,6
cocky,6
wesley,6
supernatural,6
redemption,6
stakes,6
prime,6
endless,6
upcoming,6
divorced,6
farm,6
code,6
ipkiss,6
mask,6
blamed,6
cab,6
brooklyn,6
estranged,6
loyalties,6
ties,6
chamber,6
event,6
focal,6
achieve,6
failed,6
arm,6
deliver,6
uncovered,6
traffic,6
deceased,6
collide,6
reese,6
gig,6
desk,6
gittes,6
hart,6
triad,6
tattoos,6
previous,6
weapon,6
apprentice,6
games,6
unaware,6
thought,6
points,6
highest,6
governments,6
renowned,6
claire,6
existence,6
spying,6
respected,6
fashion,6
photographer,6
vanessa,6
english,6
faith,6
holding,6
passengers,6
ordinary,6
comic,6
flees,6
loyalty,6
outlaw,6
logan,6
pilot,6
globe,6
participate,6
surveillance,6
humanity,6
sights,6
commander,6
minutes,6
hit-and-run,6
revolutionary,6
tang,6
poses,6
starring,6
asylum,6
wrongly,6
ideal,6
mom,6
parts,6
adaptation,6
shocked,6
pope,6
shadowy,6
wakes,6
reluctantly,6
ocp,6
menace,6
success,6
subject,6
personalities,6
remain,6
bike,6
moscow,6
poisoned,6
expensive,6
circumstances,6
thus,6
smuggling,6
occurs,6
clint,6
eastwood,6
foolproof,6
britain,6
youth,6
wars,6
elwood,6
bit,6
nine,6
unpredictable,6
robbed,6
divorce,6
worries,6
parker,6
brad,6
callahan,6
assassinate,6
queen,6
tasked,6
maverick,6
siblings,6
continue,6
hunts,6
headed,6
mcdonagh,6
suspected,6
italian,6
embarks,6
main,6
threatened,6
cut,6
tour,6
heading,6
horrible,6
vera,6
confinement,6
cottage,6
assad,6
vitti,6
sobel,6
inherited,6
inadvertently,6
ruth,6
sort,6
prepared,6
kham,6
australia,6
countless,6
emotional,6
lucrative,6
clients,6
cyrus,6
rio,6
operations,6
deaf,6
fired,6
locked,6
marry,6
feel,6
matter,6
bitter,6
alan,6
television,6
tropical,6
nemesis,6
arrival,6
flee,6
similar,6
friendly,6
roman,6
quite,6
stole,6
characters,6
milo,6
stash,6
jean,6
suspicious,6
cost,6
museum,6
employees,6
lucky,6
legitimate,6
smart,6
vengeful,6
peaceful,6
mary,6
lone,6
sean,6
flight,6
piece,6
charge,6
bosses,6
services,6
marriage,6
complex,6
competition,6
suffering,6
rivalry,6
chronicles,6
skin,6
steve,6
hits,6
nazi,6
immigrant,6
escaping,6
courier,6
shipment,6
scores,6
drew,6
karen,6
invites,6
colleagues,6
warsaw,6
alcoholic,6
lady,6
chasing,6
louisiana,6
allowed,6
loyal,6
causes,6
driving,6
cat,6
linked,6
radical,6
smith,6
keeps,6
fun,6
graham,6
reckless,6
kersey,6
pusher,6
farmer,6
sons,6
threatening,6
keeping,6
shut,6
conflict,6
superiors,6
ashley,6
elder,6
darryl,6
europe,6
feature,6
dignan,6
current,6
teller,6
shepard,6
rodney,6
singh,6
strong,6
crowded,6
kind,6
disturbed,6
hire,6
package,6
shattered,6
gino,6
stegman,6
marie,6
winther,6
hatred,6
sociopathic,6
torrente,6
addict,6
pace,6
ik-hyeon,6
hyeong-bae,6
mumbai,6
suspecting,6
naked,6
kessler,6
cancer,6
draws,6
fernand,6
auto,6
murata,6
coins,6
erik,6
indian,6
pelican,6
thompson,6
marlowe,6
slick,6
council,6
ledda,6
hung,6
hing,6
ting,6
rajiv,6
finest,5
storm,5
blur,5
creates,5
reveal,5
helpless,5
odds,5
robot,5
passed,5
inhabitants,5
stockbroker,5
banking,5
drug-addled,5
converge,5
det,5
annie,5
arranges,5
neither,5
barely,5
survives,5
abducts,5
closest,5
test,5
nuclear,5
analyst,5
volunteers,5
disaster,5
confronts,5
formerly,5
circus,5
dick,5
multiple,5
intelligent,5
transfer,5
introduced,5
counting,5
heels,5
banker,5
warden,5
stretch,5
promising,5
twisted,5
sicily,5
dealings,5
verbal,5
explosion,5
paired,5
sole,5
out-of-control,5
bullets,5
fly,5
f.b.i,5
obsession,5
porn,5
stanley,5
allows,5
longtime,5
exactly,5
odd,5
prostitution,5
1990s,5
version,5
accomplices,5
gerard,5
intricate,5
chases,5
demand,5
provide,5
cache,5
variety,5
methodical,5
superior,5
treasury,5
ness,5
hostages,5
customs,5
allen,5
gamble,5
photos,5
focus,5
foe,5
lot,5
northern,5
locate,5
lynn,5
athlete,5
levels,5
virgil,5
sale,5
familys,5
widowed,5
housewife,5
slain,5
pete,5
edge,5
retribution,5
clever,5
catches,5
posse,5
defense,5
kidnappers,5
bandits,5
magazine,5
hitchcock,5
1934,5
morocco,5
important,5
seal,5
formidable,5
unveil,5
identities,5
gain,5
ready,5
specialist,5
frightening,5
bizarre,5
castle,5
civil,5
foster,5
cousins,5
property,5
prestigious,5
claims,5
aim,5
top-secret,5
dutch,5
watchful,5
alter,5
christine,5
sick,5
caine,5
blame,5
infiltrates,5
engaging,5
protected,5
spiral,5
hacker,5
ambushed,5
iii,5
hard-nosed,5
handle,5
scientist,5
project,5
note,5
investigators,5
jobs,5
dreyfus,5
hurricane,5
israel,5
boxing,5
proposes,5
lifetime,5
jungle,5
recipient,5
blues,5
trader,5
gordon,5
suspended,5
wedding,5
bills,5
loved,5
lifelong,5
cast,5
achieved,5
anderson,5
saddled,5
angry,5
leonard,5
middle-aged,5
sir,5
appear,5
recovering,5
lure,5
courts,5
books,5
porter,5
watching,5
escort,5
suave,5
ronnie,5
read,5
punishment,5
promotion,5
duty,5
gunmen,5
manhunt,5
bart,5
clubs,5
casey,5
versions,5
intelligence,5
natalie,5
phenomenon,5
present,5
bomb,5
personality,5
silent,5
absurd,5
cleaning,5
record,5
ill-gotten,5
apart,5
unwilling,5
sidney,5
cope,5
afterward,5
expecting,5
elvis,5
convention,5
thomas,5
lionel,5
winston,5
ahead,5
smuggle,5
midnight,5
janeiro,5
guest,5
performing,5
happen,5
sylvia,5
duncan,5
imprisoned,5
writes,5
stephen,5
teenagers,5
door,5
deeply,5
dundee,5
greatest,5
visits,5
concerned,5
initially,5
stan,5
lloyd,5
port,5
sway,5
rule,5
bets,5
devises,5
grand,5
market,5
corpses,5
blackmailing,5
vincent,5
evade,5
either,5
officials,5
physician,5
punks,5
hand,5
races,5
created,5
wright,5
van,5
crossing,5
scott,5
searches,5
author,5
ann,5
residents,5
whereabouts,5
showdown,5
super,5
unwitting,5
custody,5
unsolved,5
winds,5
surviving,5
sat,5
mixed,5
addiction,5
ali,5
jenny,5
land,5
image,5
clans,5
inner,5
kim,5
bodyguard,5
thrown,5
suspicion,5
headquarters,5
forget,5
hitmen,5
helped,5
eric,5
bail,5
well-known,5
realizing,5
quentin,5
injured,5
winner,5
bomber,5
troubles,5
beats,5
cody,5
acts,5
honeymoon,5
contracts,5
outback,5
food,5
clown,5
hometown,5
aided,5
strangers,5
trap,5
supervisor,5
lt.,5
saw,5
twists,5
darkness,5
1974,5
scottish,5
serbian,5
mouse,5
worker,5
helen,5
defend,5
judge,5
motivated,5
mac,5
opposite,5
depression,5
adult,5
musical,5
hour,5
sherlock,5
disturbing,5
telly,5
spectacular,5
debts,5
push,5
plotting,5
prequel,5
trilogy,5
visiting,5
immediately,5
installment,5
bright,5
spanish,5
stranded,5
smugglers,5
gradually,5
bernie,5
wealth,5
supposedly,5
detail,5
accuses,5
leslie,5
tables,5
unravels,5
drunk,5
camp,5
opening,5
contains,5
romance,5
pregnant,5
encounter,5
potential,5
simply,5
employer,5
phoenix,5
performance,5
schemes,5
pulls,5
bed,5
brotherhood,5
ellen,5
connie,5
kansas,5
hatch,5
paula,5
mass,5
newspaper,5
interview,5
widows,5
juror,5
arizona,5
intersect,5
view,5
entertainer,5
served,5
verdict,5
investigative,5
jonathan,5
angelo,5
bumbling,5
hungry,5
parole,5
employers,5
horror,5
st.,5
telling,5
zimmer,5
amidst,5
jubei,5
grave,5
kingston,5
burglary,5
ranks,5
delivers,5
yiu,5
robbo,5
knight,4
blurs,4
bestselling,4
gripping,4
chilling,4
enigmatic,4
fine,4
bruce,4
commute,4
cryptic,4
message,4
equalizer,4
poirot,4
tycoon,4
prodigy,4
rely,4
mildred,4
dominic,4
hard-boiled,4
fraud,4
boxer,4
caper,4
haunting,4
tortured,4
unravel,4
fictional,4
youngest,4
campaign,4
dom,4
trials,4
masked,4
amateur,4
dastardly,4
riddler,4
disfigured,4
campbell,4
highly,4
harvard,4
evening,4
unorthodox,4
micky,4
secretive,4
dufresne,4
amoral,4
admired,4
emerges,4
tech,4
midst,4
1979,4
protege,4
hones,4
reward,4
drawing,4
multi-million,4
harbor,4
survivors,4
accept,4
lust,4
universe,4
studio,4
willy,4
burnett,4
ladies,4
nose,4
complicate,4
assistance,4
crash,4
romancing,4
wearing,4
masks,4
surfers,4
winning,4
zodiac,4
apparent,4
strict,4
eliminating,4
magical,4
confidence,4
tina,4
robs,4
tyrell,4
goons,4
picks,4
600,4
dogged,4
lie,4
murtaugh,4
distraught,4
cat-and-mouse,4
intruders,4
extortion,4
adrian,4
victor,4
kershaw,4
assets,4
marshals,4
trigger-happy,4
learning,4
preserve,4
patrolman,4
probably,4
honorable,4
1920s,4
dalton,4
locks,4
occupied,4
embassy,4
counterfeiting,4
danson,4
highsmith,4
hoitz,4
innocuous,4
touch,4
shagadelic,4
'70s,4
waiting,4
brennan,4
negates,4
strain,4
amanda,4
eluded,4
vanished,4
jeff,4
xander,4
warrior,4
pandora,4
cohorts,4
distance,4
appointed,4
bland,4
perspectives,4
diego,4
lifestyle,4
dispatch,4
unbeknownst,4
tensions,4
outsider,4
villain,4
ailing,4
christina,4
happily,4
strength,4
harsh,4
truths,4
worlds,4
brother-in-law,4
butch,4
affable,4
companion,4
pursuers,4
minister,4
sydney,4
pushes,4
build,4
flying,4
foil,4
salander,4
stewart,4
doris,4
execute,4
charlotte,4
starsky,4
hutch,4
overcome,4
doug,4
conspires,4
clancy,4
lived,4
carries,4
discovering,4
streetwise,4
farther,4
deeds,4
orchestrate,4
one-man,4
russoti,4
rights,4
rarely,4
spring,4
thrust,4
mitch,4
hatched,4
crooks,4
lou-jean,4
clovis,4
resolve,4
addition,4
pressured,4
defeat,4
artists,4
jezzie,4
hardcore,4
eliminates,4
freddy,4
heineken,4
1967,4
largest,4
wound,4
deputies,4
samantha,4
remember,4
teena,4
brandon,4
anger,4
loneliness,4
twice,4
schmidt,4
jenko,4
kindred,4
triads,4
landlord,4
2002,4
champ,4
seniors,4
progresses,4
occupation,4
nicknamed,4
dutchman,4
mysteriously,4
tournament,4
robocop,4
cane,4
triggers,4
messenger,4
governor,4
beyond,4
shadows,4
wipe,4
tough-talking,4
axel,4
beverly,4
veterans,4
soccer,4
whilst,4
tried,4
surprising,4
approaches,4
jenna,4
individual,4
martine,4
realises,4
headlines,4
presumed,4
high-tech,4
novelist,4
tramell,4
glass,4
technology,4
artificial,4
organs,4
remy,4
dire,4
straits,4
raider,4
civilization,4
mishima,4
orphanage,4
thousands,4
vanishes,4
knock,4
exceptional,4
seduced,4
daryl,4
musicians,4
sensational,4
wilfrid,4
behalf,4
crunch,4
incompetent,4
maniac,4
rackets,4
homeless,4
buying,4
captor,4
marshal,4
1949,4
barber,4
heroism,4
heroic,4
addicted,4
biker,4
soldiers,4
authority,4
beckert,4
sending,4
pet,4
fighter,4
bootlegging,4
profits,4
911,4
operator,4
quick,4
debbie,4
split,4
paralyzed,4
obstacles,4
planted,4
emergency,4
naturally,4
practice,4
excess,4
warehouse,4
gotten,4
fictionalized,4
edgar,4
mirror,4
doorstep,4
engineer,4
marx,4
mickey,4
wire,4
intimidate,4
ross,4
elephant,4
madame,4
chili,4
drifters,4
michelle,4
warriors,4
decided,4
grifter,4
nascimento,4
bope,4
invisible,4
malcolm,4
trent,4
davis,4
ex-army,4
interested,4
siege,4
separately,4
leland,4
julie,4
regain,4
fix,4
counselor,4
say,4
savage,4
customers,4
somi,4
radio,4
breakdown,4
warring,4
sing,4
reformed,4
dramatic,4
retiring,4
cruise,4
wins,4
spies,4
wait,4
kung-fu,4
prize,4
introduces,4
iron,4
bandit,4
oliver,4
mistake,4
giant,4
locals,4
random,4
shy,4
offered,4
gruesome,4
hangs,4
deaths,4
quietly,4
happening,4
chad,4
seeing,4
camera,4
fingers,4
morris,4
brazil,4
values,4
associate,4
seals,4
command,4
empire,4
traitor,4
shootout,4
records,4
survived,4
slowly,4
feared,4
bronx,4
age,4
today,4
prisoners,4
corrupted,4
steals,4
explosives,4
1930s,4
mississippi,4
techniques,4
harm,4
exposes,4
arrived,4
light,4
controlling,4
list,4
australian,4
wonder,4
marine,4
salvador,4
canadian,4
louis,4
heiress,4
bombs,4
hanssen,4
habits,4
agree,4
negotiator,4
wilderness,4
verge,4
des,4
kermit,4
incident,4
unknown,4
jewelry,4
player,4
internet,4
helping,4
sour,4
punk,4
editor,4
forest,4
ira,4
leo,4
maximum-security,4
brain,4
hannibal,4
lecter,4
burns,4
tracy,4
toll,4
assailant,4
knowledge,4
advantage,4
fire,4
nurse,4
wits,4
inevitably,4
wwii,4
rick,4
bannion,4
gangland,4
avoid,4
awaits,4
wrote,4
certain,4
mesrine,4
rhoda,4
appears,4
riot,4
let,4
magnate,4
brown,4
lang,4
terrorize,4
clan,4
giving,4
follow,4
abused,4
rocco,4
holes,4
pursued,4
africa,4
birth,4
veronica,4
otherlife,4
descends,4
smuggler,4
daughters,4
long-suffering,4
specializes,4
promises,4
sides,4
grip,4
salesman,4
territory,4
tactics,4
towers,4
neighbors,4
disease,4
brand,4
surrounded,4
reasons,4
pieces,4
terrorism,4
suffered,4
oddball,4
sisters,4
barbara,4
prohibition,4
knife,4
unmask,4
cletus,4
producing,4
trigger,4
mouth,4
infernal,4
andrew,4
determination,4
action-packed,4
regan,4
confronted,4
beliefs,4
renko,4
spiritual,4
resolution,4
hoffa,4
conclusion,4
green,4
invited,4
comrades,4
reilly,4
liz,4
frightened,4
environmental,4
conflicts,4
percy,4
walken,4
vice,4
atmospheric,4
cole,4
traffickers,4
fleet,4
high-powered,4
loaded,4
dallas,4
sane,4
jerome,4
clifford,4
horrigan,4
calling,4
ghosts,4
phil,4
sacrifice,4
shared,4
sandra,4
fast-food,4
denies,4
tragically,4
affections,4
michel,4
overseen,4
wes,4
block,4
faced,4
pyke,4
testing,4
taggart,4
mayor,4
protest,4
caldwell,4
momon,4
serge,4
suttel,4
respect,4
racist,4
chest,4
rough,4
housing,4
region,4
inmate,4
germany,4
idealistic,4
michele,4
chained,4
bottom,4
absence,4
threaten,4
chinatown,4
conscience,4
8-year-old,4
bunch,4
diamonds,4
cheating,4
imagined,4
physical,4
provides,4
toronto,4
honor,4
taylor,4
bringing,4
period,4
tax,4
tranquility,4
indeed,4
liam,4
river,4
firms,4
tired,4
greed,4
diane,4
sleazy,4
malicious,4
wondering,4
womanizer,4
foul,4
encourages,4
declared,4
nikki,4
conservative,4
secretary,4
miss,4
tied,4
producer,4
bus,4
east,4
phone,4
originally,4
gene,4
dennis,4
korea,4
nice,4
raw,4
coogan,4
escorting,4
mick,4
hurt,4
finn,4
finns,4
penalty,4
publishing,4
parallel,4
diner,4
everybody,4
jrgen,4
resistance,4
toward,4
sells,4
cool,4
murakawa,4
okinawa,4
dispute,4
santet,4
manalese,4
paced,4
begs,4
verdoux,4
pension,4
benji,4
hofmeister,4
fat,4
proper,4
inherits,4
overdose,4
misfit,4
patient,4
amount,4
pays,4
volume,4
nils,4
celebrate,4
speer,4
preconceptions,4
golden,4
lemmon,4
shame,4
traynor,4
paranoid,4
o'grady,4
parish,4
bears,4
stacey,4
benny,4
bleak,4
oise,4
weeks,4
cayhall,4
wounds,4
shields,4
tijuana,4
peppe,4
mario,4
patricia,4
memory,4
conduct,4
mason,4
arlo,4
shamoto,4
grocery,4
belle,4
mistakenly,4
jessie,4
rosalie,4
gritty,4
opposing,4
arkansas,4
kit,4
usual,4
contemporary,4
confess,4
beat,4
femme,4
fatale,4
slim,4
reach,4
oscar,4
skip,4
sits,4
hellish,4
dan,4
rising,4
water,4
duke,4
beck,4
loses,4
surete,4
delivery,4
merciless,4
alice,4
radhe,4
gani,4
bhai,4
threats,4
beau,4
roll,4
lissa,4
bertha,4
establishment,4
martha,4
cleve,4
sushi,4
mel,4
conman,4
moonlighting,4
wives,4
concludes,4
mi5,4
worricker,4
clavier,4
follow-up,4
verone,4
liotta,4
torino,4
celine,4
enzo,4
tully,4
vincke,4
verstuyft,4
fai,4
came,4
lpez,4
subsequently,3
villainous,3
overwhelms,3
muscles,3
journalism,3
bonds,3
teri,3
cant,3
allow,3
coerced,3
hercule,3
orient,3
revered,3
penchant,3
shaw,3
reviled,3
cooperate,3
washed-up,3
sprawling,3
comedic,3
chaotic,3
1955,3
italian-american,3
deranged,3
morally,3
wayward,3
inspires,3
mist,3
courtroom,3
ward,3
keller,3
mounts,3
wanting,3
scholarship,3
medicine,3
working-class,3
math,3
skill,3
carrying,3
amsterdam,3
continuing,3
saga,3
content,3
gibson,3
performances,3
pedro,3
reassigned,3
welcome,3
worried,3
valiant,3
fancy,3
reclaim,3
reunite,3
barrios,3
coastal,3
enlists,3
taunting,3
careers,3
fading,3
perfection,3
total,3
containing,3
charm,3
whos,3
jimmys,3
partnered,3
unhinged,3
meg,3
daniel,3
abduct,3
samuel,3
pentagon,3
allies,3
cargo,3
bound,3
considers,3
investigations,3
kramer,3
moss,3
anton,3
murky,3
socialite,3
swept,3
maelstrom,3
crashing,3
elliot,3
row,3
doors,3
high-profile,3
'fixer,3
high-stakes,3
negotiations,3
alongside,3
excitement,3
necks,3
fist,3
bombing,3
jackson,3
belgium,3
separated,3
cage,3
alpha,3
thrill-seeking,3
auctioneer,3
relationships,3
emotionally,3
connect,3
leadership,3
ops,3
sentences,3
doc,3
ex-girlfriend,3
exploration,3
sheltered,3
favor,3
flare,3
status,3
gentle,3
rivers,3
turning,3
native,3
university,3
ground,3
hooligans,3
americans,3
matthew,3
wyoming,3
rapidly,3
evading,3
juggling,3
folks,3
eve,3
attempted,3
ensure,3
curse,3
clyde,3
uptight,3
bear,3
accidents,3
attractive,3
branch,3
burgeoning,3
proud,3
mahoney,3
anyway,3
beaten,3
ex-lover,3
hiring,3
simultaneously,3
effect,3
plastic,3
welles,3
relentlessly,3
waging,3
horribly,3
wrapped,3
workers,3
disillusioned,3
culture,3
dude,3
puzzle,3
up-and-coming,3
acquitted,3
spread,3
whatever,3
highway,3
easily,3
counts,3
kidnapper,3
best-selling,3
blazing,3
timothy,3
intrigue,3
raid,3
aggressive,3
controlled,3
returned,3
rice,3
male,3
parties,3
saying,3
spike,3
joint,3
zoe,3
dumb,3
collapse,3
chambers,3
word,3
crucial,3
cover-up,3
experimental,3
procedure,3
launches,3
complications,3
invitation,3
wise-cracking,3
issues,3
bottle,3
receive,3
unfinished,3
settles,3
parkour,3
stumbling,3
mean,3
foley,3
chevy,3
nova,3
bungling,3
ropes,3
incriminating,3
fugitives,3
aspects,3
mint,3
resourceful,3
millions,3
joined,3
advanced,3
payments,3
gorgeous,3
trading,3
greedy,3
corporations,3
funds,3
grew,3
brink,3
doom,3
obtain,3
antics,3
strapped,3
moonlights,3
bid,3
womanizing,3
recognition,3
racetrack,3
right-hand,3
part-time,3
tail,3
strong-willed,3
submit,3
alliance,3
rings,3
northeast,3
terrorizes,3
volatile,3
reggie,3
tabloid,3
doyle,3
monet,3
infidelity,3
presents,3
medal,3
pain,3
pressed,3
await,3
heinous,3
panicked,3
piano,3
county,3
virginia,3
iraq,3
unsure,3
reprises,3
organisation,3
gathers,3
hook,3
surgery,3
decisions,3
joker,3
post,3
twins,3
upper,3
boarding,3
pleads,3
terribly,3
plunged,3
influential,3
account,3
poet,3
tulip,3
uninvited,3
freelance,3
ruined,3
passport,3
unsavory,3
lengthy,3
gains,3
undesirable,3
bangkok,3
animals,3
racketeer,3
lincoln,3
injury,3
grim,3
details,3
ingenious,3
dollars,3
turkish,3
slum,3
intends,3
identify,3
gunshot,3
momma,3
hanging,3
fitzgerald,3
pearl,3
sullivan,3
haunt,3
profiler,3
trademark,3
switzerland,3
battling,3
satanic,3
realities,3
rainy,3
builds,3
taesik,3
pawnshop,3
attached,3
downs,3
nervous,3
potentially,3
african-american,3
hang,3
fathers,3
caretaker,3
treat,3
robots,3
intended,3
malik,3
pits,3
illicit,3
ancient,3
jasmine,3
airline,3
nacho,3
vidal,3
manage,3
backwater,3
motel,3
whoever,3
guests,3
exposed,3
homicidal,3
rapes,3
seoul,3
bravado,3
dreaded,3
malloy,3
monkey,3
traveling,3
briefcase,3
sought,3
climb,3
guitar,3
henchmen,3
serial-killer,3
jockey,3
bureau,3
includes,3
method,3
damien,3
bigger,3
brutish,3
escalate,3
earned,3
mad,3
aspiring,3
uneasy,3
sweeps,3
possession,3
lilya,3
poverty,3
necessary,3
notion,3
montreal,3
flashbacks,3
article,3
encourage,3
permanently,3
assaulted,3
betty,3
naples,3
darko,3
protagonist,3
strip,3
towards,3
caul,3
bands,3
clock,3
derelict,3
culminates,3
religious,3
travis,3
pass,3
canada,3
tested,3
scandal,3
legacy,3
ice,3
scheduled,3
carefully,3
narrowly,3
architect,3
earth,3
cheated,3
protecting,3
mercilessly,3
jones,3
ewan,3
leone,3
nearing,3
term,3
trusted,3
elude,3
charismatic,3
dobermann,3
sea,3
ship,3
survivor,3
istanbul,3
stylish,3
fifteen,3
risky,3
swindle,3
nasty,3
shoot,3
robert,3
russia,3
solution,3
broadcast,3
depressed,3
assuming,3
careless,3
everett,3
feeling,3
descent,3
temps,3
2001,3
injustice,3
currently,3
organize,3
tumultuous,3
adolescent,3
cold-blooded,3
mercy,3
actual,3
butcher,3
harriet,3
preacher,3
moving,3
owed,3
betraying,3
sounds,3
truck,3
nancy,3
smooth,3
chooses,3
fergus,3
forms,3
rife,3
saint,3
starling,3
refuge,3
slow,3
arriving,3
primary,3
hothead,3
maze,3
double-crosses,3
pennsylvania,3
profile,3
seattle,3
funeral,3
accidental,3
boyle,3
failure,3
eastern,3
share,3
crossed,3
claim,3
dating,3
rocky,3
dave,3
tipped,3
felon,3
charger,3
revolving,3
counterfeit,3
resurfaced,3
janitor,3
feet,3
reports,3
keong,3
fling,3
rooms,3
false,3
shadow,3
site,3
kogor,3
maya,3
watches,3
abductions,3
promised,3
voluptuous,3
remedy,3
clumsy,3
blow,3
responded,3
taciturn,3
grit,3
jumps,3
questions,3
tight-knit,3
terrifying,3
whether,3
talking,3
empty,3
daughter-in-law,3
nora,3
plots,3
twenty,3
joining,3
hearts,3
seriously,3
baltimore,3
latter,3
caravan,3
ren,3
inventor,3
mere,3
shaft,3
wade,3
jr.,3
confident,3
prevented,3
seaside,3
forge,3
resources,3
convenience,3
actress,3
addicts,3
birthday,3
trick,3
harlem,3
franchise,3
ritchie,3
focuses,3
tests,3
milos,3
mayhem,3
church,3
clashes,3
kept,3
indiana,3
humiliation,3
gromit,3
bakery,3
sleuth,3
escalating,3
maybe,3
naivet,3
call-girl,3
bungled,3
lau,3
orphaned,3
changed,3
foreign,3
darkest,3
episode,3
fantmas,3
andrews,3
grimm,3
dressed,3
reaching,3
principal,3
buford,3
sharp-shooting,3
collect,3
informed,3
winstone,3
jewellery,3
thrilling,3
reading,3
devito,3
1975,3
jealous,3
rage,3
rounds,3
mortician,3
palestinian,3
terrorized,3
street-wise,3
thirty,3
promoted,3
division,3
counter,3
overwhelmed,3
detain,3
lines,3
bustling,3
controls,3
santa,3
newton,3
wonderful,3
acquaintances,3
decision,3
recollection,3
townsend,3
interferes,3
pride,3
remained,3
formed,3
nears,3
projects,3
warning,3
jennifer,3
byung-du,3
garbage,3
keeper,3
nate,3
sticking,3
kurt,3
grieving,3
benefactors,3
kingdom,3
currency,3
discovery,3
ted,3
circle,3
compete,3
stalked,3
suspense,3
expanding,3
separate,3
domineering,3
husbands,3
owen,3
precious,3
sanity,3
anne,3
sorts,3
kang,3
errand,3
sharpshooter,3
starr,3
fritz,3
needed,3
totally,3
effects,3
mute,3
undertake,3
add,3
suspicions,3
cagney,3
shahid,3
gal,3
villa,3
homeland,3
kitano,3
debut,3
naive,3
reginald,3
pedophile,3
dig,3
heat,3
maximum,3
henri,3
thanks,3
maintain,3
minute,3
liberal,3
gunman,3
alcoholism,3
behavior,3
a-squad,3
radovan,3
truman,3
capote,3
flies,3
marty,3
jamie,3
raymond,3
catholic,3
metal,3
madrid,3
adversaries,3
benjamin,3
notice,3
fugue,3
ricky,3
buddies,3
searching,3
mini,3
godfather,3
bachelor,3
fallen,3
gregory,3
avid,3
bazil,3
crazed,3
ignored,3
richards,3
morgan,3
designer,3
perspective,3
preparing,3
ignore,3
extent,3
pal,3
kathleen,3
thwarted,3
paco,3
miklo,3
violence-filled,3
approached,3
enlisted,3
newcastle,3
riley,3
activity,3
accepts,3
mortality,3
vile,3
juvenile,3
narrates,3
kay,3
sunny,3
ghost,3
1989,3
screen,3
position,3
retaliation,3
relation,3
laid,3
pulling,3
focused,3
simone,3
1944,3
doubt,3
serves,3
tutelage,3
slightly,3
income,3
multinational,3
mabuse,3
attacked,3
missile,3
clifton,3
classmates,3
kristen,3
belonging,3
accusations,3
prepares,3
nobody,3
citizen,3
motive,3
1933,3
infidelities,3
delinquents,3
banned,3
adjust,3
byers,3
carved,3
remembers,3
adapted,3
kindly,3
filmmaker,3
1978,3
finance,3
neurotic,3
80s,3
motivation,3
heal,3
aaron,3
organizing,3
elusive,3
olivia,3
devised,3
tunnel,3
faithful,3
wake,3
solves,3
fourth,3
enjoys,3
presence,3
plagued,3
horrifying,3
relative,3
filmmakers,3
plague,3
favorite,3
occur,3
staff,3
directs,3
lets,3
elderly,3
extended,3
extraordinary,3
vampires,3
crosses,3
erupts,3
14th,3
bing,3
arrogant,3
barkley,3
rash,3
played,3
marple,3
tora,3
marks,3
guardian,3
alvin,3
bait,3
garrett,3
raises,3
gay,3
recluse,3
cattle,3
faye,3
ambush,3
andreu,3
roots,3
immersed,3
cooperation,3
kabir,3
weaver,3
attendant,3
copenhagen,3
ran,3
latimer,3
ex-detective,3
madea,3
calder,3
rogers,3
fargo,3
pianist,3
belmondo,3
covert,3
deals,3
businessmen,3
minami,3
laws,3
francois,3
anonymous,3
felix,3
watty,3
taiwan,3
discharged,3
india,3
cobain,3
ponzi,3
bicycle,3
hoodlum,3
choose,3
celestine,3
quit,3
psychologically,3
mafioso,3
examines,3
pleased,3
'80s,3
seduction,3
bamberski,3
kalinkas,3
krombach,3
raven,3
gates,3
spirals,3
manufacturer,3
concern,3
singers,3
untold,3
eager,3
daylight,3
bobbie,3
zack,3
trails,3
luis,3
2014,3
archer,3
fury,3
stunning,3
severed,3
troublesome,3
healy,3
mommy,3
aryan,3
hates,3
showing,3
intentions,3
shaina,3
ching,3
grau,3
earlier,3
alberta,3
winant,3
bottles,3
farrell,3
g-0,3
fennan,3
malena,3
tetsu,3
rainwood,3
dylan,3
kingsby,3
wong,3
mandwa,3
vijay,3
responsibility,2
selina,2
kyle,2
bane,2
resurfaces,2
branded,2
bloom,2
observer,2
participant,2
aiding,2
nina,2
tv-news,2
donato,2
carrisi,2
fog,2
hazy,2
vogel,2
fifteen-year-old,2
dedicates,2
defeating,2
plagues,2
symbol,2
peels,2
layers,2
spectre,2
denzel,2
chlo,2
moretz,2
ultra-violent,2
idly,2
brutalize,2
reawakened,2
stacked,2
doomed,2
fail,2
belgian,2
aboard,2
gifted,2
surroundingssome,2
badand,2
soul,2
bold,2
signs,2
willoughby,2
second-in-command,2
dixon,2
immature,2
ebbing,2
exacerbated,2
deckard,2
toretto,2
comatose,2
securities,2
infiltration,2
belfort,2
burger-loving,2
philosophical,2
moll,2
unfurl,2
ingeniously,2
forth,2
viewers,2
sommerset,2
researches,2
novice,2
mills,2
scoffs,2
weekly,2
kicked,2
notch,2
competitors,2
spanning,2
1945,2
chronicle,2
launching,2
value,2
choices,2
night-time,2
perceived,2
decadence,2
sleaze,2
feeds,2
urge,2
preadolescent,2
kick-ass,2
bravery,2
self-made,2
crusaders,2
stripes,2
superheroes,2
reborn,2
fucker,2
blade-wielding,2
hit-girl,2
annihilation,2
c.i.a,2
moses,2
operatives,2
portable,2
device,2
desk-bound,2
caused,2
nygma,2
computer-genius,2
philanthropist,2
acrobat,2
grayson,2
dover,2
m.i.t,2
strives,2
succeed,2
afford,2
schooling,2
kianna,2
fisher,2
blackjack,2
merry,2
europol,2
shawshank,2
accounting,2
integrity,2
unquenchable,2
co-workers,2
illogical,2
gratuitous,2
fantasies,2
super-secret,2
unrefined,2
ultra-competitive,2
1910s,2
expand,2
legitimize,2
forgiveness,2
summoned,2
distract,2
sidelines,2
doormat,2
belonged,2
guild,2
leather-clad,2
sexpot,2
drafts,2
innate,2
avenger,2
illusionists,2
audiences,2
interrogation,2
kint,2
mythic,2
keyser,2
soze,2
exists,2
lures,2
interrogators,2
incredible,2
prowess,2
nicholas,2
sandford,2
decapitated,2
addressed,2
beckons,2
brokenhearted,2
dames,2
vigilantes,2
'toon,2
pattycake,2
snoop,2
marvin,2
acme,2
composing,2
doublecrosses,2
reuben,2
tishkoff,2
hen-pecked,2
lowry,2
foot-loose,2
consignment,2
pretend,2
trash-talking,2
lowrey,2
laughs,2
explode,2
whacked-out,2
fireworks,2
ex-presidents,2
reagan,2
nixon,2
utah,2
mix,2
outwitting,2
publics,2
adulation,2
mind-bending,2
spectacles,2
horsemen,2
resurface,2
ciphers,2
letters,2
chelios,2
indestructible,2
replaced,2
battery-powered,2
ticker,2
jolts,2
electricity,2
audition,2
'mechanic,2
cleanly,2
detachment,2
detached,2
timid,2
norse,2
loki,2
exuding,2
carlyle,2
angers,2
dorian,2
sours,2
fare,2
prolific,2
conlon,2
pastas,2
chose,2
buttoned-down,2
riggs,2
unnecessary,2
brownstone,2
sanctuary,2
break-ins,2
altman,2
sarah,2
burnham,2
raoul,2
lugo,2
gym,2
musclemen,2
sign,2
kimble,2
packouz,2
efraim,2
diveroli,2
300,2
afghanistan,2
no-questions-asked,2
gagged,2
lai,2
smuggled,2
stunt,2
rider,2
cop-turned-politician,2
marked,2
confiscating,2
firearms,2
demise,2
finger,2
llewelyn,2
hoard,2
chigurh,2
bell,2
roles,2
predator,2
ambassador,2
full-fledged,2
wax,2
crying,2
climate,2
sunbaked,2
pre-world,2
extra-marital,2
deceits,2
scandals,2
marksman,2
coaxed,2
jean-baptiste,2
grenouille,2
stench,2
18th,2
olfactory,2
perfumes,2
scents,2
perfume,2
pocket,2
warns,2
murderesses,2
velma,2
kelly,2
roxie,2
fame,2
gallows,2
gunslinger,2
runner,2
russell,2
methodically,2
haste,2
frazier,2
negotiate,2
wishing,2
life-threatening,2
situations,2
allegiance,2
isabella,2
christopher,2
p.k,2
baddest,2
desks,2
sit,2
ferrell,2
wahlberg,2
nyc,2
stuff,2
clone,2
mini-me,2
goldmember,2
domination,2
bruges,2
discuss,2
lara,2
argument,2
fingerprints,2
research,2
puppet-master,2
baffled,2
scramble,2
denlon,2
reinhart,2
pawns,2
chessboard,2
xiang,2
recruiting,2
all-new,2
enmeshed,2
collusion,2
oldman,2
antiques,2
messiness,2
damaged,2
oversee,2
valuation,2
collection,2
attachment,2
engulfed,2
core,2
woody,2
allens,2
satire,2
ambition,2
tennis,2
instructor,2
assuring,2
palms,2
sweat,2
stalin-era,2
mgb,2
scout,2
finch,2
jem,2
maycomb,2
alabama,2
dill,2
boo,2
radley,2
atticus,2
robinson,2
fabricated,2
tangent,2
evils,2
racism,2
stereotyping,2
comics,2
antihero,2
supervillains,2
deniable,2
undertaking,2
high-risk,2
missions,2
commuted,2
drug-fueled,2
sportello,2
well-educated,2
abusing,2
comfortable,2
flawed,2
noble,2
general,2
trophy,2
endangering,2
luxurious,2
jump,2
rooftop,2
barren,2
soundstage,2
stylishly,2
utilized,2
minimalist,2
two-faced,2
employ,2
townspeople,2
provokes,2
contempt,2
dogville,2
swingin,2
groovy,2
superagent,2
'60s,2
megalomaniac,2
bald,2
freezes,2
unthaws,2
'90s,2
kensington,2
persons,2
mathematician,2
lovelessly,2
migr,2
peck,2
upper-middle-class,2
courage,2
irretrievably,2
dispatcher,2
garber,2
face-off,2
infilitrates,2
identifying,2
expense,2
undead,2
lenkov,2
tracker,2
occurred,2
reservation,2
expelled,2
buckner,2
befriended,2
dunham,2
hooliganism,2
'green,2
god-inspired,2
obligation,2
conner,2
swift,2
scudder,2
1890s,2
cassidy,2
talkative,2
laconic,2
dead-shot,2
'sundance,2
civilized,2
sundance,2
doggedly,2
cabdriver,2
irving,2
rosenfeld,2
prosser,2
richie,2
dimaso,2
jersey,2
powerbrokers,2
assignments,2
carddespite,2
meddling,2
bellboy,2
nemeses,2
wet,2
toy,2
supervision,2
eventual,2
mikael,2
blomkvist,2
researchers,2
millennium,2
widescreen,2
technicolor,2
vacationing,2
present-day,2
creatures,2
prophesied,2
reverse,2
coca-cola,2
motor,2
speedway,2
laid-back,2
hutchinson,2
differences,2
huggy,2
persuasive,2
feldman,2
transported,2
contraband,2
medellin,2
assassinations,2
macray,2
smarter,2
exit,2
monitoring,2
convincing,2
carey,2
graduated,2
graffiti-tagging,2
cheerful,2
doltish,2
psychic,2
isolation,2
ex-tennis,2
pro,2
improvises,2
traumatic,2
unfold,2
reverse-chronological,2
underpass,2
examination,2
destructive,2
destroys,2
reel,2
drifts,2
suburbicon,2
hilariously,2
reflected,2
picture-perfect,2
newly-released,2
vigilante-hero,2
overeager,2
alias,2
punisher,2
unpunished,2
scarf,2
ominous,2
snowman,2
60s,2
breach,2
segregation,2
divides,2
ludlow,2
implicates,2
plea,2
bargain,2
fund,2
weird,2
kerry,2
profilers,2
strahm,2
perez,2
hoffman,2
sifting,2
piecing,2
swat,2
rigg,2
untouched,2
ninety,2
demented,2
brockden,2
fatal,2
compelled,2
pile,2
ex-federale,2
machete,2
mortal,2
anarchy,2
planet,2
poplin,2
dragnet,2
folk,2
lung,2
finishes,2
flannigan,2
stopping,2
spider,2
videogame,2
roars,2
barrels,2
action-thriller,2
olyphant,2
genetically,2
engineered,2
strategic,2
life-or-death,2
founder,2
brewery,2
guilders,2
uprisings,2
interracial,2
next-door,2
disapproves,2
tightly,2
watchdog,2
nightly,2
foot,2
patrols,2
overly,2
comfort,2
newlyweds,2
persistent,2
intrusions,2
murder-and-mayhem-loving,2
collins,2
overjoyed,2
abroad,2
renton,2
spud,2
begbie,2
homemaker,2
caitlin,2
honesdale,2
krispie,2
treats,2
bump,2
adopts,2
nebraska,2
benioff,2
monty,2
frustration,2
themes,2
goodbye,2
bohemian,2
mature,2
overgrown,2
adolescents,2
freshmen,2
saldana,2
bogota,2
stone-cold,2
rescues,2
standoff,2
high-level,2
cogan,2
restore,2
pose,2
heavyweight,2
iceman,2
trumped-up,2
jailhouse,2
uri,2
boyka,2
adkins,2
spreads,2
cleans,2
sterilize,2
residence,2
unknowingly,2
erased,2
entangling,2
jericho,2
icbm,2
arise,2
temporarily,2
deployment,2
pacification,2
narcotic,2
nuke,2
invades,2
god-delirious,2
replicate,2
prototypes,2
faxx,2
straying,2
jutland,2
travelled,2
decipher,2
angle,2
diabolic,2
crawford,2
dust,2
occasionally,2
ineffective,2
vermont,2
troopers,2
denny,2
colt,2
octopus,2
unfortunate,2
rarified,2
beat-up,2
stumbled,2
rosewood,2
fish-out-of-water,2
russians,2
konstantin,2
konali,2
marketed,2
coach,2
dart,2
stadium,2
louise,2
thelma,2
rediscover,2
self-strengths,2
category,2
facilities,2
performer-turned-snitch,2
breathing,2
coincidentally,2
baldacci,2
neighbourhood,2
recognises,2
burrows,2
safe-deposit,2
vault,2
lloyds,2
realise,2
besides,2
riches,2
boxes,2
contain,2
implicate,2
figures,2
royal,2
gag,2
reporting,2
immediate,2
halt,2
bolivian,2
team-clay,2
jensen,2
roque,2
pooch,2
cougar,2
#NOMBRE?,2
instigated,2
aisha,2
heavily-guarded,2
embroiling,2
catherine,2
appoints,2
evaluate,2
curran,2
entranced,2
extend,2
default,2
repossess,2
liar,2
statuette,2
impatient,2
2039,2
territories,2
mightiest,2
zaibatsu,2
placate,2
seething,2
masses,2
dystopia,2
sponsors,2
tekken,2
fighters,2
'mission,2
teeters,2
gekko,2
tiered,2
alert,2
accomplished,2
headhunter,2
mercenary..,2
polar,2
opposites,2
baseball,2
tens,2
backup,2
claiming,2
embarking,2
absconded,2
revenge-seeking,2
digger,2
intention,2
kubricks,2
unconventional,2
ex-prisoners,2
monetary,2
babysitting,2
sara,2
ridiculous,2
brenda,2
consisting,2
vole,2
robarts,2
near-fatal,2
diet,2
suits,2
calhoun,2
third-rate,2
daredevil,2
snaky,2
keen,2
rewrite,2
chapters,2
drebin,2
elizabeth,2
reservoir,2
bitterness,2
payback,2
carolina,2
mctiernan,2
casanova,2
respective,2
love-lorn,2
script,2
adapt,2
orchid,2
economically-depressed,2
rust,2
belt,2
'scorpio,2
take-no-prisoners,2
approach,2
collars,2
scorpio,2
rescuing,2
technicalities,2
nail,2
kray,2
nightclubs,2
nipper,2
rapid,2
notoriety,2
enlist,2
sportsman,2
recreation,2
'popeye,2
heroin-smuggling,2
curator,2
conning,2
rodeo,2
dissatisfied,2
terrence,2
receiving,2
katrina,2
injures,2
prescription,2
medication,2
childers,2
drug-dealing,2
crusader,2
hundreds,2
sudanese,2
g.i,2
post-world,2
osaka,2
benefactor,2
relaxing,2
hans,2
preys,2
repellant,2
disruptive,2
slave,2
leashing,2
collar,2
contender,2
kindhearted,2
tuner,2
long-buried,2
depression-era,2
franklin,2
error,2
judgment,2
rattled,2
welson,2
insights,2
ka-kui,2
pawn,2
annual,2
gala,2
ne'er-do-wells,2
mccallister,2
marv,2
merchants,2
envelope,2
attracts,2
cyclist,2
undergoing,2
anesthetic,2
awareness,2
awake,2
life-altering,2
wrestling,2
supplanted,2
1994,2
direction,2
carls,2
mrcks,2
kimmie,2
testimonial,2
counseling,2
stock,2
stress,2
deniro,2
coen,2
likable,2
unproductive,2
memorable,2
amuses,2
artwork,2
allan,2
poe,2
tudeski,2
compulsively,2
perfecting,2
culinary,2
purported,2
unwelcome,2
begging,2
cynthia,2
software,2
cyber,2
debug,2
assumed,2
brooklyn-born,2
cohen,2
reaping,2
bet,2
bravest,2
street-hardened,2
outsiders,2
omara,2
wooters,2
tear,2
cohens,2
glengarry,2
glen,2
unethical,2
unload,2
prospective,2
buyers,2
elephants,2
kern,2
locates,2
efficient,2
animal,2
wiseguy,2
spoofed,2
neuroses,2
angst,2
shrink,2
well-adjusted,2
disenchanted,2
palmer,2
exec,2
amelia,2
donaghy,2
rhyme,2
spinal,2
bone,2
signature,2
tantalizing,2
intruder,2
penal,2
abduction,2
declaration,2
sympathy,2
surrogate,2
sunday,2
pumping,2
considering,2
aside,2
coney,2
gangbanger,2
riviera,2
impersonator,2
recently-freed,2
zane,2
3.2,2
stake,2
vig,2
polished,2
swindled,2
dolby,2
turkey,2
example,2
sentencing,2
opportunities,2
appeals,2
1997,2
battalion,2
lodged,2
solved,2
lyons,2
hear,2
wally,2
karue,2
hears,2
perpetrator,2
outwit,2
clarify,2
frenetic,2
17-year-old,2
all-girls,2
charmaine,2
devastated,2
fantasizing,2
slipping,2
evaporates,2
thriving,2
exotic,2
dealership,2
stick,2
withdrawn,2
disabled,2
madison,2
affected,2
hid,2
speak,2
altering,2
closure,2
unresolved,2
cases,2
unreciprocated,2
titta,2
girolamo,2
lugano,2
dull,2
rigid,2
capability,2
emotion,2
sofia,2
barmaid,2
transplant,2
analysis,2
glove,2
lugashi,2
firemen,2
torching,2
ritual,2
lynch,2
mistrust,2
partridge,2
broadcaster,2
portrays,2
families,2
docks,2
factions,2
loan,2
grown,2
liner,2
invite,2
literature,2
deepens,2
pleasure,2
horse,2
ugly,2
corner,2
enable,2
extravagant,2
pablo,2
escobar,2
irreverent,2
otis,2
unharmed,2
rendezvous,2
errant,2
clue,2
gathered,2
host,2
boddy,2
butler,2
ruled,2
axe,2
emerge,2
internal,2
1986,2
province,2
luke,2
resident,2
unbreakable,2
assembles,2
mercenaries,2
dickens,2
polanski,2
household,2
drunken,2
mariachi,2
tradition,2
nabbed,2
destroying,2
spiteful,2
unassuming,2
degenerate,2
homes,2
lino,2
retrieving,2
blackmailers,2
mild-mannered,2
academic,2
cornwall,2
shockingly,2
sailor,2
lula,2
demeanor,2
nickname,2
rational,2
natasha,2
sweden,2
explore,2
celebrities,2
loss,2
hesitant,2
claude,2
damme,2
dual,2
scenarios,2
explores,2
eyewitness,2
philosophy,2
kurosawa,2
yorker,2
likes,2
mazursky,2
climbing,2
management,2
fakes,2
appearance,2
flint,2
coma,2
tension,2
successes,2
modern-day,2
camorra,2
caserta,2
roberto,2
donnie,2
corey,2
warn,2
vastly,2
aide,2
conversation,2
tormented,2
resulting,2
bin,2
laden,2
inconclusive,2
compound,2
ignoring,2
soil,2
brent,2
hawke,2
high-speed,2
shand,2
mogul,2
venue,2
rat,2
farraday,2
1946,2
discoveries,2
followed,2
reunion,2
scorpion,2
cons,2
codes,2
tierney,2
cates,2
dope,2
sequences,2
congress,2
carnage,2
protects,2
nine-year-old,2
autistic,2
cracked,2
aliens,2
sly,2
entrepreneur,2
granny,2
nanny,2
distrust,2
swiftly,2
captivated,2
fanatic,2
liu,2
jian,2
graduates,2
penitentiary,2
andr,2
matias,2
hearing,2
accompanied,2
islamic,2
waits,2
boyd,2
domestic,2
ally,2
wilson,2
terence,2
fonda,2
drumgoole,2
copying,2
persuade,2
apprehend,2
finkel,2
sailing,2
pacific,2
banks,2
laundering,2
milan,2
classes,2
ultra,2
helicopter,2
believing,2
dreadful,2
rusty,2
1976,2
cleveland,2
greene,2
o'neill,2
page,2
suspension,2
buyer,2
broke,2
pretending,2
via,2
westlake,2
phony,2
alibi,2
everyday,2
overwhelming,2
shake,2
yamakasi,2
muppets,2
deceptively,2
facility,2
ashes,2
selma,2
suffer,2
surroundings,2
triggering,2
attraction,2
forbidden,2
holidays,2
request,2
doting,2
larger,2
menacing,2
woods,2
hiking,2
foolish,2
victorian,2
straight-a,2
selling,2
fence,2
dropout,2
rail,2
intrepid,2
adults,2
sight,2
jody,2
warnings,2
dil,2
contractors,2
graft,2
clarice,2
ventures,2
kohler,2
lena,2
chico,2
momo,2
ernest,2
hill,2
1880s,2
captures,2
13-year-old,2
evie,2
presley,2
graphic,2
population,2
protective,2
bullitt,2
hijacked,2
differently,2
explain,2
humor,2
plenty,2
conditions,2
basis,2
erase,2
oleg,2
filming,2
kitchen,2
surgeon,2
coast,2
proceeds,2
wages,2
solicitor,2
quirky,2
santoro,2
naval,2
burglar,2
midwest,2
payroll,2
milton,2
sacrificed,2
shawn,2
earning,2
geary,2
cassius,2
shepherdson,2
pushed,2
feats,2
sweet,2
kakihara,2
dreamed,2
robicheaux,2
swamp,2
brief,2
disc,2
fan,2
trooper,2
clutches,2
screams,2
amuro,2
character,2
photo,2
improve,2
elegant,2
everywhere,2
clare,2
kemplay,2
links,2
decade,2
secrecy,2
brutality,2
collects,2
chemical,2
suit,2
ruby,2
economic,2
lawless,2
philadelphia,2
stint,2
crown,2
afternoon,2
raising,2
unscrupulous,2
emile,2
temple,2
hunters,2
valjean,2
bread,2
riding,2
laundry,2
owners,2
ostensibly,2
ex-gi,2
law-abiding,2
substance,2
bugs,2
stark,2
shares,2
fend,2
navigates,2
unsettled,2
rampant,2
norton,2
bury,2
estrada,2
virtual,2
directly,2
launch,2
pig,2
alain,2
prohibition-era,2
switches,2
allegiances,2
offering,2
untraceable,2
dito,2
n.y.,2
ladder,2
carlos,2
scully,2
blonde,2
surreal,2
wanders,2
surprisingly,2
harris,2
commerce,2
morals,2
knocking,2
august,2
philippe,2
petit,2
stepped,2
rigged,2
sidewalks,2
marnie,2
compulsive,2
watched,2
returning,2
relocated,2
teaches,2
vidocq,2
financially,2
unbelievable,2
pimp,2
manipulative,2
talented,2
wallace,2
booming,2
enthusiast,2
exacts,2
lions,2
competing,2
hussein,2
philippines,2
yuddy,2
zhen,2
sympathetic,2
types,2
zed,2
1958,2
unspeakable,2
involve,2
organ,2
donor,2
murderers,2
era,2
unthinkable,2
severely,2
tap,2
psyche,2
halsey,2
hitchhiker,2
ryder,2
succeeds,2
frozen,2
articulate,2
replacing,2
phyllis,2
potter,2
loomis,2
executes,2
flawless,2
deserts,2
mishap,2
copies,2
exams,2
funke,2
prints,2
fingering,2
shredding,2
francesca,2
enos,2
promote,2
coaxing,2
almost-creaky,2
mode,2
steer,2
silverado,2
reside,2
foursome,2
safe-cracker,2
hemingway,2
2003,2
mak,2
semi-prequel,2
intercuts,2
louanne,2
underachieving,2
inner-city,2
decorum,2
wind,2
classroom,2
no-nonsense,2
sweeney,2
doesnt,2
bosss,2
single-mindedly,2
inconsequential,2
sum,2
abortionist,2
practices,2
mores,2
gorky,2
impeded,2
miraculous,2
nichols,2
warrens,2
inspirational,2
guidance,2
lovable,2
buds,2
mastered,2
smoke,2
nicholson,2
portrait,2
ciaro,2
rta,2
roosevelt,2
theory,2
hotshot,2
statham,2
bona,2
fide,2
shun,2
irresponsible,2
handguns,2
self-confident,2
self-indulgent,2
recovery,2
attracted,2
repulsed,2
battered-women,2
pep,2
talks,2
dependency,2
eviction,2
flirtation,2
unite,2
greater,2
bahia,2
correct,2
dwarf,2
sims,2
moron,2
dress,2
adopt,2
crockett,2
tubbs,2
moon,2
stealth,2
metro,2
effective,2
marek,2
posting,2
imports,2
hashish,2
speedboats,2
mediterranean,2
tiede,2
marjorie,2
nugent,2
remove,2
grasp,2
errol,2
dramatically,2
re-enacts,2
lebanese,2
refugee,2
directionless,2
less,2
hair-brained,2
as-yet-unspecified,2
somehow,2
blade,2
muldano,2
hit-man,2
says,2
simultaneous,2
kennedy,2
booth,2
drinking,2
carefree,2
tourists,2
prepare,2
delmarco,2
ex-lovers,2
teenaged,2
stressful,2
telephones,2
vehemently,2
managerial,2
responsibilities,2
complies,2
expedience,2
prudence,2
legality,2
reason,2
parolee,2
marseille,2
crackdown,2
energetic,2
magistrate,2
rapid-fire,2
tutorial,2
ins,2
outs,2
wildly,2
reputedly,2
untouchable,2
gaetan,2
zampa,2
plunges,2
oakley,2
cotten,2
stroke,2
phelan,2
life-changing,2
kubic,2
deception,2
ivy,2
pot-growing,2
concocted,2
princeton,2
wreaked,2
havoc,2
heated,2
matched,2
toughness,2
racial,2
nappers,2
bacon,2
jennings,2
theron,2
fool-proof,2
jay,2
civilian,2
commanding,2
disagreement,2
handling,2
jurisdictions,2
gypsy,2
edmond,2
retained,2
unfailing,2
origins,2
cherries,2
ganf,2
lyonnais,2
irresistible,2
tends,2
janou,2
grandchildren,2
universal,2
clear-headed,2
kindness,2
disowned,2
mortimer,2
aunts,2
studying,2
notoriously,2
precinct,2
bride,2
resorts,2
sugar,2
fair,2
kato,2
ikemoto,2
subordinate,2
tricky,2
images,2
covers,2
worldwide,2
subjects,2
horrors,2
sports,2
consultant,2
high-rolling,2
prosecutor,2
councilman,2
200,2
supremacy,2
gift,2
baddie,2
felice,2
shown,2
fallon,2
supermarket,2
wei,2
afraid,2
forger,2
replacement,2
changing,2
reno,2
disrupts,2
raquin,2
alluring,2
laurent,2
lift,2
fateful,2
derrick,2
connects,2
staged,2
stripper,2
okwe,2
sun-woo,2
tare,2
carnival,2
enjoyed,2
extract,2
kearney,2
switch,2
schools,2
tribe,2
valley,2
danila,2
lack,2
interests,2
increase,2
favors,2
khan,2
exiled,2
impersonating,2
outcast,2
do-joon,2
providing,2
high-end,2
industrialist,2
dolores,2
donovan,2
mally,2
laura,2
statue,2
noir,2
lobbyist,2
jean-claude,2
ticket,2
audience,2
chaos,2
landscape,2
floor,2
forgotten,2
honour,2
alcatraz,2
boyfriends,2
paranoia,2
detection,2
throws,2
austrian,2
pills,2
roma,2
bombers,2
challenges,2
politics,2
ending,2
year-old,2
self-appointed,2
reaction,2
tiny,2
western,2
heir,2
bauer,2
oversees,2
unofficial,2
schoolgirl,2
siegel,2
merely,2
exist,2
snatches,2
runaway,2
fantasy,2
wise,2
fiance,2
stops,2
gas,2
nik,2
19th,2
noises,2
recorded,2
active,2
manufacturers,2
stray,2
artistic,2
baron,2
useless,2
ball,2
morality,2
maquiladoras,2
mostly,2
produce,2
piggy,2
eerie,2
feisty,2
awaken,2
perform,2
pleas,2
confession,2
bud,2
busts,2
treatment,2
cruz,2
1972,2
threesome,2
brighter,2
relies,2
rivals,2
crusade,2
went,2
arrange,2
report,2
quaid,2
gu-nam,2
heard,2
shannon,2
barricaded,2
neighbours,2
unnerving,2
blend,2
deadpan,2
melodrama,2
fleshed,2
willem,2
dafoe,2
chloe,2
sevigny,2
repercussions,2
atrocity,2
recapture,2
o'brien,2
rite,2
passage,2
measured,2
langley,2
lunch,2
smitten,2
incredibly,2
relocating,2
maine,2
scariest,2
unrelated,2
felino,2
zhang,2
continuous,2
ubiquitous,2
barons,2
arch,2
grams,2
sizeable,2
limbo,2
attacker,2
stationed,2
gave,2
cooking,2
mps,2
toxicology,2
alarming,2
level,2
trouble-ridden,2
cheap,2
self-destructively,2
tomo,2
detectors,2
basically,2
entangle,2
fiction,2
eko,2
enact,2
freely,2
interpret,2
tel,2
aviv,2
occupying,2
israeli,2
ruven,2
hunch,2
bare,2
mocking,2
restoring,2
generosity,2
antimafia,2
arturo,2
palermo,2
conquer,2
flora,2
lugash,2
en-route,2
jouvet,2
tough-guy,2
reduced,2
minder/driver,2
sifts,2
bloodthirsty,2
red-headed,2
faurschou-hviid,2
haagen,2
schmith,2
citron,2
direct,2
allied,2
danes,2
germans,2
kitty,2
selmer,2
ber-target,2
recruitment,2
klein,2
bum,2
occasion,2
chess,2
junkie,2
sleeps,2
anymore,2
tiring,2
mediate,2
insignificant,2
bombed,2
sprung,2
sicilian,2
vittorio,2
jewels,2
exhibit,2
nicosia,2
suggests,2
rocks,2
goff,2
available,2
thwart,2
payoff,2
tendencies,2
touchy,2
methods,2
attaining,2
competent,2
laid-off,2
particular,2
stashed,2
k-9,2
p.i,2
chips,2
evil-doings,2
executives,2
puppy,2
befalls,2
scruffy,2
neale,2
rejoin,2
four-hour,2
1922,2
marbella,2
slapstick,2
box-office,2
landlady,2
lodger,2
prim,2
trevethyn,2
accruing,2
horticulture,2
hatches,2
potent,2
marijuana,2
sold,2
astronomical,2
hogan,2
wholesome,2
family-man,2
persona,2
photographs,2
carpenter,2
biographical,2
contributes,2
oceanfront,2
snobby,2
luxury,2
valued,2
entitled,2
elena,2
sandoval,2
deja,2
morrison,2
probation,2
cinephile,2
slackers,2
franz,2
mimicking,2
antiheroes,2
noirs,2
westerns,2
odile,2
upends,2
choreographed,2
dances,2
cafs,2
frolicsome,2
romps,2
louvre,2
outlaws,2
inexperience,2
blaze,2
dentist,2
prescribing,2
cedric,2
assailants,2
varrick,2
obtaining,2
dheepan,2
sri,2
lankan,2
tamil,2
maindrian,2
double-lives,2
1973,2
mustang,2
rip-off,2
fastback,2
codenamed,2
eleanor,2
ganster,2
partnetship,2
lobbies,2
declares,2
addison,2
schacht,2
phoebe,2
darker,2
magic,2
acrobatics,2
pillar,2
thoughtful,2
boring,2
sickness,2
sadist,2
edit,2
screenwriter,2
shih,2
tzu,2
husband-and-wife,2
snowbound,2
reynolds,2
oil,2
raucous,2
interweaving,2
guts,2
shatter,2
ill-timed,2
poorly,2
break-up,2
affecting,2
wick,2
continental,2
grounds,2
table,2
continentals,2
one-hour,2
excommunicado,2
membership,2
revoked,2
anti-terrorism,2
settling,2
horns,2
budding,2
ex-government,2
considerable,2
teammates,2
liberals,2
succumb,2
temptation,2
rightwing,2
pundits,2
sweeping,2
neck,2
takabe,2
sakuma,2
response,2
joaquin,2
ruffalo,2
react,2
reckoning,2
looms,2
handed,2
prejudices,2
1957,2
lumet,2
westinghouse,2
production,2
predated,2
supporting,2
righteous,2
denied,2
ving,2
rhames,2
fisted,2
savy,2
burn,2
ellis,2
amazing,2
lightning,2
deductions,2
casts,2
lip-reads,2
deadbeat,2
distractions,2
bleed,2
mainstream,2
prodding,2
gilligan,2
nosing,2
berg,2
30-year,2
gaining,2
marco,2
tiger,2
russo,2
depart,2
daniels,2
apology,2
unluckily,2
mcswain,2
speck,2
stabs,2
minimize,2
staceys,2
objections,2
plants,2
technicality,2
garcia,2
deported,2
hitchhikers,2
goodhearted,2
skyrocketing,2
occurring,2
rochester,2
bigotry,2
klansman,2
appeal,2
jewish,2
predictably,2
educated,2
venom-spewing,2
proclaiming,2
klux,2
klan,2
balance,2
programming,2
swartz,2
groundbreaking,2
access,2
ensnared,2
paulette,2
suburbs,2
meager,2
pelon,2
salazar,2
sake,2
linea,2
urbane,2
veneto,2
luisa,2
harpsichord-playing,2
initiates,2
mild,2
framer,2
artisan,2
trevanny,2
rented,2
digging,2
tunnels,2
naudin,2
supremo,2
ambivalent,2
positively,2
nonplussed,2
thoroughly,2
nauseating,2
mexicans,2
wreak,2
crumb,2
handicapped,2
locked-down,2
vengence,2
kelle,2
grabowski,2
smalltime,2
sitting,2
thorwarth,2
belfast,2
door-to-door,2
wounded,2
nails,2
squares,2
dishes,2
puzzles,2
uncouth,2
riotous,2
mitsuko,2
shoplifting,2
organizations,2
bubbles,2
legit,2
sunnyvale,2
lahey,2
trailer,2
widower,2
coin,2
expect,2
fond,2
unless,2
illusion,2
norway,2
pins,2
mounting,2
omnipresent,2
insomnia,2
affects,2
manny,2
fraker,2
shriker,2
jails,2
lineups,2
narrow,2
fairly,2
good-looking,2
boca,2
pizza,2
parlor,2
located,2
tacoma,2
horrified,2
frances,2
toto,2
fishing,2
indulge,2
scotch,2
inexperienced,2
chow,2
chung,2
clarabelle,2
all-out,2
wrestler,2
sorriso,2
duszejko,2
shigemori,2
defending,2
misumi,2
thrills,2
hair-raising,2
chai,2
groups,2
location,2
cynical,2
consciousness,2
thaddeus,2
dance,2
gooding,2
rohan,2
supriya,2
independent,2
alig,2
wannabe,2
impastato,2
took,2
wishes,2
stalking,2
margaret,2
wrongs,2
lake,2
joy,2
islands,2
100,2
legend,2
infiltrating,2
landing,2
gallagher,2
boyette,2
sneaks,2
grief,2
valerie,2
couples,2
wronged,2
sniper,2
virtually,2
waters,2
lakeside,2
onoff,2
establish,2
reform,2
veterinarian,2
confrontation,2
ramirez,2
impoverished,2
fields,2
capital,2
motives,2
successfully,2
laborie,2
high-flying,2
nexhep,2
albanian,2
georgia,2
prision,2
albert,2
davenport,2
monster,2
greek,2
condition,2
corky,2
pops,2
devki,2
porno,2
introducing,2
jobson,2
imprisonment,2
myshkin,2
catalyst,2
voice,2
chiara,2
taillandier,2
select,2
disclosed,2
slums,2
depicts,2
acp,2
nab,2
resigns,2
goa,2
walks,2
halloran,2
air,2
caty,2
persuades,2
todd,2
cammie,2
slacker,2
sword,2
mahowny,2
racket,2
operators,2
jamaica,2
fred,2
convoluted,2
gaines,2
letter,2
rap,2
kinds,2
concert,2
violin,2
typical,2
intriguing,2
sleuths,2
son-in-law,2
basketball,2
murdock,2
tender,2
starlene,2
joo,2
estrella,2
connections,2
saving,2
judicial,2
devil,2
2018,2
korean,2
affluent,2
sandro,2
2000,2
contractor,2
creation,2
election,2
mainland,2
smilla,2
greenland,2
festival,2
nominated,2
sleigh,2
liverpool,2
ratter,2
valken,2
sleeping,2
pusit,2
joseph,2
parisian,2
argentine,2
indigenous,2
historically,2
dares,2
soviets,2
communistic,2
maneuvers,2
pact,2
counterattack,2
polish,2
exhausting,2
handedly,2
jeremy,2
scahill,2
established,2
andersons,2
banality,2
burglarize,2
caf,2
pinball,2
argue,2
wallet,2
holdup,2
burger,2
183,2
wwi,2
armistice,2
saloon,2
hally,2
out-of-work,2
bartlett,2
cabs,2
bootleg,2
liquor,2
flourish,2
interfere,2
tanner,2
cooler,2
hampton,2
baddies,2
fairlane,2
experiencing,2
drum,2
sticks,2
koala,2
processors,2
shorts,2
zuzu,2
petals,2
fisherman,2
hallucinates,2
whiz,2
grinds,2
sausage,2
slaves,2
descendant,2
judas,2
delivering,2
dapper,2
undoing,2
guerilla,2
supporters,2
championships,2
1988,2
discussed,2
progressed,2
pure,2
organised,2
bryce,2
transformed,2
doorman,2
transient,2
reitman,2
'boxcar,2
labor,2
organizer,2
'30,2
rabble-rousing,2
'big,2
shelly,2
railroad,2
commissaire,2
coleman,2
despondent,2
cathy,2
dieter,2
venza,2
boogeyman,2
transatlantic,2
mothers,2
unsuccessful,2
knowing,2
chosen,2
allison,2
alexandra,2
daddario,2
biehn,2
yang,2
yeoh,2
tate,2
essex,2
'rise,2
footsoldier,2
businesses,2
maharani,2
gitanjali,2
rajasthan,2
princely,2
privy,2
treasure,2
forcibly,2
bhawani,2
botching,2
third-ranked,2
sincere,2
shot-callers,2
players,2
reign,2
jedediah,2
alienated,2
explosion-prone,2
wagons,2
unsafe,2
madam,2
ellsworth,2
bumpy,2
resist,2
shultz,2
obese,2
correspondence,2
pen,2
fernandez,2
fueled,2
lingering,2
swaps,2
bava,2
windy,2
carla,2
theater,2
circuit,2
drag,2
extra-weird,2
borrowed,2
outlook,2
underwrite,2
cannibalistic,2
hard-scrabble,2
lithuanian,2
repulsive,2
satiate,2
sojourn,2
med,2
appetite,2
writer/cop,2
statements,2
hulking,2
moose,2
larceny,2
perjury,2
chandler,2
farewell,2
congratulatory,2
meal,2
lavish,2
array,2
catatonic,2
unwieldy,2
gray,2
champion,2
machine,2
patch,2
wagner,2
shuttle,2
grant,2
insurmountable,2
broad,2
hardboiled,2
tight,2
determines,2
futile,2
tou,2
snitch,2
cullen,2
mall,2
informing,2
contacting,2
cleverly,2
grandmothers,2
tradesmen,2
lifeless,2
marriages,2
spouses,2
underestimated,2
2019,2
c-11,2
valentini,2
moe,2
dickstein,2
atlantic,2
hare,2
margot,2
net,2
resolving,2
alec,2
beasley,2
earnest,2
escorts,2
shadowed,2
worn,2
5-star,2
decaying,2
midwestern,2
doll,2
pageant,2
consultants,2
duck,2
weakens,2
breadwinner,2
regarded,2
outfit,2
mid-heist,2
farrow,2
murray,2
old-school,2
dodging,2
ocho,2
identified,2
backs,2
deer,2
boar,2
butterfly,2
shonusuke,2
kurokawa,2
double-cross,2
o'conner,2
pearce,2
miami-based,2
import-export,2
monica,2
fuentes,2
drivers,2
almost-retired,2
dodge,2
goodfellas,2
electrifying,2
kings,2
spinelli,2
pesci,2
switched,2
duffel,2
batch,2
high-class,2
snapping,2
steamy,2
dancers,2
worsens,2
relapse,2
alleged,2
suitcase,2
pours,2
energy,2
booze,2
hazardous,2
paradine,2
poisoning,2
keane,2
aground,2
bigelow,2
vlogger,2
stephanie,2
emily,2
ncgobo,2
cash-in-transit,2
busting,2
recognizes,2
avolfi,2
foreigners,2
fountain,2
abductor,2
yellow,2
color,2
jaundice,2
policlinic,2
turmoil,2
supremacist,2
dirt,2
backand,2
jaded,2
disavowed,2
familiar,2
desperation,2
familial,2
missteps,2
schoolmate,2
antwerp,2
symptoms,2
alzheimer,2
12-year,2
mapo,2
bridge,2
wanchai,2
low,2
luen,2
demanding,2
macau,2
chiang,2
yui,2
frantically,2
ugo,2
menage,2
confusing,2
wisconsin,2
materials,2
sources,2
closely,2
intend,2
associates,2
classy,2
rousseau,2
1985,2
bombay,2
chesterfield,2
vampire,2
stardom,2
chronic,2
generals,2
juantxo,2
villambrosa,2
joan,2
glamorous,2
neighbour,2
egon,2
carrre,2
romand,2
calcutta,2
refugees,2
couriers,2
coal,2
happy-go-lucky,2
benson,2
stroud,2
disrupt,2
paulie,2
pandey,2
abhay,2
bakshi,2
patriotic,2
marney,2
curzon,2
sequence,2
celene,2
melville,2
grandchild,2
pavithran,2
pappan,2
showgirl,2
megan,2
colorado,2
annoying,2
cabos,2
impersonated,2
alphonse,2
morvandieu,2
chin,2
anc,2
dialogue,2
kurata,2
viper,2
diana,2
grade,2
lavery,2
pork,2
bao,2
auf,2
sich,2
ein,2
den,2
der,2
mit,2
hazel,2
ciello,2
euros,2
month,2
kancha,2
cheena,2
deth,2