film,663
documentary,563
world,392
life,361
one,335
story,295
years,250
new,224
first,185
interviews,175
footage,165
people,164
look,159
two,144
director,140
man,137
history,137
lives,133
time,132
family,125
american,120
behind,119
journey,118
music,116
three,114
war,111
follows,106
takes,103
young,103
many,102
men,100
way,98
films,97
movie,95
work,94
made,93
also,92
making,90
live,89
filmmaker,86
including,83
back,83
personal,82
like,81
show,81
america,78
art,76
band,75
explores,75
human,73
group,73
star,73
legendary,72
around,72
year,72
well,71
home,70
even,70
ever,69
death,68
become,68
portrait,68
last,68
shows,67
rock,67
series,66
tells,66
stories,65
set,65
intimate,64
feature,64
city,64
political,64
career,63
make,63
day,63
friends,61
david,61
never,61
love,60
york,60
together,59
fans,58
true,58
rise,57
since,57
scenes,57
woman,57
united,56
team,56
across,56
living,56
shot,55
four,55
mother,55
country,55
best,55
black,55
power,55
big,55
unprecedented,54
states,54
unique,54
old,54
greatest,54
culture,54
known,54
international,54
tour,53
days,53
part,53
extraordinary,53
directed,53
today,53
women,53
impact,52
featuring,52
public,52
see,52
earth,51
stars,51
times,51
features,50
society,50
future,50
u.s.,49
take,49
movies,48
crew,48
john,48
cinema,48
james,48
examines,48
industry,48
every,48
michael,47
following,47
short,47
school,47
events,47
deep,47
find,46
concert,46
video,46
biggest,46
inside,45
social,45
past,44
members,44
archival,44
great,44
community,44
became,43
cast,43
modern,43
hollywood,43
early,43
truth,43
artist,43
former,42
may,42
using,42
famous,42
experience,42
would,42
punk,42
includes,41
nearly,41
various,40
yet,40
national,40
scene,40
little,40
others,40
filmed,40
children,40
another,40
stage,40
sex,39
could,39
...,39
produced,39
real,39
media,39
south,39
white,39
dream,39
nature,38
reveals,38
change,38
legacy,38
chronicles,38
get,38
fashion,38
street,38
later,37
struggle,37
five,37
george,37
gives,37
fight,37
camera,37
different,37
working,36
album,36
left,36
artists,36
musical,36
n't,36
worlds,36
explore,35
still,35
porn,35
close,35
high,35
project,35
small,35
special,35
fascinating,35
free,34
access,34
house,34
relationship,34
along,34
iconic,34
popular,34
classic,34
seen,34
sea,34
movement,34
wars,33
pop,33
food,33
boys,33
behind-the-scenes,33
age,33
metal,33
business,32
top,32
games,32
often,32
found,32
dreams,32
rare,32
whose,32
understand,32
global,32
revealing,32
within,32
controversial,32
original,32
in-depth,31
create,31
investigation,31
name,31
success,31
company,31
final,31
generation,31
role,31
performance,31
much,31
ocean,31
tell,31
viewers,31
screen,30
father,30
creative,30
eight,30
period,30
without,30
decades,30
actors,30
offers,30
come,30
six,30
exploration,30
face,30
students,30
creation,30
french,30
documents,29
led,29
icon,29
brought,29
told,29
incredible,29
audiences,29
girls,29
narrated,29
california,29
played,29
among,29
crisis,29
complex,29
came,29
bruce,29
based,28
technology,28
chris,28
planet,28
process,28
police,28
long,28
captures,28
robert,28
secret,28
bands,28
brothers,28
million,28
drugs,28
makes,28
magic,28
prison,28
powerful,28
search,28
performances,27
2016,27
murder,27
interview,27
book,27
experiences,27
questions,27
reveal,27
sport,27
course,27
king,27
clips,27
leading,27
next,27
north,27
effects,27
news,27
heart,27
epic,26
land,26
view,26
remarkable,26
comes,26
full,26
joe,26
released,26
almost,26
cultural,26
discover,26
academy,26
comic,26
award-winning,26
right,26
daily,26
lee,26
away,26
several,26
continues,26
violence,26
science,26
took,26
los,26
angeles,26
form,25
campaign,25
citizens,25
acclaimed,25
images,25
goes,25
reality,25
hilarious,25
evolution,25
author,25
ten,25
festival,25
better,25
taking,25
cinematic,25
gay,25
filmmakers,25
second,25
voice,25
light,25
ways,25
late,25
growing,25
jackson,25
justice,24
legend,24
visual,24
system,24
attempt,24
game,24
crime,24
town,24
hard,24
share,24
present,24
called,24
jim,24
exploring,24
activist,24
looks,24
moments,24
wife,24
bill,24
changed,24
action,24
state,24
major,24
sound,24
scientists,24
largest,24
songs,24
created,24
athletes,24
musicians,24
childhood,24
fall,24
master,24
lost,24
comedy,24
end,24
scott,24
remains,23
rights,23
racing,23
throughout,23
follow,23
money,23
boy,23
adult,23
material,23
musician,23
went,23
challenge,23
bring,23
military,23
audience,23
production,23
martial,23
seven,23
dance,23
place,23
characters,23
use,23
everything,23
dark,23
road,23
internet,23
trek,23
contemporary,23
tale,23
revolution,23
tom,23
ago,22
meet,22
inspired,22
red,22
globe,22
son,22
amp,22
battle,22
animation,22
race,22
issues,22
louis,22
influential,22
countries,22
underground,22
inspiring,22
died,22
finds,22
brings,22
version,22
dead,22
test,22
archive,22
mission,22
private,22
directors,22
help,22
written,22
ultimately,22
front,22
record,22
hit,22
body,21
beloved,21
event,21
iraq,21
americans,21
length,21
richard,21
herzog,21
park,21
however,21
climate,21
recording,21
martin,21
faith,21
things,21
flight,21
president,21
mysterious,21
arts,21
parents,21
german,21
leave,21
horror,21
despite,21
photographer,21
know,21
run,21
nation,21
century,21
traces,21
eyes,21
wine,21
france,20
begins,20
families,20
health,20
song,20
identity,20
child,20
must,20
creating,20
professional,20
era,20
dangerous,20
important,20
germany,20
johnson,20
trial,20
mind,20
church,20
legends,20
becomes,20
give,20
far,20
florida,20
island,20
hours,20
play,20
night,20
photos,20
program,20
friend,20
energy,20
captured,20
2008,20
space,20
west,20
fame,19
used,19
examining,19
girl,19
means,19
notorious,19
devastating,19
release,19
upon,19
speak,19
try,19
lynch,19
democracy,19
william,19
beautiful,19
ultimate,19
beyond,19
join,19
drug,19
british,19
1970s,19
account,19
focuses,19
government,19
never-before-seen,19
learn,19
extensive,19
head,19
paul,19
scientific,19
actor,19
raw,19
hidden,19
question,19
beauty,19
funny,19
historic,19
producer,19
born,19
anniversary,18
johnny,18
whole,18
spirit,18
trip,18
federal,18
andrew,18
heavy,18
moving,18
move,18
civil,18
digital,18
groundbreaking,18
looking,18
insight,18
becoming,18
style,18
room,18
investigates,18
bob,18
universe,18
survive,18
moment,18
activists,18
drama,18
eye,18
africa,18
center,18
genius,18
helped,18
award,18
struggles,18
mexico,18
paris,18
freedom,18
birth,17
friendship,17
third,17
fighting,17
outside,17
happened,17
return,17
2011,17
creatures,17
summer,17
fish,17
historical,17
meets,17
current,17
experts,17
ground,17
natural,17
beginning,17
kids,17
candid,17
underwater,17
talent,17
mountain,17
forever,17
golden,17
lies,17
feature-length,17
ford,17
vietnam,17
abuse,17
victims,17
kevin,17
competition,17
wild,17
stop,17
uses,17
open,17
hands,17
influence,17
asks,17
superstar,17
spent,17
criminal,17
europe,17
television,17
challenges,17
going,17
dvd,17
jackass,16
court,16
subject,16
generations,16
filming,16
consequences,16
done,16
online,16
june,16
disney,16
sense,16
african,16
filmmaking,16
taken,16
began,16
millions,16
violent,16
lead,16
color,16
forces,16
heard,16
delves,16
streets,16
side,16
killed,16
sets,16
everyone,16
stunning,16
discuss,16
marvel,16
alive,16
mental,16
phenomenon,16
genre,16
kind,16
car,16
1980s,16
hosted,16
comedians,16
village,16
nothing,16
adventure,16
teenagers,16
water,16
control,16
wrong,16
broadway,16
animals,16
efforts,16
appearances,16
giving,15
china,15
countless,15
law,15
afghanistan,15
corporate,15
everyday,15
sometimes,15
soul,15
peter,15
inner,15
medical,15
east,15
steve,15
case,15
single,15
motion,15
college,15
ordinary,15
2010,15
soldiers,15
trilogy,15
dr.,15
infamous,15
exclusive,15
democratic,15
progress,15
japanese,15
recorded,15
daughter,15
picture,15
politics,15
telling,15
australia,15
answers,15
collection,15
recent,15
beach,15
surface,15
turning,15
mark,15
election,15
point,15
odds,15
debut,15
workers,15
peer,15
cities,15
unlikely,14
forced,14
husband,14
physical,14
deaths,14
dramatic,14
emotional,14
entertainment,14
laws,14
steven,14
armstrong,14
cameron,14
start,14
watch,14
landscape,14
covers,14
eventually,14
mike,14
've,14
ambitious,14
sports,14
nazi,14
keep,14
championship,14
attempts,14
revolutionary,14
untold,14
call,14
focusing,14
vibrant,14
diverse,14
examination,14
conditions,14
tragedy,14
memories,14
successful,14
perspective,14
showing,14
israeli,14
compelling,14
relationships,14
religious,14
brand,14
perfect,14
celebrity,14
latest,14
brian,14
polaroid,14
thousands,14
embark,14
2012,14
really,14
act,14
singer,14
winning,14
numerous,14
square,14
spring,14
struggling,14
figures,14
racial,14
put,14
person,14
oscar,14
blind,14
cult,14
financial,14
chronicling,13
moore,13
tragic,13
werner,13
individuals,13
influenced,13
journeys,13
creator,13
fun,13
chief,13
careers,13
harry,13
studios,13
building,13
hits,13
entire,13
humor,13
leader,13
scorsese,13
sold,13
cars,13
celebrated,13
winner,13
considered,13
might,13
less,13
chronicle,13
depicts,13
studio,13
champion,13
happens,13
journalists,13
getting,13
turned,13
changing,13
turn,13
limits,13
unseen,13
subjects,13
moves,13
included,13
already,13
mysteries,13
march,13
prepare,13
grew,13
polish,13
finding,13
lived,13
evidence,13
teenage,13
frank,13
extreme,13
killing,13
scandal,13
complete,13
roll,13
stone,13
celebration,13
giant,13
details,13
candidate,13
photographs,13
always,13
western,13
renowned,13
hope,13
kurdish,13
ray,13
suicide,13
kong,13
dozens,13
hand,13
sexual,12
surprising,12
desert,12
survivors,12
push,12
driver,12
number,12
endangered,12
care,12
2007,12
possible,12
surrounding,12
soon,12
local,12
asked,12
ongoing,12
fact,12
narration,12
talented,12
survival,12
1999,12
sci-fi,12
via,12
lucas,12
provides,12
middle,12
air,12
australian,12
nick,12
corporations,12
vision,12
achieve,12
plays,12
religion,12
jewish,12
opportunity,12
ride,12
party,12
kennedy,12
uprising,12
heads,12
genesis,12
las,12
corruption,12
definitive,12
support,12
mr.,12
tribute,12
shocking,12
good,12
journalist,12
interviewed,12
else,12
bizarre,12
loss,12
rape,12
mystery,12
arena,12
2002,12
artistic,12
curtain,12
quickly,12
previous,12
battles,12
playing,12
joined,12
alex,12
passion,12
save,12
shooting,12
capturing,12
fellow,12
fear,12
overcome,12
magical,12
english,12
host,12
months,12
win,12
include,12
words,12
billion,12
imax,12
deeply,12
san,12
convicted,12
disaster,12
amazing,12
april,12
build,12
holocaust,12
broke,12
cocker,12
100,12
alone,12
neighborhood,12
jessica,12
blue,12
wall,12
minds,12
changes,12
worldwide,12
mix,12
simple,12
something,12
etc,12
background,12
coast,12
stanley,12
2005,12
hong,12
got,12
narrative,12
gang,12
walls,11
rural,11
started,11
status,11
goal,11
model,11
super,11
humanity,11
fast,11
language,11
turns,11
seems,11
locations,11
jobs,11
traditional,11
strength,11
faced,11
environment,11
transformed,11
class,11
key,11
plants,11
basketball,11
dollars,11
define,11
alien,11
boxing,11
desire,11
existence,11
charismatic,11
edge,11
brain,11
completely,11
propaganda,11
gripping,11
amanda,11
student,11
italy,11
allowed,11
offer,11
unparalleled,11
thought,11
performers,11
brown,11
rain,11
detroit,11
thing,11
enemies,11
fiction,11
unexpected,11
experienced,11
information,11
secrets,11
impossible,11
witness,11
inhabitants,11
bond,11
lumire,11
scale,11
talk,11
hour,11
albums,11
concerts,11
experiment,11
research,11
investigative,11
producers,11
institute,11
beneath,11
toward,11
spectacular,11
jr.,11
parts,11
miles,11
combines,11
astonishing,11
large,11
heroes,11
travels,11
available,11
path,11
charlie,11
oil,11
concept,11
1989,11
committed,11
comedian,11
moon,11
surviving,11
title,11
lifestyle,11
dinosaurs,11
camp,11
homeless,11
buildings,11
palestinian,11
minutes,11
conflict,11
cut,11
shops,11
explosive,10
2000,10
passionate,10
electric,10
highest,10
bush,10
track,10
opening,10
hunter,10
main,10
keeping,10
craft,10
anything,10
involved,10
prepares,10
deadly,10
exceptional,10
connected,10
economy,10
determination,10
communities,10
determined,10
competitors,10
activism,10
jones,10
capture,10
order,10
singers,10
1974,10
apart,10
god,10
traveling,10
strange,10
grand,10
bad,10
conversation,10
foley,10
pioneering,10
huge,10
japan,10
canada,10
republic,10
site,10
eccentric,10
answer,10
organization,10
terms,10
riveting,10
chinese,10
brando,10
tales,10
elements,10
civilization,10
stardom,10
chance,10
charts,10
followed,10
common,10
understanding,10
august,10
indian,10
enters,10
portrays,10
teens,10
half,10
office,10
whether,10
gas,10
theater,10
stones,10
summit,10
due,10
approach,10
portraits,10
dress,10
station,10
davis,10
voyage,10
executive,10
aspect,10
prove,10
enormous,10
'll,10
asking,10
pull,10
youth,10
200,10
inmates,10
india,10
shape,10
trump,10
force,10
works,10
actually,10
charged,10
backdrop,10
drink,10
operation,10
market,10
silent,10
lennon,10
fat,10
unknown,10
importance,10
fair,10
09-nov,10
bible,10
continue,10
starts,10
captain,10
celebrates,10
madison,10
speed,10
viewer,10
piece,10
enduring,10
origins,10
perform,10
nominated,10
fittest,10
roots,10
bodies,10
store,10
ballet,10
reasons,10
though,10
fought,10
ranks,10
mustang,10
snap,10
education,9
swedish,9
spiritual,9
quest,9
animal,9
female,9
losing,9
protect,9
officer,9
named,9
picks,9
happiness,9
straight,9
seem,9
mothers,9
jazz,9
species,9
twenty,9
typical,9
compete,9
policies,9
endless,9
realities,9
grown,9
commentary,9
given,9
exposes,9
belief,9
massive,9
hardcore,9
normal,9
provocative,9
idea,9
rally,9
kid,9
border,9
awards,9
drew,9
figure,9
troubled,9
wants,9
iron,9
charles,9
arrest,9
circle,9
standing,9
parks,9
enter,9
taxi,9
views,9
placed,9
theroux,9
shown,9
jimmy,9
draws,9
built,9
sister,9
ship,9
competitive,9
gold,9
decide,9
ages,9
humorous,9
sexuality,9
machine,9
hundreds,9
guide,9
entirely,9
escape,9
especially,9
guest,9
programme,9
intended,9
coming,9
lawrence,9
israel,9
syria,9
erotic,9
williams,9
difficult,9
feeling,9
according,9
dedicated,9
leaders,9
sensational,9
canadian,9
goldberg,9
lake,9
terrifying,9
stephen,9
felt,9
rolling,9
easy,9
worst,9
happen,9
presents,9
believe,9
cameras,9
hip,9
americas,9
population,9
connection,9
baby,9
beatles,9
britain,9
courage,9
effect,9
ben,9
hair,9
billy,9
magazine,9
armed,9
letters,9
minute,9
rather,9
writers,9
crash,9
records,9
illness,9
2014,9
pursuit,9
viewed,9
london,9
celebrities,9
anthony,9
1960s,9
loved,9
2004,9
intense,9
architect,9
focus,9
players,9
collective,9
editing,9
presented,9
composer,9
engineering,9
politicians,9
line,9
depicting,9
puts,9
jack,9
jeff,9
smith,9
starting,9
union,9
revelations,9
revisits,9
source,9
effort,9
thirty,9
southern,9
faces,9
famed,9
kubrick,9
design,9
walk,9
context,9
wonder,9
vs.,9
places,9
jean,9
shocked,9
edison,9
industrial,9
wings,9
decision,8
lie,8
equal,8
september,8
season,8
decade,8
rest,8
twelve,8
tommy,8
phil,8
die,8
describes,8
2001,8
bold,8
owen,8
animated,8
oldest,8
box,8
peace,8
humans,8
prince,8
creativity,8
matter,8
real-life,8
lion,8
travel,8
represent,8
demise,8
pieces,8
participants,8
christopher,8
tracing,8
lasting,8
slow,8
spotlight,8
uncover,8
amateur,8
chain,8
residents,8
ending,8
antarctica,8
1996,8
appear,8
problems,8
england,8
wanted,8
performer,8
upbringing,8
valley,8
farm,8
strike,8
landscapes,8
thats,8
leaves,8
motor,8
recounts,8
hero,8
vegas,8
universal,8
featured,8
fighters,8
jungle,8
1990,8
dancers,8
expose,8
environmental,8
iranian,8
drive,8
techniques,8
wikileaks,8
debate,8
elite,8
individual,8
fate,8
weeks,8
homeland,8
albert,8
although,8
exist,8
marlon,8
fully,8
nasa,8
homes,8
harsh,8
facing,8
governments,8
nuclear,8
jamie,8
variety,8
sugar,8
embarks,8
document,8
entertaining,8
poor,8
established,8
breathtaking,8
tiny,8
decides,8
district,8
want,8
deals,8
result,8
remain,8
think,8
designer,8
gets,8
collaborators,8
thinkers,8
slowly,8
courtroom,8
leonard,8
nba,8
twisted,8
held,8
raped,8
iris,8
howard,8
pressure,8
developing,8
affected,8
field,8
sacrifice,8
reach,8
iek,8
wearing,8
army,8
champions,8
highly,8
meeting,8
destruction,8
pictures,8
russia,8
greater,8
marine,8
donald,8
jason,8
chronological,8
lets,8
decisions,8
enigmatic,8
presidential,8
pair,8
photo,8
recount,8
fake,8
increasingly,8
daniel,8
drag,8
lights,8
miss,8
ron,8
saw,8
taylor,8
sir,8
transgender,8
eastern,8
sing,8
insights,8
service,8
suffering,8
disease,8
base,8
ice,8
someone,8
unfolds,8
theatre,8
intimacy,8
likely,8
angels,8
brother,8
fire,8
jerry,8
elusive,8
sun,8
choice,8
weaves,8
russian,8
year-old,8
discovery,8
spend,8
engineers,8
perception,8
glimpse,8
disappeared,8
actress,8
clint,8
cup,8
fred,8
happy,8
rich,8
crazy,8
cinematography,8
miners,8
thrill,8
belic,8
shadyac,8
liar,8
jonas,8
skirt,8
hellraiser,8
atrocities,7
camps,7
abandoned,7
compilation,7
skits,7
speech,7
higher,7
bbc,7
pinnacle,7
peoples,7
timothy,7
killer,7
creators,7
near,7
perry,7
attacks,7
ends,7
contains,7
glass,7
sustainable,7
francis,7
pride,7
dancing,7
ball,7
emotion,7
shines,7
forms,7
newman,7
aspects,7
eric,7
average,7
explains,7
inventor,7
quiet,7
destroyed,7
sensation,7
katy,7
santa,7
tyson,7
beginnings,7
talks,7
prize,7
costs,7
mountains,7
wildlife,7
'the,7
secretary,7
appeal,7
knew,7
mtv,7
closing,7
filled,7
gentle,7
resistance,7
driving,7
claim,7
clear,7
electrifying,7
leads,7
queen,7
economic,7
owners,7
massacre,7
shares,7
stadium,7
ancient,7
torture,7
reef,7
tough,7
seemingly,7
risk,7
rarely,7
factory,7
garden,7
aspiring,7
january,7
2015,7
matthew,7
talking,7
indigenous,7
northern,7
july,7
asian,7
trying,7
shoot,7
speaking,7
visuals,7
gibney,7
discovered,7
monster,7
geographic,7
retirement,7
jeremy,7
discusses,7
dive,7
rescue,7
comics,7
pioneer,7
systems,7
actual,7
previously,7
soil,7
poland,7
2017,7
origin,7
astronauts,7
fights,7
labor,7
colorful,7
homage,7
raised,7
dominated,7
nimoy,7
agency,7
clash,7
whoopi,7
finals,7
washington,7
hopes,7
essay,7
conservative,7
green,7
combat,7
ramones,7
anyone,7
korea,7
halloween,7
terror,7
landmark,7
francisco,7
profound,7
says,7
continents,7
weaving,7
waters,7
training,7
tower,7
buddhist,7
rules,7
nations,7
waiting,7
turbulent,7
folk,7
psychological,7
cambodia,7
daring,7
walking,7
joel,7
editor,7
begun,7
dollar,7
delivers,7
detailed,7
icons,7
official,7
companies,7
spread,7
olympic,7
athlete,7
bear,7
coveted,7
roger,7
outspoken,7
riding,7
involves,7
attention,7
matters,7
batman,7
writer,7
brilliant,7
visits,7
regarded,7
2006,7
serial,7
november,7
doors,7
atmosphere,7
stand-up,7
teenager,7
running,7
oceans,7
pilot,7
poet,7
empire,7
books,7
marriage,7
videos,7
survived,7
winter,7
olympics,7
unforgettable,7
gravity,7
bowie,7
ridley,7
legal,7
obama,7
wilderness,7
value,7
officials,7
reflects,7
kingdom,7
detailing,7
allows,7
1992,7
designers,7
partner,7
makers,7
route,7
ross,7
evil,7
facts,7
1979,7
october,7
eisenstein,7
stages,7
performed,7
tries,7
arctic,7
motorcycle,7
experimental,7
job,7
returns,7
annual,7
philosophy,7
returned,7
thomas,7
texas,7
ones,7
harris,7
uncovering,7
educational,7
delve,7
carry,7
hot,7
diaries,7
obstacles,7
hip-hop,7
hearts,7
jacques,7
veterans,7
press,7
expectations,7
ready,7
selling,7
adults,7
powers,7
italian,7
investors,7
member,7
larry,7
cousteau,7
jay-z,7
prior,7
colleagues,7
jay,7
interests,7
shop,7
radical,7
occurred,7
1997,7
gene,7
roddenberry,7
development,6
northwest,6
prisoners,6
starved,6
invites,6
pranks,6
brief,6
objects,6
franchise,6
constitution,6
charting,6
1984,6
issue,6
disastrous,6
centuries,6
iii,6
sequel,6
composed,6
responsible,6
errol,6
morris,6
terrorist,6
bank,6
bowl,6
zhang,6
remote,6
energetic,6
disappearing,6
whats,6
pathway,6
delving,6
deeper,6
cover,6
breaking,6
intimately,6
transition,6
ideology,6
discussing,6
performing,6
solo,6
wisdom,6
fearless,6
proud,6
defend,6
cold,6
painful,6
crow,6
urban,6
emerged,6
designed,6
close-ups,6
time-lapse,6
photography,6
pushing,6
lines,6
practitioners,6
cinemas,6
habits,6
chicago,6
cinematographer,6
jodorowsky,6
advocate,6
perfectly,6
voices,6
walks,6
morgan,6
small-town,6
doctor,6
region,6
meanwhile,6
cocaine,6
halt,6
roller,6
vast,6
pina,6
2009,6
catholic,6
disturbing,6
marley,6
backstage,6
accept,6
1975,6
co-directed,6
ambition,6
virunga,6
seeking,6
lance,6
panahi,6
julian,6
assange,6
deal,6
perhaps,6
steal,6
reflect,6
triumphant,6
passing,6
motivations,6
xia,6
siblings,6
dave,6
dynamic,6
coral,6
instead,6
independent,6
met,6
retrospective,6
anonymous,6
audio,6
complexities,6
weiwei,6
refugee,6
profoundly,6
hunting,6
dazzling,6
piano,6
documenting,6
inconvenient,6
commissioned,6
ended,6
headlines,6
lopez,6
mckellen,6
abundance,6
existed,6
st.,6
foods,6
informative,6
highlights,6
supermarket,6
drawing,6
assaults,6
hollywoods,6
elaine,6
altered,6
narrator,6
serena,6
greenpoint,6
martynka,6
elderly,6
orb,6
reaching,6
behalf,6
personally,6
tribe,6
river,6
outrageous,6
defining,6
christian,6
beautifully,6
holds,6
adam,6
1998,6
employees,6
henson,6
nine,6
darkest,6
security,6
instant,6
1968,6
bang,6
content,6
replaced,6
substance,6
illuminating,6
formed,6
pioneers,6
recently,6
tape,6
clive,6
subculture,6
mongolian,6
newest,6
tragically,6
ill-fated,6
earlier,6
defined,6
lay,6
climbers,6
hired,6
lot,6
adopted,6
hall,6
tropical,6
teeth,6
hop,6
motown,6
1995,6
burma,6
hate,6
nobody,6
results,6
narrates,6
sunday,6
biography,6
titanic,6
genocide,6
sweden,6
21st,6
definition,6
finally,6
blues,6
1969,6
overcoming,6
values,6
fastest,6
fourth,6
wrote,6
registry,6
frame,6
interviewing,6
plan,6
burn,6
princess,6
professor,6
sagan,6
character,6
uplifting,6
preparations,6
20th,6
emphasis,6
central,6
dives,6
closed,6
soho,6
akin,6
towns,6
marilyn,6
parker,6
wave,6
post-war,6
neil,6
twice,6
emerges,6
greed,6
teacher,6
respect,6
poetry,6
edited,6
attenborough,6
feet,6
feel,6
myths,6
creates,6
photographed,6
internal,6
flag,6
innovative,6
fan,6
sick,6
tony,6
docudrama,6
unflinching,6
retired,6
locals,6
gradually,6
gender,6
learned,6
rousseff,6
proceedings,6
prominent,6
achievement,6
d'souza,6
sacrifices,6
outtakes,6
gone,6
clark,6
area,6
approaches,6
consists,6
gods,6
1994,6
disc,6
kelly,6
promotional,6
football,6
transcends,6
owner,6
worth,6
jersey,6
anecdotes,6
chase,6
fields,6
per,6
worked,6
pass,6
founder,6
broomfield,6
wuornos,6
driven,6
farmers,6
charge,6
discovers,6
date,6
poverty,6
pursue,6
bitcoin,6
say,6
fragments,6
plus,6
apollo,6
argentina,6
wrestling,6
blaine,6
leaving,6
painter,6
positive,6
tokyo,6
regions,6
crossfit,6
floor,6
begin,6
rosa,6
daan,6
inhabited,6
recy,6
alabama,6
department,6
player,6
tests,6
odyssey,6
anderson,6
lens,6
tested,6
trade,6
brutal,6
sharks,6
stewart,6
seas,6
collapse,6
eastwood,6
solution,6
said,6
anti-war,6
staff,6
diagnosed,6
download,6
honmoku,6
covering,6
hosts,6
fbi,6
fox,6
migrate,6
hunters,6
mainstream,6
map,6
attitudes,6
round,6
table,6
hondros,6
sensory,6
either,6
ring,6
earliest,6
bullet,6
skills,6
forests,6
general,6
addition,6
investigate,6
resulted,6
extended,6
fellini,6
julia,6
bottle,6
encounter,6
iran,6
fantastic,6
jail,6
manufacturing,6
traffic,6
failure,6
evolved,6
egypt,6
spielberg,6
wakefield,6
totalitarian,6
pony,6
spheeris,6
amish,6
fleet,6
plant,6
andrea,6
yilmaz,6
gulf,6
printing,6
organs,6
dunbar,6
lorraine,6
snowboarding,6
kerlund,6
lovell,6
poker,6
obesity,6
nigri,6
steidle,6
hitler,5
communist,5
endure,5
stunts,5
introduction,5
administration,5
forward,5
mythical,5
plot,5
knoxville,5
stakes,5
capitalism,5
shakespeare,5
corrupt,5
thirteen,5
alaska,5
exposing,5
conversations,5
enlightening,5
simon,5
climb,5
zeitgeist,5
christianity,5
mayor,5
brutality,5
autism,5
passed,5
dialogue,5
calling,5
murdered,5
bay,5
contributions,5
rises,5
needed,5
strives,5
grow,5
explored,5
perspectives,5
invention,5
invisible,5
matt,5
randy,5
entering,5
persona,5
inner-city,5
arthur,5
continent,5
secure,5
arresting,5
roads,5
remained,5
signature,5
switzerland,5
novel,5
spending,5
blade,5
runner,5
total,5
pornography,5
priest,5
myth,5
revelation,5
devil,5
raises,5
homosexuality,5
phenomena,5
names,5
raced,5
wwe,5
courageous,5
duo,5
association,5
alongside,5
accidents,5
immerse,5
riders,5
mexican,5
arizona,5
veteran,5
eventual,5
mixed,5
multiple,5
sarah,5
parish,5
fighter,5
prime,5
younger,5
b.b,5
1977,5
threats,5
congo,5
heritage,5
critically,5
surprisingly,5
doesnt,5
fascination,5
dealing,5
fraud,5
consciousness,5
privacy,5
larger,5
first-person,5
testimonies,5
dimensions,5
jackie,5
seals,5
thoroughly,5
controversy,5
mass,5
boat,5
resulting,5
temple,5
ruins,5
storied,5
longer,5
overthrow,5
practices,5
mixes,5
yoko,5
ono,5
quite,5
healthy,5
serious,5
1972,5
caught,5
imagination,5
self,5
combined,5
spanning,5
alfred,5
hitchcock,5
obsession,5
estate,5
loves,5
engaging,5
crowd,5
received,5
agents,5
intelligence,5
workings,5
interviewees,5
captivating,5
fictional,5
removed,5
conventional,5
web,5
storror,5
showcase,5
hears,5
height,5
popularity,5
tumultuous,5
publicized,5
usher,5
jennifer,5
lifetime,5
damon,5
ranging,5
recognized,5
testimonials,5
wood,5
reminds,5
realizes,5
collaboration,5
collect,5
islands,5
visit,5
allow,5
imagine,5
intent,5
closer,5
maintain,5
charming,5
wrestler,5
carter,5
mrs.,5
dreamed,5
workshop,5
elizabeth,5
smart,5
documentarian,5
dressed,5
happening,5
suddenly,5
edwin,5
stock,5
aesthetic,5
argument,5
missions,5
pistols,5
bobby,5
iceland,5
1969,5
steps,5
diseases,5
ryan,5
span,5
valuable,5
pervert,5
fantasy,5
humour,5
didnt,5
pacific,5
terrible,5
follow-up,5
influencing,5
rap,5
venerable,5
one-of-a-kind,5
outer,5
triumphs,5
protest,5
beliefs,5
nomads,5
rising,5
inspiration,5
khmer,5
exploitation,5
renegade,5
models,5
pam,5
authentic,5
glamorous,5
absurd,5
imagery,5
agent,5
avengers,5
solar,5
day-to-day,5
rio,5
berlin,5
rome,5
horrifying,5
caused,5
2003,5
shining,5
helm,5
fail,5
sides,5
testimony,5
aid,5
fresh,5
architecture,5
barack,5
victory,5
dakota,5
thinks,5
invent,5
superhero,5
costume,5
builds,5
activities,5
vogue,5
horrific,5
club,5
active,5
destroy,5
unfold,5
explain,5
crimes,5
month,5
giants,5
surfers,5
midst,5
danger,5
touching,5
monsters,5
plane,5
addiction,5
andy,5
alice,5
step,5
baltimore,5
strive,5
rodney,5
response,5
raising,5
parties,5
pushed,5
queens,5
anywhere,5
foot,5
dancer,5
acts,5
parallel,5
occasional,5
epidemic,5
lawyer,5
accident,5
isef,5
largely,5
foster,5
welles,5
touched,5
inspirational,5
described,5
zealand,5
independence,5
brazilian,5
involving,5
defence,5
supporters,5
mgm,5
forming,5
dinesh,5
dina,5
poses,5
communication,5
debbie,5
reynolds,5
robin,5
marijuana,5
snoop,5
dogg,5
sessions,5
1950,5
worker,5
squad,5
interpretation,5
centre,5
reflection,5
hear,5
sequences,5
loyal,5
cooper,5
billie,5
depths,5
virginia,5
putting,5
meditation,5
mixing,5
wealth,5
campbell,5
desperate,5
dan,5
page,5
theaters,5
regime,5
logic,5
subsequent,5
tired,5
companion,5
lifts,5
stroke,5
dealt,5
darkness,5
portrayal,5
one-man,5
haunting,5
best-selling,5
allied,5
orange,5
mean,5
puerto,5
destination,5
essence,5
denmark,5
rod,5
simply,5
regular,5
're,5
christmas,5
cubs,5
points,5
comprehensive,5
commitment,5
ricky,5
founded,5
apple,5
direct,5
equally,5
presidency,5
ethos,5
countryside,5
dropped,5
image,5
internationally,5
farmer,5
earn,5
challenging,5
difference,5
county,5
bridges,5
trail,5
1944,5
spoke,5
aftermath,5
impacted,5
reminiscences,5
creature,5
makeup,5
close-up,5
blends,5
truly,5
entitled,5
except,5
burning,5
towards,5
able,5
serene,5
meaning,5
hat,5
lasted,5
miraculously,5
noted,5
berlinger,5
migration,5
rooster,5
reporting,5
dictatorship,5
seemed,5
contract,5
flat,5
historians,5
fairy,5
travelogue,5
solve,5
apted,5
article,5
photographers,5
grassroots,5
possibly,5
february,5
fine,5
strategies,5
1991,5
idiot,5
magician,5
waste,5
gary,5
coverage,5
humankind,5
dad,5
so-called,5
message,5
headed,5
henry,5
bride,5
disappear,5
walked,5
minister,5
bringing,5
first-hand,5
growth,5
plight,5
crowds,5
demand,5
swirling,5
gangs,5
findings,5
forgotten,5
technological,5
profile,5
reefs,5
vital,5
redemption,5
measure,5
mclibel,5
milton,5
keynes,5
hulk,5
array,5
shadows,5
forty,5
note,5
missing,5
birds,5
code,5
boss,5
intolerance,5
execution,5
sam,5
shaped,5
commercial,5
varda,4
destiny,4
explaining,4
slow-motion,4
ginsburg,4
scare,4
refuses,4
ginsburgs,4
consuming,4
lifes,4
allegedly,4
senna,4
pontius,4
steve-o,4
tradition,4
significance,4
grizzly,4
bears,4
whale,4
blackfish,4
glee,4
opus,4
core,4
row,4
scheduled,4
layers,4
simpson,4
joseph,4
reserve,4
officially,4
lady,4
posing,4
match,4
apparently,4
juxtaposes,4
opportunities,4
vhs,4
accepted,4
proven,4
certain,4
despair,4
emerge,4
girlfriend,4
pregnant,4
kurt,4
tone,4
poem,4
philip,4
pixar,4
decline,4
proportions,4
paradigm,4
consumerism,4
matrix,4
kings,4
fang,4
affects,4
native,4
ballroom,4
standard,4
format,4
masters,4
nolan,4
soderbergh,4
noam,4
chomsky,4
principles,4
wealthy,4
penetrating,4
catch,4
bubble,4
adding,4
schrader,4
overlooked,4
gathering,4
developments,4
first-ever,4
stream,4
restaurants,4
superstars,4
penguins,4
stood,4
aerial,4
dedication,4
all-access,4
rehearsals,4
choreography,4
continued,4
warriors,4
rocco,4
siffredi,4
maher,4
proof,4
christ,4
sabbath,4
cope,4
unbelievable,4
risking,4
formula,4
forays,4
minimalism,4
minimalists,4
weather,4
apocalypse,4
destroying,4
coppola,4
snowboarder,4
redefine,4
landed,4
sleep,4
paralysis,4
condition,4
unable,4
fog,4
presidents,4
conviction,4
seattle,4
crumb,4
cat,4
graphic,4
treated,4
darkly,4
subconscious,4
meteoric,4
claiming,4
dublin,4
choreographer,4
o'grady,4
moved,4
gaining,4
nirvana,4
drummer,4
foo,4
rockumentary,4
clapton,4
dylan,4
mitchell,4
muhammad,4
ali,4
willing,4
dictator,4
bodybuilding,4
butler,4
troupe,4
profits,4
gorillas,4
borders,4
fueled,4
turkey,4
writing,4
heyday,4
1965,4
unpublished,4
colourful,4
passengers,4
jafar,4
behavior,4
unassuming,4
operates,4
twist,4
philosophers,4
attraction,4
bradley,4
exploded,4
societies,4
related,4
combination,4
confronts,4
contradictions,4
terry,4
gilliam,4
sabotage,4
resurrected,4
shakespearean,4
versailles,4
flaws,4
booming,4
rachel,4
cuts,4
1937,4
eight-year-old,4
shuqin,4
madame,4
cruise,4
usually,4
tenure,4
ascent,4
multi-platinum,4
recovered,4
horses,4
asia,4
guantanamo,4
profiles,4
harrison,4
adventures,4
grave,4
budget,4
hotel,4
throat,4
starring,4
paths,4
friday,4
misfits,4
versions,4
drawn,4
horse,4
gray,4
suburban,4
cause,4
uniquely,4
staggering,4
construct,4
unforgiving,4
justin,4
watched,4
arrival,4
transformation,4
parkour,4
drives,4
extremes,4
preparation,4
undertake,4
xiang,4
lun,4
xiao,4
1983,4
organizations,4
afraid,4
eye-opening,4
computer,4
cinematically,4
intensity,4
devotion,4
mat,4
oasis,4
metallica,4
lurks,4
klaus,4
archives,4
brett,4
dawkins,4
promoting,4
cases,4
pott,4
coleman,4
subjected,4
pulled,4
shapiro,4
voice-over,4
acting,4
bought,4
parkland,4
hundred,4
filthy,4
joke,4
receive,4
escapee,4
fifty,4
positions,4
hungry,4
bedroom,4
position,4
aka,4
pivotal,4
type,4
moreover,4
senior,4
listens,4
loneliness,4
foreign,4
hoping,4
ceramic,4
gather,4
isolation,4
siberian,4
protagonists,4
website,4
agreements,4
kits,4
testing,4
integrity,4
tchengs,4
dior,4
raf,4
elegant,4
directly,4
basis,4
considers,4
spock,4
idol,4
sesame,4
joan,4
salt,4
fanatic,4
kill,4
pairs,4
presence,4
inspire,4
singular,4
enthusiasm,4
practice,4
regional,4
youngsters,4
bet,4
decades-long,4
methods,4
wake,4
reason,4
arabia,4
contrast,4
laboratory,4
additional,4
photographic,4
transports,4
swim,4
planets,4
underworld,4
televised,4
debates,4
liberal,4
gore,4
encounters,4
biographies,4
immediately,4
teams,4
brains,4
enthusiasts,4
alike,4
haunted,4
houses,4
rejected,4
woodstock,4
lobbyists,4
recreations,4
climbing,4
strng,4
planning,4
armstrongs,4
cycling,4
crabs,4
realms,4
marvels,4
excitement,4
tireless,4
empowering,4
notion,4
ingenuity,4
merging,4
funk,4
daughters,4
section,4
downloading,4
combining,4
witnesses,4
bombing,4
oklahoma,4
racism,4
peaceful,4
non-violent,4
interested,4
paper,4
similar,4
permitted,4
structure,4
blast,4
losses,4
ferraris,4
superstitions,4
weinstein,4
rehearsing,4
unannounced,4
foremost,4
paxton,4
souls,4
fateful,4
non-stop,4
low-budget,4
silverman,4
masculinity,4
demons,4
primal,4
anticipated,4
unadorned,4
offensive,4
myriad,4
publisher,4
hour-long,4
authorities,4
peek,4
produce,4
abroad,4
cheaper,4
yes,4
doc,4
hugely,4
bolt,4
races,4
joplin,4
caesar,4
cesare,4
maiden,4
usa,4
01-feb,4
secretly,4
anti-semitism,4
jews,4
occupation,4
formative,4
lynchs,4
idyllic,4
philadelphia,4
corners,4
kaufman,4
spectacularly,4
succeeded,4
strategist,4
nude,4
shoots,4
nudity,4
european,4
humanitarian,4
diana,4
sons,4
subversive,4
acorn,4
poorest,4
challenged,4
crusade,4
turpin,4
exposed,4
emmy,4
soledad,4
highlighting,4
vik,4
materials,4
juan,4
arrested,4
commit,4
innocence,4
expos,4
anna,4
wintour,4
direction,4
reactions,4
del,4
climbs,4
competing,4
lgbt,4
bubbling,4
wershe,4
frequently,4
alleged,4
hurdes,4
guru,4
closest,4
spin,4
doctors,4
biographical,4
bukowskis,4
flying,4
poignant,4
nominee,4
brazil,4
pet,4
opioid,4
unaware,4
verdict,4
rockers,4
dared,4
provide,4
luminaries,4
forged,4
overweight,4
cross,4
channel,4
gained,4
sat,4
projects,4
navigating,4
stopping,4
laugh,4
blood,4
corner,4
culminates,4
auto,4
arrives,4
isis,4
pressing,4
bahar,4
rocky,4
dilma,4
triggered,4
maria,4
emotions,4
exactly,4
phrase,4
rebney,4
winnebago,4
risks,4
profession,4
trick,4
proenneke,4
cabin,4
aleutian,4
selected,4
seasons,4
philosopher,4
hitting,4
barr,4
meant,4
profitable,4
enforcement,4
dolores,4
conventions,4
equality,4
marriages,4
beaten,4
stan,4
convention,4
nilsson,4
van,4
mouse,4
episode,4
reclaim,4
stereotypes,4
captains,4
shatner,4
memorable,4
realm,4
levels,4
comments,4
hell,4
fascinated,4
monday,4
bronx,4
julie,4
vrit,4
revealed,4
fit,4
granted,4
magnificent,4
turtles,4
learning,4
nyc,4
brooklyn,4
extremely,4
enough,4
hostile,4
classics,4
amputee,4
uncompromising,4
sergei,4
philippines,4
break,4
relentless,4
motel,4
older,4
neighbors,4
barbie,4
complicated,4
inextricably,4
detective,4
surfing,4
cost,4
battling,4
script,4
transform,4
notable,4
conflicts,4
opponents,4
fired,4
innovation,4
aids,4
trials,4
arab,4
kilometres,4
sits,4
iggy,4
paranoid,4
pont,4
particular,4
woody,4
joshua,4
bomb,4
chan,4
wacky,4
tonight,4
andr,4
virtually,4
upside,4
assistant,4
premiere,4
nearby,4
divine,4
soviet,4
cleveland,4
goliath,4
tracks,4
boot,4
grit,4
screens,4
compassion,4
psychedelic,4
advertising,4
openly,4
solutions,4
peers,4
potent,4
krlekens,4
sprk,4
anders,4
demonstrations,4
madeleine,4
sackler,4
pendleton,4
facility,4
indiana,4
influences,4
jani,4
fingers,4
fragile,4
ramsey,4
attached,4
illustrate,4
guy,4
alago,4
rican,4
greenwood,4
fort,4
paralyzed,4
defy,4
guitarist,4
repression,4
sydney,4
vigo,4
swimmer,4
ups,4
heartfelt,4
phantom,4
warning,4
utilizing,4
puppets,4
owns,4
rapper,4
elected,4
torn,4
little-known,4
wing,4
blow,4
differences,4
hbo,4
minor,4
restored,4
searing,4
grapple,4
rhino,4
fundamental,4
boom,4
strong,4
grammy,4
entrepreneur,4
clarkson,4
hammond,4
hunger,4
bountiful,4
brink,4
mask,4
slacker,4
briefly,4
score,4
museum,4
associates,4
architectural,4
wedding,4
bulger,4
pulling,4
hamilton,4
frenzy,4
whales,4
styles,4
rupert,4
price,4
extinction,4
recovery,4
tournament,4
jewel,4
walt,4
acceptance,4
treasure,4
aged,4
range,4
chart,4
afternoon,4
banksy,4
photojournalist,4
best-known,4
libya,4
ears,4
rainbow,4
shoe,4
unlike,4
brandon,4
ohio,4
sign,4
emphasizes,4
thrive,4
revolutions,4
stritch,4
guided,4
legs,4
conduct,4
allowing,4
awe-inspiring,4
feminist,4
believing,4
chong,4
favourite,4
fifa,4
clinton,4
cycles,4
bike,4
visually,4
entertain,4
serving,4
joining,4
structures,4
calls,4
startling,4
accounts,4
star-studded,4
launched,4
location,4
turmoil,4
claims,4
level,4
network,4
pimping,4
regulations,4
dasha,4
fund,4
shaping,4
threatened,4
fatal,4
couple,4
crumbling,4
lowe,4
truck,4
hill,4
fabric,4
mine,4
1973,4
looming,4
employment,4
immediate,4
reunited,4
deficit,4
russians,4
lions,4
spurred,4
guns,4
bahamas,4
coming-of-age,4
soccer,4
80s,4
mya,4
liberty,4
describing,4
trans,4
cultures,4
mediterranean,4
ancestors,4
playful,4
flowering,4
mythos,4
naila,4
ritch,4
shydner,4
nutty,4
connect,4
addicted,4
pathological,4
optimist,4
muscle,4
shoals,4
incredibly,4
folks,4
incomparable,4
illusion,4
ashleigh,4
nigeria,4
illmatic,4
masterpieces,4
edition,4
collision,4
roko,4
almighty,4
23rd,4
hemingway,4
granddaughter,4
harvey,4
first-time,4
utterly,4
purpose,4
twentieth,4
deaf-blind,4
gutter,4
punks,4
riggs,4
hemphill,4
harryhausen,4
animators,4
andretti,4
touch,4
highlander,4
arc,4
dirk,4
listed,4
grandmother,4
gumball,4
3000,4
wacken,4
companys,4
directs,4
demolition,4
turkish,4
thrash,4
90s,4
istanbul,4
youll,4
buenos,4
aires,4
jedi,4
week,4
marked,4
carpenter,4
develop,4
mapplethorpe,4
male,4
italians,4
honor,4
antarctic,4
whaling,4
outsiders,4
degree,4
british-born,4
wait,4
lingering,4
graceful,4
aboard,4
margiela,4
magicians,4
jon,4
organisms,4
toxic,4
leuchter,4
savage,4
jaws,4
corps,4
grindcore,4
abduct,4
followers,4
elections,4
bradford,4
playwright,4
buttershaw,4
institution,4
assembly,4
giger,4
britney,4
eames,4
list,4
rammstein,4
nashville,4
wind,4
k-pop,4
haise,4
command,4
module,4
controller,4
histories,4
gosch,4
cyberpunk,4
annabel,4
patterns,4
spencer,4
metropolis,4
counter,4
rapid,4
monsanto,4
suspect,4
ichthyosaur,4
jurassic,4
zimbabwe,4
thriller,4
hellbound,4
kubelka,4
predators,4
greenlandic,4
cosplay,4
kilometers,4
jordan,4
emmanuel,4
macron,4
themes,3
puberty,3
concentration,3
province,3
hardships,3
3-d,3
marks,3
ruth,3
lawyers,3
relinquish,3
duty,3
perfection,3
untimely,3
raise,3
trains,3
eagle,3
pacino,3
relevance,3
analysis,3
deny,3
trainer,3
intelligent,3
developers,3
solitude,3
dramatically,3
re-enacts,3
dallas,3
abyss,3
ominous,3
territory,3
hell-bent,3
buck,3
wisecracking,3
parrot,3
depth,3
proudly,3
bury,3
resident,3
initial,3
profiled,3
relate,3
topics,3
tyler,3
cats,3
majestic,3
endearing,3
cub,3
collide,3
duke,3
dilemma,3
gentlemen,3
reeves,3
participation,3
insect,3
spider,3
hatching,3
integral,3
remaining,3
danny,3
steady,3
mammoth,3
farms,3
dietary,3
unsettling,3
large-scale,3
hoop,3
credit,3
depiction,3
phenomenal,3
unwavering,3
quixotic,3
seminal,3
fell,3
mick,3
jagger,3
prix,3
drivers,3
wide-ranging,3
sundance,3
jury,3
restrepo,3
korengal,3
increasing,3
breed,3
travis,3
rice,3
highs,3
tricks,3
lows,3
avalanches,3
arsenal,3
react,3
cabinet,3
recordings,3
defense,3
citizen,3
benefits,3
ufc,3
30-year,3
trust,3
device,3
grohl,3
scotland,3
farewell,3
probing,3
ringo,3
starr,3
rumble,3
pumping,3
olympia,3
franco,3
birthday,3
africas,3
gorilla,3
handful,3
anchored,3
fierce,3
bottom,3
candidly,3
expressing,3
aided,3
incidents,3
fundamentally,3
anker,3
sensitive,3
importantly,3
diversity,3
capable,3
wish,3
storms,3
zoom,3
construction,3
mansion,3
financing,3
fortune,3
denial,3
witnessed,3
slaughtered,3
protected,3
lid,3
forth,3
well-known,3
expert,3
innocent,3
likes,3
echo,3
robbing,3
witches,3
patients,3
sichuan,3
potential,3
allegations,3
aging,3
edie,3
maysles,3
outsized,3
personalities,3
carriage,3
crowley,3
burgeoning,3
aims,3
s.h.i.e.l.d,3
announced,3
mcconaughey,3
anne,3
vividly,3
frozen,3
consumed,3
serves,3
capsule,3
evolves,3
romantic,3
career-spanning,3
specifically,3
irans,3
target,3
khaled,3
foxx,3
landmarks,3
anger,3
difficulties,3
super-8,3
innovators,3
revolutionized,3
stranger-than-fiction,3
worldview,3
rational,3
questioning,3
menahem,3
golan,3
yoram,3
globus,3
cousins,3
cannon,3
synonymous,3
pound,3
civilian,3
indomitable,3
abc,3
dirty,3
shared,3
burns,3
feelings,3
distribution,3
couples,3
manhattan,3
identify,3
longing,3
taste,3
alienation,3
mixture,3
clay,3
seniors,3
undocumented,3
immigrants,3
routines,3
legally,3
untested,3
storage,3
facilities,3
mandatory,3
mars,3
masterful,3
off-screen,3
quantum,3
inserted,3
explode,3
sean,3
vince,3
waves,3
manager,3
14-year-old,3
ulrich,3
captive,3
12-year-old,3
soaring,3
indeed,3
d.c.,3
tremendous,3
spell,3
property,3
dubbed,3
saudi,3
developed,3
drilling,3
precipice,3
baptist,3
visionary,3
employee,3
castro,3
discourse,3
spectacle,3
constant,3
dusty,3
attic,3
volcanoes,3
indonesia,3
ethiopia,3
seek,3
rooted,3
ritual,3
december,3
arkansas,3
dna,3
controlled,3
mountaineer,3
fredrik,3
exciting,3
ideas,3
illuminates,3
erupted,3
2013,3
insider,3
separated,3
antics,3
rousing,3
vice,3
policy,3
sophisticated,3
action-packed,3
domestic,3
ridge,3
monk,3
amounts,3
tolerant,3
obsessively,3
220,3
heartbreaking,3
hopeful,3
superman,3
indictment,3
1950s,3
mon,3
ami,3
1966,3
surroundings,3
ground-breaking,3
presentation,3
dog,3
broken,3
electro,3
respected,3
spurlock,3
mirror,3
rebuilt,3
reputation,3
collaborated,3
johns,3
reshape,3
promises,3
unemployed,3
fix,3
mama,3
jamaica,3
jet,3
elsewhere,3
backgrounds,3
troops,3
pantheon,3
migrant,3
participant,3
strikes,3
reflections,3
arrests,3
purer,3
in-your-face,3
blog,3
twitter,3
earthquake,3
widely,3
beijing,3
chinas,3
detractors,3
accused,3
sparked,3
crashing,3
prostitute,3
bid,3
carl,3
batmans,3
louise,3
outskirts,3
janeiro,3
editor-in-chief,3
montage,3
manifested,3
convictions,3
rush,3
judgment,3
opera,3
biblical,3
dozen,3
scholars,3
sub-culture,3
cabaret,3
sprung,3
amir,3
rick,3
1987,3
gangsters,3
missionary,3
pan,3
spain,3
contrasts,3
blake,3
eddie,3
eugene,3
perilous,3
intensely,3
sent,3
otherworldly,3
confusion,3
interspersed,3
lack,3
funding,3
bacon,3
poetic,3
reptiles,3
identities,3
ronald,3
truths,3
affect,3
epics,3
traced,3
fathers,3
cesar,3
war-torn,3
tim,3
nightmares,3
disorder,3
collar,3
tear,3
associated,3
1980,3
unrest,3
twenty-five,3
protests,3
rule,3
entered,3
bertolucci,3
roman,3
polanski,3
oscar-winning,3
yosemite,3
20-year,3
kept,3
sudden,3
bigger,3
biodiversity,3
fancher,3
wherein,3
killers,3
unexpectedly,3
conservation,3
scientist,3
lincoln,3
hanks,3
harrowing,3
inimitable,3
sees,3
shane,3
actresses,3
appeared,3
watching,3
seeing,3
terrorists,3
abu,3
fetish,3
kink.com,3
enterprise,3
actions,3
islamic,3
tunnels,3
division,3
michel,3
pace,3
modernist,3
chorus,3
attack,3
nicknamed,3
understands,3
determine,3
sales,3
unwittingly,3
injury,3
snow,3
1967,3
decided,3
sought,3
door,3
sensual,3
draw,3
romance,3
contemporaries,3
crystal,3
stronger,3
smoke,3
dre,3
westside,3
stops,3
chavez,3
connects,3
empty,3
evans,3
jesus,3
examine,3
paradise,3
judge,3
featurette,3
diego,3
segments,3
specials,3
rehabilitation,3
carolina,3
circuit,3
segregated,3
whites,3
holiday,3
spots,3
isolated,3
flow,3
starship,3
deepest,3
rivalry,3
titans,3
league,3
asylum,3
farley,3
showcases,3
thrown,3
skill,3
sights,3
rossi,3
okwui,3
mesmerizing,3
observational,3
non-fiction,3
hospital,3
1960,3
trajectory,3
rebellious,3
polls,3
aileen,3
unstable,3
therefore,3
depression,3
self-harm,3
provided,3
richest,3
dolphins,3
stereoscopic,3
lots,3
boston,3
awareness,3
pirate,3
filesharing,3
crews,3
threat,3
livelihoods,3
accurately,3
cop,3
mercilessly,3
crossing,3
guards,3
nights,3
unconventional,3
ethan,3
executed,3
insane,3
interrupted,3
botched,3
memory,3
pain,3
fading,3
fears,3
confronted,3
shots,3
kathleen,3
all-new,3
breaks,3
laos,3
apprenticed,3
navy,3
miraculous,3
suit,3
demands,3
cyrus,3
charges,3
located,3
african-american,3
limited,3
cycle,3
microphone,3
interesting,3
obsessive,3
journalism,3
gerald,3
platform,3
rehearsal,3
royalty,3
curious,3
adversary,3
colonial,3
imagined,3
inform,3
heir,3
sentence,3
apartheid,3
saint,3
shoulders,3
newly,3
maps,3
bare,3
morrison,3
surf,3
citys,3
black-and-white,3
polar,3
category,3
focused,3
verge,3
low,3
denied,3
theory,3
crush,3
problem,3
glory,3
treatment,3
pharmaceutical,3
extremism,3
carlito,3
rides,3
boarding,3
samuel,3
tiger,3
idealistic,3
aaron,3
never-before,3
wong,3
embrace,3
chaotic,3
distinctive,3
devoted,3
1976,3
businessman,3
grandmothers,3
survivor,3
method,3
morbid,3
shed,3
goals,3
hicks,3
add,3
southwest,3
chile,3
searching,3
glenn,3
notions,3
prosperity,3
discrimination,3
movements,3
stumbled,3
sinatra,3
fitness,3
qualified,3
hardest,3
industries,3
unravels,3
partnership,3
1970,3
1.1,3
riots,3
frankly,3
treat,3
naturally,3
icy,3
incarcerated,3
investigator,3
celebrations,3
guys,3
romania,3
pattern,3
shimmering,3
lengths,3
remake,3
frankenheimer,3
fairuza,3
balk,3
rob,3
subway,3
cherished,3
booker,3
collaborator,3
relief,3
dense,3
literally,3
naked,3
vivian,3
frames,3
inspires,3
600,3
worship,3
express,3
dust,3
valleys,3
volatile,3
completed,3
mud,3
complexity,3
performs,3
l.a.,3
explorers,3
rivers,3
untouched,3
sounds,3
bolivia,3
everglades,3
helmets,3
stay,3
poaching,3
rhinos,3
pedestrians,3
bridge,3
treats,3
stands,3
confront,3
throws,3
shock,3
mode,3
flees,3
beast,3
culled,3
nissan,3
vietnamese,3
re-edited,3
itunes,3
michigan,3
photograph,3
heaven,3
transforms,3
relation,3
supporting,3
laurie,3
nice,3
talents,3
podcast,3
radio,3
showcasing,3
royal,3
correspondent,3
ace,3
blair,3
witch,3
aired,3
flamingos,3
memoir,3
bell,3
installment,3
perpetrators,3
gangster,3
mythology,3
unarmed,3
depend,3
ecological,3
murdoch,3
chosen,3
teeths,3
pro,3
angel,3
troll,3
train,3
window,3
arms,3
humpback,3
researchers,3
males,3
forum,3
tab,3
linked,3
mentor,3
cook,3
b-movie,3
corman,3
reduces,3
task,3
card,3
lacrosse,3
6th,3
review,3
establishment,3
chuck,3
illuminate,3
providing,3
kevyn,3
championships,3
finest,3
debt,3
autumn,3
ozu,3
treasures,3
interweaves,3
laura,3
motives,3
betrayal,3
juice,3
jonathan,3
unknowable,3
outstanding,3
breakthroughs,3
nathan,3
psyche,3
rouge,3
fisherman,3
comment,3
females,3
copenhagen,3
stereo,3
stonewall,3
on-set,3
admissions,3
rite,3
passage,3
forget,3
sigourney,3
weaver,3
johannes,3
revue,3
supported,3
elephant,3
crown,3
1939,3
announcement,3
deborah,3
skin,3
newspapers,3
magazines,3
exhibition,3
progressive,3
programs,3
shannon,3
maradona,3
appreciation,3
progression,3
wonderful,3
unveil,3
sitting,3
satan,3
capra,3
traveled,3
rendered,3
czech,3
products,3
study,3
psychology,3
paintings,3
storm,3
rebellion,3
patel,3
slim,3
patels,3
witty,3
1942,3
co-director,3
quirky,3
wes,3
bars,3
gym,3
messages,3
failures,3
soundtrack,3
accidental,3
newspaper,3
finished,3
endurance,3
nacksving,3
gala,3
architects,3
norwegian,3
murders,3
seldom,3
pete,3
sighted,3
overlook,3
calf,3
vein,3
pimps,3
municipal,3
saints,3
mastery,3
mayhem,3
genres,3
mall,3
pack,3
satirical,3
mining,3
barbara,3
portray,3
adversity,3
clubs,3
backyard,3
sell,3
60s,3
recreation,3
pug,3
somm,3
clouzots,3
intriguing,3
managed,3
manner,3
dwindling,3
long-time,3
continually,3
stardust,3
neighborhoods,3
shah,3
exotic,3
dsouza,3
teen,3
dash,3
harrelson,3
skateboarding,3
wont,3
embraced,3
offenders,3
report,3
youngest,3
brad,3
ghetto,3
slovenia,3
warwick,3
wright,3
1940,3
pitch,3
hiatus,3
miranda,3
periods,3
highlight,3
cartoons,3
rumors,3
deliver,3
preserve,3
rickshaw,3
angles,3
genetically,3
insist,3
situations,3
dragon,3
breakthrough,3
selection,3
hes,3
ortons,3
mighty,3
superheroes,3
biological,3
practical,3
improve,3
overwhelming,3
mafia,3
loving,3
lessons,3
demonstrate,3
check,3
seventies,3
jaguar,3
select,3
broadcast,3
yorks,3
hung,3
hoped,3
panthers,3
angela,3
pandora,3
marines,3
intrigue,3
weapon,3
prompting,3
rammsteins,3
surround,3
label,3
boundaries,3
todays,3
vinyl,3
belt,3
renewed,3
insightful,3
listeners,3
sixteen,3
bucharest,3
bred,3
barriers,3
attempted,3
turtle,3
kahn,3
watson,3
descend,3
sondheim,3
none,3
silver,3
upcoming,3
sculptures,3
divorce,3
embarked,3
storytelling,3
hugo,3
50th,3
nguyen,3
evolving,3
sidewalk,3
onto,3
confrontation,3
gun,3
kaleil,3
neck,3
deserts,3
falling,3
bird,3
bart,3
religions,3
representatives,3
haus,3
mercury,3
invasion,3
d-day,3
franchises,3
technologies,3
serve,3
spacey,3
weave,3
critical,3
golf,3
pal,3
introduce,3
creations,3
beside,3
rihanna,3
buscema,3
noah,3
thoughts,3
grieving,3
nevada,3
hygiene,2
masturbation,2
menstruation,2
alain,2
resnais,2
arena-packing,2
retire,2
agns,2
photographer/muralist,2
aeneas,2
trojan,2
poems,2
aeneid,2
publius,2
vergilius,2
maro,2
gansu,2
gobi,2
sixty,2
designated,2
ultra-rightists,2
partys,2
anti-rightist,2
1957,2
jiabiangou,2
mingshui,2
reeducation,2
firsthand,2
persons,2
premise,2
beavis,2
butt-head,2
intro,2
lining,2
attacked,2
10th,2
bader,2
defended,2
steadily,2
rbg,2
affairs,2
martyand,2
agenda,2
unjust,2
achievments,2
attained,2
spans,2
essentially,2
bam,2
margera,2
dominance,2
default,2
feast,2
incorporates,2
sadly,2
aisholpan,2
13-year-old,2
kazakh,2
typically,2
handed,2
deeply-felt,2
rumination,2
sicko,2
profit,2
insurance,2
providers,2
treadwell,2
summers,2
sacrificed,2
3.5,2
unused,2
tilikum,2
sentient,2
captivity,2
indie,2
edmund,2
mcmillen,2
refenes,2
xbox,2
meat,2
highly-anticipated,2
fez,2
highest-rated,2
braid,2
28-year-old,2
inmate,2
achieves,2
gaze,2
unveils,2
yates,2
near-fatal,2
siula,2
grande,2
cordillera,2
huayhuash,2
peruvian,2
andes,2
1985,2
conspiracies,2
www.zeitgeistmovie.com,2
provocateur,2
gaga,2
releases,2
halftime,2
warlords,2
the1920s,2
bandit,2
descends,2
provincial,2
hijacked,2
tang,2
small-time,2
imposter,2
tyrannical,2
gentry,2
huang,2
wit,2
ensues,2
chatty,2
suskind,2
ceased,2
stimuli,2
engaged,2
donned,2
puppetiago,2
aladdinand,2
poof,2
replied,2
framework,2
predecessor,2
clock,2
retirees,2
stigmas,2
misogyny,2
decreasing,2
regret,2
conduit,2
bagby,2
announces,2
kuenne,2
gift,2
toll,2
neither,2
vocalized,2
juxtaposition,2
meghan,2
markle,2
socialites,2
windsor,2
toy,2
promotion,2
campus,2
string,2
lasseter,2
catmull,2
two-dimensional,2
chronicled,2
three-dimensional,2
socioeconomic,2
monetary,2
governs,2
transcend,2
relativism,2
empirical,2
attributes,2
extrapolating,2
immutable,2
resource-based,2
pope,2
responds,2
ecology,2
immigration,2
searches,2
fulfillment,2
savanna,2
mara,2
sita,2
cheetah,2
mischievous,2
newborns,2
banished,2
diplomacy,2
1955,2
ambassadors,2
dizzy,2
gillespie,2
ellington,2
mixed-race,2
practiced,2
segregation,2
prevent,2
ecosystems,2
eleven-year-old,2
reluctant,2
ladies,2
citywide,2
medium,2
keanu,2
fincher,2
unpacks,2
crossroads,2
historically,2
inequality,2
half-century,2
favor,2
expense,2
majority,2
swan,2
functioning,2
meadows,2
ponds,2
bees,2
collecting,2
nectar,2
ladybugs,2
eating,2
mites,2
snails,2
mating,2
spiders,2
wrapping,2
scarab,2
beetle,2
relentlessly,2
dung,2
uphill,2
caterpillars,2
mosquito,2
nuance,2
composing,2
hans,2
zimmer,2
elfman,2
quincy,2
soundtracks,2
'score,2
aural,2
valentine,2
lovers,2
18-to-19-year,2
semi-fictionalized,2
cave,2
kenner,2
supermarkets,2
schlosser,2
pollan,2
processing,2
agee,2
gates,2
mature,2
retaining,2
zeitlinger,2
voiceover,2
fluffy,2
wifi,2
bluetooth,2
gps,2
communications,2
deserved,2
exhaust,2
ran,2
gasoline,2
interlinked,2
katys,2
alejandro,2
topo,2
holy,2
sangre,2
adapt,2
dune,2
undertaking,2
assembled,2
recall,2
rocknroll,2
blessing,2
devoting,2
busting,2
commentator-comic,2
believers,2
tenets,2
judaism,2
islam,2
muslim,2
extremists,2
embarrassing,2
deadliest,2
backup,2
harmony,2
andres,2
deployment,2
platoon,2
postings,2
simple-living,2
flavors,2
plagued,2
bull,2
curt,2
zones,2
opened,2
wrong-turns,2
scenic,2
rewrite,2
1934,2
nuremberg,2
time-travel,2
resonance,2
marty,2
eighty-five-year-old,2
mcnamara,2
wwii,2
whiz,2
managing,2
michoacn,2
jose,2
mireles,2
physician,2
shepherds,2
knights,2
templar,2
cartel,2
wreaked,2
havoc,2
altar,2
valleya,2
narrow,2
52-mile-long,2
corridor,2
alleytim,2
nailer,2
paramilitary,2
recon,2
mexicos,2
seeping,2
atmospheric,2
acquittal,2
knox,2
exchange,2
africans,2
rodriguez,2
85th,2
cartoonist/artist,2
truckin,2
fritz,2
comix,2
ex-girlfriends,2
selections,2
quantity,2
conor,2
mcgregor,2
conors,2
spare,2
belts,2
pay-packets,2
polley,2
decades-old,2
ensemble,2
tanztheater,2
wuppertal,2
bausch,2
amy,2
berg,2
pedophile,2
oliver,2
betraying,2
'people,2
resurrect,2
glories,2
prophet,2
macdonald,2
superstardom,2
revelatory,2
intertwines,2
joni,2
1974,2
foreman,2
heavyweight,2
promoter,2
apiece,2
backer,2
mobutu,2
sese,2
suko,2
zaire,2
run-up,2
arnold,2
schwarzenegger,2
lou,2
ferrigno,2
columbu,2
fiore,2
gaines,2
schuster,2
'public,2
indecency,2
madonna,2
'blond,2
glittering,2
prayer,2
bed,2
afterwards,2
unesco,2
contested,2
insurgencies,2
topple,2
habitat,2
rangers,2
galvanizing,2
raging,2
libido,2
superhuman,2
doses,2
thompson,2
goring,2
sacred,2
cows,2
impunity,2
hilarity,2
steel-eyed,2
wrongs,2
audiotapes,2
passages,2
manuscripts,2
farrier,2
stumbles,2
tickling,2
stranger,2
yellow,2
cab,2
tehran,2
dashboard,2
mobile,2
comedic,2
unpalatable,2
beguilingly,2
request,2
headquarters,2
ex-members,2
replay,2
authors,2
discussion,2
fakery,2
manning,2
collateral,2
cablegate,2
secrecy,2
meru,2
climbersconrad,2
chin,2
renan,2
ozturkbent,2
achieving,2
introspection,2
inequalities,2
discriminations,2
darker,2
empathy,2
solidarities,2
yann,2
arthus-bertrand,2
nowadays,2
fulton,2
pepe,2
quixote,2
injuries,2
freakish,2
billionaires,2
davids,2
rags-to-riches,2
innate,2
virtues,2
sprawling,2
time-share,2
real-estate,2
fraught,2
delusion,2
self-effacing,2
dolezal,2
unmasked,2
n.a.a.c.p,2
chapter,2
dolezals,2
nanjing,2
4-year-old,2
hid,2
concealing,2
corpses,2
sail,2
fed,2
weight,2
newborn,2
jungles,2
moroccan,2
throw,2
keeps,2
abilities,2
beatle,2
possessed,2
vignettes,2
scary,2
qian,2
shoestring,2
wildest,2
expectation,2
appointed,2
morality,2
struggled,2
13th,2
banded,2
stand,2
settings,2
relatives,2
centered,2
pasts,2
1888,2
separate,2
liberties,2
trailer,2
tea,2
minnesota,2
hathaway,2
unheard,2
achievements,2
voyager,2
famine,2
displacement,2
urgent,2
stretch,2
greece,2
inuit,2
quebec,2
resourceful,2
igloo,2
fishing,2
on-stage,2
bieber,2
awardnominated,2
markus,2
imhoof,2
honeybees,2
topic,2
dying,2
sites,2
opaque,2
multinational,2
24th,2
rooftops,2
megacities,2
totally,2
guerilla,2
rca,2
'leaps,2
majoring,2
transferred,2
tamkang,2
musically,2
melody,2
unbeknownst,2
initially,2
tongues,2
cadre,2
cowspiracy,2
sustainability,2
intrepid,2
uncovers,2
destructive,2
stuxnet,2
self-replicating,2
virus,2
evidently,2
malware,2
worm,2
infecting,2
spreading,2
uncontrollably,2
attention-grabbing,2
long-awaited,2
pitfalls,2
demanding,2
reconstructed,2
whitecross,2
supersonic,2
council,2
estates,2
manchester,2
palpable,2
generation-defining,2
noel,2
liam,2
gallagher,2
1200,2
bitter,2
gameau,2
diet,2
commonly,2
perceived,2
'healthy,2
plague,2
shelves,2
tv-material,2
home-made,2
factor,2
productive,2
kinski,2
hatches,2
tucked,2
morgen,2
jane,2
goodall,2
chimpanzee,2
kobe,2
bryant,2
titular,2
signaling,2
lazenby,2
mechanic,2
circumstances,2
acted,2
krauss,2
audrie,2
daisy,2
cyberbullying,2
scahill,2
chases,2
expanding,2
covert,2
responded,2
movie-obsessed,2
gate-crashers,2
skewed,2
low-rent,2
ratcheted,2
schlock,2
sight,2
logo,2
boo,2
foreseen,2
cinematographers,2
airstrikes,2
targets,2
responders,2
rubble,2
marjory,2
stoneman,2
douglas,2
nightline,2
rebuilds,2
welteroth,2
privately,2
vaudeville,2
universally,2
elevated,2
flame,2
brighter,2
punctuate,2
widespread,2
blockbuster,2
unnamed,2
twelve-step,2
anatomy,2
demonstrating,2
whew,2
bucky,2
spied,2
panelled,2
gagged,2
insisted,2
on-top,2
quench,2
motherly,2
instincts,2
documentaries,2
cimber,2
matteo,2
ottaviano,2
jayne,2
mansfield,2
furnished,2
'68,2
tennis,2
emigrantmartynkaliving,2
divorces,2
folksy,2
emigrants,2
intercultural,2
melting,2
pot,2
contact,2
unprepared,2
overseas,2
neighbor,2
henryk,2
helper,2
helenaan,2
homeinspires,2
ziemia,2
wawrzyniak,2
atop,2
meadow,2
mcgolrick,2
unveiled,2
2018,2
glazed,2
excavated,2
soils,2
contributed,2
greenpointers,2
invite,2
symbolically,2
representative,2
abbreviated,2
wawrzyniaks,2
fabrication,2
generous,2
jarawas,2
andaman,2
bakhtia,2
yenisei,2
taiga,2
natives,2
barely,2
traditions,2
read,2
phone,2
app,2
havent,2
ridiculous,2
clicking,2
hindered,2
currently,2
requiring,2
iconoclastic,2
vivienne,2
westwood,2
brands,2
deserves,2
ceaseless,2
workforce,2
adderall,2
prescription,2
stimulants,2
frederic,2
privileged,2
simons,2
haute,2
couture,2
melding,2
pressure-filled,2
components,2
reverence,2
seamstresses,2
atelier,2
subtitles,2
marlee,2
maitlin,2
divorced,2
insertions,2
impart,2
interviewer,2
academic,2
epiphany,2
comprehends,2
inspirations,2
publicity,2
amendment,2
barred,2
menard,2
six-foot-six,2
eight-time,2
all-star,2
daytona,2
raptors,2
dating,2
sadri,2
clients,2
elmo,2
puppeteer,2
displaying,2
rosie,2
odonnell,2
cheryl,2
ganz,2
cooney,2
ann,2
alana,2
boden,2
abducted,2
skeet,2
hilly,2
encampment,2
accomplice,2
wanda,2
barzee,2
deirdre,2
lovejoy,2
drugged,2
rituals,2
enabled,2
horrifyingly,2
fairytale,2
boogeyman,2
entrance,2
basement,2
87-year-old,2
apfel,2
quick-witted,2
flamboyantly,2
93-year-old,2
maven,2
dotage,2
sustenance,2
dressing,2
pre-teens,2
scripps,2
spelling,2
bee,2
teachers,2
250,2
whittled,2
freddy,2
krueger,2
slashed,2
scaring,2
shin,2
counterterrorism,2
justify,2
tiff,2
america-rural,2
landowners,2
lucrative,2
wanting,2
lease,2
tap,2
reservoir,2
halliburton,2
ground-a,2
hydraulic,2
fracking,2
#NOMBRE?,2
superpower,2
hardly,2
analog,2
eras,2
blurry,2
pin-sharp,2
iphone,2
willem,2
sorts,2
herchen,2
2,2
bonanos,2
stefanie,2
schneider,2
blurring,2
occurs,2
expired,2
layer,2
moviegoers,2
cuba,2
fidel,2
cuban,2
nationally,2
intellectuals,2
vidal,2
buckley,2
vitriolic,2
marking,2
trumped,2
entangled,2
luxuriates,2
begging,2
'what,2
post-9/11,2
berets,2
arrive,2
taliban,2
cautionary,2
'70s,2
credited,2
hackney,2
dannis,2
wasnt,2
demo,2
bobbys,2
volcanologist,2
oppenheimer,2
mankind,2
wonders,2
haunters,2
heart-warming,2
heart-stopping,2
polarizing,2
boo-scare,2
mazes,2
nomadic,2
camel,2
colt,2
altamont,2
speedway,2
desolate,2
racetrack,2
dealers,2
arguing,2
tougher,2
indicated,2
degenerative,2
afflict,2
reversed,2
rejecting,2
menu,2
animal-based,2
processed,2
dramatized,2
eleven,2
catastophes,2
aborted,2
solving,2
subjectivity,2
materiality,2
untangling,2
famously,2
baffling,2
overturning,2
intellect,2
unfailing,2
comeback,2
shelved,2
doping,2
re-opened,2
confession,2
unraveling,2
samantha,2
anas,2
twin,2
sisters,2
jellyfish,2
hats,2
disguised,2
frogs,2
shag,2
carpets,2
kaleidoscope,2
floating,2
darting,2
wonderland,2
barrier,2
carrey,2
camerawork,2
fin,2
grandeur,2
lovestruck,2
cuttlefish,2
scenesin,2
poignantas,2
pursues,2
perils,2
g-funk,2
commercialize,2
melodic,2
gangsta,2
waging,2
middle-school,2
sex-trafficking,2
backpage.com,2
classifieds,2
businesses,2
effected,2
rotoscopic,2
murrah,2
terrorism,2
enforcementincluding,2
standoffs,2
ruby,2
wacoled,2
60-year-old,2
arduous,2
thread,2
binds,2
wirathu,2
observing,2
islamophobia,2
buddhism,2
80-year-old,2
columns,2
knows,2
cinematographe,2
invented,2
1895,2
seconds,2
synchronized,2
gamut,2
yimou,2
convention-thwarting,2
miniature,2
baikonur,2
cosmodrome,2
impassioned,2
guggenheim,2
enzo,2
scuderia,2
nixons,2
bestselling,2
mate,2
ferrari,2
immortality,2
shook,2
1961,2
meerkat,2
pup,2
kolo,2
kalahari,2
resilience,2
fortitude,2
dramatised,2
nomad,2
nansal,2
veld,2
rejections,2
let,2
rooftop,2
commercially,2
storyteller,2
wreck,2
unscripted,2
refugees,2
transported,2
baksbat,2
imdb,2
sensitives,2
electro-hypersensitivity,2
netherlands,2
evading,2
connectivity,2
crowhurst,2
yachtsman,2
nautical,2
round-the-world,2
technologically,2
western-style,2
modernization,2
weir,2
picnic,2
hanging,2
considerably,2
highbrow,2
fare,2
hartley,2
unbridled,2
flicks,2
beardsman,2
mustache,2
arnett,2
bateman,2
weigh,2
hipster,2
facial,2
williamsburg,2
follicles,2
idiosyncratic,2
grooming,2
combed,2
fitter,2
sheffield,2
catapulted,2
alcohol,2
vocalists,2
description,2
songwriters,2
fong-torres,2
webb,2
rita,2
coolidge,2
deric,2
dyer,2
glyn,2
self-learning,2
computers,2
a.i,2
9to5,2
multi-billion,2
glorification,2
prejudice,2
grotesque,2
ripples,2
videotape,2
sachin,2
tendulkar,2
sports-docudrama,2
cricket,2
phenomenas,2
75th,2
fledgling,2
multi-media,2
juggernaut,2
emily,2
vancamp,2
sharon,2
documentary-style,2
ultron,2
ant-man,2
japans,2
disconnect,2
hypermodern,2
product,2
happily,2
nike,2
screwball,2
gonzo,2
executives,2
conferences,2
jehane,2
noujaim,2
rafea,2
egypts,2
catapulting,2
kaleidoscopic,2
visceral,2
cairos,2
tahrir,2
sheer,2
obstinacy,2
thorny,2
hosni,2
mubareks,2
life-and-death,2
authorized,2
access-all-areas,2
globally,2
adored,2
usain,2
metres,2
2017,2
janis,2
deve,2
morire,2
scripted,2
julius,2
piloted,2
dickinson,2
board,2
claude,2
lanzmann,2
ex-nazis,2
agreed,2
effective,2
fiasco,2
saddam,2
inadequate,2
insufficient,2
edicts,2
bremmer,2
infuses,2
makings,2
white-hot,2
primetime,2
slot,2
dana,2
carvey,2
showwith,2
unknowns,2
carell,2
colbert,2
c.k.,2
smigel,2
testifying,2
watergate,2
hearings,2
advising,2
offended,2
fence,2
pundit,2
ahead,2
greenfield-sanders,2
pose,2
clothed,2
economics,2
exhibitionism,2
re-contextualize,2
hostilities,2
eyewitness,2
crises,2
accounted,2
jailer,2
impoverished,2
transparency,2
alison,2
klayman,2
ais,2
prominence,2
questioned,2
2011,2
exhibitions,2
heats,2
run-ins,2
frequent,2
community-organizing,2
advocated,2
momentum,2
obamas,2
zenith,2
hidden-camera,2
voter,2
breitbart.com,2
sioux,2
pipeline,2
nye,2
retiring,2
astronomer,2
launching,2
spacecraft,2
revolutionize,2
interplanetary,2
accomplish,2
contrarians,2
consensus,2
indifferent,2
kane,2
finger,2
wayne,2
peabody,2
obrien,2
shackled,2
perris,2
transformative,2
top-selling,2
muniz,2
jardim,2
gramacho,2
landfill,2
heights,2
collaborates,2
catadores,2
pickers,2
recyclable,2
garbage,2
quoting,2
machiavelli,2
recycle,2
catalan,2
insists,2
curb,2
salons,2
hairstyling,2
laboratories,2
temples,2
hairstyles,2
pocketbooks,2
self-esteem,2
fall-fashion,2
gobalized,2
manolo,2
blahnik,2
self-confessed,2
'cobbler,2
shoe-maker,2
looked,2
longingly,2
'manolos,2
johnston,2
manic-depressive,2
singer/songwriter/artist,2
demonic,2
self-obsession,2
latino,2
harlem,2
raping,2
rapist,2
confessed,2
overturned,2
decaying,2
beset,2
tension,2
clamoring,2
outraged,2
upended,2
miscarriage,2
stephane,2
lissner,2
smithy,2
dickie,2
1940s,2
explosion,2
obliterating,2
precious,2
accessible,2
flood,2
tackett,2
hikes,2
canyons,2
jojos,2
interpreted,2
knell,2
soho.the,2
gentrification,2
atrocity,2
3rd,2
venues,2
noticed,2
emerging,2
onslaught,2
fiction/documentary,2
hybrid,2
drib,2
centres,2
borglis,2
novelty,2
17-year-old,2
juvenile,2
offense,2
front-page,2
explanation,2
wyoming,2
abducting,2
imprisoning,2
mormon,2
tierra,2
sin,2
bread,2
unpromised,2
surrealist,2
1932,2
extremadura,2
salamanca,2
portugal,2
'deep,2
'devil,2
high-definition,2
sexiest,2
jenna,2
jameson,2
chambers,2
christy,2
canyon,2
drake,2
georgina,2
spelvin,2
allie,2
haze,2
stoya,2
constance,2
kay,2
skateboard,2
stacy,2
peralta,2
nanking,2
snapshot,2
processes,2
cernan,2
lunar,2
secretive,2
craig,2
quietly,2
journals,2
patience,2
bukowski,2
vintage,2
joyce,2
paint,2
romantically,2
domination,2
leap,2
pterosaurs,2
comprised,2
reagan,2
redefined,2
decorative,2
youtube,2
prague,2
timely,2
surfer,2
irons,2
hawaii,2
ferocious,2
documented,2
attend,2
putin,2
venerated,2
mary,2
newsreel,2
1912,2
toback,2
amongst,2
alternative,2
elvis,2
pounds,2
gut,2
escapes,2
misadventures,2
cowboys,2
mans,2
uncertain,2
everest,2
lengthy,2
assassin,2
abraham,2
re-creations,2
thrilling,2
booth,2
devastated,2
alan,2
benedict,2
cumberbatch,2
trastevere,2
destined,2
barber,2
same-sex,2
benson,2
vanity,2
hopefully,2
midwest,2
coby,2
chrysalis,2
stake,2
christina,2
obscure,2
safe,2
bandana,2
pays,2
machines,2
choices,2
sisterhood,2
chicken,2
hare,2
krishna,2
permanently,2
peshmerga,2
urgency,2
kae,2
mountainous,2
nationalism,2
impeachment,2
removal,2
vice-president,2
temer,2
augusta,2
ramos,2
whilst,2
corridors,2
braslias,2
demonstrators,2
chanting,2
greek,2
aloof,2
undergone,2
scrutiny,2
beginninggenesis,2
fold,2
announce,2
hypothetical,2
gold-plated,2
statuette,2
1927,2
mayer,2
honorary,2
bestowing,2
commentator,2
plunder,2
characteristics,2
posits,2
re-enactments,2
frederick,2
douglass,2
cursing,2
outrageously,2
steinbauer,2
recluse,2
reel,2
pearces,2
sustained,2
dick,2
peninsula,2
homestead,2
log,2
in-country,2
scratch,2
linguist,2
hand-drawn,2
49-year-old,2
fianc,2
walmart,2
greeter,2
neurologically,2
head-over-heels,2
shacking,2
freezes,2
kardashians,2
shes,2
roadblocksexposing,2
anxieties,2
insecurities,2
snafus,2
reconcile,2
conflicting,2
newhart,2
rosanna,2
atoll,2
kimmel,2
fernando,2
meirelles,2
katia,2
lund,2
prepared,2
scorgie,2
illegal,2
columbia,2
lawful,2
growers,2
physicians,2
criminologists,2
economists,2
celebritiesincluding,2
chongshed,2
topical,2
cube,2
eminem,2
nate,2
kurupt,2
d12,2
ren,2
mel-man,2
tha,2
eastsidaz,2
doggy,2
devin,2
dude,2
warren,2
hurts,2
xzibit,2
interacts,2
huerta,2
bucks,2
organizer,2
wrestles,2
tactical,2
feminism,2
slavoj,2
sophie,2
fiennes,2
reunites,2
set-up,2
reconstruct,2
interrogation,2
humiliation,2
full-length,2
flesh,2
sagawa,2
behaviour,2
packed,2
extras,2
freda,2
shy,2
smothers,2
somebody,2
excerpts,2
novels,2
nightclub,2
1930s,2
jew,2
formerly,2
setting,2
illustrious,2
fulfill,2
hometown,2
newcomer,2
locked,2
wisconsin,2
saturday,2
sheep,2
myers,2
expression,2
obsessed,2
fastball,2
accelerates,2
gothic,2
conceptual,2
ralph,2
embodied,2
purely,2
powerhouse,2
humble,2
bankruptcy,2
russ,2
evening,2
highway,2
mentally,2
murderer,2
jacqueline,2
treating,2
illnesses,2
discovering,2
rotten,2
showman,2
backing,2
lazer,2
rebirth,2
valentino,2
reign,2
runs,2
schools,2
12th,2
bus,2
networks,2
ruled,2
slight,2
hooked,2
ram,2
dass,2
70s,2
approaching,2
founders,2
spike,2
powerfully,2
institutions,2
'80s,2
dangers,2
ever-present,2
promise,2
heal,2
best-loved,2
munich,2
hostage,2
embedded,2
joy,2
boxer,2
lutz,2
amityville,2
1975,2
fascinate,2
carries,2
walter,2
reporters,2
ceiling,2
dengler,2
hunt,2
danish,2
saga,2
immigrant,2
sung,2
abacus,2
chinatown,2
banks,2
havana,2
gricel,2
specially,2
hold,2
triumph,2
insurmountable,2
adversities,2
ramen,2
reports,2
colorado,2
guests,2
peering,2
participate,2
criminals,2
severe,2
simultaneously,2
coup,2
adaptation,2
suffers,2
served,2
demi,2
lovato,2
attempting,2
symbol,2
companions,2
detail,2
innovations,2
electronic,2
pole,2
invested,2
1949,2
middleweight,2
infectious,2
klitschko,2
wladimir,2
socialist,2
successes,2
federations,2
matches,2
darwin,2
grade,2
herzlinger,2
barrymore,2
lifelong,2
apex,2
peak,2
pryor,2
1000,2
ban,2
tag,2
airplane,2
hendrix,2
guitar,2
belong,2
knowledge,2
exhausting,2
diy,2
isle,2
scored,2
retreat,2
foxcatcher,2
resources,2
medal,2
allen,2
university,2
uncertainty,2
supposed,2
attitude,2
offering,2
pay,2
fireworks,2
prohibited,2
staged,2
grandsons,2
hungary,2
40-year,2
noriko,2
overbearing,2
improbable,2
achieved,2
technique,2
downtown,2
counted,2
luc,2
concerning,2
thriving,2
ashley,2
nadya,2
plucked,2
ashleys,2
jaded,2
ostracized,2
personality,2
beating,2
contemplates,2
slaughter,2
saved,2
lieutenant,2
intersecting,2
grueling,2
preacher,2
breeding,2
writer/producer,2
aronsohn,2
scattered,2
pena,2
blanca,2
guatemala,2
e.coli,2
stress,2
realization,2
generosity,2
chino,2
resilient,2
miami-dade,2
corrections,2
undergo,2
strict,2
six-week,2
mistakes,2
tallest,2
robots,2
aspiration,2
macgillivray,2
freeman,2
bechtel,2
corporation,2
ambient,2
behemoth,2
lapd,2
homosexual,2
nutritionally-depleted,2
chemical,2
additives,2
tendency,2
rely,2
malnourished,2
sicker,2
trillion,2
sickness,2
scientifically,2
verifiable,2
curing,2
jongbloed,2
97-year-old,2
peacefulness,2
sobriety,2
tremendously,2
troubling,2
cautiously,2
lonely,2
breen,2
5th,2
antiwar,2
filling,2
vistas,2
year-round,2
mcmurdo,2
powells,2
hymn,2
heavens,2
lennberg,2
owls,2
impotence,2
venereal,2
reference,2
motorhead,2
frontman,2
lemmy,2
kilmister,2
registered,2
immeasurable,2
embodiment,2
hard-living,2
enjoy,2
awardwinning,2
pedophilia,2
clerical,2
vatican,2
aint,2
o.g,2
correctional,2
maximum,2
collaborative,2
24-year-old,2
sharecropper,2
bravely,2
identified,2
rapists,2
naacp,2
rallied,2
outcry,2
taylors,2
rattle,2
hum,2
tree,2
technicolour,2
indoor,2
graceland,2
zero,2
interactive,2
reindeerspotting,2
rovaniemi,2
dabbling,2
petty,2
debotators,2
lapland,2
getaway,2
documentarist,2
joonas,2
neuvonen,2
welfare,2
cecil,2
beaton,2
denison,2
kenny,2
dalglish,2
weve,2
rumours,2
scandals,2
h.g,2
wells,2
moreau,2
headliner,2
spills,2
juicy,2
beans,2
morrow,2
shaye,2
pressman,2
zinnemann,2
chime,2
gregorys,2
veritable,2
encyclopaedia,2
storyboards,2
designs,2
'who,2
fuck,2
fabulous,2
hasidic,2
n.y.c,2
rubbing,2
elbows,2
max,2
kansas,2
cbgb,2
renaissance,2
ritz,2
exec,2
signing,2
jonny,2
rajasthan,2
maharaja,2
jodhpur,2
15th-century,2
mehrangarh,2
shye,2
tzur,2
ebola,2
adoption,2
homelessness,2
transmen,2
bodybuilders,2
ftmfitcon,2
ftm,2
dominic,2
rese,2
mason,2
kennie,2
contextualizing,2
winningits,2
stepping,2
cerebral,2
palsy,2
bullies,2
disabled,2
sharing,2
sigur,2
marcha,2
cega,2
paulo,2
battlefields,2
wounded,2
anz,2
hottest,2
trendsetters,2
earthly,2
secreted,2
taris,2
freeze,2
ardor,2
cooled,2
love-hate,2
lucass,2
betrayed,2
masterwork,2
menace,2
peppered,2
lovingly,2
immortalized,2
needlepoint,2
lego,2
claymation,2
paper-mch,2
galaxy,2
awaythe,2
wolf,2
illiberal,2
post-arab,2
tunisia,2
viral,2
bollywood,2
trample,2
minorities,2
yunupingu,2
introduced,2
boring,2
gramaglia,2
peaks,2
mississippi,2
favorite,2
raiders,2
ark,2
backwoods,2
lehman,2
carlin,2
complaints,2
grievances,2
inventive,2
buried,2
lured,2
realized,2
temporary,2
sugarcane,2
example,2
consisting,2
saving,2
flee,2
judicial,2
depictions,2
horn,2
ferrara,2
tibet,2
accompanied,2
paints,2
airship,2
canopy,2
millennium,2
elects,2
introducing,2
ra-seong,2
roh,2
moo-hyun,2
approval,2
beings,2
timelessness,2
melancholy,2
somewhat,2
extra-temporal,2
freed,2
ghosts,2
nagorno-karabakh,2
armenians,2
azerbaijani,2
wandering,2
frenzies,2
caucasus,2
uninhabited,2
spaces,2
tombs,2
vestiges,2
trenches,2
enemy,2
sienna,2
miller,2
logistic,2
seal,2
kyle,2
sidney,2
intersex,2
nairobi,2
self-worth,2
recited,2
tupac,2
shakur,2
mcs,2
glen,2
augie,2
irreverent,2
lifefitness,2
mogul,2
cure,2
als,2
three-and-a-half,2
mozambique,2
notice,2
coastal,2
well-fed,2
supplies,2
interior,2
transport,2
inland,2
predictably,2
agree,2
pick-up,2
mercedes,2
200t,2
tvs,2
transportation,2
lyndon,2
depended,2
ironic,2
juxtaposing,2
westmoreland,2
melania,2
compared,2
prescribed,2
stimulant,2
medications,2
binge,2
and/or,2
siebel,2
newsom,2
failing,2
colleges,2
swing,2
encourage,2
1829,2
olds,2
vote,2
toronto,2
2007,2
residing,2
viewing,2
lycos,2
blip.tv,2
one-night-only,2
vedder,2
roseanne,2
baez,2
morello,2
r.e.m.,2
earle,2
viggo,2
mortensen,2
anti-flag,2
cups,2
yokohama,2
exists,2
1966,2
takeshi,2
kitano,2
kiyoshiro,2
imokano,2
yukiyama,2
sword,2
dissolution,2
spelled,2
appearance,2
alexander,2
world-renowned,2
takarazuka,2
presenting,2
roster,2
unleashes,2
britains,2
shut,2
queer,2
ideal,2
curse,2
1999,2
prelude,2
pink,2
lecture,2
scholarly,2
horrendous,2
25th,2
les,2
argentinian,2
deception,2
feeding,2
billions,2
resource,2
guidance,2
birthing,2
harbors,2
vicious,2
wrestlers,2
courtesy,2
pentagon,2
tonga,2
feed,2
humpbacks,2
acrobatic,2
productions,2
fela,2
kuti,2
afrobeat,2
wynorski,2
overview,2
flock,2
funerals,2
wales,2
1958,2
underprivileged,2
welcome,2
maybe,2
sleeping,2
mermaid,2
aladdin,2
300,2
cooperation,2
modest,2
surprise,2
banquet,2
arrived,2
louisiana,2
bullying,2
theories,2
mysteriously,2
iroquois,2
reservation,2
capitol,2
dig,2
plans,2
kidnapped,2
left-wing,2
raim,2
humane,2
graffiti,2
painted,2
palestine,2
bidder,2
stylish,2
commodification,2
poitras,2
remembrance,2
ladder,2
unconquered,2
poles,2
communism,2
patrick,2
frakes,2
70-minute,2
inherent,2
calculus,2
split-second,2
hynson,2
californias,2
off-season,2
sticky-fingered,2
echoes,2
close-knit,2
desmond,2
grades,2
worthy,2
carmencita,2
routine,2
koster,2
bial,2
1890,2
edwins,2
restaurant,2
chrostowski,2
dining,2
classical,2
ins,2
outs,2
sauces,2
enriching,2
regardless,2
circumstance,2
veil,2
upstream,2
consolidation,2
reclaiming,2
gloria,2
aaliyah,2
rhyl,2
donnelly,2
eighty-seven,2
award-winner,2
tina,2
fey,2
lane,2
hal,2
stritchs,2
brassy,2
exterior,2
multi-dimensional,2
chavela,2
vargas,2
film-makers,2
academics,2
zion,2
blocks,2
mega-hit,2
imploded,2
1983-1984,2
spree,2
phelps,2
arlene,2
womens,2
austin,2
unity,2
weird,2
earned,2
2012,2
caliguri,2
contest,2
steel,2
artistry,2
fantasies,2
professionals,2
sat/act,2
measures,2
concepts,2
thailand,2
blank,2
chefs,2
historian,2
criticism,2
cheech,2
reunion,2
believes,2
conceived,2
alter,2
amazon,2
trails,2
hopkins,2
sure,2
lunch,2
casts,2
necessity,2
alternately,2
sad,2
svetlana,2
welsh,2
swindle,2
commission,2
ads,2
staging,2
pursuing,2
unreal,2
reclusive,2
darger,2
ravi,2
honest,2
bfi,2
nostalgic,2
eats,2
joys,2
brooks,2
answering,2
carne,2
believed,2
quit,2
scottish,2
refuse,2
engines,2
absorbing,2
residency,2
arnel,2
2003,2
farmland,2
appearing,2
short-lived,2
gothenburg,2
ideals,2
aesthetics,2
prestigious,2
eckert,2
sonia,2
soberats,2
exhaustion,2
finishing,2
traits,2
balance,2
walrus,2
transexual,2
insomnia,2
dramatization,2
overdose,2
flamboyant,2
pimp,2
chipmunk,2
2011-2012.,2
swamp,2
protesting,2
moods,2
22-year-old,2
deputies,2
brateevo,2
moscow,2
electoral,2
rubles,2
incompatible,2
hourlong,2
latter-day,2
headquartered,2
1831,2
1838,2
formally,2
organized,2
oxnard,2
eighth-grade,2
mcinerney,2
classmate,2
perpetrated,2
budding,2
neo-nazi,2
effeminate,2
barehanded,2
weapons,2
mystical,2
quality,2
data,2
astronomical,2
high-end,2
visiting,2
3d-team,2
oscar-nominated,2
noise,2
televisions,2
radiation,2
clues,2
cgi-driven,2
connections,2
formation,2
emergence,2
advance,2
rapid-fire,2
thanksgiving,2
suv,2
buying,2
sneakers,2
blaring,2
exits,2
quick,2
soda,2
gum,2
bullets,2
dissects,2
cte,2
d'azur,2
wim,2
sunwashed,2
rooms,2
belgium,2
real-time,2
slowness,2
sweetness,2
sexiness,2
fingersnapping,2
leper,2
colony,2
ugliness,2
stated,2
gratitude,2
timescapes,2
timelapse,2
roaming,2
toyota,2
pickup,2
workmans,2
orson,2
patti,2
mirrors,2
three-month,2
gloves,2
interstate,2
missouri,2
blinkyou,2
woven,2
midwestern,2
bonds,2
sustain,2
redford,2
entrepreneurs,2
clean,2
healthier,2
glam,2
aerosmith,2
kiss,2
megadeth,2
motrhead,2
ozzy,2
osbourne,2
w.a.s.p..,2
coal,2
brookside,2
eastover,2
harlan,2
kentucky,2
eastovers,2
refusal,2
gun-toting,2
thugs/scabs,2
picketing,2
supportive,2
women-folk,2
kopple,2
umwa,2
volume,2
stuck,2
awaiting,2
appeals,2
mojtaba,2
mirtahmasb,2
deprivations,2
traci,2
lords,2
blocked,2
seve,2
ballesteros,2
golfer,2
felon,2
all-male,2
recidivism,2
revolving,2
retain,2
meaningful,2
fails,2
french-german,2
co-written,2
perrin,2
cluzaud,2
k.l,2
dickson,2
slightly,2
nod,2
sandra,2
bland,2
bright,2
cell,2
30th,2
sweaty,2
shopping,2
malls,2
infamously,2
status-quo-killing,2
longest-running,2
pop-punk,2
torch,2
marketing,2
vodka,2
dyed,2
piercings,2
reopens,2
file,2
foxworthy,2
cable,2
engvall,2
runaway,2
seat,2
closely,2
entitlement,2
medicare,2
medicaid,2
cold-war,2
50s,2
trusted,2
somewhere,2
protesters,2
zoo,2
zoos,2
incident,2
man-horse,2
predator,2
bankers,2
forbidden,2
depressed,2
ackman,2
herbalife,2
scheme,2
bankrupt,2
accusations,2
lenfer,2
celebrate,2
delta,2
lioness,2
stopped,2
galapagos,2
diane,2
regeneration,2
activity,2
causes,2
areas,2
shawn,2
beyonc,2
disasters,2
solid,2
ill,2
kenyan,2
zeppelin,2
spiraling,2
self-destruction,2
contribute,2
politically,2
lucasfilm,2
desperately,2
fuel,2
responsibility,2
transitions,2
two-year,2
barry,2
crimmins,2
rage,2
enforcers,2
hockey,2
seeks,2
prequel,2
existed.starting,2
cambrian,2
530,2
triassic,2
248,2
takei,2
journeyed,2
internment,2
feeds,2
facebook,2
'street,2
fixture,2
sylvia,2
rivera,2
transvestites,2
revolutionaries,2
s.t.a.r,2
nycs,2
greenwich,2
declared,2
nypd,2
structured,2
whodunit,2
victoria,2
cruz,2
surrogate,2
marsha,2
unexplained,2
tattooist,2
geoff,2
tattoos,2
tattoo,2
ancestry,2
'moving,2
tethered,2
relating,2
globalised,2
marginalised,2
shapeshifters,2
yearning,2
fixed,2
stable,2
wholeheartedly,2
embracing,2
internationalist,2
implicit,2
cusp,2
vukovi,2
croatia,2
absurdity,2
recognizable,2
entertainers,2
record-breaking,2
katherine,2
tito,2
rebbie,2
smokey,2
robinson,2
dionne,2
faster,2
wider,2
relive,2
soar,2
selleck,2
1930,2
detroits,2
encapsulated,2
escaping,2
affair,2
automobiles,2
screaming,2
scream,2
craven,2
neve,2
liev,2
schreiber,2
winkler,2
lillard,2
metcalf,2
posey,2
turek,2
masi,2
11-time,2
jeopardy,2
iconoclast,2
chu,2
bacha,2
budrus,2
ayesh,2
nonviolent,2
intifada,2
gaza,2
clandestine,2
palestinians,2
inventively,2
polychromatic,2
expand,2
deconstruct,2
impressions,2
thirteen-year,2
carson,2
letterman,2
leno,2
eluded,2
equipped,2
musings,2
laughs,2
dunlop,2
tribeca,2
vaxxed,2
cover-up,2
discredited,2
stripped,2
license,2
suggesting,2
link,2
mmr,2
vaccine,2
bowel,2
sanctum,2
2011-,2
defamation,2
journal,2
media-appointed,2
anti-vaccine,2
bailey,2
delicate,2
controversies,2
archaeological,2
excavation,2
magical-realist,2
physics,2
robbins,2
mega,2
seminar,2
life-altering,2
zealous,2
prosecution,2
bongs,2
sprang,2
tennessee,2
spawned,2
sally,2
incendiary,2
hostility,2
gave,2
pulitzer-prize,2
hedges,2
pervasive,2
psychosis,2
umbrella,2
activate,2
privatizing,2
basic,2
oppressing,2
linguist/political,2
dissident,2
vancouver-based,2
strawberry,2
shortcake,2
cinderella,2
hasbro,2
fan-base,2
grownups,2
bronies,2
fan-world,2
liking,2
cartoon,2
276,2
exams,2
chibok,2
dawn,2
burnt,2
violently,2
boko,2
haram,2
academy-award,2
stomp,2
large-format,2
wonderlands,2
sub-arctic,2
pulsating,2
anemones,2
crustaceans,2
rainforests,2
palau,2
vancouver,2
polynesia,2
nas,2
assia,2
boundaoui,2
long-brewing,2
predominantly,2
arab-american,2
monitored,2
intersection,2
stigmatize,2
footballer,2
wolfgang,2
beltracchi,2
forging,2
egotistical,2
nihilistic,2
undeniable,2
fool,2
gallery,2
brush,2
prostitution,2
thanks,2
rebel,2
heroines,2
forest,2
essential,2
need,2
cosmic,2
state-of-the-art,2
keith,2
bret,2
hart,2
tensions,2
montreal,2
trafficking,2
markets,2
itzhak,2
fascism,2
absolute,2
blend,2
franny,2
obviously,2
kent,2
fiorano,2
rubbish,2
compare,2
458,2
italia,2
599,2
gto,2
derren,2
compliance,2
persuading,2
unwitting,2
monroe,2
linkin,2
projekt,2
2008,2
reanimation,2
tied,2
turner,2
co-produced,2
originally,2
producer/director,2
patch,2
adams,2
showed,2
happiest,2
suggested,2
kolkatta,2
co-housing,2
cajun,2
ocheese,2
pond,2
bigfoot,2
kirby,2
co-creator,2
thor,2
x-men,2
democrats,2
hillary,2
'running,2
mariel,2
ernest,2
unconditional,2
wallinger,2
nixon,2
aides,2
tread,2
geology,2
artfully,2
facets,2
fragility,2
lotje,2
sodderland,2
survives,2
hemorrhagic,2
bereft,2
genre-twisting,2
excruciating,2
exquisite,2
neurological,2
inquiry,2
blockbusters,2
ventura,2
incapacitated,2
awakening,2
excess,2
acknowledged,2
crooner,2
liaison,2
jandal,2
salim,2
ahmed,2
hamdan,2
osama,2
bin,2
laden,2
supreme,2
fini,2
straubinger,2
deaf,2
wholly,2
penelope,2
1980-1981.,2
1986-1988.,2
anti-establishment,2
seriousness,2
tune,2
squatting,2
fredo,2
disability,2
assistance,2
essex,2
intercuts,2
reciting,2
intercourse,2
riffs,2
thology,2
sling,2
diva,2
theres,2
personifies,2
maestro,2
b.c.,2
argonauts,2
guillermo,2
toro,2
experiments,2
uncovered,2
carefully,2
picked,2
giuseppe,2
newman-haas,2
on-track,2
pre-race,2
building/restoring,2
roadsters,2
mario,2
finale,2
trading,2
culminating,2
reintroduces,2
foundational,2
gorgeous,2
prints,2
lust,2
tarmac,2
ill-fitting,2
eighties,2
quickening,2
russell,2
mulcahy,2
revision,2
re-cut,2
dumbing-down,2
demanded,2
nowitzki,2
filmography,2
descriptions,2
introductions,2
individually,2
sequence,2
alphabet,2
cowboy,2
frenchman,2
premonitions,2
deed,2
106,2
xj6,2
portions,2
ratings,2
3-day-rock-,2
metal-festival,2
80,2
annually,2
sleepy,2
attracts,2
masterpiece,2
peck,2
wunderkind,2
undertakes,2
herculean,2
422nd,2
embryonic,2
422,2
dancersas,2
auguste,2
inwards,2
jackscrew,2
pick,2
cloud,2
whirls,2
gallipoli,2
memoirs,2
tolga,2
ornek,2
patriotism,2
hardship,2
heartbreak,2
haskell,2
wexler,2
shadow,2
thrashed,2
grunge,2
heaviest,2
fatih,2
familiar,2
obscurity,2
barnes,2
illustrates,2
mallory,2
fran,2
fourteen,2
homecoming,2
shootout,2
indians,2
peltier,2
reflecting,2
maker,2
vaziri,2
sheik,2
sheiks,2
flume,2
encountered,2
rian,2
shangaan,2
dogs,2
unseat,2
longtime,2
planned,2
library,2
salk,2
nathaniel,2
kurzweil,2
vivid,2
hermione,2
korn,2
platinum,2
venezuela,2
pilger,2
roles,2
ginger,2
baker,2
text,2
translations,2
intricate,2
theodorakis,2
liars,2
lethal,2
darabont,2
shawshank,2
goldman,2
screenwriters,2
screenwriting,2
analyzing,2
recalling,2
necessary,2
toughing,2
screenplays,2
tandem,2
harpercollins,2
playground,2
volition,2
rumspringa,2
rubber,2
suits,2
erections,2
shoved,2
placesthese,2
labelled,2
masquerading,2
talked,2
striking,2
flowers,2
framed,2
pier,2
paolo,2
pasolini,2
babies,2
equals,2
virginity,2
homosexuals,2
brothels,2
merlina,2
periodically,2
checks,2
alberto,2
moravia,2
musatti,2
bersani,2
intrusive,2
judgemental,2
prodding,2
thesis,2
rigidly,2
medieval,2
muddled,2
self-censoring,2
bourgeoisie,2
ballad,2
soldier,2
nicaragua,2
shepherd,2
volunteer,2
under-trained,2
under-equipped,2
tactics,2
whalers,2
ships,2
cornelissen,2
employ,2
expanse,2
mowat,2
unsuited,2
enforce,2
situation,2
modern-day,2
abortion,2
reinvented,2
insecure,2
state-controlled,2
programming,2
newfound,2
muse,2
multi-award,2
drones,2
2015-16,2
130,2
dates,2
configuration,2
360,2
audio/visual,2
adept,2
commerce,2
harnessed,2
vaults,2
biographers,2
disneyland,2
onscreen,2
masks,2
charm,2
frontlines,2
fury,2
mavis,2
staples,2
weintraub,2
sanctioned,2
finalists,2
comprehend,2
naval,2
'unsinkable,2
sank,2
horacio,2
pigs,2
involvement,2
malachi,2
unpredictable,2
complications,2
hurricane,2
annie,2
leibovitz,2
zidane,2
sources,2
feels,2
needs,2
cash,2
minimum,2
vampire,2
adulthood,2
pinball,2
arcade,2
cindy,2
casting,2
lyricist,2
claus,2
real-bearded,2
insecurity,2
jerusalem,2
columbine,2
acclaim,2
mendes,2
affectionate,2
vilanch,2
writes,2
mom,2
nintendo,2
ticket,2
bergman,2
actuality,2
attire,2
ankle-length,2
karen,2
collins,2
quilter,2
cared,2
ware,2
recesses,2
world-class,2
reawaken,2
showbiz,2
stellar,2
amaze,2
staunchest,2
skeptics,2
virtuosos,2
illusory,2
gillis,2
carsons,2
minkin,2
levitate,2
trickster,2
worldbut,2
satisfied,2
captivate,2
possibility,2
freeride,2
bikers,2
un-ridden,2
terrain,2
freeriding,2
showcased,2
biking,2
unaided,2
breath-taking,2
beauty.each,2
six-part,2
travelling,2
alliances,2
ferociously,2
environments,2
lively,2
briggs,2
monstervision,2
lloyd,2
avenger,2
greg,2
sestero,2
rochon,2
nuke,2
'em,2
reed,2
frazer,2
samurai,2
birdemic,2
ngc,2
visualizes,2
increase,2
temperature,2
amalgam,2
gardens,2
positively,2
floods,2
envelop,2
hairs,2
struck,2
incapable,2
defying,2
instrumentalists,2
vocals,2
mccullin,2
sections,2
observer,2
purchase,2
technician,2
musicals,2
1929,2
brigadoon,2
talkies,2
singin,2
voyages,2
pocket,2
pippo,2
delbono,2
meetings,2
budapest,2
cem,2
proves,2
delivery,2
funeral,2
amusing,2
correctly,2
elmalma,2
primarily,2
skulls,2
cameraperson,2
kirsten,2
reframes,2
storyone,2
frighten,2
iraqi,2
sparking,2
ensuing,2
vergs,2
guerrilla,2
defending,2
unpopular,2
denier,2
garaudy,2
rwby,2
unearthing,2
aggressively,2
fusing,2
anarchistic,2
leftist,2
drunken,2
aggression,2
offend,2
mostly,2
mexican-american,2
paso,2
gear,2
presenter,2
antiquated,2
feat,2
produces,2
flora,2
fauna,2
swamps,2
alligators,2
gigantic,2
primeval,2
neighbours,2
manatees,2
pleasantly,2
warm,2
springs,2
comparatively,2
stately,2
astonishingly,2
enable,2
turquoise,2
coloured,2
shine,2
brilliantly,2
passionately-felt,2
fatherless,2
11-year-old,2
domineering,2
baghdad,2
garage,2
sadr,2
shiite,2
enforcing,2
welcomes,2
longley,2
stunningly,2
poetically,2
sunnis,2
shiites,2
kurds,2
dismantling,2
infrastructure,2
enabling,2
cthulhu,2
honestly,2
unflinchingly,2
slums,2
arbor,2
ostracised,2
undergoing,2
rehab,2
re-introduced,2
lorraines,2
kinison,2
gelb,2
jiro,2
sushi,2
tackles,2
long-standing,2
fiftieth,2
trough,2
launches,2
redesign,2
fords,2
devotees,2
livelihood,2
squarely,2
pericak,2
engineer,2
showroomif,2
vibration,2
steering,2
wheel,2
bassem,2
youssef,2
cardiologist,2
golfers,2
pinehurst,2
junior,2
phenom,2
romero,2
mcelwee,2
sherman,2
sidetracked,2
recurring,2
burt,2
signal,2
opens,2
strategic,2
thrust,2
midway,2
dutch,2
harbor,2
high-flying,2
crouching,2
sammo,2
woo,2
ang,2
futuristic,2
godfather,2
pollution,2
tanzania,2
spears,2
resort,2
conan,2
hauka,2
delbert,2
nicholson,2
mekas,2
constructing,2
grain,2
culturally,2
shifting,2
coaster,2
immersive,2
snowboarders,2
husband-and-wife,2
admired,2
risen,2
trove,2
colleague,2
placing,2
firmly,2
polunin,2
loggerhead,2
swims,2
atlantic,2
stacked,2
thousand,2
surrounds,2
cellar,2
wines,2
banking,2
bercy,2
repertoire,2
radically,2
amount,2
rammstein-show,2
precision,2
03-abr,2
editors,2
nail,2
edit,2
aneurysm,2
lifesaving,2
prairie,2
ryman,2
auditorium,2
maryla,2
michalowski-dyamant,2
ravensbruck,2
malchow,2
auschwitz,2
translator,2
mengele,2
publicly,2
repeated,2
marylas,2
antisemitism,2
coltrane,2
passions,2
made-for-dvd,2
spaceship,2
trapped,2
hideous,2
h.r,2
rippled,2
wore,2
jumpsuit,2
knelt,2
militant,2
oakes,2
foleys,2
adrenaline-fueled,2
civilians,2
colthorp,2
castmembers,2
markedly,2
skywalker,2
ranch,2
metropolitan,2
attended,2
chinese-inspired,2
fashions,2
curator,2
bolton,2
chaired,2
kar,2
wai,2
karl,2
lagerfeld,2
gaultier,2
galliano,2
parrots,2
sechskies,2
idols,2
cartoonists,2
ewok,2
tomblin,2
aspergers,2
ghostbusters,2
fandom,2
cathedrals,2
egg,2
saul,2
omnibus,2
terrific,2
grazer,2
todd,2
hallowell,2
supervisor,2
legato,2
compositor,2
forker,2
griffin,2
lieberglot,2
dynamics,2
bostick,2
krantz,2
grumman,2
operations,2
kraft,2
susan,2
margaret,2
sinise,2
quinlan,2
enjoyable,2
whisky,2
romeo,2
zulu,2
lapa,2
boeing,2
737,2
embankment,2
aviation,2
standpoint,2
airline,2
pilot-how,2
safety,2
precarious,2
doug,2
woke,2
coney,2
amnesia,2
rediscovers,2
deluge,2
contributors,2
crop,2
dreaming,2
1928,2
moritz,2
vanishes,2
johatsu,2
tackling,2
embezzlement,2
tracking,2
supporter,2
hitlers,2
reichs,2
slovakia,2
1947,2
hanns,2
ludin,2
widow,2
maddening,2
antoine,2
maximy,2
relying,2
hospitality,2
strangers,2
hand-held,2
unchallenged,2
'we,2
reflective,2
calamity,2
discern,2
coalescence,2
empowerment,2
thirty-year-old,2
iowa,2
paperboy,2
milk,2
carton,2
johnnys,2
noreen,2
sightings,2
stylistic,2
gibson,2
neuromancer,2
leary,2
pollard,2
constructs,2
trailblazer,2
maynard,2
atlantas,2
pastors,2
35,2
three-term,2
traumatic,2
atlanta,2
triumphantly,2
championing,2
sharpton,2
skirts,2
pants,2
cross-sexual,2
momma,2
cong,2
holder,2
signs,2
harm,2
singapore,2
succession,2
stationary,2
diaphanous,2
smiles,2
butterfly,2
visible,2
kicks,2
bows,2
voluminous,2
sticks,2
edges,2
obscuring,2
unsmiling,2
filter,2
accent,2
1989,2
revitalised,2
sie,2
nannten,2
ihn,2
bud,2
hammer-like,2
fist,2
trevor,2
biracial,2
diggler,2
andersen,2
whirlwind,2
investigating,2
meticulously,2
judiciously,2
migrations,2
earththat,2
journeying,2
high-security,2
indefinitely,2
detains,2
pinch,2
snuff,2
sneezes,2
copyrighted,2
tunes,2
riley,2
sleight,2
proposition,2
bets,2
graham,2
underhand,2
continuing,2
weller,2
marr,2
norman,2
bragg,2
nerina,2
pallot,2
hawley,2
boon,2
cherish,2
interwoven,2
wyler,2
huston,2
stevens,2
shortest,2
entre,2
rios,2
shanghai,2
antipodes,2
diametrically,2
opposite,2
antipodal,2
victor,2
kossakovsky,2
modified,2
gmos,2
century-old,2
polychlorinated,2
biphenyls,2
pcbs,2
herbicide,2
painstaking,2
hitherto,2
buckle,2
churches,2
igniting,2
unturned,2
terrorized,2
inside-out,2
forgiveness,2
coincidence,2
swiss,2
chemist,2
hofmann,2
1943,2
molecule,2
lsd,2
fatima,2
uncensored,2
pristine,2
remarkably,2
corts,2
baja,2
cgi,2
fossilised,2
listened,2
2018,2
ctv,2
roseville,2
discriminated,2
moderated,2
nyia,2
narratives,2
hawaiian,2
sugar-cane,2
toads,2
pests,2
authoritarian,2
democratization,2
joint,2
write,2
decisive,2
mugabe,2
impeded,2
sanctions,2
hyperinflation,2
rampant,2
option,2
koolhaas,2
houselife,2
chores,2
guadalupe,2
acedo,2
housekeeper,2
pungent,2
mesmerising,2
leviathan,2
barker,2
specialist,2
pathology,2
post-mortem,2
17-stone,2
donated,2
dissect,2
expectancy,2
blamed,2
cent,2
obese,2
contribution,2
guadeloupe,2
volcano,2
erupt,2
stays,2
brothel,2
systemic,2
guarantee,2
unregulated,2
conglomerates,2
documentation,2
synchronization,2
sync,2
continuity,2
stretches,2
bathtub,2
lover,2
belly,2
caressing,2
crowning,2
tie,2
umbilical,2
cord,2
attending,2
expels,2
placenta,2
infant,2
nurses,2
bath,2
excited,2
skilled,2
razor-sharp,2
lightning-fast,2
barracudas,2
moray,2
eels,2
introduces,2
way..,2
rosenthal,2
voroniny,2
russian-language,2
everybody,2
raymond,2
alienated,2
dalton,2
protested,2
defected,2
resentment,2
apparent,2
opposed,2
cosplayer,2
racking,2
patreon,2
hames,2
nigris,2
teased,2
nerdy,2
19-year-old,2
colonization,2
monde,2
silence,2
1956,2
oceanographer,2
jacques-yves,2
malle,2
derives,2
1953,2
undersea,2
calypso,2
divers,2
persian,2
2.5,2
trailblazing,2
conquered,2
indelible,2
depressing,2
hopeless,2
dieciocho,2
18th,2
salvador,2
prometheus,2
4-disc,2
collector,2
blu-ray,2
clip,2
stergaard,2
tsukiji,2
wholesale,2
seafood,2
marketplace,2
vie,2
supply,2
lawsuits,2
capt,2
ethnic,2
cleansing,2
occuring,2
darfur,2
witnessing,2
contacts,2
reporter,2
nicholas,2
kristof,2
publishes,2
on-the-court,2
bulls,2
head-to-head,2
utah,2
costas,2
awesome,2
fatboy,2
freddie,2
dynasty,2
carters,2
cashes,2
texting,2
documentarians,2
justine,2
b.z,2
assembling,2
afflicted,2
separatism,2
35th,2
sylvester,2
stallone,2
reminisce,2
deputy,2
elyse,2
novice,2
candidature,2
propose,2
medias,2
starlight,2
bacteria,2
thermonuclear,2
furnace,2
brightly,2