world,397
young,335
one,298
new,283
must,272
life,271
evil,244
time,205
love,199
find,199
man,198
two,194
family,193
story,178
help,176
girl,174
finds,173
mysterious,154
save,153
film,152
years,145
named,144
back,138
old,135
father,134
king,133
earth,130
woman,130
get,127
way,126
home,124
first,121
friends,121
boy,118
war,117
people,117
city,115
magical,113
three,112
magic,112
death,112
day,111
...,111
set,110
discovers,109
princess,106
town,106
take,105
battle,104
become,104
human,102
make,101
journey,99
powers,98
soon,97
daughter,97
comes,95
ancient,94
little,94
night,92
land,92
however,90
beautiful,90
meets,90
children,90
stop,89
son,88
adventure,87
together,85
school,85
christmas,84
friend,84
order,82
takes,82
falls,80
group,78
away,78
true,77
n't,77
jack,76
power,75
becomes,75
also,75
gets,75
secret,74
end,74
fight,74
face,73
begins,73
lives,73
fairy,73
discover,72
century,72
house,72
monster,72
mother,71
forces,70
past,70
dragon,70
year,70
based,70
come,69
small,69
witch,68
dark,67
queen,67
warrior,66
live,66
village,66
tale,64
quest,64
living,64
another,63
vampire,63
lost,63
called,63
return,62
wife,62
prince,61
book,61
real,61
good,61
strange,61
reality,60
powerful,60
last,60
along,60
turns,60
great,60
fate,59
series,59
around,59
forced,58
work,58
tells,58
protect,57
makes,57
escape,57
things,57
race,56
even,56
god,56
wants,56
creatures,56
supernatural,56
hero,55
learns,55
place,55
ghost,55
upon,55
movie,55
heart,55
black,54
turn,54
use,53
sister,53
tries,53
kingdom,53
known,52
high,52
child,51
goes,51
returns,50
future,50
ever,50
chance,50
follows,50
whose,50
rescue,50
within,49
destroy,49
team,48
killed,48
far,48
dreams,48
giant,48
island,48
well,47
decides,47
kill,47
parents,47
appears,47
men,46
never,45
legendary,45
four,45
like,45
fantasy,45
fall,45
everyone,45
plan,44
plans,44
long,44
still,44
brother,44
later,44
led,43
meanwhile,43
mission,43
accidentally,43
search,43
dead,43
white,43
classic,42
across,42
defeat,42
big,41
every,41
would,41
dream,41
hands,40
bring,40
try,40
may,40
left,40
former,40
sent,40
best,40
everything,39
humans,39
finally,39
forest,39
put,39
could,39
soul,39
days,39
women,39
join,38
army,38
leads,38
sets,38
characters,38
adventures,38
seems,38
local,38
see,38
helps,37
yet,37
events,37
lord,37
control,37
realizes,37
john,37
trying,37
form,37
band,37
cat,37
demon,37
change,36
keep,36
wizard,36
including,36
meet,36
planet,36
light,36
free,36
country,35
version,35
demons,35
entire,35
eve,35
plot,35
believe,35
scientist,35
heroes,34
devil,34
wish,34
green,34
brings,34
hell,34
santa,34
inside,34
monsters,34
part,34
ago,34
hidden,34
royal,33
body,33
peter,33
spirit,33
many,33
heaven,33
epic,32
creature,32
special,32
taken,32
wishes,32
kids,32
rest,32
travel,32
master,32
accident,32
existence,31
universe,31
much,31
right,31
warriors,31
blood,31
made,31
determined,31
castle,31
space,31
girls,31
baby,31
girlfriend,30
threat,30
cast,30
humanity,30
final,30
since,30
clan,30
brothers,30
arrives,30
famous,30
society,30
leaves,30
able,30
destruction,29
spell,29
enemy,29
york,29
deadly,29
vampires,29
decide,29
nothing,29
survive,29
secrets,29
uses,29
ways,29
loves,29
david,29
stories,29
dr.,29
start,29
leader,28
among,28
dangerous,28
others,28
arthur,28
stone,28
michael,28
curse,28
rule,28
behind,28
legend,28
hunter,28
game,28
next,28
mystery,28
hope,27
hunt,27
teenage,27
quickly,27
ring,27
uncle,27
ordinary,27
attempt,27
want,27
haunted,27
beloved,27
marry,27
golden,27
though,27
follow,27
win,27
revenge,27
red,27
second,27
thor,26
break,26
sends,26
ultimate,26
destroyed,26
seeking,26
moon,26
comedy,26
forever,26
history,26
begin,26
die,26
ship,26
learn,26
mr.,26
star,26
mythical,26
alone,26
turned,26
show,26
several,26
five,26
dies,26
present,26
angel,26
using,25
american,25
working,25
destiny,25
following,25
knows,25
immortal,25
prove,25
lead,25
professor,25
taking,25
course,25
party,25
witches,25
attempts,25
going,25
blue,25
run,25
given,25
without,24
side,24
cursed,24
childhood,24
tribe,24
spirits,24
middle,24
person,24
fairies,24
late,24
outside,24
modern,24
sees,24
government,24
london,24
suddenly,24
popular,24
starts,24
ghosts,24
six,23
darkness,23
alien,23
short,23
incredible,23
filled,23
fantastic,23
encounters,23
original,23
souls,23
gold,23
play,23
bad,23
problem,23
captain,23
mary,23
grandfather,23
different,23
crew,23
ends,23
visit,23
student,23
musical,23
godzilla,23
embark,22
confront,22
mountain,22
kidnapped,22
leave,22
friendship,22
married,22
beast,22
born,22
overcome,22
eye,22
know,22
times,22
sequel,22
coming,22
greatest,22
travels,22
deal,22
dog,22
age,22
unknown,22
something,22
animated,22
hercules,22
treasure,21
faith,21
superman,21
held,21
crime,21
faces,21
changes,21
husband,21
mansion,21
wicked,21
joins,21
kidnaps,21
fun,21
paris,21
snow,21
deep,21
anything,21
missing,21
fact,21
experience,21
captured,21
gang,21
encounter,21
trip,21
animals,21
scrooge,21
pokmon,21
searching,21
job,21
danger,20
america,20
force,20
villain,20
needs,20
police,20
really,20
british,20
centuries,20
found,20
always,20
embarks,20
mind,20
create,20
cinderella,20
enters,20
animal,20
kate,20
move,20
plays,20
apartment,20
flying,20
cult,20
stars,20
magician,20
japanese,20
used,20
give,20
japan,20
head,20
cassie,20
throne,19
agent,19
disney,19
restore,19
survival,19
pirate,19
super,19
knight,19
seek,19
relationship,19
brave,19
lady,19
name,19
rich,19
artist,19
believes,19
becoming,19
french,19
north,19
pan,19
looking,19
sea,19
kind,19
action,19
truth,19
happy,19
guy,19
trouble,19
doraemon,19
allies,18
adaptation,18
mankind,18
falling,18
female,18
investigate,18
mystical,18
eccentric,18
couple,18
realize,18
partner,18
although,18
halloween,18
heads,18
business,18
handsome,18
key,18
beyond,18
monkey,18
jungle,18
romance,18
build,18
tales,18
puts,18
sorcerer,18
killer,18
ash,18
capture,18
drawn,18
music,18
car,18
runs,18
fear,18
nobita,18
director,18
novel,18
members,17
prevent,17
fights,17
extraordinary,17
harry,17
comic,17
aid,17
unfortunately,17
due,17
various,17
enough,17
palace,17
mortal,17
chosen,17
godmother,17
seven,17
adult,17
meaning,17
third,17
struggling,17
identity,17
fallen,17
tiny,17
summer,17
lonely,17
college,17
map,17
rose,17
tokyo,17
sinister,17
worse,17
mom,17
los,17
early,17
normal,17
lover,17
alex,17
bizarre,17
trapped,17
apart,17
hole,17
asgard,16
invade,16
dwarves,16
claim,16
anyone,16
lies,16
threatens,16
fearsome,16
bear,16
chaos,16
fighting,16
ben,16
thanks,16
raised,16
terrible,16
someone,16
george,16
complete,16
worlds,16
science,16
heroic,16
struggle,16
friendly,16
aaron,16
desert,16
superhero,16
suffering,16
intent,16
stay,16
storm,16
birthday,16
unexpected,16
fears,16
works,16
orphaned,16
transported,16
killing,16
ready,16
hot,16
paul,16
wedding,16
stumbles,16
eventually,16
possessed,16
actually,16
priest,16
monk,16
alice,16
full,16
asks,16
joe,16
martial,16
arts,16
reunite,15
jane,15
bilbo,15
cold,15
major,15
underworld,15
instead,15
seeks,15
close,15
cousin,15
battles,15
ice,15
thing,15
detective,15
morning,15
terrifying,15
realm,15
cruel,15
aliens,15
line,15
broken,15
angels,15
shows,15
bit,15
success,15
jason,15
doctor,15
emperor,15
gives,15
tree,15
whole,15
share,15
tom,15
test,15
causes,15
murder,15
happens,15
calvin,15
perfect,15
murdered,15
pet,15
wild,15
written,15
look,15
machine,15
general,15
tony,15
temple,15
attack,15
boyfriend,15
german,15
figure,15
large,14
act,14
species,14
escaped,14
alive,14
unlikely,14
reporter,14
bent,14
greater,14
feels,14
arrival,14
're,14
changed,14
gone,14
ruled,14
lucy,14
susan,14
threatened,14
enemies,14
beasts,14
west,14
deaths,14
state,14
peace,14
generations,14
games,14
films,14
fire,14
20th,14
spends,14
trio,14
sleep,14
call,14
forms,14
released,14
park,14
beings,14
academy,14
looks,14
character,14
transformed,14
horror,14
trilogy,14
making,14
cause,14
door,14
max,14
wrong,14
fellow,14
expedition,14
afterlife,14
rabbit,14
discovery,14
china,14
enchanted,14
ability,14
elizabeth,14
leading,14
sky,14
businessman,14
transforms,14
corrupt,14
memories,14
kid,14
sexual,14
visited,14
brought,14
daniel,14
courage,14
wakes,14
civil,14
millionaire,14
problems,14
dinosaurs,14
students,14
civilization,13
ruthless,13
abilities,13
faced,13
personal,13
immediately,13
defend,13
elves,13
rise,13
era,13
empire,13
rival,13
brilliant,13
22nd,13
shy,13
traveling,13
museum,13
creates,13
estate,13
eternal,13
streets,13
unusual,13
holiday,13
opens,13
weapons,13
sense,13
woods,13
hopes,13
clock,13
latest,13
almost,13
steal,13
wealthy,13
means,13
despite,13
experiences,13
rid,13
bond,13
loved,13
orphan,13
created,13
hide,13
fierce,13
reign,13
process,13
getting,13
fortune,13
james,13
disappearance,13
remote,13
seen,13
fiance,13
criminals,13
saves,13
marriage,13
eyes,13
video,13
computer,13
romantic,13
running,13
talking,13
owner,13
rules,13
desires,13
causing,13
hundred,13
case,13
shop,13
ella,13
enlists,13
reveal,13
gift,13
track,13
pilot,13
results,13
suicide,13
boys,13
care,13
soldiers,13
poet,13
havoc,13
turning,13
shoes,13
loses,13
onto,13
murders,13
goddess,13
sword,13
dimension,13
fantaghiro,13
romualdo,13
hyga,13
twisted,12
prophecy,12
develops,12
strength,12
thirty,12
gotham,12
vigilante,12
putting,12
unique,12
torn,12
werewolf,12
grey,12
thought,12
shrek,12
larry,12
losing,12
fail,12
've,12
san,12
driven,12
english,12
road,12
thief,12
died,12
claus,12
mountains,12
allows,12
building,12
company,12
mental,12
water,12
winter,12
hollow,12
grows,12
weapon,12
magically,12
single,12
ending,12
gods,12
beneath,12
bell,12
grown,12
survivor,12
wonder,12
valley,12
wake,12
crystal,12
inhabitants,12
orphanage,12
luck,12
months,12
attacked,12
meg,12
imagined,12
chris,12
walls,12
hold,12
nature,12
challenges,12
path,12
lisa,12
food,12
towards,12
divided,12
caught,12
medieval,12
note,12
boss,12
avenge,12
unable,12
teacher,12
charming,12
abandoned,12
teen,12
birth,12
dragons,12
underground,12
survivors,12
refuses,12
goku,12
beauty,12
prison,12
meeting,12
violent,12
louie,12
nightmare,12
gabriel,12
visions,12
knowledge,12
community,12
letter,12
competition,12
lived,12
nightmares,12
pretty,12
cool,12
escapes,12
aunt,12
social,12
happened,12
older,12
answer,12
sisters,12
message,12
enter,12
receives,12
hand,12
room,12
saints,12
goal,11
imprisoned,11
discovered,11
vengeful,11
sacrifice,11
unite,11
thomas,11
captive,11
iron,11
sure,11
edward,11
desire,11
nearly,11
befriends,11
prehistoric,11
bringing,11
came,11
hogwarts,11
kingdoms,11
heir,11
england,11
hades,11
hunters,11
feature,11
amp,11
loki,11
charm,11
peaceful,11
fiction,11
henry,11
clues,11
monstrous,11
titans,11
lot,11
might,11
unless,11
simon,11
train,11
wind,11
includes,11
vicious,11
grandmother,11
pay,11
project,11
role,11
watch,11
obsessed,11
jim,11
ultimately,11
collection,11
skills,11
interested,11
scientists,11
continues,11
develop,11
price,11
nanny,11
met,11
involved,11
angeles,11
servant,11
matter,11
responsible,11
hired,11
told,11
moving,11
breaks,11
simple,11
inhabited,11
dynasty,11
behavior,11
dolittle,11
completely,11
quite,11
moves,11
kong,11
disappeared,11
certain,11
solve,11
loss,11
invisible,11
wonderland,11
shot,11
pass,11
bomb,11
strong,11
california,11
attracted,11
memory,11
populated,11
butterfly,11
unicorn,11
contemporary,11
bird,11
growing,11
sun,11
samurai,11
date,11
wall,11
huge,11
adopted,11
orpheus,11
location,11
horse,11
dinosaur,11
ruler,11
avengers,10
collect,10
newly,10
odin,10
perilous,10
foster,10
darkest,10
turtles,10
sparrow,10
sort,10
protecting,10
werewolves,10
quiet,10
easy,10
especially,10
clutches,10
donkey,10
longer,10
companions,10
walking,10
desperately,10
granted,10
lose,10
zeus,10
disappearing,10
trail,10
hunting,10
member,10
recover,10
animation,10
bride,10
else,10
refuge,10
happiness,10
size,10
mask,10
potter,10
claims,10
portal,10
mars,10
victim,10
immortality,10
parker,10
forbidden,10
bored,10
lamp,10
ball,10
leaving,10
exists,10
whos,10
joined,10
ferocious,10
trolls,10
hilarious,10
exciting,10
upside,10
teenager,10
holds,10
compete,10
impossible,10
international,10
squad,10
giants,10
apple,10
investigating,10
roman,10
passed,10
vows,10
calls,10
ritual,10
drug,10
agrees,10
rock,10
resurrected,10
experiment,10
parallel,10
convince,10
vacation,10
appear,10
circumstances,10
farm,10
crown,10
pikachu,10
imagination,10
ages,10
rather,10
committed,10
grow,10
clear,10
masters,10
fish,10
beginning,10
flight,10
sexy,10
erotic,10
twist,10
shortly,10
grant,10
arrive,10
idea,10
celebi,10
loving,10
charlie,10
manages,10
opportunity,10
crash,10
hoping,10
ten,10
television,10
conquer,10
episode,10
store,10
mysteriously,10
victims,10
seeing,10
circus,10
toys,10
kira,10
assistant,10
ones,10
jr.,10
need,10
visiting,10
jonathan,10
voyage,10
villagers,10
sinbad,10
scooby-doo,10
jake,10
spend,10
pair,10
near,10
twin,10
athena,10
t'challa,9
prepares,9
conflict,9
victor,9
lab,9
mutant,9
ninja,9
modern-day,9
all-new,9
triangle,9
cost,9
motion,9
setting,9
landscape,9
favorite,9
via,9
cure,9
trained,9
dracula,9
effort,9
convinced,9
relic,9
hires,9
bank,9
norse,9
mean,9
air,9
spending,9
wanders,9
hunted,9
wave,9
strikes,9
nuclear,9
money,9
rebellious,9
escaping,9
river,9
brutal,9
rat,9
dangers,9
ghouls,9
farmer,9
disappears,9
alternate,9
host,9
mischievous,9
awakened,9
send,9
event,9
watching,9
ride,9
pole,9
pirates,9
agents,9
saving,9
central,9
ruin,9
amazing,9
went,9
slowly,9
sanctuary,9
witnesses,9
thousand,9
explain,9
brutally,9
orb,9
ruby,9
mouse,9
task,9
creation,9
purpose,9
'the,9
neighbor,9
tell,9
finish,9
indeed,9
art,9
spoiled,9
moved,9
effects,9
camelot,9
thus,9
possession,9
residents,9
princesses,9
imaginary,9
successful,9
novelist,9
words,9
gain,9
simply,9
mysteries,9
shun,9
release,9
genie,9
mirror,9
captures,9
finding,9
cop,9
citizens,9
pete,9
momo,9
shadow,9
europe,9
exchange,9
unexpectedly,9
curious,9
reincarnated,9
naruto,9
court,9
stu,9
warlock,9
count,9
stand,9
stops,9
angry,9
akira,9
nearby,9
difficult,9
100,9
van,9
main,9
reach,9
holy,9
sakura,9
writer,9
surprise,9
tragedy,9
crusade,9
ryan,9
chow,9
azazel,9
stones,8
advanced,8
african,8
dragged,8
amazon,8
questions,8
arrived,8
fearless,8
diabolical,8
nemesis,8
selene,8
cut,8
reclaim,8
gorgeous,8
teams,8
viking,8
cave,8
tablet,8
attacks,8
sacred,8
returned,8
owners,8
desperation,8
screen,8
seemingly,8
unstoppable,8
perseus,8
transferred,8
headed,8
blade,8
genius,8
drive,8
sarah,8
whisked,8
talk,8
center,8
zombies,8
fiona,8
tired,8
catch,8
singer,8
spent,8
giving,8
stands,8
dying,8
appearing,8
moments,8
loose,8
busy,8
emerges,8
pixie,8
rumpelstiltskin,8
disguise,8
aladdin,8
jail,8
better,8
mice,8
humankind,8
whoville,8
sole,8
lovable,8
struggles,8
dealer,8
creating,8
tinker,8
ruins,8
wendy,8
neverland,8
guard,8
feelings,8
hiding,8
possible,8
horrific,8
unleashed,8
unleashing,8
predator,8
backyard,8
fester,8
launch,8
fantastical,8
honor,8
precious,8
deceased,8
knights,8
kevin,8
hears,8
mermaid,8
tragic,8
regain,8
tail,8
thwart,8
illness,8
greedy,8
lovely,8
vikings,8
succeed,8
generation,8
situation,8
harder,8
kills,8
disappear,8
helen,8
knowing,8
shelter,8
statue,8
lessons,8
franchise,8
tear,8
least,8
saw,8
round,8
consequences,8
transform,8
notebook,8
tall,8
terror,8
serves,8
winnie,8
fly,8
tang,8
sons,8
barbie,8
blair,8
stepmother,8
notorious,8
axel,8
odd,8
endless,8
reveals,8
advice,8
flesh,8
week,8
proves,8
retelling,8
grants,8
mike,8
estranged,8
smart,8
inherited,8
charlotte,8
saved,8
criminal,8
energy,8
let,8
think,8
barbarian,8
seem,8
starting,8
stella,8
street,8
evening,8
secretly,8
steals,8
title,8
hit,8
open,8
jackson,8
lovers,8
explore,8
worst,8
became,8
descendant,8
planning,8
cloud,8
baron,8
clumsy,8
front,8
robot,8
russian,8
promises,8
ambitious,8
chief,8
shion,8
caused,8
shinigami,8
abducted,8
lake,8
deserted,8
threatening,8
accompanied,8
jill,8
fit,8
witness,8
russell,8
weird,8
tia,8
chinese,8
attention,8
elf,8
treacherous,8
cope,8
families,8
legends,8
shazam,8
steve,8
east,8
belief,8
rapunzel,8
mad,8
karen,8
scenes,8
hearts,8
colony,8
shaggy,8
seductive,8
stranger,8
footage,8
sex,8
region,8
herbie,8
visits,8
happen,8
stolen,8
directed,8
charles,8
number,8
cards,8
normande,8
bobby,8
camael,8
alexa,8
maria,8
eri,8
continued,7
shadows,7
intergalactic,7
unimaginable,7
moment,7
reclusive,7
nation,7
kings,7
luke,7
mighty,7
smaug,7
ruined,7
younger,7
labyrinth,7
maze,7
answers,7
foot,7
unravel,7
actions,7
creator,7
thrust,7
alliance,7
orders,7
bella,7
jacob,7
pregnant,7
chain,7
recruited,7
spectacular,7
president,7
aided,7
enormous,7
breathing,7
knew,7
existed,7
rages,7
unit,7
robin,7
ivy,7
duo,7
combat,7
tomb,7
matt,7
blind,7
masked,7
european,7
corpse,7
dorothy,7
ask,7
roger,7
eddie,7
suspect,7
surviving,7
common,7
egypt,7
deliver,7
gained,7
clerk,7
containing,7
confidence,7
troubles,7
tyrannical,7
genetic,7
walk,7
gwen,7
promise,7
wings,7
thrown,7
loyal,7
glass,7
otherworldly,7
nasty,7
plots,7
launches,7
attempting,7
remy,7
spiritual,7
protected,7
revealed,7
remains,7
alter,7
faraway,7
kiss,7
raise,7
possibly,7
organization,7
hard,7
rivals,7
today,7
long-lost,7
unbeknownst,7
crash-lands,7
hills,7
garden,7
awaits,7
caesar,7
druid,7
dust,7
venture,7
connected,7
plague,7
journeys,7
danny,7
exactly,7
eric,7
deed,7
presents,7
conspiracy,7
invites,7
study,7
sight,7
unknowingly,7
office,7
possesses,7
teenagers,7
responsibility,7
hideous,7
overthrow,7
siblings,7
scott,7
wang,7
physical,7
mrs.,7
teach,7
executive,7
wanted,7
villains,7
hospital,7
malevolent,7
minds,7
ground,7
kat,7
colleagues,7
feet,7
moscow,7
pack,7
folk,7
fog,7
writing,7
lands,7
cross,7
genre,7
literally,7
lively,7
thinks,7
post-apocalyptic,7
player,7
aboard,7
ocean,7
learned,7
racing,7
traveler,7
radio,7
guardian,7
exist,7
parody,7
wolf,7
absence,7
reincarnation,7
loosely,7
superpowers,7
festival,7
redemption,7
violence,7
speed,7
spells,7
succeeds,7
learning,7
coma,7
rome,7
indian,7
accompanies,7
previous,7
spring,7
anniversary,7
research,7
bound,7
features,7
virus,7
hes,7
molly,7
pacific,7
remember,7
sealed,7
stranded,7
sold,7
haunting,7
raven,7
victory,7
waiting,7
lucas,7
lightning,7
frankenstein,7
widower,7
elements,7
word,7
italian,7
offers,7
kari,7
sell,7
troll,7
tough,7
vision,7
'll,7
allowed,7
sir,7
rin,7
choice,7
transylvania,7
understand,7
miles,7
ichigo,7
hair,7
unseen,7
foe,7
casey,7
awaken,7
south,7
university,7
middleton,7
choose,7
timmy,7
affair,7
toward,7
richard,7
library,7
fairytale,7
played,7
said,7
mariposa,7
throughout,7
military,7
shooting,7
exotic,7
awakens,7
novels,7
sells,7
descendants,7
journalist,7
contract,7
poor,7
camp,7
gandahar,7
starring,7
league,7
welcome,7
marina,7
seiya,7
fought,6
wakanda,6
wakandan,6
panther,6
all-powerful,6
live-action,6
resistance,6
arrogant,6
punishment,6
erebor,6
sauron,6
middle-earth,6
inspired,6
catastrophic,6
gladers,6
mute,6
shredder,6
grip,6
solo,6
batman,6
formed,6
capt,6
winds,6
sailors,6
dispatched,6
joker,6
male,6
risks,6
council,6
enjoying,6
swept,6
ogre,6
retrieve,6
fire-breathing,6
hiccup,6
sophie,6
natural,6
daley,6
ron,6
hermione,6
mrida,6
lion,6
pevensie,6
ensure,6
rightful,6
challenge,6
undead,6
got,6
agenda,6
superheroes,6
ivan,6
voldemort,6
balance,6
lycans,6
elite,6
hybrid,6
sudden,6
designed,6
skeptical,6
obsession,6
insane,6
skilled,6
archaeologist,6
murdock,6
superhuman,6
waits,6
miss,6
jessica,6
valiant,6
remake,6
swamp,6
tricks,6
approaches,6
foil,6
continue,6
stanley,6
ipkiss,6
wearing,6
tina,6
junior,6
brink,6
opposing,6
armed,6
humor,6
18th,6
successor,6
spider-man,6
uncovers,6
jasmine,6
remain,6
fairy-tale,6
manhattan,6
worker,6
grinch,6
cindy,6
schemes,6
complicated,6
origins,6
installment,6
travelers,6
wrath,6
places,6
restaurant,6
clary,6
singing,6
alvin,6
shes,6
safety,6
global,6
seaside,6
crisis,6
finger,6
foreign,6
soviet,6
forcing,6
kaulder,6
rogue,6
papers,6
somewhere,6
lurks,6
14-year-old,6
addams,6
daring,6
fantasia,6
egyptian,6
style,6
potion,6
manor,6
crowned,6
grace,6
source,6
dreamed,6
risk,6
recently,6
church,6
dwarfs,6
emerge,6
supreme,6
hood,6
grave,6
speck,6
cook,6
exact,6
cats,6
emerald,6
marrow,6
theo,6
unfortunate,6
prosperity,6
captivity,6
scientific,6
drake,6
gifted,6
kombat,6
warlord,6
devilish,6
arms,6
gary,6
level,6
closer,6
chi,6
transformation,6
architect,6
complications,6
heal,6
webster,6
bumbling,6
reason,6
hostile,6
table,6
injured,6
crack,6
present-day,6
comet,6
yagami,6
furious,6
controlled,6
wherever,6
henchmen,6
fend,6
demonic,6
kung-fu,6
plagued,6
slave,6
vessel,6
self,6
murphy,6
vengeance,6
career,6
inspires,6
thunder,6
owned,6
wacky,6
separation,6
irina,6
outwit,6
feed,6
enigmatic,6
hong,6
suffers,6
involving,6
piano,6
1900,6
cant,6
buried,6
johnson,6
gene,6
security,6
nick,6
winning,6
would-be,6
survived,6
included,6
stalked,6
stronger,6
holidays,6
ronal,6
hawk,6
pursued,6
revolutionary,6
developed,6
players,6
leopold,6
reluctantly,6
showing,6
21st,6
forget,6
scroll,6
box,6
asleep,6
16th,6
worth,6
miser,6
lawyer,6
sand,6
cartoon,6
developer,6
robert,6
stays,6
pursue,6
investigation,6
reaches,6
extra,6
actress,6
upcoming,6
france,6
yugoslavia,6
derek,6
field,6
fantmas,6
menace,6
1930,6
strip,6
khan,6
troubled,6
designer,6
sewashi,6
grasp,6
brendan,6
mummy,6
preparing,6
liam,6
bodies,6
horrible,6
innocent,6
step,6
pop,6
spaceship,6
twenty,6
aging,6
toy,6
flower,6
fun-loving,6
factory,6
follower,6
serious,6
alter-ego,6
wreak,6
pulls,6
timer,6
rare,6
whoever,6
julie,6
basement,6
entei,6
silent,6
classmates,6
rises,6
flutterfield,6
stormy,6
africa,6
scotland,6
daphne,6
albert,6
pain,6
depicts,6
freedom,6
doug,6
separated,6
neighborhood,6
penguin,6
jewel,6
qing,6
result,6
studies,6
brooks,6
nekron,6
fortress,6
contains,6
satan,6
cassandra,6
anime,6
biological,6
separate,6
distant,6
dad,6
crush,6
built,6
hyde,6
manager,6
jealous,6
dawn,6
top,6
mount,6
andreas,6
imprisonment,6
oil,6
took,6
spanish,6
soldier,6
driving,6
trap,6
grew,6
teaching,6
fox,6
myth,6
tournament,6
folklore,6
maya,6
grail,6
fast,6
unleashes,6
madoka,6
stopping,6
half,6
andrew,6
edge,6
production,6
class,6
merlin,6
southern,6
summoned,6
rescued,6
clouds,6
portrait,6
banner,6
hulk,6
casts,6
piece,6
doomed,6
bob,6
officer,6
important,6
according,6
sometimes,6
horrifying,6
jessie,6
desperate,6
russia,6
surreal,6
anna,6
canary,6
daffy,6
says,6
hour,6
ting,6
bronze,6
liu,6
chair,6
artemis,6
madman,6
muck,6
duel,6
antboy,6
joey,6
shuflandia,6
kathleen,6
mazarin,6
threats,5
challenged,5
reserved,5
asgardian,5
withstand,5
bruce,5
wayne,5
diana,5
allen,5
deadliest,5
janitor,5
settled,5
sewers,5
revered,5
hobbit,5
baggins,5
fellowship,5
destination,5
poseidon,5
pandora,5
homicidal,5
smitten,5
fatal,5
thirteen,5
tyrant,5
lori,5
watchman,5
globe,5
defies,5
inadvertently,5
wise,5
lords,5
dwarf,5
scaring,5
drastic,5
unleash,5
battling,5
hapless,5
exhibit,5
institution,5
painting,5
sixth,5
heiress,5
construction,5
francisco,5
psychiatrist,5
match,5
sounds,5
scents,5
daredevil,5
justice,5
yellow,5
playing,5
shopping,5
dashing,5
odds,5
amid,5
gifts,5
misty,5
playboy,5
influence,5
angers,5
favourite,5
explores,5
abusive,5
homage,5
disorder,5
aside,5
forgotten,5
embroiled,5
glorious,5
midnight,5
paranormal,5
enchantress,5
reconcile,5
supremacy,5
optimistic,5
polar,5
opposite,5
fifteen,5
visitor,5
attends,5
everyday,5
ward,5
training,5
dave,5
brainy,5
safely,5
defy,5
twelve,5
hunger,5
choices,5
hook,5
seal,5
multiple,5
unwittingly,5
followers,5
taste,5
hansel,5
gretel,5
zone,5
spirited,5
helped,5
arrietty,5
items,5
gargamel,5
stuck,5
fake,5
doubts,5
brash,5
candy,5
top-secret,5
shocking,5
unaware,5
julius,5
either,5
harvest,5
allowing,5
eternity,5
suburban,5
somehow,5
breakdown,5
devastated,5
transport,5
perform,5
employees,5
historical,5
catches,5
exploit,5
point,5
elephant,5
silver,5
teaches,5
niece,5
religious,5
hypnotic,5
intense,5
intrigue,5
washes,5
say,5
conquest,5
realities,5
extraterrestrial,5
less,5
scheme,5
high-tech,5
genetically,5
researcher,5
covert,5
lois,5
widow,5
deception,5
surprisingly,5
invading,5
pick,5
fiancee,5
inhabits,5
connection,5
arise,5
daily,5
thirst,5
carol,5
judith,5
alexander,5
victorian,5
advances,5
excitement,5
often,5
confrontation,5
casper,5
valuable,5
strict,5
revealing,5
usual,5
bedroom,5
guinea,5
attend,5
womanizer,5
jenny,5
1940s,5
revolves,5
axe,5
sing,5
explosive,5
races,5
messenger,5
arizona,5
discord,5
gun,5
prisoner,5
board,5
bloody,5
talent,5
communicate,5
convention,5
dazzling,5
nephew,5
dare,5
heard,5
possess,5
images,5
19th,5
centers,5
protagonist,5
joining,5
fury,5
cops,5
tyler,5
gruesome,5
dimwitted,5
clips,5
sammy,5
low,5
whilst,5
invents,5
virtual,5
spread,5
kung,5
selfish,5
infant,5
william,5
300,5
bitter,5
dreary,5
avoid,5
miami,5
normal-sized,5
granting,5
exposed,5
tests,5
december,5
christine,5
savage,5
unfinished,5
previously,5
lizard,5
pig,5
frozen,5
priests,5
similar,5
riddle,5
stuffy,5
newspaper,5
agency,5
aim,5
enable,5
department,5
appeared,5
caretaker,5
thousands,5
hordes,5
standing,5
capital,5
deepest,5
instantly,5
links,5
guardians,5
passes,5
supposedly,5
talented,5
happily,5
inventor,5
paradise,5
harmless,5
surrealist,5
maiden,5
surface,5
scared,5
relive,5
changing,5
excited,5
fabled,5
halloweentown,5
flees,5
17th,5
pursuit,5
birds,5
nurse,5
roll,5
sailor,5
shocked,5
locals,5
assets,5
amulet,5
hometown,5
provides,5
200,5
donald,5
newborn,5
kirikou,5
mages,5
empress,5
lavish,5
pictures,5
teens,5
overprotective,5
longs,5
apocalypse,5
laura,5
vast,5
destroys,5
riding,5
conjure,5
minions,5
official,5
intends,5
celebrate,5
fighter,5
display,5
wins,5
property,5
grimm,5
pokemon,5
dennis,5
surrounded,5
desolate,5
embrace,5
gotten,5
enjoy,5
rukia,5
settle,5
blonde,5
carries,5
anthology,5
faust,5
emma,5
documentary,5
psychic,5
carrying,5
maybe,5
promising,5
sheriff,5
leprechaun,5
whale,5
commit,5
doesnt,5
origin,5
accused,5
bibi,5
wits,5
full-length,5
charge,5
attractive,5
nefarious,5
thriller,5
accept,5
twins,5
channel,5
threaten,5
luckily,5
searches,5
involves,5
wizards,5
bloom,5
jeremiah,5
importance,5
inherits,5
driver,5
hardly,5
deathstalker,5
futuristic,5
regular,5
notice,5
flame,5
midst,5
author,5
joy,5
hollywood,5
mailbox,5
countryside,5
jamie,5
reed,5
ellie,5
banished,5
hank,5
service,5
ghostly,5
experienced,5
hotel,5
haunt,5
earlier,5
public,5
meteor,5
bed,5
gathering,5
hellboy,5
fong,5
dance,5
reindeer,5
fascinated,5
sacrifices,5
contact,5
card,5
countess,5
facing,5
mystic,5
antoine,5
wilder,5
mythological,5
keeps,5
opening,5
scene,5
marcus,5
commander,5
inn,5
infamous,5
treatment,5
intellectual,5
question,5
shelley,5
clow,5
interrupted,5
slaves,5
episodes,5
sang-hwan,5
ariel,5
jabez,5
rain,5
gerda,5
cho,5
whether,5
alike,5
amidst,5
august,5
madison,5
lucifer,5
summons,5
cygnus,5
diane,5
yuen,5
graa,5
handle,4
emerged,4
cosmic,4
artifacts,4
dora,4
rey,4
cosmos,4
grips,4
marching,4
consisting,4
ensemble,4
periods,4
asking,4
devises,4
outcast,4
defeating,4
ren,4
governor,4
formidable,4
wrestles,4
arises,4
doom,4
down-on-his-luck,4
blowing,4
strongly,4
forge,4
uneasy,4
astronomer,4
navy,4
bets,4
prowess,4
swan,4
cullen,4
comfort,4
childbirth,4
stage,4
all-out,4
gandalf,4
lego,4
albeit,4
cusp,4
mettle,4
feared,4
names,4
croods,4
teddy,4
keeping,4
awakening,4
attila,4
gladiators,4
rex,4
spans,4
unruly,4
turmoil,4
serving,4
edmund,4
narnia,4
colorful,4
seize,4
unholy,4
abe,4
marked,4
ashitaka,4
fbi,4
nightstalkers,4
unlock,4
freeze,4
dynamic,4
winchester,4
repeating,4
throws,4
bay,4
aristocrat,4
senses,4
represents,4
stalking,4
19th-century,4
bereft,4
worried,4
zombie,4
swordsmen,4
murderous,4
princes,4
rodents,4
bag,4
ghoulish,4
nightclub,4
dorian,4
stepfather,4
ofelia,4
guarded,4
sides,4
nations,4
remaining,4
dumbledore,4
unscrupulous,4
guys,4
feeling,4
ogres,4
greece,4
obtain,4
duke,4
invasion,4
equally,4
vs.,4
eldest,4
innocence,4
demigod,4
poppy,4
branch,4
barbara,4
continuing,4
devise,4
betrayed,4
chef,4
decidedly,4
culinary,4
apparent,4
cooking,4
releases,4
seventh,4
spook,4
anymore,4
apprentice,4
carry,4
failed,4
shadowhunters,4
hear,4
picture,4
chipmunks,4
chubby,4
current,4
tributes,4
katniss,4
engage,4
destined,4
wheel,4
identities,4
hulking,4
armies,4
decimating,4
sign,4
larger,4
clocks,4
chases,4
smurfs,4
apples,4
introduces,4
12-year-old,4
lily,4
jenna,4
awesome,4
wonka,4
rivers,4
bullies,4
attic,4
lyra,4
logic,4
edifis,4
covered,4
asterix,4
obelix,4
accompany,4
site,4
troops,4
bet,4
survives,4
assassins,4
peculiar,4
collins,4
responsibilities,4
challenging,4
heartwarming,4
jeopardy,4
console,4
spectral,4
severe,4
14th,4
crusader,4
homeland,4
abbey,4
monks,4
treasures,4
lissa,4
st.,4
intend,4
psychedelic,4
tour,4
entirely,4
oscar,4
relative,4
horton,4
cabin,4
katherine,4
christian,4
applies,4
biblical,4
occurrences,4
happening,4
draven,4
watched,4
crow,4
haru,4
schoolgirl,4
rewards,4
shining,4
bamboo,4
pauline,4
glowing,4
conclusion,4
graphic,4
endowed,4
feline,4
eerie,4
isolated,4
guests,4
beam,4
smoking,4
duck,4
eisenheim,4
annihilation,4
billy,4
accidents,4
laboratory,4
uncaring,4
telekinetic,4
bowen,4
draco,4
dwindling,4
fractured,4
unpopular,4
wyatt,4
peers,4
steel,4
worthy,4
wandering,4
madeline,4
ernest,4
trust,4
focus,4
forth,4
knocked,4
airport,4
invincible,4
rhiannon,4
raccoons,4
houses,4
parts,4
mcphee,4
grief-stricken,4
bull,4
ross,4
1980s,4
wondering,4
express,4
violently,4
judah,4
kayley,4
outskirts,4
patient,4
jules,4
verne,4
completed,4
period,4
geoff,4
voice,4
benson,4
armor,4
visitors,4
godefroy,4
population,4
authorities,4
smugglers,4
murderer,4
winner,4
frightened,4
harvey,4
exorcise,4
aspiring,4
lifetimes,4
reaper,4
acts,4
maltazard,4
electric,4
tails,4
device,4
timeless,4
goblins,4
mortals,4
heffalump,4
household,4
appliances,4
sentenced,4
neighboring,4
kind-hearted,4
proper,4
manners,4
classes,4
hadley,4
blairs,4
blossoms,4
childs,4
mothers,4
saoirse,4
bedtime,4
attitude,4
claire,4
distance,4
mate,4
sitting,4
welcomes,4
addition,4
earn,4
picked,4
newcomer,4
teachers,4
stepsisters,4
slightly,4
digs,4
medallion,4
stake,4
passengers,4
willing,4
unearths,4
descend,4
gwendolyn,4
asuna,4
roam,4
limit,4
reunited,4
blonsky,4
focused,4
disease,4
carried,4
breed,4
nephews,4
baba,4
hungry,4
chased,4
videos,4
suicune,4
mix,4
bergens,4
fix,4
shoulders,4
enslaved,4
bard,4
navarre,4
philippe,4
coast,4
decrepit,4
imboca,4
dagon,4
ex-boyfriend,4
broke,4
jade,4
erased,4
childless,4
upset,4
slumber,4
figures,4
nomadic,4
ebeneezer,4
fateful,4
error,4
milton,4
piper,4
tough-as-nails,4
thread,4
barney,4
shakespeare,4
language,4
mia,4
2009,4
ranch,4
o'reilly,4
celine,4
thrills,4
reckless,4
introduced,4
earthly,4
habitat,4
mischief,4
awoken,4
1992,4
renegade,4
bernier,4
plastic,4
billboard,4
prone,4
champion,4
berk,4
thinking,4
actor,4
tenant,4
engaging,4
gonzo,4
odette,4
clavius,4
reform,4
atom,4
russ,4
rusty,4
8-year-old,4
six-year-old,4
miracle,4
runner,4
misfits,4
gadgets,4
disastrous,4
simmons,4
theresa,4
exorcism,4
combined,4
investigator,4
adults,4
serpent,4
selected,4
cartoonist,4
intrigued,4
reincarnate,4
color,4
firing,4
butcher,4
archie,4
western,4
madcap,4
crossing,4
invited,4
flea,4
loneliness,4
gregg,4
fist,4
builds,4
disguised,4
accompanying,4
mentor,4
musician,4
meier,4
monkeybone,4
stuart,4
burst,4
implanted,4
counts,4
oona,4
dna,4
lurking,4
except,4
witch-hunter,4
redferne,4
propels,4
forward,4
saya,4
makiho,4
chanticleer,4
owl,4
shipwrecked,4
letters,4
queens,4
edinburgh,4
harsh,4
allegorical,4
strasser,4
cares,4
gorilla,4
u.s.,4
midwife,4
media,4
terrorized,4
coastal,4
clara,4
lethal,4
fat,4
deranian,4
maurice,4
emergency,4
landing,4
magicians,4
mage,4
walt,4
rural,4
amy,4
villa,4
crashes,4
mace,4
cindel,4
awry,4
tai,4
egg,4
vice,4
versa,4
internet,4
fan,4
horrified,4
horde,4
nightmarish,4
altera,4
unfolds,4
gothic,4
club,4
freak,4
respected,4
marley,4
blood-soaked,4
troop,4
sick,4
shoot,4
limits,4
norimichi,4
yuusuke,4
fireworks,4
sincere,4
zero,4
precisely,4
totally,4
balls,4
clash,4
kanto,4
aura,4
cooper,4
larn,4
straight,4
jarol,4
spirals,4
naive,4
karakura,4
senna,4
immediate,4
magnetic,4
stink,4
cannon,4
fodder,4
doll,4
gale,4
extremely,4
scooby,4
underwater,4
mostly,4
disciples,4
chasing,4
constant,4
dudley,4
remembers,4
outcome,4
seas,4
beanstalk,4
investigates,4
touch,4
feel,4
leg,4
hides,4
safe,4
helping,4
disaster,4
mayor,4
phantom,4
manage,4
ahab,4
rachel,4
deeper,4
cosmo,4
karl,4
destroying,4
exiled,4
plants,4
chase,4
youth,4
harness,4
nazi,4
woonan,4
childrens,4
jeon,4
woo,4
highly,4
northwest,4
pals,4
velma,4
barren,4
consists,4
inner,4
adam,4
crooked,4
frightening,4
antonio,4
determine,4
befriended,4
leo,4
cleaning,4
satisfy,4
stealing,4
nights,4
united,4
states,4
fantasies,4
winx,4
lun,4
shirou,4
servants,4
signs,4
cab,4
suck,4
mothra,4
suspicious,4
vanished,4
motley,4
michelle,4
louise,4
popularity,4
bargained,4
hours,4
ying,4
imperial,4
india,4
man-eating,4
howling,4
sleeping,4
funny,4
dig,4
perfectly,4
heathcliff,4
avalon,4
value,4
pretend,4
inevitable,4
mayhem,4
grief,4
rage,4
nowhere,4
elderly,4
tommy,4
stumble,4
begun,4
wonders,4
armageddon,4
electricity,4
shepherdess,4
dialogue,4
returning,4
whatever,4
artifact,4
surrounding,4
deeds,4
million,4
draws,4
hall,4
increasingly,4
amongst,4
kidnap,4
toto,4
jealousy,4
oppressed,4
clinic,4
crazy,4
truly,4
siegfried,4
intelligence,4
featuring,4
needed,4
rumors,4
wolves,4
aka,4
elmo,4
lesson,4
mythology,4
surprised,4
challenger,4
confronting,4
maid,4
jos,4
done,4
gilles,4
ning,4
warner,4
johnny,4
lifestyle,4
disappearances,4
mitsuki,4
yuya,4
hiyori,4
tao,4
jet,4
saturday,4
mowgli,4
greg,4
ghoulfriends,4
draculaura,4
radu,4
notes,4
mass,4
inuyasha,4
spot,4
toad,4
kenneth,4
relatives,4
11-year-old,4
books,4
wallace,4
13th,4
martians,4
started,4
eight,4
kit,4
marries,4
radiation,4
chan,4
haunts,4
expose,4
duty,4
bayonetta,4
snowglobe,4
tower,4
mio,4
kenny,4
frog,4
atomic,4
grand,4
traps,4
law,4
fulfill,4
deals,4
germany,4
sail,4
arriving,4
barnaby,4
flash,4
detached,4
nine,4
classical,4
jerusalem,4
interviews,4
ksenia,4
danish,4
iolcus,4
tollbooth,4
milo,4
dense,4
reich,4
brilliance,4
dolf,4
disability,4
seeker,4
yobi,4
bart,4
minion,4
rush,4
keeper,4
fergal,4
cathal,4
performs,4
station,4
eris,4
jakob,4
arcade,4
aelita,4
agree,4
dolbar,4
olya,4
thanos,3
despot,3
infamy,3
infinity,3
inflict,3
uncertain,3
technologically,3
serve,3
factions,3
assumes,3
mantel,3
nakia,3
queen-mother,3
princess-kid,3
milaje,3
'special,3
ragnarok,3
homeworld,3
hela,3
guidance,3
skywalker,3
unsettled,3
malekith,3
plunge,3
recklessly,3
reignites,3
desolation,3
laketown,3
mirkwood,3
orcs,3
azog,3
defiler,3
fueled,3
fuelled,3
restored,3
selfless,3
assemble,3
metahumans,3
barry,3
curry,3
steppenwolf,3
parademons,3
boxes,3
x-men,3
selves,3
wckd-controlled,3
other-worldly,3
backdrop,3
circa,3
1962,3
amphibious,3
politicians,3
grim,3
april,3
wise-cracking,3
cameraman,3
vern,3
fenwick,3
galactic,3
han,3
kylo,3
stormtroopers,3
freewheeling,3
17th-century,3
quarrels,3
pillaging,3
port,3
fearing,3
god-like,3
unchecked,3
citys,3
forceful,3
metropoliss,3
savior,3
frodo,3
inheriting,3
ringbearer,3
ill-fortune,3
salazar,3
trident,3
headstrong,3
paraplegic,3
marine,3
seized,3
washington,3
resident,3
departure,3
remarkable,3
pits,3
iii,3
rite,3
chagrin,3
breaking,3
insecure,3
lifetime,3
outlook,3
reigns,3
hun,3
scottish,3
accomplished,3
archer,3
ill-fated,3
demise,3
drowning,3
intrepid,3
accepts,3
smithsonian,3
include,3
swallowed,3
daylight,3
hunts,3
dwells,3
attorney,3
relentless,3
stop-motion,3
victoria,3
tin,3
studio,3
flesh-eating,3
successfully,3
timid,3
goons,3
blamed,3
heist,3
prevents,3
10-year-old,3
tasks,3
invaders,3
retreating,3
facility,3
irresistible,3
'60s,3
preserve,3
avatars,3
staying,3
hyperion,3
rampage,3
wand,3
rags,3
abby,3
engineer,3
jillian,3
subway,3
patty,3
mutated,3
impressionistic,3
texas,3
1950s,3
questioning,3
parent,3
10-year,3
dangerously,3
lack,3
blockbuster,3
kwok,3
action-packed,3
sorcery,3
foretold,3
obvious,3
certainly,3
kitchen,3
fine,3
passion,3
heartbroken,3
retreat,3
manner,3
bump,3
trade,3
descended,3
percy,3
rising,3
speak,3
astonishing,3
seville,3
theodore,3
unforgiving,3
entertainment,3
prepared,3
rely,3
sharp,3
drunken,3
arena,3
self-discovery,3
poisonous,3
courageous,3
burned,3
doc,3
watson,3
floating,3
oneself,3
bernard,3
bianca,3
respond,3
rufus,3
super-hero,3
conan,3
gateway,3
strive,3
tracking,3
hell-bent,3
retribution,3
wage,3
scout,3
terrorize,3
block,3
tooth,3
tracks,3
youngest,3
tiger,3
blackbeard,3
total,3
willy,3
worldwide,3
frenzy,3
announces,3
tickets,3
lucky,3
precocious,3
carefree,3
halls,3
jordan,3
cleopatra,3
eaten,3
fabulous,3
brews,3
targets,3
freed,3
neilson,3
annie,3
commands,3
napoleon,3
view,3
brown,3
fictional,3
transports,3
collide,3
cry,3
enchanting,3
plagues,3
overrun,3
proposal,3
opened,3
rapidly,3
obsessive,3
stunning,3
reaching,3
heights,3
canine,3
spy,3
subjects,3
midgar,3
laser,3
howard,3
ignites,3
fuse,3
technology,3
jobs,3
altered,3
principal,3
fulfilling,3
expectations,3
majestic,3
suppress,3
dominant,3
evacuated,3
spinster,3
initial,3
accepted,3
situations,3
require,3
zod,3
mere,3
add,3
storylines,3
shift,3
unconscious,3
16-year,3
homes,3
development,3
practice,3
workaholic,3
universal,3
cousins,3
motorcycle,3
charges,3
douglas,3
aiming,3
synthetic,3
sweetheart,3
fresh,3
space-time,3
score,3
hopefully,3
1920s,3
blur,3
jewels,3
descendent,3
complicates,3
shuttle,3
millions,3
evolving,3
hatches,3
apocalyptic,3
undertake,3
plunged,3
wood,3
pigs,3
blaster,3
saber,3
willows,3
dancing,3
parties,3
helpful,3
isla,3
claiming,3
storybook,3
resolve,3
face-to-face,3
girlfriends,3
reconnect,3
romantically,3
slays,3
captor,3
devoted,3
outrageous,3
sequestered,3
phenomenal,3
couch,3
imaginable,3
scheming,3
selling,3
tamara,3
seductress,3
wield,3
mlis,3
minister,3
sexually,3
predatory,3
decisions,3
obstacles,3
bewildered,3
prey,3
benefactor,3
noble,3
real-life,3
virgin,3
unwelcome,3
vanishes,3
volunteer,3
liner,3
carnival,3
reluctant,3
bright,3
shepherd,3
someday,3
listening,3
emanating,3
devastating,3
opponents,3
particular,3
mermaids,3
sassy,3
suitors,3
epidemic,3
sequence,3
shown,3
fellini,3
eternally,3
self-esteem,3
muscular,3
barbarians,3
abducts,3
exception,3
guide,3
vanquish,3
bishop,3
spain,3
fishing,3
everywhere,3
gaming,3
nobleman,3
tibetan,3
mentors,3
bury,3
timothy,3
reading,3
carroll,3
salem,3
lit,3
mei,3
locating,3
condemned,3
burning,3
dismal,3
melt,3
intervention,3
brighter,3
waitress,3
sacrificed,3
borrowing,3
scraps,3
disturbed,3
ugly,3
reward,3
fred,3
mining,3
couples,3
partners,3
puck,3
pfeiffer,3
blurs,3
avatar,3
1999,3
millennium,3
inhabiting,3
atheist,3
cane,3
misunderstanding,3
frees,3
prospective,3
routines,3
customs,3
prized,3
annoyed,3
strangely,3
killings,3
graduating,3
witchcraft,3
profoundly,3
cupboard,3
employs,3
sheep,3
communication,3
muppets,3
kermit,3
outer,3
fires,3
assumption,3
cam,3
darker,3
holding,3
ransom,3
immersed,3
badly,3
inc.,3
walker,3
acclaimed,3
munchausen,3
supposed,3
installed,3
well-trained,3
mongol,3
jai,3
pact,3
wanda,3
invaded,3
unrest,3
pull,3
batwoman,3
specialist,3
telepathic,3
segment,3
describes,3
trials,3
middle-aged,3
gambler,3
gathers,3
casino,3
admiral,3
submarine,3
explorers,3
dante,3
combines,3
warmth,3
ingenuity,3
surrealistic,3
scarce,3
macabre,3
corinne,3
miranda,3
projectionist,3
terrorizing,3
big-hearted,3
cabaret,3
ruthlessly,3
slow,3
abandonment,3
cottage,3
operation,3
edgar,3
ian,3
wukong,3
faithful,3
ryuk,3
bounty,3
intercept,3
vacationing,3
dilemma,3
barrel,3
korean,3
neighbourhood,3
neighbour,3
corner,3
hale,3
massachusetts,3
activities,3
bewitching,3
execution,3
castaway,3
tropical,3
crabs,3
residence,3
katana,3
rooster,3
shine,3
poisoned,3
faded,3
struck,3
unbelievable,3
basketball,3
uptight,3
punk,3
extinct,3
balloon,3
convinces,3
capturing,3
delicate,3
uprooted,3
resort,3
spreads,3
bill,3
harold,3
doris,3
cynical,3
residential,3
type,3
remained,3
role-playing,3
lowly,3
profion,3
natalie,3
award,3
irving,3
garage,3
efforts,3
wounded,3
resulting,3
shattered,3
devour,3
valeria,3
sadie,3
weekend,3
jennifer,3
solution,3
ambassador,3
towani,3
elder,3
stubborn,3
edwina,3
digimon,3
parrotmon,3
annabel,3
elaine,3
picks,3
auditorium,3
cia,3
wars,3
fortunes,3
sage,3
grendel,3
hrothgar,3
beowulf,3
reputation,3
patriotic,3
constantly,3
bearer,3
revels,3
pool,3
online,3
amanda,3
helena,3
inventions,3
currently,3
planned,3
sensed,3
cameron,3
civilians,3
humour,3
mans,3
spiral,3
cartographer,3
crossed,3
carpathian,3
heavy,3
resemble,3
failing,3
nest,3
chariot,3
akko,3
idol,3
stretches,3
highway,3
dates,3
ruining,3
kurosaki,3
kuchiki,3
wipes,3
environment,3
natsu,3
terms,3
rocks,3
geniuses,3
katsuhiro,3
tomo,3
science-fiction,3
statuesque,3
collapse,3
jekyll,3
life-changing,3
dinner,3
mercenary,3
spice,3
filmmaker,3
eventual,3
ex-husband,3
bitten,3
homunculus,3
cellar,3
rangers,3
ranger,3
guards,3
mine,3
dozens,3
objects,3
lewis,3
drilling,3
burns,3
las,3
vegas,3
plotting,3
rumored,3
ana,3
sensitive,3
barn,3
whimsical,3
nightingale,3
brandon,3
tara,3
auction,3
audrey,3
apollo,3
prestigious,3
sending,3
duncan,3
macleod,3
uncover,3
pulling,3
priceless,3
drives,3
snatched,3
fifth,3
crocker,3
philosophy,3
nazis,3
bug,3
elaborate,3
perhaps,3
shiro,3
tomorrow,3
archangel,3
purgatory,3
stork,3
ventures,3
kiki,3
details,3
sleepy,3
merry,3
luffy,3
wreck,3
drago,3
obtaining,3
shall,3
decision,3
maintain,3
asylum,3
adapted,3
diamond,3
peasant,3
500,3
appointed,3
sadistic,3
castles,3
peoples,3
cocteau,3
orphic,3
1950,3
testament,3
1960,3
hardships,3
orlando,3
raging,3
adversaries,3
passing,3
greek,3
carlos,3
false,3
mac,3
nasa,3
thale,3
visible,3
eun-soo,3
classmate,3
lantern,3
sean,3
darby,3
absolute,3
linked,3
likes,3
xiao,3
magi,3
ann,3
intimate,3
elliot,3
advantage,3
sucked,3
luxury,3
usually,3
discworld,3
system,3
domination,3
atsuya,3
write,3
receiving,3
reeve,3
lane,3
bears,3
nicolas,3
addiction,3
ming,3
orphans,3
throwing,3
penis,3
information,3
offered,3
homura,3
akemi,3
lay,3
smurf,3
row,3
spooky,3
headless,3
horseman,3
forgot,3
primitive,3
outpost,3
todd,3
particularly,3
athletic,3
furry,3
zee,3
loser,3
alexia,3
wanting,3
professional,3
interpretation,3
mexico,3
kris,3
oriental,3
skull,3
cell,3
alejandro,3
alienated,3
engaged,3
hindley,3
catherine,3
sherman,3
cabot,3
marco,3
littlefoot,3
murray,3
broadway,3
homeless,3
request,3
script,3
irish,3
attraction,3
staff,3
cultivate,3
bandits,3
eponymous,3
sam,3
heavenly,3
phenomenon,3
flee,3
salesman,3
roy,3
offering,3
capable,3
twilight,3
bloodthirsty,3
titan,3
attacking,3
outlaws,3
winged,3
housekeeper,3
formula,3
eastern,3
diplomat,3
assigned,3
billionaire,3
enchantment,3
reef,3
von,3
shaped,3
frankie,3
skin,3
zhou,3
amusement,3
rudolph,3
already,3
rescues,3
waterfall,3
telling,3
realises,3
bathory,3
contrary,3
injury,3
harm,3
snurks,3
impy,3
private,3
concert,3
australia,3
variety,3
progresses,3
blossom,3
fighters,3
gnomes,3
mark,3
experiencing,3
hazen,3
mob,3
theatre,3
cheng,3
kriemhild,3
brunhild,3
federation,3
rogues,3
cassies,3
matters,3
condition,3
all-star,3
status,3
blanket,3
villainous,3
realizing,3
taylor,3
schoolboy,3
recounts,3
gather,3
byron,3
stepsister,3
kinomoto,3
syaoran,3
ensues,3
clarence,3
calling,3
dominique,3
pure,3
sit,3
treaty,3
easily,3
nieh,3
scholar,3
morality,3
wonderful,3
grandpa,3
thieves,3
prize,3
sheena,3
political,3
mercenaries,3
assume,3
tech,3
cage,3
kamui,3
seals,3
fella,3
rupert,3
flute,3
gigantic,3
travelling,3
attendant,3
uprising,3
relations,3
unethical,3
azura,3
witnessing,3
cowboy,3
expelled,3
jiang,3
intercut,3
anger,3
saint,3
detention,3
walter,3
mackenzie,3
rediscover,3
wataru,3
treachery,3
redeemer,3
weeks,3
allow,3
norway,3
eliminate,3
surgery,3
fashion,3
sorceress,3
aztec,3
viewers,3
sorcerers,3
ciel,3
miracles,3
conducting,3
misses,3
season,3
unwilling,3
segawa,3
pippi,3
mirabella,3
sara,3
swordsman,3
syndicate,3
salsa,3
rides,3
visual,3
nobody,3
phears,3
doyle,3
wayward,3
cammy,3
sect,3
cheung,3
eros,3
plus,3
lyre,3
ching,3
records,3
ate,3
managed,3
hounds,3
pony,3
lighthouse,3
repression,3
protection,3
izo,3
assassin,3
adventurous,3
minutes,3
aida,3
wander,3
dreamer,3
news,3
aoyama,3
one-armed,3
bow,3
aged,3
xena,3
subconscious,3
glow,3
fianc,3
occasions,3
cells,3
takumi,3
yuji,3
yeti,3
messina,3
britain,3
abused,3
aladin,3
robots,3
natives,3
hsiao,3
decided,3
merchant,3
hammer,3
mcdhui,3
tsar,3
skinny,3
jasper,3
daniellys,3
drill,3
sci-fi,3
fathers,3
reappears,3
tensions,3
ashamed,3
heat,3
banks,3
gentleman,3
health,3
kirill,3
doors,3
mexican,3
acquires,3
vladimir,3
mid-level,3
daughters,3
interest,3
gor,3
golem,3
der,3
sultan,3
quests,3
hendrick,3
taught,3
celtic,3
mixing,3
toyland,3
wondrous,3
valhalla,3
surprises,3
assembles,3
wax,3
chimpanzee,3
jonah,3
faster,3
andersen,3
thai,3
fulfilled,3
norton,3
cuts,3
screw,3
banned,3
dive,3
boarding,3
temporary,3
italy,3
kent,3
isle,3
double,3
terrorist,3
belldandy,3
dummy,3
dozes,3
del,3
relics,3
lukas,3
christ,3
assignment,3
baroness,3
sits,3
ireland,3
jedi,3
mok,3
brenda,3
correct,3
daka,3
silvania,3
unconventional,3
super-powered,3
saori,3
liking,3
hatch,3
dress,3
venus,3
gourd,3
yusuke,3
crocodile,3
ancestors,3
drama,3
lenny,3
camping,3
makoto,3
katze,3
minty,3
lodge,3
prospect,3
evangeline,3
buzzy,3
shiry,3
jared-syn,3
taka,3
crane,3
representing,3
conjurer,3
alatyr,3
zachariah,3
nordred,3
viewing,3
fleur,3
yalo,3
clownishly,2
waged,2
nocturnal,2
werewolf-hunting,2
peace-loving,2
forks,2
reeling,2
centuries-old,2
bliss,2
betrayals,2
misfortunes,2
fulfills,2
renesmee,2
cullens,2
volturi,2
leaders,2
mini-figure,2
mistakenly,2
masterbuilder,2
gluing,2
bein,2
likable,2
smelly,2
compatriot,2
wisecracking,2
manhood,2
horrendous,2
haddock,2
passage,2
downing,2
toothless,2
spiteful,2
self-indulgent,2
legged,2
shielded,2
bennett,2
stirs,2
tyrannosaurus,2
exhibits,2
roosevelt,2
ahkmenrah,2
stiller,2
uniting,2
embarking,2
ignoring,2
highlands,2
fergus,2
elinor,2
custom,2
figuring,2
mridas,2
relief,2
macguffin,2
surly,2
macintosh,2
disagreeable,2
dingwall,2
wardrobe,2
miraz,2
trufflehunter,2
badger,2
nikabrik,2
untimely,2
poltergeists,2
farmhouse,2
insufferable,2
newlyweds,2
expert,2
frightmeister,2
'silver,2
surfer,2
pose,2
helpless,2
volunteers,2
pickle,2
archives,2
mis,2
amelia,2
earhart,2
lincoln,2
pesky,2
eustace,2
scrubb,2
narnian,2
edges,2
'property,2
half-blood,2
ainu,2
demonized,2
boar,2
eboshi,2
cover,2
crosshairs,2
abigail,2
hannibal,2
deftly,2
dealers,2
respective,2
bloodlines,2
crime-fighting,2
recruit,2
batgirl,2
dual,2
frosty,2
horticulturalist,2
poison,2
wedge,2
firearm,2
rifle,2
evaluate,2
lara,2
croft,2
hand-to-hand,2
shapely,2
moonlights,2
raider,2
antiquities,2
powell,2
blackness,2
tastes,2
textures,2
perceive,2
function,2
sharpness,2
downtrodden,2
avenger,2
wed,2
scarecrow,2
brick,2
'toon,2
pattycake,2
snoop,2
stakes,2
marvin,2
acme,2
prime,2
aggressive,2
1978,2
enchantingly,2
cracked,2
buttercup,2
westley,2
staggering,2
six-fingered,2
sicilians,2
lovebirds,2
triumphing,2
cozy,2
october,2
skellington,2
spindly,2
shrunken,2
rag-doll,2
sally,2
misguided,2
magic-filled,2
convict,2
sirius,2
sympathetic,2
lupin,2
exuding,2
carlyle,2
robs,2
tyrell,2
bailey,2
bedford,2
skinflint,2
modest,2
loan,2
decaying,2
faun,2
azeroth,2
orc,2
fleeing,2
colonize,2
connect,2
extinction,2
collision,2
institutionalized,2
alternative,2
coping,2
strategy,2
envisions,2
'we,2
studded,2
'50s,2
jean-baptiste,2
grenouille,2
stench,2
superior,2
olfactory,2
finest,2
perfumes,2
perfume,2
librarian,2
detamble,2
involuntarily,2
zips,2
clare,2
abshire,2
aang,2
enslaving,2
horcruxes,2
bid,2
eaters,2
stacy,2
graduation,2
gwens,2
electro,2
osborn,2
tinkerbell,2
periwinkle,2
warm,2
domesticated,2
pacts,2
deal-maker,2
duped,2
awaywhere,2
methe,2
sneaks,2
marketplace,2
street-urchin,2
jafar,2
theseus,2
gown,2
slipper,2
jersey,2
apostles,2
prophets,2
cynics,2
innocents,2
enthusiasts,2
erin,2
gilbert,2
yates,2
holtzmann,2
tolan,2
snowflake,2
munchkin-like,2
hates,2
abhors,2
lou,2
befriending,2
disillusioned,2
decade,2
kraken,2
perseus-the,2
zeus-is,2
quieter,2
fisherman,2
helius,2
weakened,2
devotion,2
kronos,2
long-ruling,2
theyve,2
thorson,2
all-female,2
heralding,2
trickery,2
quell,2
fends,2
lycan,2
faction,2
coma-like,2
fourteen-year-old,2
vampire/lycan,2
nissa,2
biocom,2
rodent-phobic,2
profession,2
ideally,2
situated,2
auguste,2
gusteau,2
unwanted,2
toxins,2
traumatic,2
gregory,2
boggarts,2
fray,2
half-angel,2
downworld,2
cup,2
swarms,2
fleece,2
songwriter,2
impressionable,2
entombed,2
crypt,2
unjustly,2
malevolence,2
millennia,2
terrors,2
comprehension,2
panem,2
districts,2
intimidation,2
tactic,2
nationally,2
televised,2
pitted,2
highly-trained,2
instincts,2
mentorship,2
haymitch,2
abernathy,2
district,2
weigh,2
doubting,2
fades,2
nursery,2
lasts,2
strongholds,2
untouched,2
insects,2
nausicaa,2
shelve,2
ego,2
carnage,2
ock,2
meantime,2
prick,2
spindle,2
spinning,2
maleficent,2
cooperation,2
mouse-run,2
penny,2
patriot,2
republics,2
vendetta,2
cimmerian,2
momoa,2
hyboria,2
encroaching,2
reignited,2
farmhand,2
legendand,2
astounding,2
battled,2
unnatural,2
slayed,2
separating,2
yearning,2
vigilantes,2
2004,2
iconic,2
scariest,2
franchises,2
gunnison,2
colorado,2
extra-terrestrial,2
facehuggers,2
alien/predator,2
ten-year,2
repossessed,2
flats,2
debt,2
descent,2
minimoys,2
relocate,2
pile,2
rubies,2
stout,2
beckons,2
anonymity,2
borrowed,2
tumble,2
smack,2
dab,2
adapts,2
mainland,2
vidia,2
tink,2
bleak,2
humiliation,2
thirteenth,2
rink,2
prompts,2
delicious,2
bars,2
admit,2
holders,2
confectionary,2
oompa,2
loompas,2
chocolate,2
neverending,2
atreyu,2
falkor,2
overhearing,2
belacqua,2
trades,2
roaming,2
pharaohs,2
architects,2
otherwise,2
conservative,2
ambivalent,2
crocodiles,2
getafix,2
gaul,2
succeeding,2
counted,2
elektra,2
near-death,2
assassin-for-hire,2
barnabas,2
1972,2
collinwood,2
once-grand,2
regal,2
moonstone,2
white-sheeted,2
unstuck,2
passively,2
slip,2
comrade,2
pestilence,2
buff,2
scarcely,2
closet,2
purloined,2
charting,2
holes,2
fabric,2
eras,2
variously,2
drop,2
agamemnon,2
half-vampire/half-human,2
guardian-in-training,2
vladamirs,2
strigoi,2
nathaniel,2
addict,2
prostitute,2
linda,2
paz,2
huerta,2
bust,2
autopsy,2
slater,2
ticket,2
galleon,2
hawkins,2
loot,2
cyborg,2
supernovas,2
storms,2
mutiny,2
morrissey,2
missionary,2
expertise,2
debunking,2
phenomena,2
louisiana,2
guitarist,2
routine,2
flurry,2
stalk,2
cutter,2
exquisite,2
enthralls,2
juliet,2
hulme,2
literature,2
conspire,2
terrorizes,2
eroticism,2
kerstin,2
gier,2
picking,2
sapphire,2
time-traveling,2
liquidated,2
discovering,2
corporate,2
mild-mannered,2
patience,2
phillips,2
eager,2
gumshoe,2
lone,2
ongoing,2
nell,2
vance,2
sanderson,2
hill,2
sephiroth,2
mako,2
reduced,2
steadily,2
reconstruction,2
geostigma,2
torments,2
afflicted,2
robbing,2
fledgling,2
cigar,2
illusionist,2
betrothed,2
tumult,2
monarchy,2
suspicion,2
dogged,2
inspector,2
weaponry,2
'peter,2
'return,2
1940,2
besieged,2
encountered,2
sweethearts,2
gizmo,2
gremlins,2
worsens,2
extraordinarily,2
intelligent,2
manolo,2
choosing,2
fire-breathers,2
soared,2
skies,2
2019,2
supply,2
eglantine,2
trainee,2
liked,2
boost,2
krypton,2
gen.,2
kryptonians,2
lex,2
luthor,2
jubei,2
masterless,2
hiring,2
services,2
served,2
arch-rival,2
recovering,2
introduction,2
wednesday,2
pugsley,2
pubert,2
adored,2
gomez,2
morticia,2
debbie,2
jellinsky,2
husbands,2
gwyneth,2
paltrow,2
publicist,2
effortlessly,2
sliding,2
entanglements,2
overlap,2
converge,2
best-seller,2
resignation,2
efficiency,2
dogmas,2
roof,2
deliveries,2
trucker,2
burton,2
agreed,2
expected,2
target,2
cronies,2
unmatched,2
tama,2
rapid,2
malls,2
fast-forward,2
rewind,2
overrule,2
harried,2
isabel,2
relying,2
tree-climbing,2
piglet,2
susie,2
salmon,2
watches,2
observes,2
imagines,2
sailing,2
far-off,2
ira,2
rumpus,2
forts,2
hideaways,2
gus,2
gorman,2
kryptonite,2
yields,2
psychological,2
rekindling,2
contend,2
supercomputer,2
noah,2
avery,2
relegated,2
ripping,2
bender,2
mend,2
inconceivable,2
tentacularity,2
billion,2
backs,2
ashe,2
o'barr,2
disobedient,2
pallet,2
ho-oh,2
vow,2
englishman,2
ruber,2
stuntman,2
arm,2
vivid,2
phileas,2
fogg,2
stable,2
masterson,2
robby,2
surround,2
reunites,2
ruffians,2
montmirail,2
guarantor,2
wife-to-be,2
fertility,2
repellent,2
effete,2
jacquart,2
chateau,2
halley,2
border,2
identifying,2
guilty,2
revelations,2
utopia,2
willed,2
gloomy-looking,2
carrigan,2
crittenden,2
burn,2
rickety,2
therapist,2
friendliest,2
uncles,2
stretch,2
fatso,2
stinkie,2
fleshies,2
painter,2
unsung,2
fame,2
krugs,2
animal-warriors,2
gallian,2
forming,2
ruling,2
minimoy,2
selenia,2
betameche,2
infiltrate,2
pipeworks,2
elixir,2
darkos,2
unicorns,2
dweller,2
never-ending,2
acre,2
pooh,2
tigger,2
eeyore,2
kanga,2
elusive,2
darwin,2
juarez,2
mole,2
speckles,2
mooch,2
leonard,2
shuts,2
province,2
borne,2
dominion,2
tea,2
sprites,2
dame,2
devin,2
delancy,2
evil-doers,2
frieda,2
dramatic,2
granny,2
folktales,2
connor,2
mead,2
re-evaluate,2
canton,2
slum,2
landlords,2
slumlords,2
innuit,2
sled,2
fresh-caught,2
halibut,2
pervades,2
tags,2
naturalist,2
gofer,2
ruse,2
vivacious,2
needy,2
neuroses,2
familial,2
depressed,2
accordion,2
tunes,2
gaggle,2
benny,2
discarded,2
chitauri,2
referred,2
'item,2
1000,2
chieftain,2
barde,2
engulfed,2
clears,2
sights,2
physician,2
suppressed,2
reawakened,2
squawking,2
forlorn,2
penelope,2
wilhern,2
suitable,2
stock,2
untraditional,2
bucks,2
achieved,2
breakthrough,2
flabbergasted,2
strangest,2
array,2
automatons,2
gizmos,2
troupe,2
maggie,2
evict,2
cash,2
assistants,2
unattractive,2
enact,2
catholic,2
clique,2
meddlesome,2
pioneer,2
georges,2
1902,2
self-contained,2
nastassja,2
kinski,2
malcolm,2
mcdowell,2
orleans,2
zoologists,2
zoo,2
curator,2
aroused,2
virtuous,2
so-called,2
obedience,2
birthright,2
disobey,2
lift,2
slew,2
unpleasant,2
charmont,2
mature,2
sex-crazed,2
pining,2
mother-and-son,2
abbott,2
winsome,2
martinson,2
asserts,2
promptly,2
pages,2
brood,2
dominance,2
brit,2
virtuoso,2
tim,2
roth,2
interactions,2
cole,2
messages,2
sonand,2
piccolo,2
orbs,2
wielder,2
unlimited,2
saunders,2
dumps,2
g-girl,2
super-intelligence,2
telekinesis,2
16-year-old,2
time-travel,2
expressed,2
blessed,2
enthusiastic,2
solitary,2
received,2
memento,2
agartha,2
morisaki,2
cruelty,2
possessing,2
signed,2
truce,2
govern,2
belongs,2
anton,2
outrage,2
coulson,2
informs,2
sitwell,2
emil,2
initiative,2
patsy,2
sabotage,2
ashore,2
aquamarine,2
lifeguard,2
dealings,2
distractions,2
cockroaches,2
entomologist,2
insect,2
secretes,2
fluid,2
roaches,2
engineered,2
evolved,2
mimic,2
mcduck,2
pad,2
huey,2
dewey,2
webby,2
collie,2
murlock,2
montage,2
fans,2
smooth,2
pokball,2
4ever,2
frederico,2
self-portrait,2
excellent,2
scenery,2
reflecting,2
calendar,2
delightfully,2
quirky,2
wuss,2
scrawny,2
volcazar,2
raids,2
volcazars,2
alibert,2
buttery,2
zandra,2
shield-maiden,2
elric,2
metrosexual,2
elfin,2
etienne,2
punished,2
isabeau,2
gaston,2
boating,2
secret..they,2
worship,2
offspring,2
machinery,2
resorts,2
skulduggery,2
ordinal,2
scale,2
armmorpg,2
exclusively,2
augma,2
wearable,2
augmented,2
stalemated,2
michele,2
costume,2
taming,2
lohan,2
refused,2
accumulated,2
goodwill,2
reincarnations,2
intricacies,2
offends,2
rejecting,2
considerable,2
license,2
newfound,2
crimson,2
ayazuki,2
self-proclaimed,2
time-travels,2
meiji,2
mausoleum,2
collides,2
renouncing,2
puritan,2
alastair,2
sim,2
contentedly,2
meanders,2
colder,2
idealistic,2
apparitions,2
steely,2
tightfisted,2
hardened,2
felon,2
charger,2
mercilessly,2
irradiated,2
long-suffering,2
powder,2
explosion,2
gave,2
weakness,2
four-inch-tall,2
lender,2
pins,2
batteries,2
co-existence,2
ocious,2
demolish,2
apartments,2
lenders,2
psammead,2
'it,2
irritable,2
gravel,2
pit,2
sunset,2
flintstones,2
adopt,2
repay,2
slate,2
unpunished,2
rightly,2
bungling,2
kline,2
ears,2
corners,2
desiring,2
hate,2
creeps,2
farrow,2
farrows,2
13-year-old,2
assaulted,2
fissures,2
measure,2
28th,2
20-year-old,2
jericho,2
volkswagen,2
beetle,2
'durango,2
dude,2
durango,2
russo,2
supervised,2
love-connection,2
suitor,2
sandich,2
fire-fighting,2
ascending,2
business-like,2
instructs,2
aviation,2
smoothes,2
grieving,2
immortals,2
preserves,2
achievements,2
clinging,2
bustling,2
shio,2
crop,2
tranquil,2
orchards,2
ransacked,2
trinkets,2
mumblings,2
creepy,2
goings-on,2
refusal,2
troublesome,2
imps,2
flatulent,2
kawa,2
childlike,2
mame,2
iwa,2
1939,2
cryogenics,2
mccormick,2
lying,2
acquaintances,2
nine-year-old,2
freeway,2
weatherman,2
early-90s,2
libuse,2
safrankova,2
knocking,2
actively,2
sharpshooter,2
outfits,2
disposal,2
nuts,2
sport,2
overshadow,2
egocentric,2
bewitched,2
inconspicuous,2
trelkovsky,2
rents,2
landlord,2
neighbors,2
subtly,2
luminous,2
perhan,2
romany,2
seduced,2
quick-cash,2
petty,2
breakfast,2
cereal,2
prompting,2
plenty,2
misadventures,2
distracted,2
knuckles,2
uberta,2
irresponsible,2
distinguished,2
marchand,2
abduct,2
lefebvre,2
lucinda,2
unfurls,2
luce,2
arch,2
shiwan,2
invisibility,2
blazing,2
duritz,2
self-absorbed,2
enduring,2
'secret,2
videogame,2
intertwining,2
unsettling,2
account,2
suburbs,2
cat-type,2
debts,2
accomplishment,2
program,2
seventeen,2
13th-century,2
batu,2
mongols,2
principality,2
detachment,2
endurance,2
self-sacrifice,2
sake,2
evpaty,2
randle,2
befalls,2
changan,2
charged,2
truths,2
wreaking,2
regan,2
macneil,2
vatican,2
curses,2
lightening,2
blood-red,2
crescent,2
skinwalkers,2
signals,2
principles,2
killer-tire,2
witnessed,2
incredulous,2
onlookers,2
kells,2
aiden,2
in-between,2
supper,2
pale,2
assessment,2
50-foot,2
radius,2
deebs,2
zany,2
doodles,2
noids,2
humanoids,2
doodle,2
perfected,2
nonetheless,2
wary,2
firefighter,2
ja-hong,2
trial,2
riddle-speaking,2
herded,2
schmendrick,2
second-rate,2
grue,2
haggard,2
meanies,2
pepperland,2
draining,2
anti-music,2
missiles,2
bonking,2
pointed,2
glove,2
liverpool,2
enlist,2
beatles,2
visionary,2
adventuresome,2
action-fantasy,2
keen,2
twists,2
makeshift,2
interplanetary,2
fictitious,2
clapet,2
customers,2
slaughter,2
cupid,2
ava,2
mangy,2
habit,2
expression,2
jeffries,2
finch,2
louie's/his,2
emile,2
raoul,2
embarked,2
lucille,2
irascible,2
oversized,2
bathroom,2
limbs,2
bath,2
bunch,2
revived,2
shrine,2
sealing,2
predicting,2
predicts,2
unguarded,2
prediction,2
resembling,2
demonstrated,2
lungs,2
dated,2
frivolous,2
subtext,2
obsolescence,2
strong-willed,2
muir,2
gull,2
crusty,2
courting,2
leslie,2
zevo,2
leland,2
war-mongering,2
fellows,2
gobber,2
boneknapper,2
poe,2
poem,2
kara,2
impetuous,2
samantha,2
wyndham,2
xuan,2
zang,2
misa,2
amane,2
rem,2
teru,2
mikami,2
kiyomi,2
takada,2
difference,2
link,2
notoriously,2
elbourne,2
markus,2
repressed,2
miley,2
fraser,2
hilariously,2
horny,2
wacked-out,2
waystation,2
plug,2
littles,2
snowbell,2
mean-spirited,2
skunk,2
reeko,2
wrist,2
wearer,2
o'leary,2
blank,2
staring,2
dime,2
mikey,2
inappropriately,2
supermarket,2
countdown,2
15-year,2
mirrormask,2
cross-bred,2
avian,2
devastate,2
ethan,2
kendrick,2
dane,2
bottomless,2
cromwell,2
cromwells,2
kalabar,2
denizens,2
sadness,2
unown,2
brock,2
boston,2
1691,2
giles,2
bride-to-be,2
dialogue-less,2
stages,2
orlok,2
hutter,2
bram,2
stoker,2
vampire-hunter,2
liaison,2
posed,2
yokota,2
amano,2
pal,2
foolhardy,2
crows,2
disgrace,2
sunshine-hating,2
combine,2
imposes,2
tax,2
comply,2
elina,2
heroine,2
fairytopia,2
bibble,2
henna,2
powerline,2
nba,2
famed,2
hostess,2
elvira,2
falwell,2
inheritance,2
cookbook,2
poodle,2
eyeful,2
scream,2
ample,2
busts,2
adjourns,2
wolfman,2
gillman,2
uglies,2
assorted,2
explorer,2
icelandic,2
volcano,2
resonator,2
range,2
perceptible,2
excuses,2
compassion,2
deceptively,2
wordless,2
stray,2
inseparable,2
interfere,2
palette,2
purity,2
award-winning,2
gorillas,2
poachers,2
andrei,2
anomaly,2
o'hara,2
safest,2
wildlife,2
1874,2
coldest,2
extreme,2
beating,2
replacing,2
protective,2
endangers,2
app,2
updates,2
actual,2
kurosawa,2
highland,2
loch,2
ness,2
run-down,2
noel,2
guesthouse,2
byzantium,2
eleanor,2
frank,2
deathly,2
consequence,2
obese,2
rudy,2
mushmouth,2
dumb,2
youngsters,2
poses,2
megalomaniacal,2
aristotle,2
bolt,2
giuditta,2
karaba,2
threshold,2
furrowing,2
miserable,2
ecology,2
shaky,2
world..,2
izmer,2
commoners,2
powerless,2
savina,2
thora,2
birch,2
equality,2
jeremy,2
irons,2
depose,2
good-vs.-evil,2
babbitt,2
alexis,2
bledel,2
winesap,2
1914,2
garber,2
industrialist,2
seriously,2
ideas,2
hideo,2
supporting,2
presence,2
instinct,2
nearest,2
possibilities,2
francesca,2
intentions,2
moral,2
pressures,2
distress,2
ewoks,2
nice,2
vibrant,2
terry,2
hoskins,2
digital,2
digi-egg,2
evolves,2
koromon,2
agumon,2
greymon,2
defeats,2
andrews,2
friday,2
genuine,2
advertising,2
jumps,2
mistakes,2
hypnosis,2
evidence,2
recent,2
pint-sized,2
elven,2
liya,2
elena,2
holder,2
authority,2
alterans,2
potions,2
seduces,2
string,2
insanity,2
muse,2
convert,2
dilapidated,2
rollerskating,2
yuppie,2
peasants,2
nakanogo,2
genjuro,2
wares,2
profits,2
omizo,2
brother-in-law,2
tobei,2
warns,2
profit,2
unheeded,2
insistency,2
miserly,2
1840,2
foretells,2
allegiance,2
danes,2
marauding,2
qi-er,2
dedicates,2
reemerges,2
beggars,2
grand-grandson,2
unlike,2
predecessor,2
saiyan,2
spheres,2
batson,2
shouting,2
streetwise,2
courtesy,2
wizard.still,2
ripped,2
godlike,2
x-ray,2
skip,2
joyful,2
recklessness,2
thaddeus,2
sivana,2
schoolchildren,2
junichi,2
flat,2
nazuna,2
hyper-linked,2
jerrica,2
jem,2
benton,2
recording,2
sensation,2
music-driven,2
scavenger,2
sexist,2
bargain,2
hedges,2
wagner,2
moura,2
publicly,2
humiliated,2
alinne,2
moraes,2
accidental,2
bearing,2
terrorising,2
amber,2
electrocuted,2
prom,2
pok,2
aura-guiding,2
lucario,2
groups,2
massive,2
houndoom,2
rendered,2
detection,2
offensive,2
sphere,2
eliminated,2
cameroon,2
resolute,2
pythonesque,2
'jabberwocky,2
surging,2
glacier,2
domain,2
teegra,2
sub-human,2
ape-like,2
tense,2
kirie,2
silently,2
videotaping,2
snail,2
washing,2
undertakes,2
impassible,2
dug,2
moat,2
gush,2
shiny,2
kagari,2
gig,2
interwoven,2
re-lives,2
mark-paul,2
gosselaar,2
re-live,2
trusting,2
icy,2
representatives,2
unidentifiable,2
mases,2
foolish,2
beleaguered,2
sentient,2
forests,2
tipped,2
agito,2
glowed,2
hue,2
dragneel,2
grapples,2
wholeheartedly,2
eugene,2
lady-in-waiting,2
salvage,2
urban,2
populace,2
thought-provoking,2
eye-popping,2
directorial,2
kji,2
morimoto,2
tensai,2
okamura,2
direct,2
tky,2
cannons,2
emotionally,2
clone,2
veered,2
sweeping,2
wager,2
prayerful,2
alchemist,2
helsing,2
wolverine,2
emotional,2
thanksgiving,2
harlem,2
24-year-old,2
schoolteacher,2
merritt,2
greene,2
introverted,2
teases,2
125th,2
resources,2
tragically,2
thereby,2
torok,2
clair,2
tried,2
attain,2
earthquake,2
contest,2
natured,2
biggs,2
mistress,2
julia,2
requests,2
serial,2
remembering,2
battlefield,2
notices,2
hugo,2
releasing,2
volcanic,2
turbo,2
mickey,2
harp,2
inanimate,2
tycoon,2
vanish,2
exploring,2
lights,2
flashing,2
brightly,2
pawn,2
neck,2
careless,2
protects,2
marnie,2
ancestor,2
seven-year-old,2
hamlet,2
youngster,2
loyalist,2
u-boat,2
caprona,2
gannon,2
letha,2
crimes,2
delightful,2
shrink,2
martha,2
pops,2
organize,2
twelve-year-old,2
centered,2
handful,2
summon,2
highlander,2
dawson,2
dina,2
unwillingly,2
theme,2
hector,2
spoof,2
darryl,2
coins,2
falkenstein,2
jerry,2
jimi,2
tormented,2
dick,2
ishmael,2
lair,2
dimmsdale,2
turner,2
grade,2
dorky,2
magnate,2
promote,2
blinded,2
scrappy,2
incomparable,2
sabu,2
wwii,2
dominic,2
attracting,2
dramatically,2
paid,2
replace,2
unlocks,2
cassiel,2
berlin,2
observer,2
citizen,2
mangled,2
blink,2
heavens,2
wipe,2
believed,2
android,2
union,2
fremont,2
titanic,2
unspeakable,2
wasteland,2
guided,2
hardest,2
weaves,2
despises,2
suicidal,2
gruffalo,2
snake,2
prophetic,2
ahead,2
korea,2
crusades,2
thumb,2
laws,2
scare,2
whenever,2
porn,2
braun,2
spin,2
mega-production,2
harley,2
buddha,2
1983,2
outsiders,2
miller,2
anthropomorphic,2
unemployed,2
sanity,2
rookie,2
lanny,2
goblin,2
warring,2
tribes,2
clans,2
orphe,2
mara,2
insists,2
understanding,2
l.a.,2
policeman,2
solace,2
retain,2
vehicle,2
podium,2
vehicles,2
destructive,2
surprising,2
halt,2
proceedings,2
achieve,2
orfeu,2
eurydice,2
lam,2
nova,2
soundtrack,2
tasked,2
lest,2
strongest,2
nonstop,2
norwegian,2
huldra,2
offer,2
babies,2
preacher,2
touches,2
unhappy,2
jesus,2
inexplicably,2
messiah,2
none,2
chapter,2
updating,2
arabian,2
vet,2
catastrophe,2
coolest,2
o'gill,2
trickster,2
fun-filled,2
sixteen,2
depths,2
depends,2
xiang,2
song,2
asia,2
emiya,2
fuyuki,2
fancy,2
approaching,2
disturbing,2
nicknamed,2
valerie,2
womanhood,2
endure,2
lecherous,2
temujin,2
cliff,2
reports,2
eat,2
gamble,2
4th,2
placed,2
machines,2
beach,2
jolly,2
rests,2
maniacal,2
2012,2
incredibly,2
1980,2
boonmee,2
himalayas,2
uncovered,2
christopher,2
replaced,2
material,2
kim,2
autistic,2
oliver,2
chaotic,2
interview,2
appearance,2
closely,2
favored,2
stole,2
sao,2
niehu,2
closed,2
squire,2
icemen,2
traffic,2
practically,2
puella,2
magica,2
waste,2
cities,2
defense,2
guild,2
phoenix,2
annual,2
gutsy,2
rivalry,2
trusted,2
mcbride,2
wastes,2
mcclure,2
evade,2
awkward,2
scholarship,2
hairy,2
agility,2
shimmervale,2
catania,2
treated,2
15-year-old,2
hayley,2
narration,2
moore,2
hannah,2
abuses,2
junkyard,2
acquire,2
judges,2
giamatti,2
shape,2
mastermind,2
archeological,2
experts,2
electrical,2
towns,2
arctic,2
adorable,2
kringle,2
sombertown,2
1917,2
photograph,2
scheduled,2
kokone,2
jodorowskys,2
underwent,2
bfg,2
ease,2
farmers,2
earnshaw,2
companion,2
cathy,2
realise,2
typical,2
lance,2
guinevere,2
lancelot,2
knocks,2
boots,2
client,2
produces,2
screenwriter,2
felix,2
interior,2
brain,2
babysitter,2
culture,2
movies,2
goldhair,2
wreaks,2
youths,2
delivered,2
screaming,2
lanchester,2
jones,2
waking,2
enlightenment,2
logs,2
website,2
spike,2
buy,2
americans,2
jeff,2
shared,2
grindelwald,2
adapt,2
gentle,2
400,2
eren,2
armin,2
automated,2
defeated,2
pearls,2
wily,2
tourist,2
vortex,2
shorts,2
shut,2
ninjas,2
damage,2
emmanuelle,2
willa,2
products,2
pleasure,2
lust,2
breathtaking,2
conway,2
shangri-la,2
pastime,2
mockingbird,2
liz,2
sapien,2
bloodbath,2
governed,2
murdering,2
lotus,2
hated,2
yin,2
ken,2
internship,2
coral,2
goethe,2
barrier,2
farnum,2
rarest,2
anywhere,2
gangster,2
painted,2
chen,2
kun,2
maintenance,2
bestselling,2
angela,2
infested,2
proceed,2
enterprise,2
humanoid,2
rabbits,2
suzie,2
ambiguous,2
netherworld,2
blackwolf,2
favor,2
stopped,2
separates,2
flooding,2
poverty,2
web,2
fates,2
higher,2
dickens,2
eun-joo,2
mare,2
1999,2
mail,2
1997,2
sung-hyun,2
reminds,2
wishing,2
sin,2
heavily,2
godfather,2
ridley,2
entity,2
renaissance,2
fell,2
aspirations,2
wealth,2
co-exist,2
wuba,2
entertaining,2
maker,2
theater,2
iolaus,2
amazonian,2
hera,2
movie-length,2
stronghold,2
encountering,2
high-school,2
football,2
adoptive,2
upside-down,2
capacity,2
uncanny,2
resemblance,2
boo,2
urmel,2
usurped,2
milan,2
kidnapping,2
musicians,2
giulietta,2
giorgio,2
painful,2
tarabas,2
rediscovers,2
heritage,2
theres,2
fable,2
milly,2
louis,2
fascination,2
liza,2
horribly,2
nangijala,2
cherry,2
medical,2
drinks,2
code,2
covertly,2
suspected,2
cthulhu,2
talks,2
nephilim,2
soccer,2
hatred,2
variation,2
colonial,2
effectively,2
disappointed,2
ludwig,2
restoring,2
devious,2
spotlight,2
bargains,2
necklace,2
'alice,2
drains,2
psychotic,2
select,2
thorn,2
delia,2
occur,2
proof,2
adventurers,2
overtakes,2
prior,2
fung,2
ekin,2
tutelage,2
subordinates,2
spiritually,2
worms,2
kassim,2
zenobia,2
caliph,2
voyager,2
tuvok,2
section,2
costs,2
fails,2
carolinus,2
shield,2
ommedon,2
realms,2
cirque,2
soleil,2
dreamlike,2
goemon,2
stepdaughter,2
jacko,2
demolished,2
zealand,2
deemed,2
unthinkable,2
margaret,2
grouchy,2
garbage,2
smith,2
sandman,2
bully,2
fountain,2
dreaming,2
nani,2
madly,2
mainly,2
shed,2
dellamorta,2
stung,2
object,2
clearly,2
sprawling,2
madness,2
polidori,2
pen,2
pavithran,2
theft,2
pappan,2
shore,2
buddy,2
occurring,2
spared,2
kindness,2
shell,2
war-torn,2
alpin,2
15th,2
hugues,2
charms,2
patients,2
cured,2
laughter,2
behaves,2
appreciate,2
grandparents,2
bunyan,2
secure,2
intended,2
autumn,2
considers,2
ambush,2
belle,2
tomboy,2
rolling,2
flock,2
pastoral,2
skipper,2
clever,2
stylish,2
framed,2
newsman,2
lore,2
tancharoen,2
anthony,2
fuma,2
lavr,2
monastery,2
andrey,2
maximilian,2
kicked,2
parasite,2
elsewhere,2
bravery,2
grumpy,2
sylvain,2
shea,2
commandos,2
freely,2
composer,2
selma,2
blindness,2
subdue,2
tunnels,2
cutting,2
lizard-like,2
fulfillment,2
awful,2
rayford,2
unmanned,2
buck,2
williams,2
rosenzweig,2
soil,2
opera,2
popiel,2
ziemowit,2
coleman,2
occurs,2
draiga,2
occupied,2
visray,2
trek,2
permanent,2
talbot,2
blows,2
jailed,2
fisk,2
network,2
afraid,2
amazingly,2
kobayashi,2
chastity,2
belt,2
maxim,2
rebel,2
rulers,2
wi-jin,2
heuk-woon,2
dogs,2
superstar,2
unrelated,2
leung,2
discuss,2
reptile,2
roar,2
crestview,2
privileged,2
stephen,2
blown,2
mafia,2
wong,2
gigi,2
cgi,2
kaiju,2
mitty,2
daydreaming,2
imagine,2
locations,2
dutch,2
sacrificing,2
awaited,2
smile,2
adventurer,2
expect,2
atlantis,2
disabled,2
boat,2
topper,2
valentine,2
oddly,2
shadowy,2
swords,2
attached,2
lots,2
entertain,2
editor,2
envy,2
miniseries,2
zapped,2
familiar,2
co-star,2
chelsea,2
prepare,2
drinking,2
mathmatics,2
numbers,2
strike,2
mutants,2
eating,2
crust,2
solar,2
eclipse,2
decades,2
headlines,2
co-stars,2
pursuing,2
spectra,2
creeperiffic,2
frightful,2
chains,2
extends,2
puppet,2
ocelots,2
backgrounds,2
unfolding,2
earl,2
paper,2
sebastian,2
aurora,2
individuals,2
ceo,2
hallucinating,2
frenchy,2
mccloud,2
baseball,2
wooden,2
investigators,2
xxx,2
harmony,2
sounga,2
hundreds,2
chronos,2
guyver,2
ace,2
added,2
chops,2
desideria,2
selvaggia,2
await,2
integrate,2
follow-up,2
1988,2
radically,2
spunky,2
floor,2
harper,2
quit,2
wu-tang,2
diego,2
flair,2
slapstick,2
alongside,2
wit,2
feast,2
delight,2
largest,2
r.l,2
stine,2
nameless,2
filippo,2
ferry,2
operate,2
virtues,2
martian,2
overcomes,2
kyoya,2
fort,2
abbie,2
thorne,2
ochoa,2
nicky,2
lilly,2
loveable,2
cecilia,2
insomnia,2
anita,2
ekberg,2
independence,2
ni-chang,2
weather,2
incident,2
gidor,2
economic,2
tung,2
dragonslayer,2
anxious,2
beans,2
sidekick,2
goose,2
dump,2
exploration,2
serie,2
psi,2
lad,2
inherit,2
regions,2
revelation,2
opposed,2
crusaders,2
kostia,2
ginny,2
retarded,2
mirage,2
dresses,2
rein,2
chest,2
dreaded,2
northfork,2
alborea,2
ramades,2
gradually,2
endures,2
devout,2
fourth,2
on-san,2
studying,2
voltan,2
recruiting,2
recognize,2
cruelly,2
withdrawn,2
medium,2
exorcist,2
gabrielle,2
devouring,2
marian,2
lunar,2
sanders,2
unnamed,2
listen,2
appetite,2
lothor,2
thugs,2
shipwreck,2
bridge,2
root,2
noblewoman,2
coronation,2
sofie,2
alberto,2
odyssey,2
fangtastic,2
tasmanian,2
eagle,2
proposition,2
alma,2
clawdeen,2
easier,2
atmosphere,2
goodbye,2
basque,2
pia,2
yoko,2
qualities,2
freddie,2
khwaish,2
assist,2
denzel,2
coffee,2
pearl,2
minute,2
minos,2
campus,2
brazil,2
beiru,2
joint,2
cornwall,2
dreadful,2
arc,2
outlandish,2
ships,2
uncovering,2
janet,2
brad,2
nessie,2
pond,2
rubber,2
netvor,2
occasionally,2
thomasina,2
brewster,2
kinds,2
defending,2
marauders,2
amnesia,2
undergo,2
push,2
payload,2
cock,2
tarus,2
doe,2
researchers,2
joseph,2
spiders,2
simplest,2
smallest,2
hanging,2
now-grown,2
pat,2
connects,2
snape,2
troubadour,2
kay,2
odiyan,2
artur,2
schoolmate,2
sergey,2
kostya,2
sybille,2
dialect,2
gulliver,2
washed,2
tamino,2
pamina,2
depression-era,2
uncharted,2
slavery,2
toa,2
metru,2
pink,2
random,2
rope,2
performing,2
mundane,2
average,2
seduction,2
buddhist,2
lower,2
strangers,2
doomsday,2
progress,2
relates,2
route,2
venta,2
quemada,2
seduce,2
corpses,2
gallows,2
hermit,2
jean-marc,2
parsel,2
bang,2
prisoners,2
dissolves,2
punch,2
outlaw,2
clay,2
babs,2
sorts,2
dutchman,2
yacht,2
native,2
callan,2
beaten,2
parade,2
voracious,2
octopus,2
mnchhausen,2
regime,2
issues,2
plant,2
northpole,2
blizzard,2
violet,2
conventional,2
ensnare,2
mile,2
rocked,2
denver,2
ghostbusters,2
zeman,2
paddle,2
back-in-time,2
anathoth,2
guises,2
announce,2
invincibility,2
romy,2
nori,2
malucia,2
in-depth,2
highly-anticipated,2
dcs,2
arrow,2
producers,2
berlanti,2
marc,2
guggenheim,2
kreisberg,2
phil,2
klemmer,2
mericle,2
vandal,2
rip,2
hawkman,2
hawkgirl,2
firestorm,2
metahistorical,2
electrotechnician,2
lafayette,2
megalomaniac,2
anarchist,2
feminist,2
actresses,2
angelica,2
tomato,2
cucumber,2
veggies,2
3-d,2
eighth,2
requiring,2
sochi,2
artem,2
caucasus,2
georgia,2
heap,2
dunes,2
disgusted,2
insidious,2
kissing,2
promised,2
2047,2
overwhelmed,2
seth,2
irreplaceable,2
matchmaker,2
five-year-old,2
bgh,2
pelle,2
tucked,2
wannabe,2
melange,2
tutor,2
iphitus,2
pelias,2
delectable,2
briefly,2
clad,2
iole,2
argonauts,2
tomoeda,2
tarl,2
splinters,2
confiscated,2
brothel,2
bare,2
avant-garde,2
stag,2
lush,2
cavedwelling,2
downed,2
airmen,2
maneating,2
disruption,2
pleasures,2
narrowly,2
rugged,2
captors,2
juster,2
rhyme,2
primary,2
yugoslavian,2
politico,2
sexpot,2
skater,2
metaphors,2
wilhelm,2
goldstein,2
magazine,2
theories,2
orgone,2
analogies,2
stalinism,2
freudian,2
w.r.,2
organism,2
subtitled,2
mow,2
step-sister,2
muff,2
orlais,2
seekercassandrafights,2
treason,2
impulsive,2
clashing,2
templars,2
executioners,2
divine,2
reforms,2
surroundings,2
monkees,2
tossed,2
plotless,2
circular,2
fluff,2
mind-bending,2
portland,2
oregon,2
unspoken,2
caretakers,2
critic,2
recuperative,2
philosophical,2
poetic,2
munchhausen,2
merriment,2
views,2
underlines,2
faults,2
timemachine,2
jeruzalem,2
weary,2
happenings,2
beds,2
vanishing,2
re-appearing,2
candles,2
exploding,2
pants,2
thrall,2
yearns,2
becky,2
reporters,2
clark,2
silsby,2
penetrated,2
scares,2
townfolk,2
cord,2
competes,2
knowlege,2
zetan,2
hibernating,2
carnivorous,2
unidentified,2
off-shore,2
woodcutter,2
randolph,2
melanie,2
rape,2
treatments,2
awake,2
villager,2
geum,2
yee,2
ba'al,2
scattered,2
terwilliker,2
vitya,2
shi-eun,2
hyo-shin,2
taboo,2
concerns,2
roads,2
seizes,2
delayed,2
leyla,2
persons,2
morgane,2
dentist,2
refugees,2
boxer,2
cymbal,2
jen,2
filling,2
seers,2
distrust,2
lures,2
robbie,2
carrre,2
danvers,2
content,2
pieces,2
dwell,2
starr,2
gas,2
inclined,2
undergoes,2
gladiator,2
eroticvs,2
lesbian,2
2000,2
zuleika,2
mauricinho,2
kagome,2
menomaru,2
coveted,2
cell-phone,2
anesthetic,2
tinto,2
olivia,2
adoption,2
pierces,2
ciao,2
fei,2
lan,2
eater,2
obedient,2
inhabit,2
roma,2
downey,2
zoey,2
financier,2
javier,2
campo,2
petronella,2
scottish/romany,2
traveller,2
stalks,2
protagonists,2
travellers,2
finale,2
specialists,2
2017,2
jumanji,2
sci,2
philip,2
riverworld,2
kblbck,2
idols,2
aversion,2
middle-age,2
mega,2
mondo,2
cartoon-a-con,2
sunny,2
marks,2
herculoids,2
celebrated,2
headlining,2
megabucks,2
premiere,2
all-time,2
falcon,2
dynomutt,2
bats,2
slime,2
festivities,2
incorporated,2
pizza-snacking,2
tag,2
tap,2
smothered,2
goo,2
murphys,2
great-great,2
jinxed,2
ciara,2
bravo,2
not-so-strange,2
brett,2
hex,2
catastrophically,2
hijinks,2
second-in-command,2
vilma,2
bringer,2
dithering,2
waistcoat,2
pocket,2
employee,2
powerfully,2
fully,2
sagitta,2
jan,2
scutum,2
tateza,2
jger,2
orion,2
cerebral,2
drift,2
seemed,2
sax,2
rohmer,2
sumuru,2
propagate,2
mines..,2
feng,2
xiwu,2
moonlit,2
comics,2
antihero,2
incarcerated,2
supervillains,2
deniable,2
undertaking,2
high-risk,2
ops,2
missions,2
commuted,2
sentences,2
extended,2
shizu,2
chiba,2
jaguar,2
sixteen-year,2
jensen,2
gawain,2
bao,2
differently,2
photographer,2
krissy,2
post,2
trauma,2
spacecraft,2
saltwater,2
heirs,2
mistaken,2
substance,2
moomin,2
mytyl,2
metro,2
ayesha,2
redwood,2
rays,2
shizuka,2
suneo,2
eva,2
ally,2
dictator,2
spiridonov,2
gusev,2
granddaughter,2
kukuru,2
fond,2
subject,2
ryo,2
nahuala,2
silvano,2
prefect,2
colonel,2
fudo,2
groundhog,2
frost,2
beatrice,2
example,2
neither,2
midgard,2
dar,2
jaspers,2
clowns,2
yusei,2
dogen,2
rhodes,2
balangs,2
paraiso,2
brom,2
bones,2
katrina,2
printing,2
humphrey,2
fucsia,2
mbwana,2
traigon,2
audience,2
removes,2
unison,2
duplicates,2
manchu,2
lindsay,2
baishin,2
blom,2
wiplala,2
holly,2
gem-cutters,2
rebecca,2
alisande,2
etzel,2
huns,2
hagen,2
naoko,2
ryoko,2
hirosue,2
flor,2
mirrors,2
1964,2
gubarev,2
kelvin,2