story,444
film,429
war,411
life,305
one,295
young,271
world,258
love,218
king,202
man,184
first,181
two,174
years,170
army,161
based,159
new,157
time,155
people,143
family,141
true,139
set,135
german,133
men,132
american,129
history,126
battle,124
british,123
century,121
group,119
death,118
son,116
back,116
french,114
father,110
woman,101
three,98
great,97
events,97
country,96
find,94
wife,94
become,94
also,93
becomes,89
way,88
must,85
soldiers,84
nazi,84
lives,83
part,82
...,82
tells,81
power,81
military,78
city,78
finds,78
political,77
russian,77
old,75
takes,75
last,74
france,72
fight,72
daughter,72
john,71
queen,70
follows,69
japanese,69
women,69
forced,68
movie,68
home,66
falls,66
documentary,66
days,65
mother,65
day,65
many,65
historical,64
take,64
forces,63
revolution,63
second,63
make,62
girl,62
begins,61
end,61
enemy,60
help,60
empire,60
would,60
early,60
germany,59
resistance,59
epic,59
led,59
general,58
mission,57
leader,57
village,57
order,56
beautiful,56
made,56
however,55
emperor,55
china,55
famous,54
government,53
soon,53
year,53
europe,52
paris,52
final,52
known,52
meets,52
still,52
powerful,52
journey,51
prince,51
rome,51
friend,51
director,51
team,50
friends,50
lead,50
america,50
england,50
husband,50
later,50
behind,49
novel,49
sent,49
escape,49
south,49
black,48
drama,48
even,48
attempt,47
throne,47
get,47
place,47
including,47
look,47
officer,47
small,47
troops,46
brother,46
away,46
goes,46
dynasty,46
boy,45
face,45
became,45
fighting,45
attack,45
well,45
comes,45
relationship,45
tries,45
russia,45
living,45
name,45
real,44
legendary,44
named,44
leads,44
local,44
decides,44
rise,44
come,44
never,44
town,43
directed,43
fall,43
soviet,43
indian,42
united,42
company,42
together,42
secret,42
may,41
captain,41
work,41
japan,41
around,41
jewish,41
camp,41
another,41
within,40
across,40
ever,40
art,40
land,40
gets,40
court,40
henry,40
nation,39
struggle,39
best,39
sharpe,39
brothers,38
kill,38
wants,38
india,38
sister,38
using,38
told,38
long,38
prison,38
see,38
u.s.,37
wwii,37
four,37
states,37
whose,37
age,37
returns,36
greatest,36
account,36
ancient,36
modern,36
former,36
like,36
italian,36
eventually,36
spanish,36
york,36
n't,36
force,35
action,35
without,35
since,35
louis,35
civil,35
state,35
late,35
found,35
head,34
several,34
marriage,34
president,34
soldier,34
lord,34
save,34
live,34
married,34
white,34
decide,34
dead,33
freedom,33
change,33
george,33
child,33
upon,33
personal,33
killed,33
return,33
chinese,33
among,33
called,33
period,33
attempts,33
gives,33
island,33
little,33
public,32
brought,32
play,32
front,32
hitler,32
roman,32
tale,32
lost,32
footage,32
murder,32
allied,31
adaptation,31
national,31
master,31
romance,31
slave,31
taken,31
following,31
search,31
princess,31
times,31
shows,31
britain,30
side,30
london,30
join,30
commander,30
peter,30
working,30
leading,30
brutal,30
children,30
defeat,30
left,30
warrior,30
put,30
plot,30
finally,30
friendship,29
legend,29
reign,29
major,29
members,29
past,29
english,29
career,29
hero,29
written,29
captured,29
castle,29
keep,29
arrested,29
future,29
fate,29
high,29
due,29
house,29
trying,29
school,28
jean,28
special,28
royal,28
police,28
rescue,28
mary,28
kingdom,28
marry,28
stories,28
god,28
gold,28
writer,28
revenge,28
interviews,28
turn,28
napoleon,28
tragic,28
western,27
ultimately,27
inspired,27
struggles,27
big,27
red,27
regime,27
prisoners,27
born,27
involved,27
everything,27
free,27
series,27
lines,26
crew,26
attacks,26
journalist,26
paul,26
hope,26
spain,26
poor,26
samurai,26
close,26
along,26
richard,26
occupation,26
jesus,26
ship,26
italy,26
culture,26
money,26
heart,26
beginning,26
revolutionary,26
hands,25
things,25
third,25
bloody,25
wars,25
fought,25
discovers,25
human,25
robert,25
eyes,25
star,25
era,25
trial,25
1944,25
every,25
clan,25
independence,25
social,25
destroy,25
much,24
desperate,24
female,24
dies,24
stars,24
conflict,24
created,24
seen,24
sees,24
tell,24
chance,24
sends,24
book,24
despite,24
charles,24
seven,23
minister,23
tragedy,23
seeks,23
student,23
air,23
unexpected,23
makes,23
protect,23
violence,23
use,23
took,23
allies,23
assassination,23
learns,23
plan,23
movement,23
command,23
survive,23
colonel,23
others,23
point,23
international,23
polish,23
brilliant,22
invasion,22
party,22
train,22
shot,22
martin,22
church,22
used,22
yet,22
rule,22
music,22
germans,22
murdered,22
everyone,22
union,22
birth,22
doctor,22
stop,22
warriors,22
affair,22
meanwhile,22
lady,22
good,22
loves,22
territory,21
becoming,21
classic,21
give,21
elizabeth,21
americans,21
defend,21
catholic,21
travels,21
cast,21
violent,21
officers,21
indians,21
north,21
support,21
berlin,21
revolt,21
six,21
question,21
win,21
summer,21
version,21
months,21
night,21
east,21
cao,21
run,21
execution,21
service,21
films,21
marquis,21
dramatic,21
eve,20
jim,20
prisoner,20
september,20
rights,20
joins,20
start,20
bring,20
rather,20
imperial,20
right,20
james,20
filmed,20
build,20
michael,20
20th,20
determined,20
artist,20
turns,20
killing,20
orders,20
five,20
thomas,20
communist,20
massacre,20
jews,20
case,20
brings,20
youth,20
although,20
joseon,20
production,20
capture,19
plans,19
ambitious,19
alexander,19
chaos,19
gang,19
hidden,19
could,19
role,19
egypt,19
extraordinary,19
met,19
biopic,19
band,19
stand,19
popular,19
rebellion,19
mysterious,19
sets,19
region,19
christian,19
childhood,19
control,19
flee,19
form,19
fighter,19
show,19
rose,19
david,19
works,19
dream,19
faces,19
ends,19
today,19
seems,19
honor,18
threat,18
stage,18
terrorist,18
armed,18
martial,18
able,18
heavy,18
shakespeare,18
author,18
concentration,18
focuses,18
sexual,18
quickly,18
making,18
assassin,18
efforts,18
korean,18
battles,18
assigned,18
charge,18
going,18
depicts,18
towards,18
scenes,18
ordered,18
held,18
greek,18
faith,18
society,18
native,18
word,18
though,18
poet,18
training,18
released,18
poland,18
caught,18
always,18
festival,18
body,18
original,18
fear,17
member,17
alive,17
nothing,17
1942,17
raised,17
cross,17
forever,17
act,17
fellow,17
present,17
bridge,17
courage,17
victory,17
believes,17
west,17
loved,17
passionate,17
religious,17
learn,17
unit,17
chief,17
thousands,17
given,17
adventures,17
archival,17
african,17
historic,17
taking,17
title,17
armies,17
sir,17
republic,17
nazis,17
try,17
israel,17
community,17
accused,17
spy,17
middle,17
lover,17
uses,17
short,17
light,17
politics,17
duke,17
nuclear,17
know,17
ago,17
park,16
successful,16
arts,16
class,16
top,16
pay,16
gay,16
official,16
citizens,16
went,16
betrayal,16
camps,16
sex,16
far,16
create,16
combat,16
younger,16
imprisoned,16
priest,16
teacher,16
next,16
genius,16
dangerous,16
sergeant,16
plays,16
caesar,16
families,16
17th,16
wounded,16
almost,16
truth,16
heroic,16
really,16
process,16
chronicles,16
leaving,16
portrait,16
continues,16
opposition,16
path,16
job,16
rival,16
von,16
event,16
alone,16
singh,16
heir,16
sword,16
radio,16
perspective,16
adventure,16
meet,16
students,16
girls,16
19th,16
parents,16
ruler,16
bomb,16
meeting,16
mass,16
portrays,15
refuses,15
prime,15
turbulent,15
peace,15
failed,15
earth,15
result,15
benjamin,15
operation,15
ruthless,15
quest,15
amp,15
feature,15
changes,15
trip,15
powers,15
stay,15
march,15
isolated,15
beyond,15
marie,15
controversial,15
figures,15
1945,15
fact,15
ottoman,15
leaves,15
16th,15
painter,15
law,15
torture,15
destruction,15
river,15
different,15
deadly,15
sons,15
fights,15
jack,15
fortress,15
odds,15
instead,15
workers,15
pilot,15
water,15
starts,15
knows,15
loyal,15
owner,15
outside,15
rich,15
marries,15
border,15
han,15
nobleman,15
palace,15
dr.,15
choose,15
problems,15
explores,15
race,14
trapped,14
valjean,14
august,14
ready,14
chronicle,14
hunt,14
agent,14
simple,14
holy,14
california,14
notorious,14
expedition,14
position,14
passion,14
prostitute,14
philippe,14
ended,14
television,14
plots,14
reach,14
torn,14
aristocratic,14
game,14
edward,14
came,14
amazing,14
award,14
defense,14
possible,14
success,14
grows,14
half,14
slaves,14
forest,14
romantic,14
comedy,14
development,14
begin,14
beloved,14
influence,14
central,14
character,14
featuring,14
st.,14
unique,14
missing,14
wwi,14
turned,14
main,14
died,14
beauty,14
played,14
sea,14
began,14
terrible,14
noble,14
overview,14
june,13
1940,13
bringing,13
course,13
ground,13
navy,13
reich,13
assassinate,13
person,13
sense,13
details,13
mountains,13
treasure,13
austrian,13
filmmaker,13
sides,13
1950s,13
system,13
line,13
follow,13
siege,13
heroes,13
die,13
safety,13
surrender,13
backdrop,13
experiences,13
july,13
homeland,13
destroyed,13
clash,13
built,13
decades,13
golden,13
prevent,13
something,13
suicide,13
muslim,13
rebel,13
brothel,13
baby,13
lieutenant,13
intimate,13
eye,13
tiny,13
plant,13
rest,13
move,13
dutch,13
experience,13
peasant,13
campaign,13
needs,13
biographical,13
origins,13
crisis,13
space,13
hong,13
danger,13
full,13
enemies,13
survivors,13
deeply,13
situation,13
discover,13
uprising,13
maria,13
edo,13
often,13
grand,13
october,13
important,13
youngest,13
turkish,13
couple,13
cut,12
miles,12
musical,12
college,12
field,12
farmer,12
seeking,12
hollywood,12
threatened,12
breaks,12
escapes,12
features,12
location,12
intelligence,12
aid,12
remains,12
christmas,12
fierce,12
ultimate,12
view,12
raf,12
refuge,12
midst,12
lies,12
hand,12
boys,12
joseph,12
occupied,12
think,12
whether,12
recent,12
troubled,12
trade,12
daring,12
farm,12
lawyer,12
responsible,12
office,12
moscow,12
knowledge,12
monastery,12
unknown,12
discovered,12
sacrifice,12
starring,12
1960s,12
ruling,12
spirit,12
corrupt,12
alliance,12
lived,12
william,12
irish,12
cinema,12
deal,12
settle,12
daughters,12
dramatization,12
austria,12
provide,12
covers,12
news,12
got,12
kidnapped,12
better,12
choice,12
exile,12
want,12
complete,12
coming,12
christ,12
catherine,12
eastern,12
trilogy,12
defeated,12
biography,12
tribes,12
lovers,12
shown,12
korea,12
anne,12
moment,12
dark,12
hard,12
already,12
propaganda,12
ivan,12
kim,12
style,12
sentenced,12
presents,12
produced,12
joan,12
images,12
gandhi,12
code,11
battlefield,11
served,11
ideals,11
plotting,11
victor,11
charged,11
considered,11
voice,11
bank,11
number,11
task,11
solution,11
convince,11
security,11
means,11
gain,11
fortune,11
cleopatra,11
private,11
desert,11
access,11
african-american,11
texas,11
moral,11
rape,11
courageous,11
conspiracy,11
prominent,11
coast,11
million,11
hold,11
teenage,11
happiness,11
critical,11
spends,11
1941,11
wild,11
crimes,11
justice,11
atomic,11
anything,11
paradise,11
population,11
height,11
fame,11
understand,11
1920s,11
underground,11
tom,11
baron,11
exchange,11
knight,11
fighters,11
peasants,11
cousin,11
ruth,11
worker,11
separated,11
naval,11
impact,11
actually,11
changed,11
encounters,11
empress,11
mexican,11
stranger,11
assassins,11
australian,11
drawn,11
nurse,11
leaders,11
key,11
uncle,11
open,11
producer,11
status,11
mind,11
lee,11
religion,11
wedding,11
kills,11
albert,11
unfortunately,11
actual,11
governor,11
appointed,11
spend,11
project,11
leave,11
care,11
weapons,11
executed,11
parts,11
european,11
test,11
eisenstein,11
memories,11
tatiana,11
washington,11
tasked,10
inspiring,10
trials,10
hour,10
agents,10
enough,10
2011,10
reluctantly,10
unlikely,10
iii,10
crusades,10
massive,10
scandal,10
entire,10
embarks,10
scottish,10
focusing,10
artists,10
worlds,10
artistic,10
1930s,10
vietnam,10
talent,10
orleans,10
southern,10
food,10
need,10
rebels,10
numerous,10
share,10
effort,10
station,10
retelling,10
iconic,10
mexico,10
dictator,10
1943,10
superior,10
liberation,10
traces,10
anna,10
characters,10
performance,10
placed,10
hostage,10
impossible,10
vows,10
remote,10
survival,10
receives,10
decision,10
monk,10
building,10
smith,10
reluctant,10
victim,10
silent,10
algeria,10
rural,10
single,10
thus,10
mine,10
newly,10
near,10
travel,10
foreign,10
platoon,10
celebrated,10
singer,10
looking,10
farmers,10
1948,10
duel,10
incredible,10
ten,10
dying,10
moments,10
prove,10
holocaust,10
glory,10
traitor,10
winter,10
picture,10
wake,10
brave,10
frank,10
genocide,10
watch,10
viii,10
road,10
provides,10
setting,10
worse,10
ghetto,10
nero,10
alfred,10
founding,10
sun,10
kong,10
overthrow,10
clear,10
inside,10
actress,10
gripping,10
arrives,10
eight,10
jackson,10
tribe,10
pierre,10
thousand,10
dancer,10
crown,10
complex,10
hungarian,10
countess,10
consequences,10
wealthy,10
sisters,10
recounts,10
moves,10
invaders,10
khan,10
countryside,10
spread,10
estate,10
countries,10
shanghai,10
handsome,10
actors,10
route,10
coup,10
politicians,10
looks,10
remarkable,10
goal,10
accepts,10
camera,10
stalin,10
czar,10
shogun,10
peaceful,10
seediq,10
saint,10
toyotomi,10
starting,10
sold,10
identity,10
actor,10
surrounded,9
thrilling,9
saga,9
hugo,9
aftermath,9
techniques,9
outlaw,9
warlord,9
suffer,9
facing,9
enlists,9
pushed,9
devoted,9
persian,9
intrigue,9
heritage,9
raid,9
ambassador,9
dawn,9
invading,9
surrounding,9
hung,9
garden,9
doomed,9
district,9
running,9
potential,9
mad,9
infamous,9
offering,9
pilots,9
various,9
lt.,9
january,9
turmoil,9
influential,9
growing,9
colonial,9
cover,9
literary,9
struggling,9
hours,9
sound,9
medical,9
renowned,9
invade,9
andrei,9
steps,9
pair,9
eccentric,9
wilderness,9
kelly,9
blood,9
evidence,9
arrive,9
completely,9
secretly,9
opera,9
founded,9
contact,9
activist,9
real-life,9
gordon,9
pursuit,9
moving,9
twenty,9
2009,9
returned,9
decided,9
continued,9
large,9
ireland,9
hospital,9
apart,9
battalion,9
actions,9
strike,9
harbor,9
loss,9
conservative,9
dictatorship,9
medieval,9
stands,9
winning,9
los,9
commit,9
examines,9
reality,9
oscar,9
adolf,9
lands,9
throughout,9
serve,9
independent,9
liberal,9
innocent,9
sweden,9
dedicated,9
thanks,9
nine,9
resist,9
xiv,9
disaster,9
fascist,9
maintain,9
letters,9
immigrant,9
beat,9
cardinal,9
offers,9
abandoned,9
background,9
famed,9
seek,9
18th,9
count,9
release,9
terror,9
keeps,9
chosen,9
fair,9
visit,9
bill,9
jane,9
humble,9
brigade,9
auschwitz,9
machines,9
storm,8
normandy,8
lie,8
churchill,8
treaty,8
1971,8
risking,8
turning,8
heroism,8
afghanistan,8
500,8
might,8
except,8
speech,8
kidnap,8
casualties,8
czech,8
heydrich,8
gestapo,8
cavalry,8
globe,8
household,8
discovery,8
destiny,8
openly,8
nations,8
directors,8
screen,8
documents,8
wing,8
1940s,8
names,8
raise,8
market,8
holland,8
cruel,8
revealed,8
kenshin,8
tokyo,8
haunted,8
twin,8
jones,8
realistic,8
pacific,8
alabama,8
strange,8
losing,8
supply,8
victoria,8
extreme,8
defenders,8
leadership,8
antoinette,8
interview,8
professor,8
property,8
africa,8
lack,8
rock,8
fire,8
weeks,8
raging,8
nearly,8
egyptian,8
winner,8
successor,8
harrowing,8
iraq,8
reputation,8
december,8
confront,8
confederate,8
portugal,8
wealth,8
places,8
happened,8
biggest,8
remain,8
qing,8
questions,8
boss,8
1947,8
idealistic,8
witness,8
write,8
investigation,8
deaths,8
flag,8
surviving,8
hell,8
shogunate,8
poverty,8
orphan,8
stopped,8
angel,8
helped,8
highest,8
revealing,8
bar,8
performers,8
earlier,8
tang,8
opposed,8
returning,8
showing,8
saved,8
kids,8
bond,8
luther,8
1963,8
site,8
1968,8
drive,8
thing,8
jeanne,8
officials,8
siberia,8
slaughter,8
victims,8
companions,8
1939,8
survives,8
norwegian,8
conference,8
discuss,8
arrival,8
warring,8
pass,8
longer,8
christians,8
ussr,8
risk,8
portrayal,8
escaped,8
cult,8
thought,8
'the,8
trouble,8
activities,8
opportunity,8
searching,8
1970,8
seeing,8
technology,8
media,8
zhao,8
convent,8
heroine,8
lake,8
dreams,8
stunning,8
paths,8
traditional,8
holds,8
jimmy,8
flying,8
difficult,8
're,8
spies,8
mistress,8
week,8
evil,8
machine,8
interest,8
sight,8
feeling,8
villa,8
erotic,8
experienced,8
venice,8
learning,8
merchant,8
division,8
crime,8
intended,8
contemporary,8
theater,8
ships,8
letter,8
yang,8
franz,8
francis,8
attention,8
ordinary,8
patriotic,8
brazil,8
kung,8
material,8
shortly,8
archive,8
giving,8
abbe,8
area,8
messalina,8
sergei,8
recorded,8
ways,8
arms,8
existence,8
financial,8
intrigues,8
freed,8
rudo,8
realizes,8
exiled,8
books,8
desire,8
bulgarian,8
suddenly,8
dolly,8
regiment,8
bbc,8
stolen,8
daniel,8
darkest,7
beaches,7
ranger,7
standing,7
refused,7
guard,7
downtrodden,7
hoover,7
elite,7
recruits,7
architect,7
newspaper,7
editor,7
unprecedented,7
grandfather,7
reclaim,7
1967,7
largest,7
teach,7
antonio,7
attorney,7
saw,7
bizarre,7
invites,7
tyrannical,7
mostly,7
language,7
1879,7
che,7
philosopher,7
petty,7
increasingly,7
dickens,7
vision,7
streets,7
authorities,7
liberate,7
terrifying,7
witnesses,7
soul,7
center,7
authority,7
hunter,7
getting,7
available,7
presidency,7
secure,7
hans,7
cold,7
february,7
causes,7
study,7
1974,7
largely,7
perspectives,7
bolivia,7
max,7
subsequent,7
wives,7
skies,7
price,7
flight,7
passengers,7
tokugawa,7
repression,7
raises,7
attitude,7
football,7
audiences,7
prophet,7
song,7
criminal,7
advantage,7
horse,7
talented,7
followers,7
honour,7
succeeds,7
nature,7
crossing,7
post,7
protestant,7
ice,7
squad,7
arthur,7
november,7
attacked,7
unfolds,7
protest,7
1972,7
legends,7
words,7
pearl,7
nightmare,7
cruelty,7
guards,7
businessman,7
opens,7
base,7
prepare,7
supreme,7
margaret,7
raj,7
happens,7
outbreak,7
scheming,7
broke,7
factions,7
falling,7
angeles,7
labor,7
happen,7
offensive,7
strong,7
direct,7
caused,7
video,7
successfully,7
ideas,7
matthew,7
pressure,7
deep,7
cook,7
1970s,7
mountain,7
traveling,7
hit,7
communists,7
issues,7
selected,7
aristocrat,7
scene,7
overwhelming,7
twice,7
seduce,7
adapted,7
murderous,7
threaten,7
followed,7
civilians,7
titanic,7
grave,7
jang,7
skills,7
escort,7
capital,7
mainland,7
persecution,7
companion,7
ambition,7
natives,7
conditions,7
signe,7
asks,7
asoka,7
calls,7
conquer,7
conquered,7
regent,7
favor,7
conflicts,7
horrors,7
brutally,7
monarch,7
nobility,7
democracy,7
300,7
civilian,7
blind,7
loosely,7
commanders,7
faced,7
cheng,7
avenge,7
thriller,7
street,7
doctors,7
nevertheless,7
daily,7
frontier,7
policy,7
originally,7
published,7
carlos,7
shoot,7
realities,7
determination,7
program,7
dumas,7
immediately,7
somewhat,7
reasons,7
rare,7
debate,7
northern,7
draws,7
challenge,7
civilization,7
poles,7
sado,7
murders,7
mong-lyong,7
reveals,7
claim,7
lot,7
depicting,7
founder,7
liberated,7
agrippina,7
runs,7
stock,7
democratic,7
rescued,7
report,7
pain,7
ronin,7
allowed,7
papers,7
pharaoh,7
convert,7
manages,7
defeats,7
1913,7
turing,6
evacuation,6
fourth,6
miller,6
technical,6
troubles,6
apollo,6
astronauts,6
avert,6
19th-century,6
11th,6
2015,6
emerged,6
2001,6
bertie,6
engages,6
dillinger,6
intense,6
militia,6
prague,6
cover-up,6
presidents,6
kidnapping,6
getty,6
stationed,6
persians,6
gone,6
boston,6
escaping,6
elected,6
perilous,6
deserts,6
wyatt,6
weary,6
pursue,6
owners,6
atrocities,6
wilson,6
throw,6
sexually,6
includes,6
taylor,6
tomb,6
presence,6
ray,6
pull,6
kaoru,6
develops,6
squadron,6
effects,6
passed,6
musketeers,6
truce,6
brotherhood,6
surprise,6
survived,6
worst,6
countless,6
blow,6
pride,6
creation,6
joe,6
marine,6
hordes,6
holding,6
hundred,6
centers,6
xvi,6
versailles,6
nanking,6
presidential,6
reporter,6
madness,6
steiner,6
investigates,6
hearts,6
humanity,6
declared,6
christopher,6
danish,6
amid,6
memory,6
grow,6
tumultuous,6
port,6
jan,6
crowd,6
arena,6
inner,6
devotion,6
jesuit,6
blame,6
charges,6
widow,6
bounty,6
strict,6
17th-century,6
challenges,6
monks,6
fleeing,6
villagers,6
established,6
atlantic,6
comrades,6
ernest,6
convinced,6
seemingly,6
suspicion,6
luftwaffe,6
seal,6
document,6
mercenary,6
landscape,6
photographer,6
photographs,6
loses,6
collapse,6
recruited,6
pregnant,6
facts,6
spirits,6
radical,6
hopes,6
captive,6
kept,6
proves,6
stealing,6
warsaw,6
hundreds,6
progress,6
sadistic,6
fully,6
fascinating,6
in-depth,6
concerns,6
gift,6
stripped,6
serves,6
cliff,6
kingdoms,6
wishes,6
amidst,6
conquest,6
transformed,6
prepares,6
1980,6
journalists,6
sam,6
griffith,6
committed,6
games,6
believe,6
acclaimed,6
occurred,6
driver,6
knowing,6
hungary,6
weekend,6
tactics,6
investigate,6
trail,6
weak,6
filmmakers,6
embroiled,6
formidable,6
husbands,6
suffering,6
argentina,6
shocking,6
magnificent,6
matters,6
feels,6
piece,6
claudius,6
walk,6
vatican,6
basis,6
landmark,6
vast,6
complicated,6
narrated,6
design,6
ahead,6
hoping,6
pow,6
deals,6
stuck,6
painful,6
room,6
peoples,6
slowly,6
schools,6
kind,6
gathers,6
scientist,6
allows,6
psychological,6
refugees,6
archbishop,6
minute,6
multiple,6
accounts,6
less,6
temple,6
detective,6
crucial,6
ancestors,6
confrontation,6
tsar,6
aging,6
indigenous,6
unite,6
generals,6
guy,6
docudrama,6
strength,6
1969,6
emmy,6
cultural,6
rivals,6
fails,6
nun,6
presented,6
highly,6
portrayed,6
ocean,6
keeping,6
according,6
imagination,6
combined,6
worldwide,6
residents,6
playing,6
deported,6
ying,6
happy,6
step,6
hot,6
stonewall,6
mr.,6
compelling,6
wellington,6
realize,6
entering,6
break,6
planned,6
male,6
1936,6
trains,6
needed,6
telling,6
common,6
israeli,6
kings,6
sometimes,6
manage,6
constantly,6
reason,6
sicily,6
bang,6
painting,6
fictionalized,6
onto,6
hal,6
severe,6
guns,6
forbidden,6
cost,6
tried,6
clips,6
audience,6
lose,6
canadian,6
economic,6
education,6
staged,6
guru,6
pioneers,6
wanted,6
jealous,6
aristocracy,6
dressed,6
saul,6
countrymen,6
wrong,6
magic,6
disguised,6
exact,6
business,6
include,6
circumstances,6
rises,6
emotional,6
latest,6
andrew,6
anniversary,6
framed,6
untold,6
1961,6
horror,6
caligula,6
portuguese,6
decade,6
roles,6
giovanni,6
arc,6
object,6
particularly,6
duty,6
danton,6
robespierre,6
tales,6
dirty,6
adopted,6
takezo,6
toll,6
assault,6
helps,6
taiwan,6
grew,6
bale,6
virginia,6
puts,6
turks,6
rosa,6
physical,6
heads,6
involvement,6
chain,6
condemned,6
eleni,6
urban,6
oiran,6
achieves,6
insurmountable,6
assembly,6
100,6
customs,6
alija,6
paints,6
centuries,6
explorers,6
cossack,6
arrest,6
executioner,6
harper,6
cossacks,6
solomon,6
bible,6
romans,6
april,6
leg,6
figure,6
global,6
broadway,6
soundtrack,6
current,6
howard,6
racism,6
politically,6
ones,6
partisan,6
excellent,6
pilgrims,6
mccord,6
intellectual,6
lithuania,6
establishment,6
estadista,6
lou,6
speer,6
hagbard,6
ninja,6
dannie,6
melos,6
attire,6
rikyu,6
musashi,6
top-secret,5
belgium,5
canada,5
dunkirk,5
4th,5
medic,5
okinawa,5
conscientious,5
exploring,5
firm,5
roll,5
imminent,5
skeptical,5
withstand,5
lunar,5
astronaut,5
airman,5
proved,5
fearless,5
assumes,5
robber,5
edgar,5
publisher,5
hard-driving,5
ransom,5
giant,5
defeating,5
westerner,5
royalty,5
core,5
hebrew,5
moses,5
outspoken,5
prejudice,5
compound,5
wicked,5
sitting,5
morgan,5
mining,5
museum,5
historians,5
guys,5
succeed,5
physician,5
shrewd,5
transforms,5
alain,5
chun,5
sino-japanese,5
stone,5
julia,5
investigating,5
allowing,5
rhine,5
combination,5
crack,5
garrison,5
kennedy,5
dick,5
protecting,5
replace,5
1914,5
rifle,5
answers,5
forcing,5
johnson,5
burma,5
structure,5
construction,5
zulu,5
stanley,5
defending,5
drift,5
aided,5
der,5
standard,5
ascension,5
endless,5
council,5
steve,5
jobs,5
nationalist,5
republican,5
senator,5
patton,5
concerning,5
joining,5
tide,5
algerian,5
thief,5
convinces,5
publish,5
ages,5
skilled,5
succession,5
essex,5
triumphs,5
greed,5
burton,5
morning,5
fragile,5
hate,5
bush,5
icon,5
reinhard,5
crucifixion,5
secrets,5
abraham,5
whole,5
uncover,5
colony,5
amazon,5
upheaval,5
sit,5
ability,5
resulted,5
bomber,5
1945,5
bligh,5
mutiny,5
throwing,5
penniless,5
medicine,5
sacrifices,5
nelson,5
sign,5
scott,5
befriends,5
san,5
chile,5
planes,5
hester,5
convicted,5
appears,5
accident,5
climate,5
troubling,5
foot,5
javert,5
bobby,5
7th,5
insight,5
honest,5
develop,5
custer,5
greedy,5
collects,5
taxes,5
hated,5
disappeared,5
1863,5
hiding,5
accompanies,5
romances,5
williams,5
obstacle,5
tournament,5
fine,5
example,5
picks,5
taught,5
someone,5
differences,5
rulers,5
reformation,5
olympic,5
historian,5
wrote,5
individuals,5
finance,5
pioneer,5
retired,5
walter,5
earliest,5
gave,5
extremely,5
retreat,5
famine,5
mayor,5
fred,5
punishment,5
right-wing,5
new-found,5
province,5
2000,5
pursued,5
pulled,5
poison,5
distant,5
ben,5
staff,5
fallen,5
included,5
revolves,5
norway,5
'll,5
murdering,5
feudal,5
stephen,5
wannsee,5
simply,5
beautifully,5
peggy,5
hotel,5
manager,5
jakob,5
waiting,5
troop,5
movements,5
shares,5
information,5
rumors,5
karl,5
friedrich,5
riots,5
marcus,5
proper,5
obsessed,5
industry,5
bent,5
double,5
broken,5
promises,5
thirty,5
homosexuality,5
enormous,5
amsterdam,5
drunk,5
filled,5
immigrants,5
resulting,5
sites,5
asked,5
agree,5
university,5
scientific,5
arguments,5
controversy,5
arranged,5
francisco,5
physicist,5
resources,5
explore,5
asia,5
witchcraft,5
waning,5
idea,5
appoint,5
roger,5
sioux,5
proud,5
killer,5
viewpoint,5
louise,5
mankind,5
mark,5
relative,5
movies,5
diplomats,5
boxer,5
interests,5
separate,5
deathbed,5
tricks,5
records,5
virgins,5
knights,5
bravery,5
loyalty,5
aspects,5
guide,5
liu,5
sympathetic,5
socialist,5
unable,5
moon,5
bravely,5
servant,5
liner,5
budget,5
organization,5
biblical,5
range,5
possession,5
charts,5
barbarians,5
butler,5
treats,5
belongs,5
unusual,5
scotland,5
queens,5
rescuing,5
dignity,5
wartime,5
designed,5
arab,5
retaliation,5
ending,5
cave,5
shaped,5
romania,5
julien,5
recalls,5
dashing,5
send,5
aryan,5
traitors,5
boleyn,5
hometown,5
edmund,5
affection,5
meantime,5
eager,5
pirates,5
recounted,5
managed,5
experiments,5
overcome,5
reveal,5
rough,5
content,5
replaced,5
cabin,5
suffers,5
agrees,5
blends,5
fantasy,5
adult,5
clashes,5
mongol,5
1918,5
inexperienced,5
totally,5
read,5
swords,5
treason,5
conversion,5
pope,5
15th,5
vienna,5
missionary,5
model,5
hardship,5
leo,5
natasha,5
jerusalem,5
les,5
episodes,5
intricate,5
exposed,5
fictional,5
crosses,5
views,5
pancho,5
delivers,5
sweetheart,5
persecuted,5
brian,5
devil,5
twilight,5
enters,5
samuel,5
nobody,5
asking,5
descent,5
accept,5
co-wrote,5
artillery,5
lots,5
falsely,5
olga,5
lifelong,5
cause,5
tests,5
unrest,5
post-war,5
armstrong,5
refusing,5
experimental,5
filming,5
addition,5
enter,5
imprisonment,5
encounter,5
celebrate,5
2010,5
dramatically,5
humans,5
crash,5
somewhere,5
amongst,5
challenged,5
desires,5
claims,5
selling,5
serving,5
memoirs,5
affairs,5
downfall,5
ruined,5
boarding,5
passes,5
jacob,5
criminals,5
bitcoin,5
larger,5
injured,5
adams,5
icecrown,5
theatrical,5
traditions,5
rainbow,5
cadets,5
inhabitants,5
legacy,5
long-time,5
arctic,5
collaboration,5
guests,5
nae-kyung,5
adventurer,5
well-known,5
van,5
cell,5
anarchist,5
1870s,5
planning,5
gorgeous,5
rid,5
eventual,5
tension,5
otto,5
1917,5
attacking,5
schiele,5
manette,5
inn,5
schneider,5
captures,5
driven,5
manipulates,5
naive,5
lebanon,5
carry,5
randolph,5
henriette,5
beginnings,5
mecca,5
spectacular,5
islands,5
performances,5
shaw,5
1946,5
bishop,5
bavaria,5
depicted,5
fates,5
remake,5
received,5
experts,5
commerce,5
1984,5
closely,5
francesco,5
wallace,5
domain,5
commune,5
patrol,5
rarely,5
jacques,5
sydney,5
carton,5
lucie,5
trojan,5
odysseus,5
ondrej,5
jew,5
terrorism,5
salazar,5
captains,5
diary,5
serbian,5
scientists,5
yugoslav,5
goering,5
premier,5
conspirators,5
den,5
grande,5
forests,5
loving,5
everyday,5
niiro,5
weiley,5
jinnah,5
alan,4
miraculous,4
harbour,4
penetrating,4
objector,4
medal,4
winston,4
liberty,4
rally,4
drifting,4
furiously,4
redemption,4
cia,4
taliban,4
oregon,4
abdicates,4
unorthodox,4
lionel,4
boldly,4
depression-era,4
charm,4
fbi,4
assigns,4
rangers,4
helicopters,4
proving,4
peak,4
reinhardt,4
spanned,4
hypothesis,4
infant,4
alike,4
gays,4
accepted,4
results,4
follow-up,4
2003,4
urges,4
duncan,4
earp,4
collective,4
renegade,4
masterpieces,4
rightful,4
safeguard,4
harrer,4
journeys,4
walls,4
yip,4
sammo,4
archaeologists,4
torrid,4
imaginable,4
mixes,4
panzer,4
divisions,4
meant,4
kroc,4
oppose,4
himura,4
kamiya,4
fly,4
assist,4
soviets,4
elder,4
sean,4
unfolded,4
signing,4
col.,4
nicholson,4
natal,4
outpost,4
rorke,4
normally,4
expected,4
baader,4
meinhof,4
stefan,4
self,4
andreas,4
ill-fated,4
posing,4
hatred,4
revered,4
creative,4
minutes,4
cuban,4
toppled,4
rising,4
retreating,4
longs,4
iron,4
cynical,4
offered,4
respect,4
tracing,4
ali,4
prosecutor,4
postwar,4
widowed,4
acting,4
jonathan,4
subsequently,4
bavarian,4
theory,4
vere,4
oxford,4
julius,4
stood,4
untimely,4
triangle,4
shelter,4
hypocrisy,4
older,4
birthday,4
1952,4
barabbas,4
spared,4
explorer,4
settlers,4
neighbor,4
lincoln,4
railway,4
certain,4
constable,4
remained,4
cunning,4
agreed,4
doubts,4
answer,4
hears,4
ernst,4
clerk,4
hanssen,4
habits,4
suspected,4
catastrophe,4
sidney,4
raising,4
ira,4
sail,4
faithful,4
illness,4
insurgents,4
deciding,4
marshall,4
rommel,4
defenses,4
longest,4
intention,4
mighty,4
violet,4
miners,4
values,4
dedication,4
09-nov,4
crashed,4
outcast,4
priests,4
banned,4
siddhartha,4
capt,4
beaten,4
approach,4
bread,4
gripped,4
entered,4
circle,4
conversations,4
coco,4
chanel,4
hirohito,4
hanged,4
illegitimate,4
duties,4
nephew,4
hoffa,4
1975,4
newt,4
slavery,4
county,4
branded,4
deserter,4
florya,4
despair,4
seretse,4
apartheid,4
damien,4
says,4
1890s,4
montage,4
diaz,4
driving,4
beneath,4
formed,4
intolerance,4
edge,4
charismatic,4
adventurous,4
scale,4
whilst,4
hindu,4
sikh,4
miracles,4
centered,4
salem,4
athletes,4
preparing,4
olympics,4
handful,4
decisions,4
chicago,4
waters,4
ford,4
car,4
seoul,4
mediterranean,4
wait,4
seem,4
tormented,4
voyage,4
anger,4
ammunition,4
treatment,4
scare,4
initially,4
changing,4
martyrdom,4
ambitions,4
lecture,4
admiral,4
rules,4
costa,4
obsessive,4
myth,4
saving,4
visited,4
enlist,4
corps,4
peninsula,4
salvador,4
1980s,4
cameron,4
tara,4
ask,4
2008,4
nearby,4
hide,4
woods,4
kurosawa,4
exceptional,4
1985,4
disturbing,4
depiction,4
miss,4
recently,4
sculptor,4
headquarters,4
culminating,4
year-old,4
wrath,4
supremacy,4
aim,4
duo,4
veteran,4
testing,4
supposed,4
done,4
affected,4
birds,4
shocked,4
particular,4
geronimo,4
necessary,4
responsibility,4
douglas,4
executive,4
started,4
tyrant,4
trio,4
wins,4
palestine,4
brutality,4
commanding,4
bell,4
bound,4
board,4
opposite,4
exploration,4
issue,4
impose,4
henri,4
vote,4
persuade,4
brash,4
science,4
foundation,4
fans,4
pacifist,4
conversation,4
recordings,4
secretary,4
approaching,4
useless,4
passionately,4
unexpectedly,4
souls,4
1919,4
bitter,4
offer,4
players,4
promised,4
jury,4
weapon,4
proof,4
horrific,4
blackadder,4
ignorance,4
source,4
knew,4
pop,4
alongside,4
sarah,4
jay,4
previously,4
looming,4
poses,4
scoundrel,4
boyfriend,4
pasolini,4
preserve,4
teutonic,4
stages,4
maiden,4
qin,4
produce,4
positive,4
naked,4
highlights,4
shift,4
transformation,4
communism,4
werner,4
fong,4
bosnia,4
exploits,4
demands,4
anglique,4
novels,4
eagle,4
creates,4
sinking,4
sails,4
gospel,4
therefore,4
text,4
removed,4
suppress,4
brief,4
trapper,4
drafted,4
18th-century,4
judge,4
remaining,4
quiet,4
reconstructed,4
commoner,4
wit,4
hiroshi,4
immortal,4
champion,4
ming,4
said,4
transporting,4
gladiator,4
situations,4
false,4
unfaithful,4
professional,4
accidentally,4
covering,4
initial,4
yorkshire,4
heathcliff,4
enmity,4
tudor,4
personalities,4
yuan,4
charlotte,4
vatel,4
low,4
little-known,4
chapter,4
elba,4
kyle,4
bud,4
hired,4
gypsy,4
devastated,4
occupying,4
buy,4
kapoor,4
kalinga,4
undercover,4
buddhism,4
organized,4
sunk,4
potentially,4
volunteer,4
empty,4
twist,4
thrown,4
gradually,4
waterloo,4
1930,4
commanded,4
u-boat,4
toward,4
ruled,4
expose,4
disease,4
similar,4
flashback,4
finland,4
hills,4
son-in-law,4
simultaneously,4
pleasure,4
accomplished,4
square,4
fateful,4
corner,4
striving,4
diane,4
cable,4
singing,4
spectacle,4
commandos,4
ferry,4
harsh,4
senate,4
matter,4
swordsman,4
destined,4
cinematic,4
reward,4
falstaff,4
franco,4
13th,4
genghis,4
citizen,4
twelve,4
helping,4
adam,4
reporting,4
vengeance,4
troupe,4
cure,4
entrust,4
requires,4
miracle,4
dilemma,4
covered,4
record,4
terrain,4
intertwined,4
1812,4
bauer,4
carrying,4
brazilian,4
fifteen,4
hardships,4
stops,4
sequence,4
dominated,4
detailed,4
pao,4
gilbert,4
rebellious,4
contract,4
fang,4
volunteers,4
column,4
alexandre,4
energy,4
14th,4
pakistan,4
advance,4
tanks,4
infantry,4
administration,4
cannes,4
activity,4
swordsmen,4
serious,4
edmond,4
turkey,4
huge,4
entertainment,4
miner,4
flees,4
estonian,4
walking,4
carries,4
quite,4
factory,4
widower,4
lucy,4
ellis,4
hailed,4
educated,4
aerial,4
monte,4
attending,4
liang,4
phenomena,4
gods,4
groups,4
bad,4
2017,4
neil,4
emerges,4
congress,4
invincible,4
sacred,4
sultan,4
temptation,4
three-part,4
shooting,4
boris,4
hilarious,4
establishing,4
deliver,4
disasters,4
theatre,4
talents,4
ball,4
trained,4
welles,4
inspirational,4
sports,4
described,4
satomi,4
fuse,4
earn,4
communications,4
rage,4
monsieur,4
projects,4
homestead,4
sought,4
seas,4
teenager,4
robbery,4
hostile,4
roads,4
epidemic,4
tensions,4
flynn,4
invention,4
banks,4
kojiro,4
widespread,4
declares,4
swedish,4
tyranny,4
1899,4
locked,4
daro,4
selection,4
del,4
jos,4
1959,4
subject,4
ally,4
earned,4
outdoor,4
exhibition,4
exist,4
neighbors,4
health,4
oppressors,4
two-part,4
taiwanese,4
killings,4
condition,4
valley,4
nazism,4
foundations,4
else,4
olivier,4
victorious,4
boer,4
ward,4
plantation,4
parties,4
date,4
holt,4
16th-century,4
lafitte,4
goltzius,4
entry,4
reading,4
compared,4
anyone,4
satan,4
hideyoshi,4
visionary,4
wave,4
arriving,4
alcohol,4
1962,4
appear,4
1789,4
problem,4
guillotine,4
fuel,4
pink,4
flamingos,4
influences,4
nationalists,4
soong,4
reached,4
badly,4
cities,4
etc,4
gicho,4
obshti,4
regular,4
vitya,4
mythical,4
crimean,4
bonds,4
naughty,4
lily,4
cultures,4
bleak,4
burning,4
episode,4
strachey,4
supported,4
nights,4
siberian,4
axis,4
ibrahim,4
disastrous,4
italians,4
sure,4
continue,4
proclaimed,4
never-before-seen,4
1978,4
gaza,4
eternal,4
reports,4
lobheiner,4
asylum,4
avoid,4
perception,4
surprising,4
emergence,4
comic,4
horses,4
islam,4
muhammad,4
tour,4
voice-over,4
forms,4
petersburg,4
inmates,4
decisive,4
steals,4
treacherous,4
bulba,4
provoking,4
1955,4
response,4
ride,4
greece,4
jurgens,4
absolute,4
eruption,4
fortunes,4
dauphin,4
outlaws,4
minor,4
1989,4
high-ranking,4
metal,4
easy,4
especially,4
nineteenth,4
feel,4
lowly,4
introduced,4
poetic,4
conventions,4
sequel,4
demise,4
geoffrey,4
alexandra,4
ongoing,4
engaged,4
equipment,4
made-for-tv,4
extensive,4
bandit,4
fathers,4
intent,4
masaatsu,4
naito,4
sankin-kotai,4
holmes,4
thoughts,4
sailors,4
naresuan,4
1920,4
darnay,4
emma,4
understanding,4
detail,4
evolves,4
reaction,4
effect,4
basketball,4
narrator,4
skanderbeg,4
ataturk,4
philip,4
2014,4
voluntary,4
accompanying,4
research,4
rafael,4
sentiment,4
writings,4
conducted,4
burmese,4
abroad,4
colorful,4
flamboyant,4
truly,4
quilombo,4
flashbacks,4
passenger,4
futile,4
bose,4
ewan,4
colin,4
spitfire,4
teamed,4
wheke,4
villon,4
reported,4
var,4
beaumarchais,4
obansk,4
prkaz,4
kdy,4
vida,4
que,4
frederick,4
dnieper,4
mogilev,4
martian,4
yagyu,4
perfection,4
breaking,4
chernobyl,4
photos,4
risky,4
context,4
baba,4
godunov,4
judith,4
thebes,4
antigone,4
creon,4
o'neal,4
berlusconis,4
niv,4
digital,4
sanguiwon,4
dol-seok,4
kong-jin,4
zhou,4
alboino,4
rossellini,4
chaturvedi,4
sen,4
gina,4
adrian,4
cryptanalyst,3
nail-biting,3
code-breakers,3
cypher,3
bletchley,3
26th,3
german-held,3
desmond,3
doss,3
receive,3
congressional,3
defining,3
negotiated,3
unstoppable,3
unprepared,3
scuttle,3
lovell,3
paroled,3
dismantle,3
isis,3
boarded,3
9364,3
brussels,3
ak-47,3
ammo,3
succeeded,3
enthusiast,3
pals,3
overpowered,3
gunman,3
bathroom,3
decade-long,3
al-qaeda,3
osama,3
bin,3
laden,3
s.e.a.l,3
'bertie,3
plagued,3
dreaded,3
stutter,3
unfit,3
therapist,3
logue,3
audacity,3
endear,3
thorn,3
fledgling,3
elusive,3
melvin,3
purvis,3
delta,3
underlings,3
somali,3
hawk,3
preferring,3
gabriel,3
anthropoid,3
16-year-old,3
billionaire,3
arthurian,3
'sarmatian,3
contends,3
nucleus,3
sarmatian,3
roman-british,3
lucius,3
artorius,3
castus,3
macedonia,3
legions,3
venturing,3
farther,3
blacksmith,3
balian,3
thrust,3
uncovered,3
abuse,3
harvey,3
equal,3
straight,3
uprisings,3
libya,3
theme,3
uncertain,3
macbeth,3
marshal,3
doc,3
brigands,3
terrorizing,3
architects,3
curators,3
thieves,3
pictures,3
adapts,3
adviser,3
1939,3
arrogant,3
14-year-old,3
resnais,3
donnie,3
yen,3
sect,3
sample,3
pompeii,3
rita,3
eden,3
securing,3
bridges,3
failure,3
salesman,3
illinois,3
franchise,3
tuskegee,3
congressman,3
dealings,3
unforeseen,3
missions,3
shield,3
d'artagnan,3
abduct,3
informal,3
front-line,3
peacefully,3
precious,3
graphic,3
landing,3
departure,3
woody,3
harrelson,3
juxtaposed,3
selma,3
lyndon,3
captors,3
conspire,3
foil,3
relay,3
messages,3
spoken,3
baker,3
caine,3
150,3
defended,3
awarded,3
eleven,3
22nd,3
anti-fascist,3
betrothal,3
dudley,3
ambushed,3
await,3
speak,3
alexandria,3
christianity,3
ravaged,3
stransky,3
defiantly,3
horde,3
superiors,3
organisation,3
1860s,3
teaches,3
slow,3
seized,3
spent,3
invented,3
mines,3
perform,3
carl,3
earl,3
marc,3
message,3
claimed,3
sophisticated,3
mccarthy,3
sudden,3
chest,3
contempt,3
've,3
least,3
viewers,3
1924,3
adults,3
gains,3
department,3
crucified,3
enforcement,3
image,3
lone,3
irons,3
sells,3
riches,3
nixon,3
surprised,3
irene,3
eric,3
computer,3
marines,3
photographed,3
tahiti,3
fast,3
aboard,3
fletcher,3
housekeeper,3
bears,3
honorable,3
ritual,3
rob,3
persia,3
nominated,3
respectively,3
1996,3
convictions,3
bay,3
erwin,3
wall,3
notes,3
mandela,3
organizes,3
latin,3
symbol,3
idealism,3
perkins,3
publication,3
unforgiving,3
bellocq,3
innocence,3
jose,3
pennsylvania,3
seamstress,3
respected,3
unites,3
catholicism,3
buddha,3
examination,3
frenchman,3
suicidal,3
rizal,3
neck,3
singular,3
damaged,3
tennis,3
match,3
serial,3
walker,3
wire,3
towers,3
performing,3
feet,3
manhattan,3
fun,3
achievement,3
stalingrad,3
wiped,3
sport,3
amy,3
athlete,3
islamic,3
earning,3
sings,3
nightly,3
designing,3
gen.,3
u.s,3
loyalties,3
crabb,3
hypocritical,3
maids,3
danny,3
roosevelt,3
mississippi,3
swamps,3
forging,3
massacred,3
bruno,3
seventeen,3
chained,3
occupy,3
readers,3
governments,3
defied,3
triumphed,3
motion,3
icons,3
gentlemen,3
pseudonym,3
mistaken,3
dramatized,3
demonstration,3
editing,3
moors,3
ong,3
meditation,3
rages,3
sixth,3
proportions,3
fields,3
takeover,3
vietnamese,3
robin,3
anew,3
remembers,3
mountbatten,3
disgusted,3
hockey,3
coach,3
usa,3
watching,3
millions,3
sues,3
competing,3
chung,3
na-mi,3
maintains,3
pushes,3
balance,3
exciting,3
belief,3
explain,3
sixteenth,3
taxi,3
hes,3
recover,3
netherlands,3
grip,3
fourteen,3
dismay,3
constant,3
tora,3
grown,3
homer,3
louisiana,3
15th-century,3
claiming,3
accompanied,3
uncovers,3
elderly,3
1988,3
pinochet,3
shape,3
prior,3
dalliances,3
snow,3
relentless,3
sebastian,3
dog,3
youthful,3
zealand,3
montgomery,3
foster,3
tony,3
delivered,3
d.w.,3
battling,3
lynch,3
instantly,3
attracted,3
hasan,3
manus,3
plane,3
friendly,3
stumbles,3
akira,3
fact-based,3
fabricated,3
foundling,3
apparent,3
gifts,3
discovering,3
recreation,3
gathered,3
ss-general,3
reaching,3
controlled,3
fianc,3
magistrate,3
nigel,3
moore,3
starving,3
reforms,3
dowager,3
studied,3
warfare,3
pick,3
shop,3
broadcast,3
1964,3
drop,3
insanity,3
burns,3
denmark,3
heat,3
seriously,3
antwerp,3
institute,3
moreover,3
gas,3
chambers,3
secrecy,3
fiction,3
wanders,3
theaters,3
winther,3
shoots,3
danes,3
kitty,3
mere,3
restless,3
wilde,3
playwright,3
nazi-occupied,3
meteoric,3
celebration,3
eye-opening,3
smashing,3
marcellus,3
robe,3
nightmares,3
marked,3
archaeologist,3
loaded,3
blocked,3
yat-sen,3
visits,3
trench,3
stick,3
experiment,3
majority,3
alchemist,3
hms,3
german-occupied,3
novelist,3
focus,3
muse,3
medici,3
behind-the-scenes,3
middle-aged,3
aboriginal,3
posse,3
intriguing,3
evolution,3
einstein,3
strife,3
services,3
devise,3
election,3
darwin,3
involves,3
kid,3
bestselling,3
memoir,3
1960,3
alleged,3
nuns,3
wehrmacht,3
ideology,3
everett,3
yearns,3
pious,3
sox,3
fleet,3
flint,3
viking,3
horn,3
juan,3
drugs,3
operations,3
extravagant,3
pleasant,3
visions,3
corruption,3
behavior,3
address,3
competition,3
missile,3
contend,3
courts,3
catholics,3
protestants,3
mathilde,3
hbo,3
grey,3
heading,3
obstacles,3
surly,3
dozen,3
curious,3
roof,3
painters,3
dam,3
industrial,3
sophie,3
outnumbered,3
contest,3
mounts,3
preparation,3
concert,3
drug,3
bhagat,3
laxman,3
guan,3
lan,3
robbers,3
raids,3
marathon,3
runner,3
tatsuo,3
war-time,3
pregnancy,3
florida,3
indochina,3
brown,3
likely,3
monarchy,3
fashion,3
steady,3
iceberg,3
lay,3
brest,3
stroke,3
bold,3
mob,3
appeal,3
unfold,3
fictionalised,3
coming-of-age,3
hill,3
songwriter,3
secluded,3
unaware,3
glenn,3
oppressive,3
accidental,3
rift,3
meticulously,3
visually,3
arduous,3
mystical,3
buddhist,3
mortal,3
mckellen,3
lifetime,3
authentic,3
chow,3
signs,3
eighteenth-century,3
orphans,3
studies,3
power-hungry,3
bride,3
holiday,3
patriots,3
depression,3
ensure,3
shattered,3
raped,3
maybe,3
lilly,3
bombing,3
60s,3
evers,3
participants,3
ragged,3
hindley,3
stuart,3
best-selling,3
chateau,3
commission,3
bombs,3
adle,3
nova,3
savage,3
attempted,3
awaits,3
touched,3
memorial,3
striking,3
parallel,3
policeman,3
francois,3
catches,3
pays,3
magadha,3
mothers,3
kaurwaki,3
corpses,3
promptly,3
uss,3
jonas,3
carnival,3
brothels,3
patriot,3
war-torn,3
coastline,3
sharp,3
anarchists,3
confidant,3
kang,3
tirelessly,3
paper,3
pretends,3
worth,3
australia,3
writes,3
romeo,3
projected,3
continental,3
collecting,3
treachery,3
channel,3
stations,3
maharaja,3
tube,3
debates,3
commentary,3
explosive,3
entangled,3
murderer,3
practice,3
girlfriend,3
ann,3
inimitable,3
sabotage,3
pedersen,3
dispatched,3
spartacus,3
threatens,3
shadows,3
mill,3
calvary,3
supplies,3
whale,3
notre,3
dame,3
esmeralda,3
frollo,3
bismarck,3
cruiser,3
convoy,3
capable,3
admiralty,3
unspeakable,3
falko,3
printing,3
zone,3
speculative,3
culprit,3
retainer,3
horkov,3
czechoslovakia,3
1950,3
assisi,3
jangsaeng,3
gong-gil,3
sickened,3
paradis,3
gifted,3
player,3
innovative,3
recovers,3
1997,3
bruce,3
socialite,3
solidarity,3
americas,3
campaigns,3
aka,3
tenth,3
awards,3
injustice,3
committing,3
log,3
abe,3
stern,3
stepmother,3
unsuccessful,3
valkyrie,3
miserables,3
inspector,3
bernard,3
deception,3
randi,3
publicly,3
jin-woo,3
tortured,3
appreciate,3
corporation,3
wisdom,3
ascends,3
heights,3
guerilla,3
solar,3
activists,3
testament,3
nasa,3
composed,3
policemen,3
incident,3
cases,3
1915,3
kikar,3
areas,3
ameeran,3
suspect,3
appeared,3
rifles,3
inadequate,3
doesnt,3
frame,3
horrifying,3
elsewhere,3
manner,3
kalinin,3
communities,3
promoting,3
policies,3
riding,3
defined,3
homosexual,3
lus,3
vargas,3
yard,3
mafia,3
manipulation,3
upsetting,3
ariana,3
confidence,3
dance,3
dreamed,3
choltitz,3
infiltrate,3
napoleonic,3
guerrilla,3
salvatore,3
embark,3
proposal,3
diplomat,3
believed,3
b.c,3
oliver,3
web,3
1871,3
sky,3
eclipse,3
grace,3
steal,3
necklace,3
installment,3
whitley,3
mother-in-law,3
factual,3
explosion,3
displays,3
ukraine,3
territorial,3
twins,3
active,3
diana,3
demetrius,3
preoccupied,3
closest,3
supernatural,3
literally,3
guillotines,3
consolidate,3
ken,3
formation,3
threats,3
install,3
reconstruction,3
interrogation,3
stays,3
throws,3
numbers,3
philippines,3
heroics,3
shifts,3
hearing,3
segment,3
diverse,3
perfect,3
hamaji,3
creatures,3
joy,3
commissioned,3
izo,3
supporter,3
munich,3
allegiance,3
proenneke,3
seldom,3
beliefs,3
demand,3
continuously,3
artificial,3
chooses,3
primitive,3
trotsky,3
dramatisation,3
clinton,3
blessings,3
mikols,3
lazar,3
ailing,3
1917,3
2nd,3
strongly,3
baroness,3
emily,3
hates,3
expectations,3
fears,3
inevitable,3
suspicions,3
tragically,3
pre-war,3
austro-hungarian,3
delight,3
harris,3
ukrainian,3
rachel,3
giancarlo,3
tennessee,3
granddaughter,3
caroline,3
abandons,3
otsu,3
grief,3
builds,3
dedicate,3
reaches,3
sinuhe,3
canvas,3
yeongjo,3
threatening,3
succeeding,3
8th,3
loose,3
lad,3
mohenjo,3
natural,3
ruin,3
shanghais,3
1900s,3
ladder,3
underworld,3
woo,3
kartini,3
ideological,3
casanova,3
libertine,3
interested,3
prepared,3
1954,3
reinforcements,3
organize,3
athletic,3
edition,3
jeongjo,3
bang-ja,3
wise,3
seduction,3
elek,3
defies,3
distance,3
courtroom,3
katadreuffe,3
sentence,3
anime,3
1930,3
recy,3
generation,3
gruesome,3
incredibly,3
willem,3
proceeds,3
enchanted,3
occurs,3
vacuum,3
developed,3
czarina,3
erast,3
fiance,3
entertaining,3
bloodshed,3
summons,3
safe,3
navigation,3
restoring,3
rejection,3
courted,3
forge,3
limited,3
presenting,3
disciples,3
dress,3
watches,3
d-day,3
cathedral,3
performs,3
breathtaking,3
evident,3
boyars,3
inability,3
ciccio,3
debt,3
17-year-old,3
barely,3
launch,3
treasury,3
currency,3
one-man,3
shame,3
filthy,3
unforgettable,3
divine,3
levels,3
chiang,3
identical,3
haughty,3
dubbed,3
portal,3
21st,3
acquires,3
rash,3
inept,3
banking,3
unreliable,3
tenacity,3
roland,3
jumping,3
eunuch,3
ex-lover,3
obvious,3
nemesis,3
ensnared,3
dennis,3
blooded,3
dungeon,3
destinies,3
abandon,3
madly,3
skillfully,3
announces,3
punishable,3
lifestyle,3
puppets,3
johannes,3
consciousness,3
molly,3
russians,3
vice,3
embodiment,3
larger-than-life,3
sick,3
spin,3
eighteenth,3
pentagon,3
khaan,3
units,3
aravt,3
seductive,3
awry,3
herman,3
pursues,3
cefalonia,3
surrendered,3
legal,3
accession,3
mystery,3
willing,3
900,3
dave,3
1912,3
egon,3
elisabeth,3
tatar,3
endurance,3
innkeeper,3
balkan,3
edison,3
compete,3
expense,3
rocket,3
mare,3
unnamed,3
provocative,3
seppuku,3
kira,3
jealousy,3
lana,3
colbert,3
rugged,3
repeatedly,3
crusade,3
masses,3
rife,3
bourgeoisie,3
democrats,3
generations,3
tuan,3
harboring,3
radiation,3
ring,3
salt,3
bodies,3
equally,3
axe,3
lampoon,3
institution,3
masters,3
elephants,3
pbuh,3
say,3
dragon,3
conceived,3
existing,3
hitchcock,3
galapagos,3
spiritual,3
rothschild,3
lovely,3
kesa,3
obsession,3
decline,3
turin,3
hugh,3
o'flaherty,3
kappler,3
usual,3
rogers,3
evacuating,3
cornacchia,3
spada,3
fail,3
gun,3
ludwig,3
ballard,3
wagon,3
riders,3
gangs,3
detained,3
stewart,3
disintegration,3
prosperous,3
favors,3
adonijah,3
pagan,3
worship,3
whaler,3
racial,3
folks,3
renounces,3
bombardment,3
stirring,3
stash,3
michel,3
respond,3
gallery,3
espionage,3
birkin,3
anonymous,3
teaching,3
attila,3
translation,3
involving,3
draw,3
sort,3
nude,3
impoverished,3
dramatizes,3
teachings,3
osaka,3
lenin,3
swiftly,3
lui,3
causing,3
lust,3
crumbling,3
worthy,3
noblemen,3
1813,3
60th,3
sexy,3
antics,3
cabiria,3
carthage,3
fulvio,3
ephraim,3
voices,3
conquerors,3
ramon,3
effi,3
neither,3
violette,3
dissolute,3
hamilton,3
sarajevo,3
endangered,3
vivid,3
technicolor,3
myths,3
1981,3
watson,3
watt,3
radar,3
chases,3
pivotal,3
kevin,3
fort,3
cooper,3
patrick,3
eleanor,3
clue,3
exactly,3
angelo,3
courtesan,3
transport,3
sank,3
agency,3
impregnable,3
wales,3
transylvania,3
supporters,3
partisans,3
hui,3
recreates,3
atlantis,3
aleksandr,3
kepler,3
beatrice,3
routine,3
tutor,3
corporate,3
co-production,3
righteous,3
trimble,3
hannah,3
lena,3
launched,3
shackleton,3
endured,3
fresh,3
plenty,3
grueling,3
kolberg,3
erupt,3
noted,3
yunagaya,3
visiting,3
trust,3
disgraced,3
prize,3
watsons,3
sands,3
zingaretti,3
phone,3
surround,3
forgotten,3
spring,3
assistant,3
georges,3
fouquet,3
merchants,3
nobles,3
emil,3
childless,3
dusty,3
rivers,3
besieged,3
marches,3
libuse,3
raiders,3
ching,3
captivity,3
peers,3
kremlin,3
equality,3
mifune,3
lushan,3
ministers,3
fueled,3
speaks,3
understood,3
aristocrats,3
messiah,3
carpenter,3
magdalena,3
poker,3
entitled,3
entebbe,3
airport,3
coronation,3
pastor,3
fln,3
recounting,3
rogue,3
1911,3
dancing,3
cainazzo,3
survivor,3
terminal,3
constantinople,3
tajomaru,3
culloden,3
distinguished,3
widely,3
direction,3
kaiser,3
primarily,3
2006,3
lonely,3
kamila,3
everybody,3
armin,3
unconditional,3
serafina,3
jean-paul,3
parallels,3
musicians,3
kramer,3
willful,3
recognised,3
veil,3
visual,3
somsri,3
slums,3
slum,3
homes,3
regarded,3
sixten,3
inventor,3
immortality,3
terracotta,3
tiang,3
containing,3
priesthood,3
byron,3
sentences,3
promote,3
devaivre,3
aurenche,3
raping,3
theft,3
planet,3
recognized,3
rode,3
plucky,3
zumba,3
would-be,3
lustig,3
preceding,3
inescapable,3
fabled,3
hawaii,3
ghost,3
trunk,3
helena,3
element,3
bonaparte,3
gate,3
1938,3
screenplay,3
1901,3
12th,3
caliph,3
latvian,3
thread,3
daredevil,3
carefree,3
cant,3
1965,3
shared,3
primary,3
withdrawn,3
marcello,3
magazine,3
ramona,3
settler,3
reenactments,3
beseiged,3
reconnaissance,3
belizaire,3
danube,3
canal,3
lumumba,3
lamb,3
zero,3
det,3
fairytale,3
either,3
kinds,3
browning,3
guarding,3
references,3
territories,3
accusing,3
hanging,3
dissatisfied,3
separation,3
madame,3
desperation,3
regardless,3
reflected,3
interactions,3
onetime,3
1588,3
animation,3
drinks,3
mythology,3
dempsey,3
estonia,3
riyo,3
hirschfeld,3
1860,3
claybourne,3
severely,3
inge,3
lise,3
matt,3
goddess,3
blake,3
bob,3
ieyasu,3
abelard,3
hlose,3
erna,3
abigail,3
aware,3
scriptures,3
1830s,3
osamu,3
dazai,3
recalled,3
feminine,3
suvorov,3
opponent,3
de'medici,3
sobibor,3
sanjuro,3
mikuni,3
housing,3
romero,3
so-yool,3
yeon-hee,3
spartans,3
yasunobu,3
lustiger,3
czanne,3
kouga,3
livingstone,3
archdiocese,2
shaking,2
liberator,2
milk,2
opportunities,2
backing,2
norm,2
detroit,2
weir,2
stark,2
gulag,2
gunfighter,2
virgil,2
thriving,2
tombstone,2
badge,2
pal,2
holliday,2
rustlers,2
monuments,2
over-the-hill,2
out-of-shape,2
p.l,2
travers,2
walt,2
disney,2
poppins,2
familial,2
mountaineer,2
heinrich,2
himalayas,2
detainee,2
llaso,2
tibet,2
dalai,2
lama,2
outlook,2
semi-biographical,2
foshan,2
choreography,2
phase,2
worships,2
dna,2
pyramids,2
adamo,2
tempting,2
faltoyano,2
sandra,2
russo,2
bobbi,2
excavating,2
cloud,2
dust,2
sucked,2
sandstorm,2
ardent,2
bewitches,2
arnhem,2
titular,2
'bridge,2
mac,2
mcdonald,2
burger,2
impressed,2
speedy,2
maneuvered,2
billion-dollar,2
perversion,2
emporer,2
unholy,2
fiendishly,2
inventive,2
disposing,2
wandering,2
atonement,2
deeds,2
aides,2
emi,2
takei,2
opened,2
kasshin-ryu,2
kendo,2
located,2
instructor,2
dojo,2
airmen,2
charlie,2
covert,2
long-reaching,2
riskiest,2
aramis,2
athos,2
porthos,2
wreak,2
havoc,2
reunite,2
bloodiest,2
sections,2
unauthorized,2
pause,2
carnage,2
fleeting,2
thin,2
c-for-charlie,2
essential,2
discoveries,2
guadalcanal,2
unopposed,2
exhausting,2
frontline,2
penn,2
nick,2
nolte,2
clooney,2
explodes,2
hauntingly,2
mahendra,2
bahubali,2
mahishmati,2
segregation,2
statement,2
b-movies,2
pows,2
supervised,2
acquired,2
enders,2
gung-ho,2
windtalker,2
navajo,2
indecipherable,2
breakers,2
chard,2
snooty,2
gonville,2
bromhead,2
tribal,2
alamo-like,2
overwhelmed,2
4000,2
zulus,2
martini-henry,2
guts,2
valour,2
1344,2
23rd,2
komplex,2
deutschen,2
herbst,2
1977,2
approaches,2
aust,2
rote,2
armee,2
fraktion,2
ulrike,2
gudrun,2
ensslin,2
1937,2
dropout,2
entrepreneurs,2
detailing,2
strategy,2
afghani,2
gangsters,2
developer,2
tank,2
progresses,2
temper,2
insubordination,2
argentine,2
castro,2
gaining,2
brews,2
corporal,2
vastly,2
coward,2
nationale,2
1957,2
thailand,2
romanced,2
previous,2
laughing,2
arguing,2
dan,2
ebenezer,2
handed,2
sand,2
crawling,2
seduces,2
rex,2
harrison,2
antony,2
victories,2
chris,2
khmer,2
rouge,2
cambodia,2
kefalonia,2
pure,2
removing,2
unpleasant,2
stuff,2
1942,2
kindness,2
butte,2
bushs,2
eventful,2
advanced,2
intellect,2
irresponsibility,2
rublev,2
silence,2
ease,2
collapses,2
teams,2
oil,2
pilate,2
ordeals,2
demons,2
inman,2
ada,2
intact,2
assistance,2
ruby,2
kindly,2
feared,2
admired,2
closed,2
jeremy,2
converting,2
converted,2
aggressors,2
cares,2
ned,2
exaggerates,2
frost,2
televised,2
confessor,2
intending,2
easily,2
cameras,2
wits,2
judges,2
testimony,2
o'neill,2
senior,2
defect,2
occurring,2
pvt,2
rene,2
load,2
discipline,2
turner,2
seaside,2
unrequited,2
breakup,2
clans,2
hara-kiri,2
vowing,2
anderson,2
portrayals,2
neighbours,2
touring,2
beach,2
bolivian,2
hemingway,2
fitzgerald,2
sprawling,2
wolfe,2
ensues,2
gentle,2
preventing,2
bertolucci,2
ancestral,2
emilia,2
barons,2
seminal,2
assembled,2
rochester,2
momentous,2
restore,2
hattie,2
susan,2
bones,2
yale,2
hijacked,2
puritanical,2
mid,2
prynne,2
wear,2
scarlet,2
puritans,2
laws,2
seventeenth,2
reeves,2
fonda,2
leftist,2
traffic,2
suggests,2
feminist,2
evade,2
campbell,2
deprived,2
surprisingly,2
disillusioned,2
paranoia,2
volunteered,2
zoo,2
1973,2
tightrope,2
petit,2
illegally,2
tallest,2
buildings,2
spellbinding,2
elephant,2
vividly,2
astonishing,2
sporting,2
d'or,2
ronaldo,2
makers,2
mohammed,2
quiz,2
1994,2
orphanage,2
gabrielle,2
provincial,2
nickname,2
liaison,2
balsan,2
entree,2
fellers,2
influencing,2
aya,2
targets,2
sallust,2
funs,2
disingenuous,2
oppresse.accus,2
retire,2
seducing,2
ciaro,2
devito,2
rta,2
conclusion,2
negates,2
runaway,2
fracturing,2
doorstep,2
byelorussia,2
glasha,2
debris,2
nightmarish,2
kaspar,2
hauser,2
cellar,2
toy,2
devoid,2
wears,2
overcoat,2
hat,2
feeds,2
embarrassed,2
nose,2
poet/soldier,2
proxy,2
gritty,2
adaption,2
khama,2
bechuanaland,2
botswana,2
flung,2
malmedy,2
o'donovan,2
depart,2
goodbyes,2
tans,2
teddy,2
tear,2
bjrn,2
borg,2
mcenroe,2
wimbledon,2
sly,2
identities,2
resultant,2
masterful,2
rodrigo,2
cid,2
compromising,2
initiative,2
bak,2
tien,2
kana,2
arch,2
challenging,2
intervening,2
fires,2
misfortunes,2
boeldieu,2
transferred,2
dylan,2
toni,2
forties,2
wood,2
raft,2
handing,2
servants,2
dialogue,2
brooks,2
carried,2
occasion,2
viewing,2
yes,2
deborah,2
witch,2
1692,2
crucible,2
assassinated,2
injo,2
chosun,2
wed,2
jushinta,2
finest,2
dramatised,2
round,2
hangs,2
chuck,2
jodhaa,2
akbar,2
man-seob,2
gwangju,2
wonderful,2
freezing,2
indicate,2
plunged,2
alamo,2
arrived,2
loveless,2
sailor,2
rebuild,2
familiar,2
retribution,2
safely,2
swamp,2
cajuns,2
canonized,2
subjected,2
inhumane,2
perpetual,2
supports,2
vulnerable,2
warlords,2
trainees,2
warrant,2
geography,2
sleep,2
devastation,2
columbus,2
companies,2
kotaro,2
chase,2
erupts,2
horrible,2
confronts,2
landowners,2
elsie,2
carolina,2
protg,2
maya,2
maintained,2
bored,2
seasons,2
divorce,2
illegal,2
moved,2
biographic,2
contribution,2
washizu,2
predicts,2
prophecy,2
presses,2
speed,2
glass,2
1995,2
possesses,2
suburb,2
ranking,2
opening,2
countrys,2
buenos,2
aires,2
impressive,2
ronny,2
mrs.,2
aziz,2
split,2
touch,2
250,2
swiss,2
alberto,2
summoned,2
curfew,2
jfk,2
engels,2
dandy,2
puzzle,2
vinicius,2
lygia,2
races,2
inherit,2
superpowers,2
accomplish,2
fulfill,2
bird,2
mental,2
links,2
kurt,2
imagery,2
flame,2
jrgen,2
drives,2
target,2
doubt,2
apache,2
adapt,2
humiliates,2
attic,2
length,2
chronicling,2
niche,2
sacrificed,2
hopeless,2
witches,2
believing,2
all-star,2
battlefields,2
conduct,2
deceptive,2
kate,2
ryan,2
traveler,2
twentieth,2
cyprus,2
negotiate,2
declaring,2
1905,2
revolutionist,2
milgram,2
designs,2
psychology,2
delivering,2
electric,2
shocks,2
pleads,2
mercy,2
subjects,2
shock,2
theyve,2
rooms,2
strikes,2
circles,2
monster,2
deserters,2
buried,2
meal,2
energies,2
composer,2
1857,2
bartholomew,2
margot,2
navarre,2
ordering,2
assaults,2
incest,2
1929,2
outback,2
preacher,2
impostors,2
inspiration,2
guided,2
beleaguered,2
unscrupulous,2
chilean,2
call,2
saavedra,2
biplane,2
saddled,2
industrialist,2
cabinet,2
fog,2
nostalgic,2
rwandan,2
repressed,2
truckloads,2
enthusiasm,2
maudie,2
crippled,2
canterbury,2
buddy,2
becket,2
140,2
buck,2
weaver,2
baseball,2
suspended,2
michigan,2
ceo,2
bull,2
argentinian,2
jungles,2
bureau,2
investigations,2
enlisted,2
commando,2
sexuality,2
descendants,2
premiered,2
annual,2
resolve,2
rests,2
guides,2
cosmonaut,2
guise,2
montpensier,2
julian,2
basquiat,2
ballet,2
nicholas,2
candidate,2
mccain,2
alaskan,2
mate,2
kicks,2
10th,2
2012,2
jackie,2
avenue,2
rao,2
mohawk,2
packer,2
representatives,2
disparate,2
relief,2
arn,2
cecilia,2
sicilian,2
fools,2
pact,2
busters,2
scholl,2
incarceration,2
re-creates,2
undertaking,2
novgorod,2
frozen,2
1937,2
nanjing,2
tens,2
portraits,2
negative,2
mud,2
surreal,2
enigmatic,2
lens,2
jerry,2
revolutionaries,2
contemporaries,2
funds,2
albeit,2
weakness,2
unify,2
bei,2
deemed,2
legion,2
confronted,2
jun-shik,2
devises,2
scheme,2
compromise,2
michle,2
mercier,2
jeoffray,2
hossein,2
mayan,2
balam,2
reconcile,2
scattered,2
halls,2
disappearing,2
warnings,2
clip,2
vessel,2
hits,2
lifeboats,2
stronghold,2
parliament,2
insane,2
typical,2
morality,2
mistreatment,2
pornography,2
developments,2
unwilling,2
villainous,2
colonies,2
undergoes,2
grandeur,2
nomination,2
colleague,2
testifies,2
bridgehead,2
andr,2
jin,2
tribute,2
obscurity,2
zapata,2
oblivious,2
confident,2
bethlehem,2
lush,2
morocco,2
diplomatic,2
possess,2
demanding,2
abundance,2
photography,2
intensity,2
variety,2
brilliance,2
flair,2
settings,2
locations,2
fat,2
symbolize,2
urge,2
opposing,2
giacomo,2
debilitating,2
overcame,2
partition,2
sao,2
niehu,2
rank,2
2013,2
squire,2
digs,2
icemen,2
authors,2
bed,2
1809,2
neuville,2
behalf,2
reappears,2
audie,2
murphy,2
pkk,2
militant,2
viet,2
resolves,2
felice,2
intelligent,2
occasional,2
ghosts,2
beckwith,2
medgar,2
earnshaw,2
cathy,2
adversary,2
scaffold,2
counterpoint,2
delegation,2
gray,2
brewing,2
longing,2
newest,2
principles,2
affections,2
trails,2
exposes,2
conquering,2
allegedly,2
roadside,2
kilo,2
iraqi,2
napolean,2
anglo,2
jordan,2
joined,2
appeals,2
assignment,2
vogel,2
belonging,2
grandson,2
magical,2
profoundly,2
guarded,2
deserted,2
store,2
realises,2
montauban,2
surgeon,2
1610,2
destructive,2
clever,2
shoes,2
susima,2
ajit,2
protected,2
concludes,2
mademoiselle,2
enthusiastically,2
expect,2
proceed,2
submarine,2
connecticut,2
cargo,2
katharine,2
millennium,2
select,2
darling,2
bets,2
collaborators,2
curt,2
prolonged,2
marguerite,2
voracious,2
emilie,2
domestic,2
freak,2
humiliating,2
anatomy,2
aged,2
eagerly,2
sanity,2
villages,2
narrates,2
liberals,2
homage,2
gregory,2
peck,2
flanders,2
narrow,2
anni,2
plague,2
funny,2
risks,2
1814,2
tetsuzo,2
clients,2
astounding,2
rice,2
machinations,2
731,2
biological,2
hostages,2
devastating,2
barriers,2
cat-and-mouse,2
engineering,2
circuit,2
verona,2
ventures,2
napoleons,2
valeria,2
slate,2
vignettes,2
ranjit,2
punjab,2
thwarted,2
debut,2
laborer,2
parisian,2
nicknamed,2
jr.,2
discourse,2
argument,2
delves,2
begging,2
exotic,2
rembrandt,2
numbered,2
kentucky,2
defends,2
todd,2
charming,2
shoemaker,2
straud,2
glider,2
opposes,2
minimize,2
closes,2
sinks,2
obese,2
ethiopian,2
quo,2
sympathy,2
crush,2
hwang,2
comrade,2
facilities,2
observe,2
bunker,2
tunnel,2
weird,2
whoever,2
bandits,2
circa,2
vie,2
twisted,2
shy,2
conquers,2
middle-east,2
relive,2
breakout,2
battleship,2
damage,2
destroying,2
combatants,2
argonne,2
closing,2
308th,2
losses,2
callously,2
expendable,2
voeten,2
printer,2
literature,2
inquisition,2
pan,2
orphaned,2
bestseller,2
saboteur,2
yeonsan,2
populace,2
pleasures,2
controls,2
guilt,2
refusal,2
clare,2
entertainer,2
prostitutes,2
customers,2
darkness,2
beresford,2
frances,2
collins,2
cate,2
blanchett,2
roberts,2
orchestra,2
extolling,2
creativity,2
bolvar,2
1st,2
participated,2
individual,2
1700s,2
apprentice,2
eponymous,2
unhappy,2
classes,2
fritz,2
dating,2
adolph,2
eichmann,2
excited,2
lurk,2
airplane,2
fernando,2
sixties,2
cesare,2
developing,2
thoughtful,2
guardian,2
stauffenberg,2
fuhrer,2
exploding,2
2002,2
01-feb,2
schooldays,2
corsica,2
triumphant,2
gance,2
monumental,2
adaptations,2
penal,2
omnipresence,2
usually,2
idealist,2
wolves,2
1958,2
publishing,2
world-famous,2
world-renowned,2
psychics,2
fake,2
arm,2
hall,2
protests,2
woo-seok,2
regarding,2
liberties,2
stryker,2
tough,2
proposition,2
bailey,2
sekigahara,2
autumn,2
confucius,2
outstanding,2
annihilation,2
lau,2
assisting,2
day-to-day,2
chang-soo,2
raphael,2
reinert,2
scored,2
simon,2
nearer,2
1915,2
renoir,2
wholly,2
spell,2
establishes,2
organised,2
hebrews,2
armenian,2
boundaries,2
guerre,2
1941,2
twenty-eight,2
anti-tank,2
unwavering,2
motherland,2
chairman,2
divide,2
effective,2
anti-semitism,2
camille,2
auguste,2
rodin,2
invades,2
1990,2
mussolini,2
unjust,2
catastrophic,2
tribesmen,2
chelmsford,2
mistake,2
farinelli,2
advancing,2
tver,2
acorn,2
barack,2
zenith,2
sparked,2
attached,2
rolling,2
dantes,2
d'if,2
faria,2
fantastic,2
wronged,2
mumbai,2
dowry,2
shaping,2
aids,2
acceptance,2
symphony,2
metropolitan,2
lottery,2
dentist,2
zara,2
ichi,2
shes,2
fortunately,2
rwanda,2
gymnastics,2
ucla,2
championship,2
wonderfully,2
let,2
wish,2
device,2
cannon,2
emigrate,2
examinations,2
custom,2
kazuo,2
sofia,2
ralph,2
tradition,2
claire,2
cromwell,2
roy,2
rutledge,2
xiang,2
yangzhong,2
flower,2
railroad,2
bigotry,2
earthquake,2
annihilated,2
supporting,2
90th,2
possibly,2
krays,2
ronald,2
maris,2
mantle,2
universally,2
tempts,2
wavers,2
cernan,2
competitive,2
environment,2
houston,2
quietly,2
thirteen,2
declaration,2
cliffs,2
attained,2
harem,2
consist,2
favored,2
oppression,2
yield,2
deformed,2
conquests,2
grozny,2
completed,2
dissatisfaction,2
anti-aircraft,2
singapore,2
nomadic,2
entirely,2
sudan,2
egyptians,2
burke,2
dissuade,2
craden,2
confusing,2
bucharest,2
exhilarating,2
engineer,2
depths,2
confession,2
hounded,2
presumed,2
25th,2
costumed,2
emotion,2
centering,2
kano,2
bandana,2
learned,2
revelation,2
folklore,2
bakin,2
hakkenden,2
dogs,2
chased,2
intrepid,2
ogareff,2
tartar,2
betrays,2
tosa,2
dozens,2
manchester,2
league,2
first-hand,2
josef,2
anatolian,2
seljuks,2
nationwide,2
fade,2
ericson,2
miserable,2
traumatic,2
ashore,2
yamamoto,2
searched,2
ominous,2
1793,2
wipe,2
executions,2
spokesman,2
solitude,2
conscript,2
authenticity,2
failing,2
carving,2
specific,2
two-year,2
1940,2
busy,2
jacson,2
freda,2
paintings,2
barren,2
whatever,2
blair,2
relationships,2
cursed,2
ugly,2
afterwards,2
ormond,2
virgin,2
kozlik,2
abducts,2
dispatches,2
relentlessly,2
paganism,2
consequence,2
provisional,2
1840s,2
banner,2
christina,2
imposed,2
recording,2
value,2
seductions,2
precise,2
disputes,2
anxious,2
guildford,2
richest,2
marrying,2
basini,2
punish,2
humiliate,2
passive,2
observes,2
tormentors,2
1931,2
investigative,2
powerfully,2
institutions,2
profound,2
wide-eyed,2
darker,2
shepherd,2
laban,2
lacking,2
infiltrated,2
chung-hee,2
frustrated,2
internet,2
arrests,2
administrator,2
rejects,2
akemi,2
comical,2
viola,2
sainte,2
colombe,2
wich,2
request,2
heal,2
defiant,2
increases,2
ranks,2
outskirts,2
retrieve,2
mean,2
putting,2
locks,2
confined,2
sarman,2
chaani,2
ousted,2
qiu,2
violently,2
notoriety,2
francisca,2
snchez,2
1956,2
jazz,2
musician,2
1839,2
cuba,2
cinque,2
heated,2
theodore,2
opium,2
trading,2
merchandise,2
lucrative,2
houdini,2
feats,2
handcuffs,2
upside,2
box,2
roped,2
indonesian,2
begun,2
interesting,2
poorly,2
quinn,2
slaughtered,2
quintero,2
mouna,2
yoke,2
1895,2
reduced,2
infighting,2
molds,2
four-hour,2
sharing,2
chun-hyang,2
bang-jas,2
1935,2
isolation,2
1983,2
popularity,2
criticism,2
list,2
horthy,2
cede,2
hungarians,2
smoothly,2
defence,2
joba,2
unseen,2
costs,2
storyline,2
woodblock,2
hokusai,2
crow,2
identified,2
parks,2
triggered,2
savannah,2
allen,2
moultrie,2
zembla,2
pole,2
mentor,2
harold,2
sympathisers,2
petrovich,2
fandorin,2
guevara,2
frequent,2
maneuver,2
strategically,2
indeed,2
margrave,2
illustrated,2
illustrating,2
dealing,2
toronto,2
tigers,2
geisha,2
acknowledged,2
moonjong,2
identify,2
inspires,2
reavis,2
arizona,2
manned,2
capsule,2
communication,2
notable,2
josephs,2
dances,2
adds,2
comments,2
presumably,2
unparalleled,2
fulfilling,2
elliot,2
russell,2
dreyfus,2
theo,2
odessa,2
thessaloniki,2
alexis,2
undertaken,2
film-maker,2
edwards,2
draft,2
desmoulins,2
dumps,2
fearful,2
incites,2
riot,2
spreading,2
mercenaries,2
corto,2
raspoutine,2
contacted,2
fabulous,2
steel,2
protects,2
itami,2
regard,2
noblewoman,2
sophia,2
unstable,2
fondest,2
mpaa,2
rating,2
endearing,2
touches,2
collaborations,2
rawnsley,2
belle,2
poque,2
nineteen-year-old,2
hysteria,2
patient,2
augustine,2
charcot,2
hypnosis,2
transitions,2
siani,2
neapolitan,2
attractive,2
vashti,2
bans,2
jewess,2
esther,2
mordecai,2
delving,2
horror-documentary,2
ai-ling,2
oldest,2
ching-ling,2
mei-ling,2
kai-shek,2
scrambled,2
dim,2
corsican,2
milen,2
ruskov,2
2011,2
bojinov,2
neli,2
dimitrova,2
dimitar,2
vasil,2
levski,2
apostle,2
activates,2
schoolboy,2
vit'ko,2
recognize,2
bogatyrs,2
oleshko,2
ilya,2
dobrynya,2
cumans,2
rusichi,2
sevastopol,2
balaclava,2
1854,2
climaxed,2
near-disastrous,2
battery,2
near-destruction,2
error,2
judgement,2
dictate,2
limit,2
red-light,2
yoshiwara,2
tamakiku,2
betty,2
nymphomaniac,2
rains,2
parade,2
sack,2
shags,2
grotesque,2
well-endowed,2
frequenter,2
randy,2
midget,2
butterflies,2
mirabal,2
fading,2
redl,2
brandauer,2
zweig,2
touching,2
mcgurn,2
quad,2
dawanura,2
tamlyn,2
tomita,2
outset,2
kawamuras,2
relocated,2
internment,2
powerless,2
abandoning,2
approval,2
olden,2
tymes,2
regula,2
quartered,2
chamber,2
thirty-five,2
thirteenth,2
attain,2
peuple,2
roi,2
rumours,2
marquise,2
distressed,2
heard,2
dora,2
carrington,2
partridge,2
welcome,2
responsibilities,2
talking,2
explains,2
irreverent,2
notably,2
virtually,2
fatal,2
similarly,2
lisbon,2
obscure,2
locate,2
oesterreich,2
insurance,2
smitten,2
proposes,2
screening,2
reels,2
balkans,2
ethnic,2
hannibal,2
insists,2
consent,2
additional,2
locals,2
drowned,2
rica,2
constitution,2
1825,2
meticulous,2
significant,2
check,2
capturing,2
headed,2
beersheba,2
mounted,2
skirmish,2
jail,2
vally,2
1500,2
feat,2
blindness,2
finished,2
limits,2
contemplates,2
evening,2
paid,2
ketola,2
struck,2
electricity,2
titans,2
lynda,2
mini-mini,2
dares,2
seize,2
collapsing,2
christine,2
eggersdorf,2
infidelity,2
provokes,2
sara,2
engaging,2
gender,2
bouvier,2
teenagers,2
lasting,2
viennese,2
daimyo,2
retells,2
herbert,2
testimonies,2
sokurov,2
reflection,2
relation,2
serviceman,2
dolf,2
corrupted,2
emotions,2
divided,2
kane,2
1926,2
karol,2
wojtila,2
backs,2
unless,2
surrendering,2
billion,2
connections,2
growth,2
chevalier,2
vaudrey,2
dummy,2
subversive,2
electrifying,2
heavyweight,2
magazines,2
sensibility,2
convict,2
forget,2
six-hour,2
cossacs,2
grigori,2
melekhov,2
provided,2
iran,2
investors,2
episodic,2
collaborator,2
alluring,2
kruger,2
quebec,2
algonquin,2
imposing,2
saves,2
wellesley,2
riflemen,2
moritoh,2
shake,2
gradual,2
glorious,2
soothe,2
levi,2
disguises,2
borodino,2
kutuzov,2
tarusov,2
joint,2
9-year-old,2
taras,2
colt,2
rabb,2
lords,2
evacuated,2
consummate,2
perhaps,2
madison,2
thinks,2
burr,2
bus,2
boycott,2
crowning,2
pulls,2
vigilante,2
winkel,2
alcoholic,2
shipyard,2
strikers,2
tomczyk,2
simmons,2
bess,2
tapestry,2
laughton,2
academy,2
drummer,2
faked,2
withdraw,2
benevolent,2
monarchs,2
sheba,2
whaleship,2
muscle,2
shoals,2
sprang,2
periods,2
incomparable,2
judgment,2
immensely,2
remembered,2
200,2
borek,2
garner,2
copy,2
khufu,2
enslaved,2
sweeps,2
gates,2
carriage,2
fascism,2
viewer,2
pete,2
vesuvius,2
glaucus,2
looting,2
attitudes,2
1932,2
piedmont,2
apostles,2
melodrama,2
cope,2
description,2
transition,2
relatives,2
vladimir,2
socialists,2
detention,2
vital,2
non-combatants,2
mixed,2
aircraft,2
trap,2
kei,2
tic,2
tac,2
suen,2
mui,2
tong,2
talk,2
companionship,2
quick,2
fairy,2
seventies,2
ivanhoe,2
ladies,2
distress,2
thrash,2
80s,2
90s,2
bands,2
frontiersman,2
holden,2
banklady,2
gisela,2
germanys,2
heist,2
decades-long,2
costumes,2
moloch,2
axilla,2
maciste,2
punic,2
sensational,2
relates,2
rescues,2
strengthen,2
farming,2
snares,2
hear,2
heaven,2
kosala,2
showdown,2
womanizer,2
lower,2
ideal,2
apartment,2
starred,2
lancaster,2
laurence,2
pre-civil,2
racists,2
scandals,2
paulo,2
classics,2
calling,2
stranger-than-fiction,2
wonder,2
finch,2
segments,2
sources,2
award-winning,2
restored,2
print,2
feature-length,2
wikipedia,2
pirate,2
empires,2
pilger,2
deputies,2
satire,2
bit,2
pathfinder,2
chingachgook,2
graham,2
mabel,2
needless,2
preferred,2
phillip,2
educational,2
enlightened,2
inevitably,2
stole,2
choices,2
mike,2
alps,2
webb,2
sorrow,2
eldest,2
forcibly,2
evict,2
jesse,2
solve,2
lingering,2
torpedoes,2
myles,2
macworth,2
cabaret,2
xiii,2
beau,2
brummell,2
inventing,2
emigrant,2
annie,2
leibovitz,2
tenure,2
barbara,2
insights,2
osvaldo,2
sal,2
pioneering,2
rogge,2
camouflaged,2
nato,2
betray,2
feast,2
astronomer,2
platform,2
superstition,2
enjoying,2
courtship,2
maid,2
budapest,2
rain,2
half-century,2
benito,2
oleg,2
sodom,2
dong,2
weather,2
pomfret,2
sell,2
leslie,2
imposes,2
gather,2
forth,2
affect,2
kakatiya,2
officially,2
ceremony,2
6th,2
airborne,2
demonstrates,2
architecture,2
ceded,2
bridger,2
unusually,2
historically,2
strategic,2
deok-hye,2
mihai,2
lark,2
hopelessly,2
savoy,2
functions,2
metaphor,2
pakistani,2
posted,2
consists,2
terrorists,2
bebber,2
manson,2
reconstructs,2
cenci,2
crazed,2
landowner,2
miniseries,2
diaries,2
gary,2
sinise,2
frankenheimer,2
praised,2
critics,2
cornelia,2
daughter-in-law,2
shipbuilding,2
kinmen,2
831,2
peculiar,2
prostitution,2
witnessed,2
camilla,2
inspire,2
gained,2
abundant,2
contradiction,2
eighth,2
changde,2
kochadaiiyaan,2
paolo,2
arnaud,2
linked,2
1893,2
syria,2
choi,2
myung-kil,2
sang-hun,2
negotiations,2
interpret,2
feelings,2
mainly,2
ministry,2
concentrates,2
prisoner-of-war,2
commissar,2
aspiring,2
rapist,2
szilard,2
lennon,2
byrons,2
grandma,2
birmingham,2
bigger,2
anthony,2
jeffrey,2
dramatizations,2
luca,2
gartner,2
manin,2
ceauescu,2
demille,2
directly,2
translator,2
speaking,2
alice,2
antisemitism,2
resign,2
ronan,2
marching,2
olympe,2
bastille,2
alas,2
saxon,2
hunger,2
mazarin,2
warns,2
systematically,2
exercizing,2
bergmann,2
vichy,2
bolsheviks,2
extended,2
jailed,2
erich,2
kstner,2
terms,2
corbeau,2
bago,2
hitters,2
raja,2
manga,2
ayutthaya,2
slavic,2
hungry,2
mock,2
difficulty,2
speeches,2
sixty,2
woes,2
expert,2
tearjerker,2
animated,2
40-year,2
reeboir,2
patagonia,2
boom,2
fearing,2
sanchin,2
firsthand,2
irony,2
advancement,2
proclamation,2
curb,2
barrister,2
1973,2
dynamic,2
shinsengumi,2
rallies,2
augustus,2
groom,2
yangs,2
passions,2
hale,2
increased,2
austrians,2
ricky,2
table,2
discussing,2
freeing,2
providing,2
accepting,2
framing,2
housemaid,2
hauled,2
abyss,2
pschl,2
conducts,2
tasmas,2
withdrawal,2
drew,2
desperately,2
ruins,2
twenty-two,2
delaware,2
sejong,2
expansion,2
intends,2
vernon,2
maggie,2
foremost,2
takeshi,2
pages,2
wisconsin,2
lesy,2
weekly,2
maquet,2
bow,2
kahn,2
network,2
frankie,2
inherits,2
cinematography,2
istvn,2
neighboring,2
poetess,2
discoverer,2
albanian,2
1953,2
yutkevich,2
thick,2
leininger,2
unthinkable,2
unfolding,2
diederich,2
fraternity,2
hatches,2
aeneas,2
engagement,2
amantha,2
privileged,2
gambling,2
idol,2
transpired,2
kincaid,2
lusty,2
narrative,2
warczewski,2
rozek,2
contrast,2
bats,2
bowl,2
cruelly,2
scholar,2
sovereign,2
marusia,2
allow,2
eyewitness,2
1907,2
anami,2
freedom-fighter,2
isabella,2
owned,2
charms,2
mitch,2
mitchell,2
personality,2
billy,2
yuki,2
jun,2
sworn,2
blue,2
virtual,2
brilliantly,2
liverpool,2
davies,2
narration,2
bangkok,2
juana,2
archduke,2
bourbon,2
giuseppe,2
x-15,2
philippine-american,2
filipino,2
borgia,2
delicate,2
orsini,2
hussein,2
plucked,2
tesla,2
alchemists,2
formula,2
twon,2
tolerated,2
barber,2
roughly,2
wolzow,2
library,2
9th,2
blocks,2
informed,2
collaborationist,2
jewels,2
unfurls,2
gentileschi,2
curiosity,2
deaf,2
telephone,2
animal,2
monkey,2
betrayed,2
ambush,2
rasputin,2
romanticized,2
confess,2
rajan,2
vigorous,2
chillingworth,2
dimmesdale,2
munch,2
buffalo,2
awaiting,2
victorian,2
diego,2
luna,2
seventeen-year,2
overland,2
seventh,2
regions,2
maneuvers,2
elaborate,2
modern-day,2
fiercely,2
integrity,2
sits,2
prices,2
directs,2
advisors,2
rudolf,2
exists,2
versions,2
screened,2
vacation,2
concluding,2
corzo,2
mosquera,2
affects,2
departs,2
istanbul,2
cairo,2
cool,2
corpse,2
krger,2
tulse,2
luper,2
suitcases,2
patrice,2
bombed,2
lavish,2
michele,2
briefly,2
mizoguchi,2
asano,2
oishi,2
patriotism,2
averroes,2
ayyappan,2
contos,2
reis,2
weight,2
caf,2
pierrot,2
mathias,2
xix,2
newsreels,2
mohei,2
seat,2
netaji,2
chandra,2
2005,2
baikal,2
age-old,2
stratification,2
underway,2
ulybin,2
dashutka,2
alyoshka,2
fist-fighting,2
sidelines,2
rookie,2
watts,2
section,2
domremy,2
cliches,2
avoided,2
evils,2
prohibition,2
chilcote,2
tarleton,2
airwaves,2
medium,2
rivalry,2
interacted,2
clergymans,2
audion,2
edwin,2
pioneered,2
sarnoff,2
fornaretto,2
venezia,2
scapegoat,2
duccio,2
tessari,2
fondato,2
dall'ongaro,2
filtration,2
fell,2
anil,2
feroz,2
abbas,2
shed,2
gandhis,2
strained,2
harilal,2
putin,2
gravest,2
maureen,2
o'hara,2
drunken,2
dana,2
andrews,2
look-alike,2
alley,2
centenary,2
mcgregor,2
biplanes,2
dogfighting,2
lysander,2
vulcan,2
chinook,2
helicopter,2
supersonic,2
typhoon,2
ingenuity,2
nuremberg,2
perpetrators,2
powder,2
wearying,2
maori,2
colonials,2
guaranteed,2
utu,2
williamson,2
wiremu,2
clinging,2
malta,2
1463,2
burgundy,2
arch-rival,2
tight,2
starve,2
thereby,2
catch,2
rossi,2
affluent,2
jonestown,2
synonymous,2
topic,2
vuk,2
nebuchadnezzar,2
yamato,2
morale,2
resource,2
purchase,2
vilified,2
woven,2
l'histoire,2
des,2
1848,2
divorced,2
1553,2
financier,2
authorship,2
figaro,2
greenpeace,2
green,2
curtain,2
mufflers,2
lithuanian,2
bayonets,2
terrorized,2
high-school,2
daunting,2
wayne,2
hok,2
komedie,2
reisra,2
ondeje,2
trojana,2
motivy,2
stejnojmenn,2
knihy,2
petra,2
abacha,2
sleduje,2
osudy,2
tveice,2
dospvajcch,2
mladk,2
jejich,2
ptel,2
lsek,2
rodi,2
okamiku,2
patncti,2
letech,2
dostanou,2
chvle,2
osmncti,2
sna,2
uniknout,2
vojn,2
pokouej,2
zskat,2
modrou,2
knku,2
fase,2
recorda,2
sua,2
suas,2
opes,2
decises,2
tomou,2
podia,2
ter,2
tomado,2
dar,2
conhecer,2
homem,2
por,2
detrs,2
quem,2
governou,2
durante,2
anos,2
foi,2
desafio,2
enquanto,2
conhecido,2
pblico,2
mito,2
estico,2
convictamente,2
religioso,2
assexuado,2
tem,2
contraponto,2
neste,2
filme,2
rebecca,2
writing,2
maurier,2
'boy,2
wallis,2
simpson,2
vlll,2
governship,2
nationals,2
ss-lieutenant,2
parting,2
zoe,2
sintsov,2
divisional,2
understands,2
doom,2
dnipro,2
documentary-drama,2
tenterhooks,2
expecting,2
h.g,2
wells,2
mons,2
isolationism,2
flu,2
answered,2
treated,2
merchandising,2
reasonings,2
vallidolid,2
reasonable,2
mildred,2
interracial,2
ducos,2
marquesa,2
shiro,2
amasuka,2
shimbara,2
resurrected,2
overthrowing,2
resurrects,2
jubei,2
sivadas,2
swamigal,2
earnest,2
pitted,2
calamities,2
wobbles,2
loser,2
tables,2
overheard,2
shaved,2
pierced,2
enjoys,2
fucking,2
personally,2
intermingle,2
epoch,2
gowns,2
psychoanalyst,2
andreas-salom,2
gttingen,2
1933,2
philologist,2
pfeiffer,2
1861,2
nietzsche,2
attains,2
spirited,2
rainer,2
rilke,2
ww2,2
disobedience,2
relics,2
brigitte,2
agnes,2
fells,2
iliad,2
odyssey,2
itaka,2
endeavoring,2
invalid,2
squalid,2
wretched,2
sufficient,2
loaf,2
hastens,2
court-martial,2
soil,2
servicing,2
nostradamus,2
quatrains,2
unionist,2
prevaricates,2
alienate,2
nettleby,2
decrepitude,2
realise,2
hierarchy,2
monograph,2
lesbian,2
drag,2
27-28,2
1969,2
recollections,2
construct,2
audiovisual,2
flora,2
robson,2
armada,2
whence,2
relations,2
drake,2
regularly,2
merchantmen,2
liquidate,2
radioactivity,2
reactor,2
mammoth,2
sarcophagus,2
nerve-racking,2
videos,2
eyewitnesses,2
pripyat,2
convincing,2
scarred,2
perustuu,2
vin,2
linnan,2
samannimiseen,2
romaanitrilogiaan,2
joka,2
yksi,2
suomalaisen,2
kirjallisuuden,2
trkeimmist,2
teoksista,2
credited,2
expounding,2
extension,2
redefinition,2
rustic,2
opulence,2
'geoff'/'boy,2
wellum,2
geoff,2
comfort,2
studying,2
preach,2
primetime,2
1858,2
theories,2
croatian,2
1993,2
ensured,2
productions,2
establish,2
solace,2
ukiyo-e,2
sharaku,2
utamaro,2
kabuki,2
drawing,2
searches,2
profile,2
sub-continent,2
clive,2
eger,2
dob,2
gergely,2
turk,2
brain,2
400,2
lusitania,2
stir,2
fielding,2
unification,2
sedat,2
anticipated,2
stavro,2
pointing,2
hard-working,2
anatol,2
forgets,2
sadie,2
bessie,2
murrieta,2
nikolai,2
classified,2
expression,2
attenborough,2
wildlife,2
danylo,2
pig,2
shook,2
boudica,2
iceni,2
onslaught,2
jaws,2
headstrong,2
disdain,2
bondarchuk,2
supposedly,2
joys,2
retirement,2
ferguson,2
excess,2
nevada,2
explosions,2
diamond,2
lai,2
shi,2
castrated,2
lloyd,2
slightly,2
millionaire,2
eaten,2
tied,2
ichikawa,2
glossy,2
baekche,2
superpower,2
shawkys,2
bordeaux,2
sending,2
illustrious,2
vineyards,2
mercia,2
philosophy,2
heloise,2
incomplete,2
viewed,2
purple,2
butterfly,2
reunites,2
happily,2
vigathakumaran,2
rosie,2
murals,2
connors,2
switzerland,2
boat,2
temporary,2
ensuing,2
lefebvre,2
kaju,2
examine,2
stumble,2
exhausted,2
oedipus,2
polyneices,2
beggar,2
haemon,2
vendetta,2
brother-in-law,2
ankers,2
marched,2
out-of-town,2
pretty,2
bribes,2
maidservant,2
mirra,2
rooted,2
berlusconian,2
probably,2
first-ever,2
dvd,2
format,2
cds,2
crisp,2
high-resolution,2
muskrat,2
mcnoun,2
farms,2
drown,2
bottle,2
selinentius,2
selinae,2
accusation,2
1668,2
wolodyjowski,2
arises,2
aloko,2
udapadi,2
sinhalese,2
valagamba,2
anuradhapura,2
bce,2
jealousies,2
worn,2
suk-kyu,2
artisan,2
paramount,2
soo,2
designer,2
dexterity,2
pan-soo,2
dong-seok,2
spotted,2
yoo,2
yeon-seok,2
shin-hye,2
nella,2
barrow-in-furness,2
cameraman,2
enlai,2
tactfully,2
hebei,2
suffered,2
boyan,2
handan,2
teshigahara,2
janissary,2
officals,2
holcaust,2
martn,2
hamlin,2
lydia,2
libertarian,2
paraba,2
joo,2
forty,2
knievel,2
amalchi,2
figon,2
barka,2
tired,2
matahachi,2
latter,2
oko,2
sucking,2
sallai,2
imdb,2
bilkis,2
garibaldi,2
roberto,2
bettleheim,2
patients,2
hanussen,2
elegant,2
baiken,2
dapitan,2
charenton,2
sade,2
marat,2
performed,2
heo,2
sam-gwan,2
stereotypes,2
sweeping,2
demonstrated,2
anarchy,2
michel'le,2
interspersed,2
apolitical,2
kibbutzniks,2
fragment,2
polar,2
cameroon,2
profession,2
tupac,2
tea,2
kaga,2
oharu,2
funaki,2
mizer,2
yasui,2
santetsu,2
calendar,2
harry,2
marcian,2
theodosius,2
strangers,2
feminism,2
bubble,2
predicted,2
slide,2
pet,2
californias,2
ninjas,2
passport,2
admires,2
teodora,2
radium,2
nehru,2