music,459
film,379
band,357
new,341
life,322
one,314
live,273
love,267
musical,260
rock,251
concert,229
story,227
world,221
tour,217
young,211
show,210
two,196
first,192
album,189
time,183
singer,175
get,139
man,139
girl,138
years,134
also,133
day,132
songs,128
documentary,126
family,121
star,119
dance,119
n't,116
set,112
york,109
friends,108
performance,106
career,106
back,105
group,103
together,103
school,102
city,101
stage,101
footage,101
way,100
night,99
american,98
finds,96
fans,96
find,95
father,92
home,90
takes,87
make,86
three,86
broadway,85
released,85
town,85
movie,84
big,83
people,82
lives,82
part,80
dvd,80
well,79
mother,79
gets,79
performances,78
including,77
best,76
features,76
falls,75
help,74
like,73
last,72
become,72
...,72
london,71
ever,71
made,71
take,70
along,70
high,69
daughter,69
famous,68
based,68
death,68
year,67
video,67
never,67
boy,66
dancer,65
featuring,65
pop,65
small,65
son,65
beautiful,64
former,64
meets,64
becomes,63
many,63
journey,63
woman,62
soon,62
around,62
shows,62
song,62
punk,62
play,61
follows,60
john,60
little,60
wants,60
metal,60
dreams,59
country,59
war,59
friend,59
michael,59
name,58
old,58
must,58
stars,58
interviews,58
includes,58
filmed,58
comes,57
musician,57
legendary,57
king,57
true,56
tells,56
sound,55
meet,55
studio,55
money,55
members,55
early,54
america,54
even,54
house,54
special,54
shot,53
fame,53
days,53
festival,53
away,52
hit,52
rise,52
opera,52
look,52
sister,51
whose,51
original,51
david,51
much,51
musicians,51
recording,51
come,50
classic,50
directed,50
scene,50
recorded,49
tale,49
history,49
radio,49
work,49
end,48
hall,48
personal,48
goes,48
record,47
fall,47
decides,47
tries,47
place,47
singing,46
long,46
paris,46
great,46
release,46
success,45
director,45
wife,45
played,45
parents,44
bands,44
version,44
concerts,44
production,43
roll,43
order,43
see,43
children,43
talent,43
may,43
amp,43
making,42
local,42
going,42
mary,42
hits,42
top,41
summer,41
across,41
behind,41
piano,41
cast,40
team,40
form,40
road,40
paul,40
later,40
college,39
several,39
club,39
rose,39
comedy,39
since,39
would,39
girls,39
successful,39
jazz,39
job,38
women,38
playing,38
west,38
relationship,38
second,38
every,38
voice,37
past,37
husband,37
series,37
performed,37
side,36
tracks,36
brother,36
tony,36
royal,36
good,36
black,36
gives,36
popular,36
dead,36
power,36
living,35
four,35
danny,35
forced,35
dream,35
million,35
makes,35
dancing,35
lead,35
style,35
intimate,35
chance,34
elvis,34
front,34
business,34
another,34
producer,34
final,34
heart,34
trying,34
married,34
perform,34
returns,34
join,34
eddie,34
november,34
want,33
competition,33
trip,33
turns,33
named,33
romance,33
give,33
queen,33
joe,33
return,33
experience,32
put,32
however,32
blue,32
role,32
television,32
performing,32
major,32
solo,32
late,32
mysterious,31
everyone,31
johnny,31
artist,31
bad,31
europe,31
sets,30
legend,30
taken,30
things,30
street,30
trouble,30
girlfriend,30
plays,30
change,30
lennon,30
2011,30
'll,30
heavy,30
starring,30
start,30
island,30
artists,30
learns,29
keep,29
hollywood,29
better,29
century,29
called,29
princess,29
left,29
thinks,29
magic,29
short,29
biggest,29
los,29
angeles,29
films,29
try,29
loves,29
albert,29
real,28
secret,28
men,28
act,28
french,28
christmas,28
whole,28
superstar,28
lady,28
composer,28
bring,28
full,28
chronicles,28
others,28
include,28
singers,28
tragic,28
track,28
debut,28
september,28
prince,27
begins,27
known,27
talented,27
owner,27
decide,27
arrives,27
characters,27
single,27
car,27
run,27
manager,27
richard,27
brought,27
seen,27
sing,26
told,26
hard,26
leader,26
inspired,26
despite,26
brothers,26
learn,26
child,26
inside,26
leave,26
still,26
five,26
lost,26
stones,26
captures,26
october,26
follow,25
led,25
guitarist,25
teacher,25
boys,25
party,25
far,25
save,25
moves,25
becoming,25
greatest,25
win,25
create,25
red,25
art,25
las,25
vegas,25
british,25
working,25
billy,25
upon,25
sold,25
head,25
unique,25
floyd,25
rick,25
fire,25
june,25
among,24
village,24
fellow,24
jerry,24
dark,24
struggling,24
discover,24
george,24
france,24
gang,24
explores,24
found,24
discovers,24
female,24
guest,24
everything,24
brings,24
yet,24
culture,24
jimmy,24
enough,24
wealthy,24
marriage,24
creative,24
different,24
perfect,24
deal,24
jones,24
generation,24
arena,24
stadium,24
hours,24
presents,24
fight,23
friendship,23
rolling,23
fan,23
guy,23
partner,23
rich,23
following,23
hip-hop,23
aspiring,23
crew,23
drama,23
camp,23
process,23
ends,23
public,23
use,23
program,23
england,23
marry,23
tommy,23
bowl,23
throughout,23
theatre,23
childhood,23
brown,23
finally,23
romantic,23
orchestra,23
student,22
amazing,22
students,22
plot,22
boyfriend,22
jackson,22
getting,22
youth,22
leaves,22
lovers,22
worldwide,22
uses,22
plans,22
starts,22
screen,22
teen,22
adaptation,22
weeks,22
famed,22
wedding,22
sex,22
garden,22
rare,22
times,22
wish,22
peter,22
adventures,21
animation,21
company,21
records,21
songwriter,21
guitar,21
academy,21
stop,21
society,21
class,21
turn,21
contest,21
birth,21
question,21
pink,21
included,21
search,21
bob,21
scenes,21
event,21
attempt,21
runs,21
robert,21
player,21
steve,21
produced,21
eye,21
date,21
plus,21
appearances,21
bowie,21
castle,20
knows,20
thing,20
professional,20
feature,20
ballet,20
chicago,20
adventure,20
ship,20
south,20
police,20
're,20
portrait,20
nothing,20
could,20
magical,20
mind,20
future,20
wild,20
dr.,20
though,20
texas,20
white,20
anniversary,20
eventually,20
got,20
quickly,20
harry,20
half,20
highly,20
albums,20
bill,20
rush,20
nirvana,20
fred,20
always,20
2012,20
title,20
meeting,20
became,19
beauty,19
apart,19
farm,19
states,19
sisters,19
blues,19
nightclub,19
earth,19
folk,19
struggles,19
met,19
social,19
theater,19
animated,19
baby,19
without,19
let,19
drummer,19
pianist,19
material,19
actor,19
madison,19
square,19
leads,19
often,19
jack,19
face,19
acclaimed,19
exclusive,19
air,19
sun,18
presley,18
lee,18
united,18
stone,18
growing,18
affair,18
disney,18
suddenly,18
jim,18
move,18
seven,18
couple,18
especially,18
california,18
written,18
spend,18
williams,18
coming,18
featured,18
james,18
latest,18
six,18
drugs,18
modern,18
hires,18
visual,18
contains,18
lover,18
tom,18
violinist,18
national,18
complete,18
tell,18
collection,18
course,18
performers,18
instead,18
award-winning,18
looks,18
july,18
carmen,18
room,18
william,18
took,18
crowd,18
ria,18
important,17
winning,17
kelly,17
international,17
involved,17
plan,17
louis,17
break,17
born,17
forever,17
evil,17
went,17
eve,17
various,17
east,17
ball,17
age,17
actress,17
broadcast,17
jesus,17
strange,17
fortune,17
beatles,17
backstage,17
words,17
army,17
something,17
2009,17
india,17
uncle,17
soul,17
moments,17
crazy,17
today,17
light,17
japan,17
really,17
irish,17
rather,17
awards,17
documents,17
previously,17
rival,16
canada,16
audition,16
trio,16
stardom,16
right,16
passion,16
1980s,16
global,16
icon,16
compete,16
beach,16
held,16
struggle,16
hopes,16
changes,16
kid,16
center,16
dancers,16
problems,16
taking,16
numbers,16
seem,16
golden,16
mccartney,16
1973,16
begin,16
given,16
influential,16
german,16
hope,16
tribute,16
died,16
smith,16
metallica,16
lot,16
member,16
2008,16
space,16
free,16
martin,16
helps,16
madonna,16
unfortunately,16
reality,16
boss,16
events,16
hot,16
2002,16
classics,16
2007,16
adele,16
kay,16
1991,16
circus,15
bellas,15
european,15
secretly,15
pressure,15
almost,15
dave,15
battle,15
tragedy,15
jane,15
anything,15
extraordinary,15
ultimately,15
gone,15
suicide,15
breaks,15
singer-songwriter,15
fairy,15
influence,15
beloved,15
prove,15
videos,15
alone,15
next,15
fantasy,15
hero,15
teenage,15
sold-out,15
hip,15
race,15
master,15
indian,15
nashville,15
1984,15
visit,15
sees,15
grace,15
chris,15
hotel,15
dog,15
unprecedented,15
mix,15
determined,15
holiday,15
spectacular,15
meanwhile,15
mark,15
underground,15
iconic,15
australian,15
revenge,15
close,15
created,15
joined,15
moving,15
stephen,15
beyonc,15
industry,15
electronic,15
fresh,15
audience,15
line,15
diamond,15
think,15
devil,15
appearance,15
provide,15
disc,15
springsteen,15
bright,14
traditional,14
falling,14
land,14
status,14
teenager,14
seems,14
nick,14
force,14
susan,14
streets,14
heads,14
government,14
share,14
body,14
northern,14
charles,14
western,14
clubs,14
enter,14
huge,14
book,14
spirit,14
number,14
originally,14
believe,14
dylan,14
revealing,14
experiences,14
brian,14
week,14
captain,14
van,14
murder,14
wolf,14
dies,14
nearly,14
sea,14
linda,14
fly,14
hendrix,14
north,14
vision,14
behind-the-scenes,14
nights,14
know,14
ambitious,14
refuses,14
performer,14
biopic,14
guests,14
direction,14
pete,14
rodgers,14
studios,14
electric,14
captured,14
san,14
beginning,14
else,14
mike,14
aid,14
wonder,14
march,14
2001,14
support,14
yousseff,14
within,13
tracy,13
matt,13
months,13
chronicling,13
agent,13
torn,13
wayne,13
survive,13
20th,13
leading,13
happens,13
blood,13
truth,13
celebrity,13
prodigy,13
rockers,13
community,13
needs,13
drug,13
lands,13
miss,13
via,13
used,13
rescue,13
calls,13
grand,13
soldier,13
hair,13
legends,13
raw,13
shine,13
sent,13
playboy,13
cover,13
collaboration,13
using,13
travel,13
japanese,13
chorus,13
deep,13
baker,13
teens,13
creating,13
allen,13
25th,13
palace,13
escape,13
artistic,13
archive,13
charts,13
marries,13
care,13
larry,13
december,13
alternative,13
streisand,13
bruce,13
blu-ray,13
grammy,13
revolution,13
complicated,13
2000,13
conductor,13
park,13
patti,13
april,13
shop,12
wrong,12
cash,12
need,12
beyond,12
hired,12
stages,12
kim,12
god,12
raise,12
stay,12
freedom,12
human,12
pair,12
troubled,12
joan,12
taylor,12
loved,12
person,12
shown,12
revolutionary,12
globe,12
offers,12
contract,12
fails,12
state,12
classical,12
quest,12
adam,12
engaged,12
lord,12
contemporary,12
might,12
duo,12
keeps,12
court,12
gave,12
fascinating,12
evolution,12
stunning,12
reunion,12
giving,12
groundbreaking,12
entertainment,12
movies,12
celebrate,12
performs,12
canadian,12
energy,12
looking,12
terry,12
gig,12
frankie,12
enters,12
outside,12
roger,12
jeff,12
middle,12
desert,12
audio,12
label,12
faith,12
length,12
winner,12
poor,12
hoping,12
gilmour,12
premiere,12
venue,12
snoop,12
works,12
opening,12
surround,12
jolson,12
piece,12
sudhir,12
aryan,12
turned,11
wins,11
common,11
accompanies,11
difficult,11
private,11
remains,11
task,11
bed,11
period,11
pursue,11
filled,11
able,11
morrison,11
happiness,11
floor,11
soundtrack,11
strong,11
control,11
relationships,11
retelling,11
present,11
travels,11
lifestyle,11
ladies,11
harlem,11
memorable,11
era,11
hands,11
award,11
believes,11
handsome,11
shops,11
sell,11
already,11
university,11
unexpected,11
decade,11
instrument,11
unforgettable,11
point,11
wishes,11
problem,11
buy,11
dorothy,11
near,11
ring,11
green,11
newspaper,11
gaga,11
open,11
cultural,11
complications,11
gold,11
river,11
bar,11
photographer,11
hop,11
nature,11
hank,11
writing,11
historic,11
decades,11
signature,11
feels,11
lies,11
pay,11
watch,11
diana,11
eric,11
troupe,11
mtv,11
tokyo,11
massive,11
hometown,11
stand,11
commentary,11
missing,11
enjoy,11
alice,11
depression,11
combines,11
extensive,11
kind,11
appears,11
wembley,11
brazil,11
unplugged,11
particular,11
available,11
promises,11
character,11
spends,11
brave,11
brief,11
biography,11
les,11
began,11
carpenter,11
say,11
water,11
worlds,11
joy,11
rahul,11
august,11
annual,11
charlie,11
honest,11
lloyd,11
traveling,10
bride,10
baltimore,10
arts,10
lewis,10
fired,10
finn,10
destroy,10
simon,10
hottest,10
acts,10
followed,10
nine,10
2016,10
walt,10
hear,10
honey,10
prize,10
running,10
winds,10
access,10
neighborhood,10
kids,10
citizens,10
lights,10
powerful,10
movement,10
ray,10
southern,10
soldiers,10
selling,10
ready,10
professor,10
apartment,10
serious,10
caught,10
sweet,10
birthday,10
spanish,10
phenomenon,10
moment,10
challenges,10
hold,10
spending,10
double,10
mr.,10
grandfather,10
brad,10
marching,10
background,10
personality,10
china,10
military,10
pretty,10
lose,10
barbara,10
jean,10
dramatic,10
1968,10
step,10
changed,10
assistant,10
carry,10
justin,10
bringing,10
melody,10
although,10
mission,10
ellen,10
breaking,10
attempts,10
idea,10
russia,10
dinner,10
hospital,10
hears,10
puts,10
replace,10
frank,10
spot,10
composition,10
katy,10
losing,10
biographical,10
loses,10
voices,10
ross,10
jacques,10
note,10
games,10
writer,10
kevin,10
companions,10
archival,10
yoko,10
introduced,10
mystery,10
christ,10
gangster,10
unseen,10
ago,10
camera,10
connie,10
accident,10
feelings,10
wizard,10
moon,10
worker,10
bridge,10
gloria,10
covers,10
wind,10
closing,10
keith,10
monica,10
ruth,10
symphony,10
tiny,10
triumphant,10
supposed,10
2006,10
transforming,10
bennett,10
madrid,10
list,10
wings,10
swing,10
nell,10
chatthong,10
carrillo,10
sunny,10
monroe,10
factory,9
exactly,9
gals,9
unexpectedly,9
antonio,9
vocalist,9
president,9
clear,9
magazine,9
collins,9
redemption,9
faces,9
escapes,9
threatened,9
sparks,9
joins,9
teenagers,9
hole,9
answer,9
truly,9
orphan,9
broken,9
madness,9
finding,9
choose,9
avoid,9
donald,9
anyone,9
resort,9
operation,9
ted,9
bobby,9
influenced,9
crash,9
completely,9
popularity,9
younger,9
large,9
mixed,9
legacy,9
threatens,9
sparkle,9
ocean,9
rain,9
game,9
epic,9
urban,9
accompanied,9
oklahoma,9
1980,9
realize,9
possible,9
images,9
bassist,9
sessions,9
efforts,9
remarkable,9
poet,9
grow,9
cult,9
careers,9
1950s,9
host,9
boat,9
typical,9
spain,9
sailor,9
wrote,9
heels,9
ground,9
businessman,9
thought,9
encounter,9
fiance,9
pursued,9
gypsy,9
prison,9
orleans,9
sometimes,9
remaining,9
key,9
courage,9
producers,9
killer,9
lived,9
hosts,9
billion,9
invites,9
doctor,9
aunt,9
mostly,9
happy,9
according,9
backdrop,9
hardcore,9
clapton,9
mitchell,9
carnival,9
1990,9
oscar,9
obstacles,9
pain,9
celebration,9
washington,9
luck,9
newly,9
church,9
channel,9
alive,9
ono,9
cartoon,9
miller,9
1983,9
shakespeare,9
killed,9
owners,9
thirty,9
benefit,9
evening,9
11,9
12,9
13,9
14,9
fights,9
countries,9
someone,9
francisco,9
julie,9
call,9
document,9
nbc,9
sinatra,9
barry,9
mainly,9
fathers,9
february,9
rising,9
real-life,9
narrative,9
grant,9
richards,9
jump,9
maybe,9
abandoned,9
proud,9
impact,9
sounds,9
anna,9
heaven,9
vaudeville,9
jam,9
edited,9
multiple,9
toxic,9
360,9
insight,9
spectacle,9
third,9
numb,9
goodman,9
staff,8
magnificent,8
mean,8
sinister,8
hart,8
genius,8
mozart,8
teaching,8
giant,8
embark,8
penny,8
accidentally,8
dublin,8
service,8
extravaganza,8
excitement,8
shadow,8
interest,8
figure,8
gary,8
eccentric,8
price,8
constant,8
discovered,8
manhattan,8
glamorous,8
bond,8
rivalry,8
transformed,8
estranged,8
rises,8
independent,8
touring,8
circuit,8
gospel,8
1960s,8
brilliant,8
matters,8
opportunity,8
generations,8
walter,8
miley,8
aka,8
total,8
tennessee,8
whether,8
choreographer,8
mexico,8
training,8
choreography,8
brand,8
endless,8
clips,8
powers,8
annie,8
stories,8
dealing,8
actors,8
teach,8
landscape,8
emotional,8
store,8
italian,8
color,8
1960,8
desperately,8
moved,8
rob,8
entire,8
headed,8
showgirl,8
catholic,8
berlin,8
older,8
wall,8
turning,8
eyes,8
u.s.,8
addiction,8
seeks,8
steven,8
activist,8
brick,8
celebrated,8
immediately,8
arise,8
telling,8
hidden,8
previous,8
sequences,8
barcelona,8
choir,8
reluctant,8
carnegie,8
education,8
retirement,8
similar,8
sons,8
flamboyant,8
desperate,8
designer,8
happen,8
tales,8
discovery,8
karen,8
reveals,8
woo,8
mickey,8
passions,8
mountain,8
fighting,8
convinces,8
stock,8
english,8
houston,8
largest,8
vocal,8
comeback,8
italy,8
renowned,8
del,8
reaches,8
temple,8
exploration,8
food,8
fun,8
equally,8
santa,8
talk,8
violent,8
kansas,8
rio,8
least,8
favorites,8
addition,8
hammerstein,8
genre,8
monster,8
australia,8
hand,8
catches,8
mental,8
crystal,8
bon,8
jovi,8
entertaining,8
view,8
pacific,8
nellie,8
10,8
15,8
historical,8
lawyer,8
forces,8
issues,8
weekend,8
unreleased,8
visits,8
came,8
traces,8
all-star,8
petty,8
coldplay,8
civil,8
revolves,8
players,8
train,8
entirety,8
darbar,8
anywhere,8
coachella,8
smash,8
miyazaki,8
barbie,8
atlantic,8
mistaken,8
1996,8
aired,8
workers,8
match,8
2005,8
productions,8
judy,8
continues,8
depicts,8
mayor,8
exile,8
navy,8
alex,8
rogers,8
ensemble,8
chart,8
separate,8
jay-z,8
prior,8
individual,8
acoustic,8
ireland,8
janie,8
chopins,8
graham,8
betty,8
sunil,8
winfield,8
riverdance,8
1995,8
situation,8
scores,8
nevermind,8
trail,8
inez,8
bonnard,8
comfortably,8
webber,8
phaen,8
britney,8
mayer,8
steady,8
belle,7
unusual,7
reunite,7
nice,7
plain,7
usual,7
partnership,7
mrs.,7
tyler,7
chronicle,7
roommate,7
friendly,7
paradise,7
sexual,7
clash,7
manages,7
tim,7
sean,7
bit,7
initial,7
raised,7
grandmother,7
outrageous,7
antics,7
setting,7
easy,7
miles,7
computer,7
existence,7
secretary,7
bird,7
lucy,7
numerous,7
leaving,7
immigrant,7
physical,7
attend,7
dad,7
box,7
deals,7
loud,7
tape,7
station,7
additional,7
musicals,7
sunset,7
danger,7
ringo,7
reach,7
storm,7
native,7
constantly,7
session,7
rehearsals,7
spotlight,7
journalist,7
arthur,7
stuart,7
enigmatic,7
1970s,7
sensation,7
finish,7
kiss,7
russell,7
challenge,7
seymour,7
lucky,7
engine,7
due,7
usa,7
1979,7
cinderella,7
bold,7
super,7
reporter,7
male,7
priest,7
gordon,7
shy,7
pregnant,7
sudden,7
ben,7
pigs,7
building,7
waters,7
actually,7
gala,7
headline,7
hilarious,7
mine,7
model,7
prepare,7
encounters,7
carefree,7
bing,7
reveal,7
jimi,7
pirate,7
gathering,7
woodstock,7
outdoor,7
passionate,7
perry,7
mixes,7
means,7
cut,7
plane,7
lavish,7
online,7
sends,7
diagnosed,7
katie,7
grows,7
whitney,7
shoot,7
executive,7
less,7
object,7
ambition,7
pieces,7
jewish,7
ancient,7
territory,7
minutes,7
dee,7
kurt,7
cobain,7
arrival,7
hill,7
factor,7
lion,7
waiting,7
dressed,7
tradition,7
bus,7
wealth,7
visuals,7
pass,7
driver,7
louise,7
alan,7
directors,7
ramones,7
seattle,7
sydney,7
mercury,7
poetry,7
2018,7
page,7
youre,7
17,7
intended,7
con,7
fox,7
attention,7
sexy,7
sales,7
prostitute,7
vampire,7
jenny,7
heard,7
defined,7
pilot,7
general,7
heartbreak,7
astaire,7
wilson,7
manner,7
magnetic,7
showcase,7
shaped,7
viewers,7
costumes,7
sam,7
roots,7
supposedly,7
corrupt,7
robin,7
established,7
focusing,7
nana,7
claim,7
representing,7
horse,7
returned,7
marks,7
hale,7
ten,7
flag,7
fourth,7
capable,7
andrew,7
kingdom,7
amanda,7
drawn,7
dogg,7
impoverished,7
1990s,7
arranges,7
comic,7
backing,7
project,7
highlights,7
silver,7
hearts,7
anticipated,7
arrested,7
hell,7
seema,7
says,7
appeared,7
base,7
sir,7
wars,7
mars,7
excess,7
guns,7
dennis,7
stereo,7
results,7
jealous,7
marked,7
vocals,7
farmhouse,7
ann,7
rave,7
pooja,7
spring,7
asia,7
recent,7
ended,7
patch,7
elton,7
watts,7
5.1,7
star-studded,7
theatrical,7
showing,7
mavis,7
shanghai,7
1999,7
pioneer,7
ultimate,7
angela,7
walk,7
bonus,7
county,7
someday,7
marjorie,7
appear,7
surprise,7
wynn,7
monte,7
margot,7
presented,7
compositions,7
barnum,6
bros.,6
enchanted,6
maker,6
highs,6
discovering,6
awesome,6
beca,6
arriving,6
thrust,6
arrangements,6
catskills,6
surprised,6
wed,6
infamous,6
barber,6
rebel,6
nora,6
attending,6
1927,6
transition,6
incredible,6
none,6
accomplish,6
trolls,6
von,6
mischievous,6
song-and-dance,6
mistakes,6
masterpiece,6
sight,6
mates,6
dedicated,6
learning,6
jail,6
fears,6
witch,6
message,6
putting,6
extreme,6
recently,6
tensions,6
aspirations,6
receives,6
media,6
pick,6
fear,6
brooklyn,6
amidst,6
odds,6
swan,6
spell,6
speed,6
psychedelic,6
gift,6
reflect,6
sequel,6
'the,6
shorts,6
ways,6
2003,6
identity,6
rebellious,6
joseph,6
letter,6
shane,6
hannah,6
teaches,6
exciting,6
instructor,6
verge,6
interested,6
centered,6
warbucks,6
mansion,6
basement,6
harrison,6
press,6
saturday,6
stuck,6
scientist,6
elaborate,6
rap,6
chase,6
eva,6
meaning,6
shooting,6
muse,6
tickets,6
proper,6
dates,6
drop,6
ask,6
beat,6
cricket,6
eye-popping,6
literally,6
communist,6
robinson,6
climax,6
strike,6
tribe,6
daughters,6
battles,6
dragon,6
confront,6
midnight,6
virtuoso,6
rocky,6
attracted,6
gambling,6
meteoric,6
attack,6
pirates,6
hire,6
revealed,6
convinced,6
planet,6
facing,6
lifetime,6
failing,6
helping,6
household,6
fashion,6
surreal,6
beside,6
dangerous,6
lovely,6
mason,6
classmates,6
exploits,6
central,6
failed,6
poverty,6
pig,6
audiences,6
forms,6
daft,6
trumpet,6
max,6
overdose,6
obscurity,6
alcohol,6
phenomenal,6
narrator,6
anecdotes,6
turner,6
promising,6
nowhere,6
turmoil,6
harmony,6
st.,6
beau,6
1967,6
picture,6
ordinary,6
talking,6
imagine,6
phantom,6
thanksgiving,6
capture,6
reunited,6
fictional,6
molly,6
regime,6
unable,6
entertainer,6
forth,6
alternate,6
marianne,6
dick,6
grunge,6
kitty,6
aspects,6
ibiza,6
greek,6
disease,6
narrated,6
wanted,6
unhappy,6
happily,6
documenting,6
gorgeous,6
manchester,6
mountains,6
thousands,6
twenty,6
doors,6
formation,6
hawaii,6
thoughts,6
freddie,6
foster,6
salesman,6
convince,6
somewhat,6
peace,6
imagination,6
trains,6
action,6
18,6
20,6
divorce,6
overcome,6
crime,6
dare,6
resulting,6
field,6
douglas,6
remain,6
funny,6
landmark,6
tragically,6
bets,6
embarks,6
gene,6
christian,6
cheerful,6
owes,6
carter,6
glam,6
thrash,6
novel,6
neil,6
ideas,6
javier,6
2017,6
january,6
roman,6
fair,6
crosby,6
stepmother,6
earn,6
sexuality,6
hood,6
credits,6
barbra,6
wright,6
newcomer,6
loss,6
rapper,6
account,6
iron,6
lyrics,6
powell,6
widow,6
tod,6
rule,6
sameer,6
accept,6
swear,6
kept,6
1981,6
disappeared,6
revue,6
coast,6
angels,6
somebody,6
study,6
pack,6
path,6
angel,6
affections,6
bizet,6
estimated,6
notable,6
lighting,6
terms,6
dixie,6
soviet,6
1970,6
enlists,6
holds,6
tunes,6
hosted,6
breakthrough,6
asks,6
increasingly,6
jason,6
curious,6
rural,6
strikes,6
burlesque,6
tears,6
graffiti,6
chinese,6
satire,6
millionaire,6
founding,6
mistakenly,6
francis,6
depth,6
triangle,6
warner,6
morgan,6
curtain,6
2012,6
definitive,6
barbi,6
rin,6
simulation,6
pola,6
kristin,6
isi,6
middle-class,6
30th,6
portrays,6
neighbor,6
16,6
critically,6
culmination,6
posing,6
alabama,6
offering,6
uprising,6
comedic,6
conditions,6
send,6
nelson,6
zulawskis,6
mode,6
shuttle,6
engineer,6
market,6
celebrates,6
clara,6
21st,6
recordings,6
rome,6
sky,6
round,6
onstage,6
worth,6
financial,6
hang,6
arrange,6
troops,6
figures,6
sanor,6
containing,6
patrick,6
hungary,6
pennebaker,6
stripped,6
reflection,6
garry,6
martha,6
selina,6
karchy,6
cool,6
lane,6
educational,6
sybil,6
angele,6
villa,6
scott,6
hisaishi,6
krist,6
novoselic,6
consists,6
paramount,6
veteran,6
contrast,6
illustrious,6
digital,6
oregon,6
complex,6
handel,6
eastwood,6
schumann,6
bangkok,6
shortly,6
range,6
manolo,6
minogue,6
vacation,6
miracle,6
morissette,6
dogs,6
tonight,6
explosion,6
shin,6
jae-hyo,6
pansori,6
chae-sun,6
mick,6
toronto,6
homer,6
railroad,6
rituals,6
sadao,6
alyce,6
spears,6
dub,6
malhotra,6
reggie,6
sting,6
cant,6
chemical,6
celine,6
dion,6
kanye,6
showman,5
candy,5
split,5
weird,5
zone,5
17-year-old,5
houseman,5
whisked,5
victoria,5
todd,5
deserves,5
stands,5
maryland,5
row,5
1920s,5
silent,5
cotton,5
memphis,5
alongside,5
points,5
seemingly,5
impossible,5
bonds,5
rivals,5
philip,5
lovable,5
opposite,5
15-year-old,5
turnblad,5
chaos,5
chubby,5
returning,5
cruise,5
recalls,5
swedish,5
decision,5
starting,5
likes,5
protect,5
diva,5
sort,5
tough,5
pictures,5
scholarship,5
searching,5
drunken,5
caroline,5
moore,5
helen,5
funds,5
orphanage,5
grew,5
garth,5
velvet,5
customers,5
alike,5
guys,5
museum,5
peasant,5
disco,5
eager,5
sorcerer,5
lake,5
frog,5
nation,5
mad,5
plantation,5
florida,5
blind,5
keyboard,5
gained,5
dan,5
czech,5
earns,5
news,5
adds,5
juvenile,5
except,5
costume,5
orphaned,5
kermit,5
emily,5
miami,5
inspires,5
wait,5
bridges,5
classes,5
nearby,5
casts,5
bigger,5
showcasing,5
mirror,5
inherited,5
fate,5
expensive,5
escaping,5
troubles,5
beats,5
1974,5
judas,5
respectively,5
bag,5
fiction,5
oliver,5
promote,5
pursuing,5
sleazy,5
network,5
capturing,5
electrifying,5
scheduled,5
butler,5
unknown,5
longer,5
abilities,5
compilation,5
relations,5
cook,5
charlotte,5
montreal,5
violin,5
inspiration,5
run-down,5
twilight,5
detroit,5
khan,5
plight,5
accepts,5
elizabeth,5
routines,5
crush,5
elmo,5
shaw,5
behavior,5
asked,5
hansel,5
perfectly,5
tours,5
trials,5
inner,5
standing,5
auditions,5
johnson,5
servant,5
saving,5
toll,5
pistols,5
turbulent,5
cole,5
stranded,5
loneliness,5
inspirational,5
amateur,5
controversial,5
afraid,5
nephew,5
plenty,5
drinking,5
charity,5
evans,5
filmmaker,5
door,5
smile,5
youtube,5
sunshine,5
finale,5
cops,5
contend,5
simple,5
beethoven,5
grammy-winning,5
result,5
conservatory,5
kapoor,5
bear,5
product,5
chasing,5
collide,5
intelligent,5
suburban,5
estate,5
exchange,5
shines,5
cave,5
permit,5
draws,5
sci-fi,5
themes,5
seasoned,5
joey,5
lips,5
encourages,5
internal,5
isle,5
glenn,5
holland,5
remained,5
achieve,5
1930s,5
allison,5
medical,5
straight,5
ritchie,5
law,5
singles,5
focus,5
auditorium,5
quartet,5
balance,5
pride,5
juliet,5
've,5
doris,5
argentinian,5
argentina,5
henry,5
stanley,5
fulfill,5
ideal,5
feeling,5
roaring,5
appearing,5
farewell,5
latter,5
presenting,5
desire,5
prayer,5
circle,5
vignettes,5
playwright,5
studying,5
julien,5
souls,5
builds,5
1969,5
negative,5
tender,5
bullies,5
accepted,5
foo,5
fighters,5
grohl,5
multi-platinum,5
ruled,5
heidi,5
carlos,5
ricardo,5
andr,5
charting,5
unsuccessful,5
score,5
apple,5
jobs,5
dynamic,5
started,5
difficulties,5
latin,5
apparent,5
cat,5
buddies,5
orders,5
bandit,5
polly,5
runaway,5
bored,5
suffering,5
midler,5
sheet,5
parker,5
100,5
universe,5
oil,5
edge,5
primarily,5
mature,5
windy,5
knowles,5
hello,5
19,5
23,5
25,5
site,5
creativity,5
triumph,5
dizzy,5
eclectic,5
naturally,5
shrek,5
cynthia,5
ruby,5
holidays,5
seasons,5
toy,5
rubin,5
harris,5
homecoming,5
cats,5
ticket,5
denver,5
familiar,5
pupil,5
bet,5
pet,5
secrets,5
letters,5
lets,5
dreamed,5
unfaithful,5
jamaican,5
commercial,5
vivid,5
dean,5
quiet,5
delightful,5
ties,5
responsible,5
santiago,5
reasons,5
overnight,5
solve,5
favorite,5
shore,5
laws,5
rest,5
bbc,5
nasty,5
stand-up,5
sheriff,5
robbo,5
controls,5
kris,5
knew,5
henderson,5
duke,5
successfully,5
narrates,5
maiden,5
throne,5
commit,5
jumping,5
shopping,5
content,5
aids,5
rarely,5
ken,5
easter,5
objects,5
groupie,5
winter,5
victims,5
innovative,5
headlined,5
debts,5
1985,5
wacken,5
eminem,5
buddhist,5
monk,5
loyal,5
maribelle,5
granddaughter,5
parks,5
dolls,5
feel,5
riff,5
pulp,5
agrees,5
forget,5
rocker,5
imagined,5
mitch,5
kate,5
breakdown,5
rice,5
highway,5
twins,5
gain,5
flagg,5
simply,5
separated,5
thrown,5
fay,5
avenue,5
purple,5
taxi,5
simultaneously,5
atlantis,5
swim,5
cinema,5
hopeful,5
barnaby,5
ryan,5
africa,5
editor,5
banks,5
crisis,5
intensity,5
sunday,5
painting,5
jeannie,5
invasion,5
edward,5
develops,5
respective,5
sidharth,5
triton,5
actual,5
critics,5
burns,5
photographs,5
1992,5
intense,5
devoted,5
durante,5
baron,5
planned,5
ziggy,5
stardust,5
collage,5
funky,5
anthony,5
worse,5
freak,5
sue,5
charade,5
lotta,5
nevertheless,5
harriet,5
flood,5
baseball,5
britain,5
dinah,5
arranged,5
centre,5
janeiro,5
spanning,5
pearl,5
sabbath,5
housewife,5
glastonbury,5
value,5
moran,5
patsy,5
current,5
strength,5
signed,5
wyman,5
parties,5
drive,5
intro,5
shiv,5
elsa,5
ex-wife,5
radical,5
casino,5
setlist,5
composed,5
versions,5
esther,5
astonishing,5
introduces,5
suggests,5
sally,5
folks,5
engagement,5
charms,5
fragile,5
sketches,5
reaching,5
views,5
jonathan,5
cowardly,5
milton,5
keynes,5
notes,5
destiny,5
2004,5
ecstatic,5
minute,5
22nd,5
jose,5
restored,5
examines,5
grass,5
extras,5
garrel,5
described,5
backed,5
librarian,5
staples,5
check,5
morris,5
confirm,5
1982,5
gay,5
rosie,5
cities,5
beyoncs,5
mechanic,5
lily,5
maid,5
everywhere,5
tax,5
gardens,5
atmosphere,5
barrett,5
shares,5
haunted,5
cirque,5
coliseum,5
entry,5
perhaps,5
discography,5
photo,5
ranks,5
said,5
hungarian,5
certain,5
1988,5
storytelling,5
telephone,5
packed,5
guitars,5
flow,5
holy,5
shakira,5
charismatic,5
comedian,5
sade,5
bass,5
remember,5
bluegrass,5
amelia,5
kane,5
resurrection,5
ronnie,5
sonic,5
mexican,5
exiled,5
reached,5
lines,5
mood,5
stuntman,5
choreographed,5
spectators,5
wilco,5
franklin,5
bryant,5
empty,5
doubt,5
surrounding,5
founder,4
beast,4
lesson,4
uso,4
questionable,4
expecting,4
frances,4
shoes,4
victor,4
underworld,4
a.k.a,4
sweeney,4
privileged,4
velma,4
roxie,4
amadeus,4
flashback,4
asylum,4
carl,4
dewey,4
principal,4
suspicious,4
activities,4
monumental,4
strengthen,4
blow,4
tagging,4
poppy,4
optimistic,4
polar,4
theyve,4
autobiographical,4
interview,4
disappointment,4
corny,4
chipmunks,4
rock-and-roll,4
vast,4
inevitable,4
strained,4
tension,4
undercover,4
uncover,4
hunt,4
damon,4
jake,4
fact,4
piaf,4
district,4
halls,4
immortal,4
upper,4
puerto,4
sidelined,4
ugly,4
naive,4
feat,4
referred,4
pursuit,4
confrontation,4
befriends,4
creatures,4
swept,4
sheltered,4
greenwich,4
mom,4
reputation,4
gifted,4
conflict,4
flowers,4
ghosts,4
offered,4
maria,4
elements,4
muppets,4
genesis,4
colored,4
matter,4
motorcycle,4
busy,4
demanding,4
violetta,4
pivotal,4
boston,4
ariel,4
chased,4
smooth,4
criminal,4
wacky,4
nominated,4
possession,4
realities,4
glee,4
strip,4
fat,4
temptation,4
ferocious,4
starr,4
wildly,4
burning,4
janet,4
biker,4
creation,4
fianc,4
swimming,4
dating,4
portray,4
co-star,4
small-town,4
doomed,4
realizing,4
ballroom,4
reuniting,4
lyric,4
songwriters,4
absence,4
sweden,4
chain,4
block,4
wake,4
searches,4
roberts,4
wing,4
religious,4
hated,4
thief,4
audrey,4
seeking,4
plant,4
gus,4
closed,4
chief,4
rough,4
germany,4
connected,4
elliot,4
stumbles,4
onto,4
claude,4
hippies,4
ranch,4
inhabitants,4
yellow,4
prepares,4
wonderful,4
update,4
unmarried,4
threaten,4
updated,4
blake,4
alcoholic,4
impersonator,4
locations,4
technology,4
neither,4
dialogue,4
sid,4
loosely,4
laura,4
seek,4
pact,4
scared,4
tupac,4
continue,4
passing,4
dressing,4
howlin,4
cowboys,4
horace,4
sixteenth,4
fish,4
signs,4
sharing,4
sheer,4
transforms,4
rappers,4
attacked,4
seas,4
owl,4
scout,4
jersey,4
seat,4
cyrus,4
theaters,4
highest,4
aqua,4
mob,4
nameless,4
kidnap,4
reed,4
attracts,4
americans,4
ranbir,4
intent,4
divorced,4
allowed,4
lola,4
combined,4
disparate,4
greedy,4
greater,4
hunter,4
inspiring,4
dirty,4
speak,4
emotion,4
randy,4
valentine,4
notions,4
spent,4
inadvertently,4
neighboring,4
thinking,4
rabbit,4
virtually,4
loan,4
fruit,4
demise,4
gods,4
bandmates,4
1940s,4
stockholm,4
19-year-old,4
historically,4
atlanta,4
fierce,4
nina,4
simone,4
woody,4
garage,4
names,4
1963,4
cellist,4
string,4
emotions,4
quite,4
lamb,4
romeo,4
backup,4
reluctantly,4
honor,4
indians,4
disguise,4
dolly,4
well-known,4
opens,4
bleek,4
lessons,4
animals,4
variety,4
steals,4
leach,4
crossed,4
hailed,4
scorsese,4
2006,4
sandy,4
mediocre,4
admitted,4
evan,4
afterwards,4
vehicle,4
disguises,4
jan,4
entity,4
accidental,4
bruno,4
failure,4
heroin,4
seconds,4
surfing,4
strummer,4
developed,4
downfall,4
carrying,4
driven,4
guard,4
catch,4
wave,4
surprises,4
dreamy,4
importantly,4
delivered,4
conservative,4
scarecrow,4
colorful,4
subsequent,4
hearing,4
guardian,4
charged,4
billboard,4
battling,4
recovery,4
vibrant,4
canterlot,4
height,4
reclusive,4
chip,4
ally,4
companion,4
lower,4
sullivan,4
courtney,4
happened,4
aged,4
attractive,4
letting,4
skin,4
paranoid,4
formed,4
health,4
staying,4
cars,4
focuses,4
nurse,4
fallen,4
queens,4
jr.,4
revive,4
1986,4
dont,4
21,4
24,4
dozen,4
demons,4
relatives,4
neurotic,4
speech,4
1920,4
quits,4
follow-up,4
saw,4
championship,4
marrying,4
babies,4
supply,4
singer/songwriter,4
derek,4
dollars,4
herman,4
lillian,4
pioneers,4
heyday,4
unfolds,4
ruins,4
sits,4
charming,4
18-year-old,4
writes,4
breakup,4
shape,4
craig,4
wearing,4
test,4
reading,4
caleb,4
realizes,4
sights,4
protest,4
roses,4
racial,4
1971,4
amphitheatre,4
jos,4
thwart,4
built,4
mouse,4
joining,4
ohio,4
combining,4
dude,4
indiana,4
conducted,4
staging,4
fascination,4
miranda,4
riot,4
locals,4
spiritual,4
yorks,4
arrived,4
kaoru,4
nishimi,4
wicked,4
two-hour,4
outsiders,4
fit,4
wagner,4
2013,4
bach,4
affection,4
nadine,4
synchronized,4
marr,4
senior,4
abandon,4
drives,4
down-and-out,4
putin,4
hundreds,4
nandini,4
wbn,4
sponsor,4
ex-husband,4
20-year,4
hungry,4
opened,4
julian,4
changing,4
resume,4
sure,4
everybody,4
destinys,4
arms,4
parallel,4
guthrie,4
attitude,4
connection,4
nilsson,4
cooper,4
segments,4
myth,4
cross,4
jasmine,4
brandon,4
welcome,4
copies,4
never-before-seen,4
lots,4
porter,4
dashing,4
lack,4
misunderstandings,4
demi,4
barney,4
bitter,4
bills,4
kills,4
drifts,4
horizon,4
confidence,4
1959,4
madly,4
aided,4
upcoming,4
dramatization,4
tragedies,4
clark,4
settle,4
songwriting,4
trick,4
toyland,4
remake,4
theatrics,4
skills,4
capitalism,4
1962,4
garland,4
celebrating,4
extra,4
feature-length,4
peoples,4
memories,4
hum,4
tree,4
b.b,4
sondheim,4
zombie,4
sleepy,4
northwest,4
destination,4
pal,4
funeral,4
inge,4
profile,4
choice,4
massacre,4
schools,4
assures,4
hadiah,4
listen,4
thats,4
noted,4
supporting,4
jade,4
cop,4
feuding,4
pure,4
sense,4
campbell,4
light-hearted,4
2015,4
eagles,4
lions,4
one-hour,4
hammersmith,4
dear,4
mama,4
zeppelin,4
bonham,4
chauffeur,4
bart,4
trailer,4
decided,4
queenie,4
wood,4
higgins,4
bizarre,4
4th,4
birmingham,4
1972,4
nudist,4
awakens,4
origins,4
champion,4
melissa,4
stade,4
pyramid,4
faithful,4
hen,4
devotion,4
disi,4
michel,4
attends,4
brett,4
mirrors,4
alise,4
2001,4
emphasis,4
hamilton,4
forming,4
melodrama,4
deke,4
thin,4
closest,4
approach,4
settles,4
liefling,4
2003,4
renditions,4
defeat,4
johann,4
produce,4
collect,4
overview,4
sells,4
expression,4
1993,4
treachery,4
retro,4
centers,4
soweto,4
riots,4
1976,4
sarafina,4
pupils,4
domestic,4
muscle,4
shoals,4
incredibly,4
spawned,4
incomparable,4
'em,4
strangely,4
buoyant,4
saloon,4
illmatic,4
slane,4
watershed,4
1981,4
peggy,4
manage,4
covering,4
countryside,4
dream-like,4
stream,4
polish,4
higher,4
enduring,4
proceeds,4
70s,4
utilizing,4
penzance,4
flying,4
tunnel,4
merrishaw,4
probably,4
adult,4
hardest,4
nanette,4
heiress,4
impressive,4
supported,4
source,4
african,4
fifth,4
winwood,4
johan,4
continents,4
grinch,4
orchestral,4
natural,4
tricks,4
jagger,4
collaborative,4
science,4
forbidden,4
prominent,4
rights,4
trilogy,4
glimpse,4
worst,4
tribulations,4
jon,4
spies,4
identities,4
philadelphia,4
finnish,4
adults,4
watching,4
sherman,4
causes,4
rotterdam,4
brain,4
aneurysm,4
killing,4
showboat,4
dictatorship,4
'zarzuela,4
travis,4
1789,4
ronan,4
olympe,4
thoroughly,4
sugar,4
magik,4
chili,4
peppers,4
honolulu,4
viewing,4
wide,4
1997,4
gerardo,4
management,4
unlike,4
randolph,4
2009,4
willie,4
cowboy,4
done,4
predecessor,4
cattle,4
tag,4
ensues,4
pace,4
matador,4
verdi,4
attract,4
divine,4
marta,4
pedro,4
raquel,4
rafa,4
pilar,4
ignacio,4
vallenato,4
morales,4
clint,4
bhola,4
bindu,4
millennium,4
staged,4
layne,4
revel,4
two-disc,4
depeche,4
d.a,4
checks,4
plaintive,4
ayreon,4
plaza,4
rock/,4
noise,4
jumpers,4
goalposts,4
eds,4
captivating,4
duet,4
encore,4
suresh,4
participate,4
level,4
operator,4
expected,4
scratching,4
breathless,4
peculiar,4
leg,4
prs,4
dieu,4
sans,4
des,4
cette,4
qui,4
doug,4
exquisite,4
legion,4
communism,4
select,4
catherine,4
penthouse,4
vivo,4
read,4
mythology,4
hong,4
kong,4
all-soldier,4
yip,4
netherlands,4
6th,4
entertain,4
restless,4
amusing,4
vig,4
51st,4
selections,4
quebec,4
announced,4
tracklist,4
word,4
mei,4
counting,4
sumptuous,4
danube,4
direct,4
mamo,4
troublesome,4
halfway,4
dallas,4
francesca,4
larsen,4
liane,4
2004,4
reflecting,4
highlighted,4
smells,4
1991,4
restoration,4
ability,4
thieves,4
clinton,4
greats,4
phillips,4
wieck,4
heights,4
provincial,4
bay,4
simran,4
evocative,4
montreux,4
construction,4
judge,4
guest-house,4
combination,4
riffs,4
birabeau,4
fontaine,4
minds,4
fuck,4
saitama,4
wray,4
f*ck,4
kalle,4
resembling,4
alf,4
comprises,4
1998,4
necessary,4
gridley,4
remarkably,4
official,4
multimedia,4
benny,4
townes,4
flesh,4
herbie,4
devises,4
meltdown,4
incorporates,4
proving,4
raul,4
mayhem,4
completed,4
eastern,4
fairs,4
transistor,4
pallenberg,4
hyper,4
reservation,4
paper,4
eliseo,4
ranveer,4
wham,4
go-go,4
squares,4
accomplishments,4
heifers,4
bull,4
belgium,4
babes,4
lye,4
jusquaux,4
remind,4
puff,4
filming,4
trasharella,4
anthems,4
sheffield,4
occasionally,4
spratt,4
o'rourke,4
sensible,4
musicares,4
sale,4
armendez,4
begone,4
dull,4
astral,4
messiah,4
naughty,4
arcade,4
capital,4
parking,4
sindhu,4
wes,4
eduvigis,4
advert,4
accompany,4
mercedes,4
sussex,4
un2,4
avenger,4
melvin,4
waste,4
bankruptcy,4
zedong,4
collier,4
ingalls,4
eden,4
stiff,4
p.t,3
ringling,3
bailey,3
chocolate,3
championships,3
prospects,3
mouth,3
overseas,3
nerds,3
decisions,3
clique,3
comfort,3
harmonic,3
combinations,3
competitions,3
tedium,3
'baby,3
stepping,3
hoofer,3
19th-century,3
stop-motion,3
corpse,3
waits,3
bereft,3
benjamin,3
barker,3
basis,3
tenant,3
lovett,3
gage,3
unfulfilled,3
ultra-elite,3
murderesses,3
gallows,3
wolfgang,3
peer,3
salieri,3
confined,3
insane,3
arkansas,3
perkins,3
finagles,3
fifth-grade,3
substitute,3
finer,3
hard-nosed,3
rightly,3
humiliated,3
aca-circuit,3
regain,3
sisterhood,3
aca-magic,3
hopefully,3
r-rated,3
canadians,3
terrance,3
pronounced,3
corrupted,3
wage,3
branch,3
pleasantly,3
plump,3
pingleton,3
scheming,3
amber,3
tussle,3
seville,3
alvin,3
brainy,3
impressionable,3
theodore,3
heroine,3
aboard,3
soars,3
mutual,3
explosive,3
impress,3
assignment,3
idol,3
crazed,3
timeless,3
burst,3
fantasia,3
tris,3
odd,3
ups,3
elwood,3
aerosmith,3
amid,3
blazing,3
dazzling,3
limelight,3
slums,3
gangs,3
venice,3
300,3
clerk,3
stuff,3
flashing,3
sweaty,3
moses,3
ruler,3
chosen,3
captive,3
jean-bob,3
turtle,3
safe,3
vow,3
jude,3
count,3
political,3
star-crossed,3
fiercely,3
calling,3
soulful,3
volatile,3
davis,3
precious,3
strives,3
approaches,3
lively,3
dickens,3
extraordinaire,3
zac,3
efron,3
hes,3
midst,3
deaf,3
sixteen,3
fantastic,3
hint,3
once-in-a-lifetime,3
cherie,3
impresario,3
demolition,3
development,3
bible,3
jealousy,3
ageing,3
gray,3
stewart,3
montana,3
glamour,3
campus,3
downtown,3
ahead,3
tini,3
ren,3
quo,3
twist,3
lone,3
demo,3
agree,3
stellar,3
montage,3
cope,3
foreign,3
resorts,3
norman,3
anderson,3
manslaughter,3
mistake,3
daddy,3
announces,3
big-time,3
arrest,3
fever,3
toward,3
sweethearts,3
dances,3
unveils,3
aliens,3
underneath,3
60s,3
rides,3
coming-of-age,3
songstress,3
showed,3
alcoholism,3
enrolls,3
system,3
watches,3
collapse,3
witnessing,3
glam-rock,3
forged,3
offbeat,3
entangled,3
couples,3
faye,3
betrayal,3
responsibilities,3
austria,3
purpose,3
script,3
mistress,3
mane,3
rainbow,3
painter,3
supports,3
1978,3
lagaan,3
champaner,3
worried,3
authorities,3
heroic,3
misfits,3
coached,3
reworking,3
nerdy,3
manageress,3
ran,3
lorelei,3
esmond,3
detective,3
nun,3
habit,3
authority,3
midwestern,3
allow,3
hedwig,3
headlines,3
superstars,3
pointed,3
survivor,3
publisher,3
pulitzer,3
releases,3
leslie,3
yearns,3
suitable,3
husbands,3
darcy,3
thomas,3
megan,3
crooner,3
soprano,3
tone,3
poem,3
juxtaposition,3
glass,3
nancy,3
ride,3
mclaren,3
steel,3
technician,3
bury,3
graduation,3
georgia,3
outcast,3
conversation,3
rumor,3
stays,3
shakur,3
imprisonment,3
persona,3
blows,3
leonard,3
dusty,3
demonstrates,3
dale,3
upstairs,3
'80s,3
kidnapping,3
mining,3
notorious,3
determination,3
crack,3
treasure,3
spots,3
sharpay,3
plucks,3
coveted,3
front-row,3
bieber,3
l.a.,3
reid,3
projects,3
rooming,3
roadie,3
ludwig,3
femme,3
fatale,3
crews,3
90s,3
havana,3
amsterdam,3
spy,3
threatening,3
motley,3
restaurant,3
shoe,3
places,3
drag,3
footwear,3
selfish,3
victim,3
cox,3
overcomes,3
horseman,3
season,3
spider,3
frenetic,3
afghanistan,3
peers,3
wrath,3
shared,3
pressures,3
handle,3
integral,3
hans,3
soundtracks,3
tumultuous,3
joaquin,3
phoenix,3
pulled,3
hippie,3
motel,3
confusion,3
aging,3
launch,3
struck,3
recapture,3
mal,3
self-proclaimed,3
1965,3
obstacle,3
unwritten,3
katys,3
belief,3
courted,3
abusive,3
recognizes,3
conquered,3
mass,3
1966,3
dilapidated,3
world-renowned,3
illness,3
groups,3
preserve,3
wise,3
cape,3
talents,3
spoken,3
believed,3
feud,3
girlie,3
dresses,3
insists,3
tear,3
treatments,3
charm,3
evita,3
unite,3
transfers,3
cynical,3
spice,3
piers,3
everyday,3
bank,3
fully,3
solange,3
aware,3
pregnancy,3
odyssey,3
clinic,3
rockumentary,3
rehearsing,3
discipline,3
philippe,3
practices,3
hapless,3
darin,3
flop,3
territorial,3
chet,3
republic,3
fictitious,3
heading,3
kick,3
walks,3
boasts,3
orwell,3
tones,3
similarly,3
posh,3
cass,3
authorized,3
aberdeen,3
worries,3
arrive,3
insiders,3
portraits,3
mud,3
impromptu,3
sparrow,3
budding,3
transports,3
'60s,3
mack,3
storyline,3
heroes,3
trapped,3
spotty,3
hopeless,3
annabelle,3
cassette,3
demos,3
headlining,3
committed,3
1987,3
130,3
threat,3
pals,3
wakes,3
tin,3
restore,3
disappearance,3
porno,3
profiles,3
beatle,3
valuable,3
composers,3
till,3
glorious,3
harsh,3
towards,3
recounting,3
on-stage,3
rules,3
cruel,3
joyous,3
frontier,3
sailors,3
loose,3
innocent,3
cab,3
terrific,3
shots,3
noel,3
liam,3
davy,3
kramer,3
cbgb,3
launched,3
reviews,3
gilbert,3
successes,3
anger,3
rita,3
ballad,3
evidence,3
otherwise,3
investigates,3
abba,3
sung,3
knowledge,3
peachum,3
buys,3
brent,3
office,3
plots,3
busby,3
berkeley,3
unwilling,3
benchley,3
embarked,3
politics,3
philosophical,3
journalists,3
hamburg,3
ian,3
collective,3
closer,3
mafia,3
cuba,3
1,3
2,3
3,3
4,3
5,3
6,3
7,3
ones,3
bites,3
dust,3
9,3
lou,3
22,3
champions,3
bahia,3
tenement,3
sacrifices,3
write,3
iowa,3
mimi,3
coaxes,3
defect,3
sail,3
ashes,3
igniting,3
destruction,3
suffers,3
publicly,3
colour,3
jules,3
thugs,3
godfather,3
combine,3
den,3
rafael,3
buried,3
ivan,3
weddings,3
jordin,3
paid,3
somehow,3
annette,3
raj,3
rooms,3
wunderkind,3
considered,3
seventeen,3
heartbreaking,3
mate,3
lili,3
alaska,3
regular,3
passenger,3
obsessed,3
halloween,3
landing,3
inimitable,3
kaye,3
denmark,3
pays,3
legs,3
missed,3
dunn,3
prevent,3
traditions,3
twisted,3
focused,3
fishing,3
sinaloa,3
gather,3
footsteps,3
pan,3
extravagant,3
zadan,3
meron,3
twenties,3
spirits,3
defies,3
allie,3
recruited,3
blanket,3
segura,3
buenos,3
aires,3
lucas,3
jennifer,3
chases,3
coverage,3
affected,3
bomb,3
niall,3
robbie,3
jacqueline,3
stylish,3
progressive,3
interspersed,3
clarence,3
buddy,3
biz,3
salsa,3
perspective,3
sesame,3
sports,3
fitzgerald,3
delivers,3
wattstax,3
shelter,3
alien,3
cuts,3
clients,3
fella,3
mercy,3
rupert,3
surrealist,3
witness,3
drafted,3
smitten,3
effect,3
rid,3
bertrand,3
blythe,3
1976,3
kristofferson,3
decline,3
japans,3
thanks,3
reggaeton,3
rico,3
greed,3
parade,3
portraying,3
collaborators,3
lifelong,3
authentic,3
touching,3
ritsuko,3
mukae,3
karaoke,3
whimsical,3
vibrations,3
mumbai,3
owns,3
rattle,3
gibson,3
main,3
irving,3
mel,3
shayne,3
christine,3
inspector,3
touch,3
crimes,3
plague,3
blamed,3
compromise,3
mahler,3
alma,3
georgina,3
surrealistic,3
2010,3
vivaldi,3
acquires,3
rebecca,3
blonde,3
vladimir,3
response,3
venerated,3
trial,3
overbearing,3
forest,3
1998,3
backyard,3
fill,3
mac,3
custody,3
poker,3
haruta,3
chika,3
entrance,3
recruit,3
liberation,3
off-broadway,3
enemy,3
cameras,3
atomic,3
clutches,3
robespierre,3
mlanie,3
window,3
advice,3
futuristic,3
rehearsal,3
d12,3
doggy,3
surrender,3
promotional,3
excerpts,3
renato,3
russo,3
creators,3
entirely,3
received,3
puccini,3
promoter,3
gossip,3
partners,3
excellent,3
mysteriously,3
walker,3
tutor,3
hoodlum,3
heavily,3
jamaica,3
rebirth,3
romances,3
slight,3
controlling,3
easier,3
comprised,3
fiancee,3
supergroup,3
meant,3
brutally,3
murdered,3
gambler,3
cancer,3
laid,3
feisty,3
materials,3
locked,3
protective,3
pitch,3
xiv,3
throws,3
persuades,3
minor,3
slip,3
harder,3
topping,3
dreamers,3
monterey,3
redding,3
aims,3
torch,3
marty,3
visited,3
def,3
leppard,3
bake,3
sherry,3
african-american,3
unrest,3
peep,3
unleashes,3
drexel,3
risk,3
cares,3
nico,3
grateful,3
author,3
campaign,3
appreciate,3
intricate,3
skeleton,3
lynne,3
jed,3
lovelorn,3
depression-era,3
shipwrecked,3
hawley,3
trumpeter,3
restricted,3
harvey,3
frontman,3
officer,3
economic,3
joshua,3
influences,3
afternoon,3
georges,3
gathered,3
elves,3
collaborator,3
1989,3
injured,3
drastically,3
maestro,3
begun,3
edition,3
dandy,3
founders,3
cervantes,3
manservant,3
accused,3
theres,3
prefers,3
ska,3
naval,3
stern,3
tall,3
keeping,3
yorker,3
boxer,3
bette,3
sides,3
enormous,3
illustrate,3
apparently,3
ullman,3
trajectory,3
honmoku,3
dissolution,3
live-action,3
sita,3
goddess,3
abducted,3
josh,3
jungle,3
sneaks,3
muppet,3
regulars,3
dismay,3
odeon,3
spiders,3
sarah,3
churchill,3
sketch,3
dropped,3
9/8c,3
kennedys,3
tossed,3
confines,3
arising,3
seth,3
devastated,3
instantly,3
catalog,3
unit,3
widowed,3
cocky,3
columbia,3
lingo,3
low,3
ensures,3
personalities,3
wolves,3
lighthearted,3
roles,3
pianist/composer,3
frdric,3
chopin,3
organized,3
idiot,3
billie,3
bush,3
hate,3
passage,3
riding,3
30s,3
silly,3
listening,3
fun-loving,3
teeth,3
strings,3
veterans,3
barton,3
effects,3
in-depth,3
thirtieth,3
seats,3
cost,3
intending,3
kill,3
poses,3
chose,3
monty,3
embraced,3
twin,3
crowds,3
nichols,3
opposition,3
sensibilities,3
masterful,3
belgian,3
thompson,3
rivers,3
publicist,3
kent,3
increases,3
ziegfeld,3
afrikaans,3
keeper,3
enemies,3
laughter,3
blige,3
confused,3
strauss,3
elder,3
donna,3
jacob,3
marie,3
emma,3
develop,3
shocking,3
allows,3
explore,3
interactive,3
whirlwind,3
iranian,3
dominated,3
corruption,3
1974,3
football,3
tide,3
embroiled,3
taped,3
practice,3
sunbeam,3
pennyroyal,3
tea,3
sleep,3
sticky,3
debuted,3
beer,3
contestants,3
animusic,3
dimensions,3
policeman,3
acceptance,3
imposed,3
franchise,3
biographies,3
innovation,3
amour,3
producing,3
chronicled,3
endlessly,3
clocks,3
amassed,3
pin-up,3
frenzy,3
80s,3
rock'n'roll,3
lass,3
brooke,3
foursome,3
bullet,3
2005,3
eat,3
fourteen,3
vinyl,3
long-time,3
drums,3
corrupting,3
promoting,3
pavilion,3
extended,3
comprehensive,3
fine,3
literature,3
merging,3
certified,3
platinum,3
riaa,3
attempting,3
eventual,3
stopped,3
confronts,3
emerged,3
lip,3
coyne,3
display,3
thursday,3
marilyn,3
sympathy,3
provocative,3
kamen,3
leaf,3
made-for-tv,3
domineering,3
liszt,3
grammy-nominated,3
unlikely,3
elderly,3
fell,3
viewer,3
survivors,3
involvement,3
sheila,3
tate,3
nobody,3
han,3
poland,3
lisbon,3
purchases,3
brooks,3
border,3
yukiyo,3
boogie,3
girlfriends,3
slag,3
philharmonic,3
showcases,3
2013,3
laurel,3
gentleman,3
wounded,3
dive,3
fool,3
remote,3
gold-digging,3
address,3
adoring,3
bliss,3
medicine,3
documentarian,3
particularly,3
nijinsky,3
open-air,3
stunts,3
expect,3
values,3
virgil,3
goons,3
satellite,3
twelve,3
proves,3
suspects,3
adopt,3
maverick,3
paranoia,3
tomboy,3
believing,3
peak,3
lend,3
revival,3
luisa,3
reform,3
stylized,3
lester,3
invention,3
guess,3
dropping,3
stint,3
distortion,3
grandson,3
pre-war,3
operetta,3
depends,3
build,3
korean,3
meantime,3
wells,3
sing-along,3
soleil,3
diverse,3
overly,3
ragged,3
designed,3
sultry,3
outlaw,3
passed,3
boyfriends,3
towns,3
leaders,3
managers,3
joost,3
salute,3
solos,3
closely,3
landlady,3
arenas,3
mastered,3
ensue,3
ignited,3
belong,3
ginger,3
streaming,3
genres,3
added,3
choirs,3
relief,3
discuss,3
examining,3
seeger,3
ella,3
groom,3
proposes,3
pancho,3
unleashed,3
drowned,3
accurate,3
precisely,3
finest,3
treatment,3
persons,3
sending,3
outstanding,3
superbly,3
rod,3
mess,3
whenever,3
directing,3
showtime,3
moonlight,3
16mm,3
remastered,3
reported,3
parsons,3
insights,3
multi,3
essential,3
mask,3
ram,3
dominique,3
canteen,3
gasolin,3
technicolor,3
gil,3
giorgio,3
joselito,3
sibling,3
festive,3
selection,3
cd/dvd,3
subject,3
conversations,3
osborne,3
appeal,3
clean,3
hostess,3
julius,3
mixture,3
b-sides,3
seaside,3
kylie,3
freddy,3
cream,3
breathe,3
documentaries,3
eighth,3
reduced,3
dio,3
rider,3
prismatic,3
animaniacs,3
roy,3
blossoms,3
misfit,3
confessions,3
mothers,3
deeper,3
dissolve,3
artistically,3
prime,3
conceived,3
sentenced,3
katherine,3
jelly,3
photos,3
joel,3
luminaries,3
machine,3
lenny,3
published,3
friday,3
decemberunderground,3
daisy,3
polo,3
elaborately,3
theme,3
disturb,3
1940,3
alley,3
bells,3
idaho,3
ambient,3
universal,3
1956,3
out-of-work,3
orbison,3
zandt,3
approximately,3
wherever,3
represents,3
experimental,3
starred,3
krall,3
stevie,3
christina,3
aguilera,3
romantically,2
haynes,2
ricki,2
deserted,2
surprising,2
trained,2
norah,2
thus,2
beings,2
maintaining,2
stability,2
dictator,2
glover,2
ethan,2
disappear,2
prompts,2
cable,2
headliners,2
preparations,2
impressionistic,2
vie,2
marion,2
cotillard,2
persuaded,2
icons,2
signatures,2
immigrated,2
coyote,2
steal,2
humanity,2
machines,2
chooses,2
manero,2
dead-end,2
bodies,2
good-natured,2
empire,2
liverpool,2
vietnam,2
spiral,2
pioneered,2
1914,2
fleeting,2
gretta,2
ambitions,2
compose,2
blending,2
apprentice,2
dastardly,2
troy,2
ashley,2
vanessa,2
questions,2
rushed,2
masked,2
jett,2
runaways,2
interpretation,2
brilliantly,2
coat,2
mitchie,2
slick,2
luke,2
dana,2
sensational,2
stake,2
jeans,2
1961,2
t-birds,2
fix,2
stephanie,2
daniels,2
jessica,2
hitting,2
gifts,2
gran,2
depicted,2
define,2
emerge,2
heavy-metal,2
sequence,2
selma,2
disorder,2
rhythmic,2
invents,2
oscar-nominated,2
spills,2
tongues,2
serving,2
hannigan,2
element,2
irreverent,2
wit,2
flat,2
frank-n-furter,2
innocence,2
valerie,2
pool,2
absorbing,2
slaves,2
suits,2
scooter,2
anymore,2
victory,2
initially,2
prepared,2
pierre,2
boyz,2
bubbly,2
terrible,2
slade,2
escaped,2
washed,2
austin,2
mogul,2
waitress,2
shock,2
spans,2
present-day,2
arrogant,2
cockroaches,2
dash,2
expatriate,2
associate,2
henri,2
lonely,2
convenience,2
motorcycle-riding,2
delinquent,2
villagers,2
temporary,2
taxes,2
bhuvan,2
unless,2
case,2
province,2
shelley,2
mushnik,2
co-worker,2
berated,2
daily,2
supper,2
easily,2
disapproval,2
sr.,2
ernie,2
superior,2
cold,2
20s,2
luther,2
stole,2
reigning,2
area,2
cheetah,2
tribal,2
receiving,2
notice,2
firing,2
glove,2
admiral,2
submarine,2
organize,2
tactics,2
gigi,2
caron,2
bollywood,2
connect,2
hard-living,2
humans,2
breakout,2
flagship,2
venture,2
strains,2
rotten,2
depths,2
beers,2
thorndyke,2
nervous,2
framed,2
psychiatric,2
condition,2
revisits,2
surface,2
indeed,2
raid,2
superstardom,2
houses,2
sheep,2
violence,2
chuck,2
steps,2
annoyance,2
sleeping,2
jodhaa,2
akbar,2
emperor,2
prospector,2
christopher,2
wallace,2
hustler,2
hawkins,2
bones,2
voyage,2
board,2
chanticleer,2
rooster,2
nyc,2
fortunately,2
crosses,2
foot,2
busking,2
usher,2
kingston,2
parts,2
grossing,2
chanel,2
dorinda,2
cheetahs,2
paths,2
reno,2
witnesses,2
rescues,2
popeye,2
olive,2
hanover,2
cuban,2
gigs,2
subway,2
preparing,2
deepika,2
fozzie,2
piggy,2
magnate,2
grown,2
cabaret,2
lauren,2
sacrifice,2
enlisted,2
cross-country,2
curtis,2
hopelessly,2
disgruntled,2
arizona,2
unbeknownst,2
brutal,2
craft,2
composing,2
newman,2
tracing,2
exploring,2
crossroads,2
happening,2
generation-defining,2
separation,2
anime,2
house-musical,2
leiji,2
matsumoto,2
decadence,2
cedric,2
hervet,2
animators,2
symbiotically,2
rabbitte,2
tick,2
barrytown,2
slum,2
slowly,2
click,2
fine-voiced,2
females,2
yard,2
deco,2
responding,2
fagan,2
epidemic,2
bio-tech,2
organ-financing,2
standard,2
repossession,2
clause,2
seventies,2
groupies,2
lightning,2
sunk,2
lodged,2
fruits,2
abuse,2
infidelity,2
mae,2
smaltzy,2
needed,2
archenemy,2
uma,2
ursula,2
opus,2
redefine,2
exposes,2
dedication,2
all-access,2
unwavering,2
instruments,2
bypass,2
enrolling,2
fraternities,2
street-style,2
mara,2
susana,2
denominator,2
rebellion,2
ecclesiastic,2
hymn,2
1944,2
jiminy,2
bongo,2
beanstalk,2
tina,2
ike,2
carley,2
skater,2
3.5,2
type,2
sarcoma,2
josie,2
val,2
pawns,2
valens,2
sandler,2
animal,2
pushes,2
extraordinarily,2
relentless,2
uncontrollable,2
ensuing,2
convert,2
flight,2
music-driven,2
competing,2
egos,2
melea,2
strict,2
rents,2
howard,2
calamity,2
corky,2
blaine,2
missouri,2
mockumentary,2
spinal,2
tap,2
godmother,2
adulthood,2
wildest,2
earning,2
faust,2
disfigured,2
gale,2
theresa,2
merritt,2
greene,2
introverted,2
robb,2
13th,2
entourage,2
francois,2
rochefort,2
demy,2
dumb,2
preparation,2
imposes,2
jester,2
faded,2
opposing,2
russian,2
responsibility,2
delving,2
mundane,2
musically,2
freccia,2
tito,2
keen,2
remembers,2
honeymoon,2
dixieland,2
1977,2
drawing,2
gentle,2
snowstorm,2
perseverance,2
blistering,2
fences,2
assistance,2
appointed,2
cowabunga,2
surfers,2
brady,2
maia,2
mention,2
reindeer,2
verses,2
aristophanes,2
50s,2
emerald,2
culminating,2
hour,2
cheating,2
assorted,2
rat,2
starlet,2
ollie,2
orfeu,2
eurydice,2
brazilian,2
margaret,2
winnie,2
pooh,2
casey,2
renee,2
darker,2
shes,2
blend,2
biblical,2
billionaire,2
refuge,2
fading,2
gabey,2
ozzie,2
coney,2
anthropologist,2
council,2
mermaid,2
bloody,2
edinburgh,2
highschool,2
descended,2
teased,2
dete,2
adolph,2
lens,2
attraction,2
associates,2
administration,2
fed,2
pastoral,2
gates,2
gotten,2
detailing,2
back-stage,2
tiger,2
eagle,2
knife,2
beggars,2
state-of-the-art,2
neighbour,2
fancies,2
theyre,2
gracefully,2
abby,2
doesnt,2
jordan,2
deacon,2
legions,2
continuously,2
demands,2
brigadoon,2
crown,2
stolen,2
garrett,2
untold,2
baez,2
donovan,2
significant,2
sutcliffe,2
dorff,2
gal,2
protagonist,2
8,2
irony,2
humor,2
impressed,2
scam,2
uninhibited,2
woos,2
knowing,2
pose,2
unknowingly,2
code,2
maine,2
ongoing,2
horror,2
spread,2
passengers,2
refugees,2
vessel,2
rudolph,2
nose,2
vhs,2
parisian,2
slips,2
doll,2
fields,2
sorts,2
re-invention,2
in-between,2
must-see,2
grief,2
palagna,2
bolton,2
sadness,2
overcoming,2
affluent,2
nationally,2
old-time,2
hide,2
surf,2
toughs,2
milk,2
attended,2
transform,2
brains,2
'70s,2
hackney,2
zach,2
willing,2
ill-fated,2
1969,2
earlier,2
lay,2
tulsa,2
dynamite,2
seduce,2
transferred,2
average,2
sammi,2
curr,2
toto,2
befriended,2
asteroid,2
importance,2
shoemaker,2
knack,2
spinning,2
resident,2
andre,2
orphans,2
navigates,2
larson,2
breathtaking,2
lows,2
unravel,2
achievement,2
subgenres,2
rallies,2
hugo,2
evicted,2
hamptons,2
retired,2
flashbacks,2
merle,2
families,2
soaring,2
fearless,2
carson,2
villainous,2
huxley,2
regret,2
axel,2
rediscover,2
diego,2
12-year-old,2
ariana,2
grande,2
pharrell,2
spike,2
concepts,2
unannounced,2
commercially,2
siro,2
woods,2
o'malley,2
parish,2
throw,2
fleet,2
snobbish,2
maximilian,2
fancy,2
visiting,2
reconcile,2
vaudevillian,2
slave,2
virgin,2
nations,2
trademark,2
burnham,2
prohibition-era,2
racketeer,2
toast,2
schemes,2
massenets,2
enchanting,2
cendrillon,2
laurent,2
acclaim,2
teatre,2
liceu,2
covent,2
madame,2
brussels,2
bigelow,2
namely,2
adapted,2
obsession,2
societies,2
gangsters,2
liner,2
decadent,2
attained,2
riches,2
respect,2
brash,2
circumstances,2
salvation,2
reggae,2
rican,2
assassination,2
joplin,2
wheeler,2
grade,2
komatsu,2
duets,2
roads,2
hooley,2
founded,2
hails,2
bugs,2
siegfried,2
fanny,2
jay,2
cultures,2
claudin,2
murders,2
networks,2
conversion,2
catholicism,2
involving,2
objections,2
removed,2
bessie,2
'30s,2
godard,2
altman,2
aria,2
1911,2
hewes,2
crushed,2
protegee,2
vowing,2
individuality,2
old-fashioned,2
andrea,2
straight-a,2
womanhood,2
boring,2
bookish,2
wannabee,2
cybil,2
outgoing,2
critic,2
par,2
cruisers,2
bombshell,2
circa,2
jerks,2
germs,2
election,2
reinstalled,2
legitimacy,2
putins,2
radical-feminist,2
pussy,2
balaclavas,2
tights,2
entered,2
moscows,2
cathedral,2
dared,2
banish,2
indian-based,2
pundit,2
vikram,2
gokhale,2
rafilini,2
salman,2
aishwarya,2
rai,2
vanraj,2
ajay,2
devgan,2
1939,2
airwaves,2
soon-to-be,2
whodunit,2
amamiya,2
shu,2
moriwaki,2
elementary,2
picked,2
ichinose,2
kai,2
animenewsnetwork,2
publicized,2
rapaport,2
workings,2
vitus,2
highly-gifted,2
teo,2
gheorghiu,2
katakuri,2
commits,2
sumo,2
wrestler,2
underage,2
grave,2
mes,2
felizes,2
lucinha,2
arajo,2
cazuza,2
circo,2
voador,2
apotheosis,2
baro,2
vermelho,2
hiv,2
feature-film,2
archives,2
240,2
solt,2
unavailable,2
alchoholic,2
sledge,2
enables,2
flautist,2
hilary,2
pr-finzi,2
stood,2
stunner,2
bey,2
cropduster,2
hitch-hike,2
sue-lin,2
diane,2
gathers,2
flute,2
hundred,2
jeannette,2
caused,2
reason,2
arc,2
kathy,2
arch,2
andy,2
14-year-old,2
arlo,2
mewsette,2
ruthless,2
ignored,2
grueling,2
involves,2
proof,2
dre,2
nate,2
freda,2
rusty,2
smothers,2
ghost,2
heal,2
abortion,2
speakeasy,2
modified,2
garnered,2
immediate,2
rent,2
bronx,2
exposing,2
peters,2
barely,2
mill,2
jo-ann,2
wanting,2
costs,2
eugene,2
books,2
nightmares,2
groove,2
regrets,2
vice,2
tired,2
provided,2
playboys,2
talks,2
weary,2
hooked,2
clawdeen,2
ghouls,2
mississippi,2
hayworth,2
challenged,2
incapable,2
possessive,2
realises,2
stealing,2
equipment,2
suite,2
genetically,2
motives,2
destructive,2
monsieur,2
sainte,2
colombe,2
avoiding,2
marin,2
marais,2
taught,2
kwimper,2
adopted,2
embrace,2
lovato,2
unhappily,2
fast,2
flavors,2
sleeve,2
sings,2
kinshasa,2
differences,2
mobster,2
gauche,2
bilge,2
pro,2
wrecking,2
trades,2
partying,2
dum,2
borrow,2
employer,2
hemsley,2
'50s,2
wade,2
rebels,2
achieved,2
ninotchka,2
agents,2
retrieve,2
gradually,2
hiatus,2
cbs,2
vineyard,2
harvest,2
gulliver,2
managed,2
compared,2
tamino,2
kidnapped,2
pamina,2
pitfalls,2
screenplay,2
si-hyun,2
memory,2
celebrations,2
black-and-white,2
seurat,2
lapine,2
abbey,2
tyne,2
greenwood,2
fort,2
pretending,2
offensive,2
regional,2
anxious,2
scary,2
midway,2
expanded,2
jonestown,2
warhols,2
inquisition,2
prisoners,2
intention,2
carries,2
defense,2
yunupingu,2
haunting,2
mechanical,2
exists,2
admirer,2
morgana,2
tromp,2
cheats,2
shimmer,2
equal,2
location,2
cache,2
diamonds,2
routine,2
contact,2
colleagues,2
piper,2
marine,2
o'brien,2
ballerina,2
bubbles,2
lucille,2
thankless,2
co-starring,2
1966,2
resurrected,2
miraculously,2
ramayana,2
rama,2
voiced,2
terrorist,2
fake,2
doc,2
illegal,2
alter,2
quintessential,2
highlighting,2
takarazuka,2
uplifting,2
reunites,2
flee,2
kimberly,2
escort,2
therefore,2
stairway,2
endure,2
terwilliker,2
plumber,2
monsters,2
zenith,2
symbol,2
beautifully,2
ease,2
instructs,2
fits,2
jock,2
merry,2
k.c,2
intends,2
armstrong,2
shut,2
comment,2
carved,2
insider-hang,2
testimonial,2
81st,2
spanned,2
viva,2
sucked,2
dragged,2
spouts,2
lib,2
discard,2
bra,2
camps,2
orgies,2
bisexuality,2
sadism,2
bohemia,2
infinite,2
virtual,2
tablet,2
frake,2
patriarch,2
abel,2
winninger,2
swine,2
blueboy,2
bainter,2
mincemeat,2
pickles,2
film/live,2
mylo,2
xyloto,2
2011,2
dugdale,2
bell,2
romanian,2
frames,2
misdeed,2
kenneth,2
branagh,2
labour,2
navarre,2
oath,2
renounce,2
honour,2
concerned,2
divorcee,2
clothing,2
boutique,2
adjustment,2
symphonies,2
duck,2
faking,2
stomach,2
aches,2
labor,2
all-important,2
broad,2
florentino,2
fernandez,2
unquestioned,2
lame,2
sabina,2
vane,2
jaydy,2
clare,2
lent,2
essence,2
uberta,2
swashbuckling,2
shipwreck,2
seclusion,2
ferociously,2
dwell,2
attached,2
sirens,2
sapphire,2
rosalie,2
professionally,2
seeds,2
prices,2
destroyed,2
osh,2
cousin,2
shocked,2
concept,2
stopping,2
healthy,2
clementi,2
glenda,2
loving,2
leela,2
reborn,2
ryusuke,2
evolved,2
whilst,2
devereaux,2
amusement,2
ferreira,2
melanie,2
reel,2
dwarf,2
goose,2
greta,2
laurie,2
design,2
assassins,2
fledgling,2
library,2
obliged,2
touched,2
raucous,2
pulsating,2
cry,2
argentine,2
hung,2
winnipeg,2
legless,2
baroness,2
saddest,2
flock,2
chester,2
serbia,2
gavrilo,2
succumbing,2
pathetic,2
drunkard,2
express,2
robotic,2
laser-precision,2
rapid-fire,2
bearings,2
pipe,2
serene,2
harp,2
melding,2
splash,2
skelton,2
flames-and-fountains,2
aquatic,2
implementation,2
language,2
instruction,2
shoots,2
classroom,2
shame,2
miriam,2
makeba,2
apartheid,2
masombuka,2
whoopi,2
goldberg,2
imprisoned,2
conscious,2
dairy-farming,2
invigorating,2
health-tonic,2
weebe,2
sponsored,2
liquapep,2
risky,2
pursed,2
frenchman,2
lanet,2
remembered,2
miraculous,2
sprang,2
unassuming,2
mustang,2
horses,2
incendiary,2
periods,2
hostility,2
previews,2
majestic,2
waterfall,2
foreground,2
canoe,2
cradle,2
survived,2
leadville,2
cigar,2
wrapper,2
replica,2
gemstones,2
browns,2
crowned,2
brawl,2
titanic,2
delves,2
nas,2
1994,2
ceilidh,2
virginity,2
curse,2
centuries,2
congregation,2
disarray,2
nemesis,2
collision,2
lizzy,2
culled,2
elevation,2
once-famous,2
lonette,2
mckee,2
ruined,2
kenny,2
nash,2
paired,2
installment,2
shooter,2
stripping,2
newton,2
stooges,2
eddy,2
russells,2
stylistically,2
old-school,2
outr,2
ode,2
pianist/first-time,2
janusz,2
olejniczak,2
achieveing,2
wistful,2
ahem,2
overzealous,2
phalanx,2
admirers,2
lush,2
expertly,2
hyper-imaginary,2
near-constant,2
post-70s,2
artpop,2
120,2
0,2
accomplishment,2
stretching,2
sealed,2
redefined,2
superstition,2
overjoyed,2
knocks,2
feet,2
research,2
axl,2
jamming,2
surviving,2
silence,2
engage,2
activity,2
whatelys,2
revelatory,2
bowies,2
early-80s,2
comedy/musical,2
parodies,2
references,2
raiders,2
ark,2
swords,2
mabel,2
blacklisted,2
airlines,2
helicopter,2
charter,2
rockin,2
warp,2
backward,2
airport,2
astronomer,2
canaveral,2
afro-american,2
singa,2
one-night,2
146,2
lorne,2
michaels,2
dickins,2
beth,2
mccarthy-miller,2
pinned,2
3-day-rock-,2
metal-festival,2
non-stop,2
blast,2
80,2
annually,2
shadows,2
peck,2
undertakes,2
herculean,2
companys,2
422nd,2
embryonic,2
422,2
skill,2
endurance,2
dancersas,2
thrashed,2
heaviest,2
fatih,2
akin,2
istanbul,2
turkish,2
siamese,2
grooms,2
freakish,2
strangeness,2
sergio,2
andrade,2
midas,2
pop/rock,2
trevi,2
invest,2
wiped,2
revisit,2
liza,2
minnelli,2
stable,2
jacki,2
remu,2
broke,2
listeners,2
cleveland,2
freed,2
1950,2
faithfully,2
print,2
mattias,2
thuresson,2
korn,2
theodorakis,2
vigo,2
scar,2
unhealthy,2
forgotten,2
retreat,2
homes,2
eukariah,2
moose,2
motion,2
rousing,2
franz,2
invitation,2
elopes,2
asleep,2
memaw,2
core,2
buffalo,2
unemployed,2
chin-ching,2
randall,2
fingers,2
sensory,2
xavier,2
interviewed,2
spirited,2
disneyland,2
ford,2
details,2
eldest,2
1930,2
episodes,2
cure,2
hour-long,2
whipple,2
sonny,2
providing,2
attributed,2
moteki,2
cute,2
rhythm,2
1.1,2
2014,2
kinski,2
regarded,2
luna,2
margarita,2
portrayed,2
acting,2
contributions,2
trina,2
nursery,2
palmer,2
cos,2
tutte,2
studied,2
romola,2
diaghilev,2
pyrotechnics,2
industrial,2
magnificently,2
collateral,2
mgm,2
inherit,2
wives,2
newfound,2
elvira,2
belongs,2
telstar,2
enjoyed,2
snakes,2
arrows,2
grindcore,2
rasnick,2
deeply,2
rodolfo,2
effort,2
draw,2
lifesaving,2
prairie,2
ryman,2
exaggeration,2
45-minute,2
generally,2
two-piece,2
explode,2
ripping,2
interpreting,2
debuting,2
yet-to-be-released,2
sacrificing/burning,2
unhinged,2
feedback,2
enhance,2
whisper-to-scream,2
explored,2
soul-frazzled,2
coltrane,2
margie,2
inspite,2
boats,2
post-war,2
franco,2
second-rate,2
wretched,2
advantage,2
caprices,2
'la,2
corte,2
faran,2
ironically,2
obscene,2
censorship,2
justice,2
theory,2
chimpanzee,2
fliers,2
nolan,2
g.i.s,2
transit,2
ferry,2
furious,2
starlift,2
whereby,2
flown,2
outbound,2
inbound,2
famine,2
ruling,2
xvi,2
revolt,2
governess,2
antoinette,2
stirrings,2
danton,2
maximilien,2
camille,2
desmoulins,2
assault,2
bastille,2
seals,2
stritch,2
thai,2
injecting,2
formalin,2
debt-collecting,2
monks,2
mcginn,2
heifetz,2
1973,2
costing,2
2.5,2
promotion,2
radiohead,2
burn-out,2
progresses,2
inaugural,2
misfired,2
flirtation,2
lieutenant,2
assumes,2
false,2
3-hour,2
tony-winning,2
imaginative,2
showstoppers,2
toe-tapping,2
1941,2
hyperactive,2
challeged,2
pest,2
oogie,2
killers,2
waylon,2
jennings,2
nassau,2
highwayman,2
aint,2
folsom,2
stallion,2
mcgee,2
desperados,2
luckenbach,2
monkey,2
four-part,2
16th-century,2
sutras,2
ling,2
yun,2
replacement,2
egotistic,2
quit,2
fervently,2
drumming,2
needless,2
bang,2
showmen,2
dunstan,2
knocked,2
unconscious,2
delirium,2
imagines,2
hitchhiking,2
modern-day,2
dim-witted,2
surfer-lad,2
surfie,2
53rd,2
acm,2
reba,2
mcentire,2
dissapears,2
tritons,2
barn,2
24-track,2
beasties,2
vanish,2
hania,2
izabella,2
miko,2
hoffmann,2
nuremberg,2
stella,2
interval,2
tavern,2
filmic,2
offenbach,2
non-aquatic,2
gear,2
fills,2
montalban,2
abandons,2
counterpart,2
hiphopera,2
hots,2
scorching,2
'leaves,2
speechless,2
crooked,2
luietenant,2
blaze,2
have-,2
seargeant,2
derrick,2
stops,2
wants-,2
ominous,2
tarot,2
cards,2
prophecy,2
mame,2
madcap,2
disrupted,2
deceased,2
entrusted,2
bahamas,2
estefan,2
oye,2
tierra,2
medleys,2
conga/1-2-3/get,2
feet/rhythm,2
gon,2
caribea,2
celia,2
cruz,2
marc,2
feliciano,2
bio,2
gallery,2
1990,2
warehouse,2
exploding,2
organisers,2
punters,2
elite,2
vip,2
super-villas,2
hedonism,2
drift,2
solid,2
sun-king,2
establishing,2
absolute,2
realm,2
#NOMBRE?,2
religious/civil,2
wars-,2
brilliancy,2
matured,2
treats,2
carlota,2
marciano,2
martnez,2
majagual,2
sucre,2
accordion,2
cursed,2
fermn,2
yull,2
nez,2
admires,2
juglar,2
ash,2
wednesday,2
donkey,2
caribbean,2
region,2
colombia,2
taroa,2
casero,2
uribia,2
jurisdiction,2
guajira,2
participates,2
valledupar,2
counter,2
rapid,2
underhand,2
technologies,2
continuing,2
downloading,2
weller,2
bragg,2
nerina,2
pallot,2
boon,2
cherish,2
dutt,2
saira,2
banu,2
awful,2
creates,2
ruse,2
padosan,2
hindi,2
must-watch,2
istvn,2
kirly,2
levente,2
szrnyi,2
jnos,2
brdy,2
saint,2
ezredfordul,2
mikls,2
boldizsr,2
co-wrote,2
libretto,2
budapest,2
gbor,2
koltay,2
minorities,2
chains,2
resurfaced,2
all-acoustic,2
lists,2
staley,2
four-night,2
residency,2
double-dvd,2
multi-angle,2
options,2
maracana,2
upgrade,2
michelle,2
rowland,2
101,2
codirected,2
esteemed,2
synthesizer,2
worrying,2
slow,2
observe,2
sites,2
alarm,2
gahan,2
describe,2
steroid-based,2
throat,2
package,2
uninterrupted,2
blasphemous,2
rumours,2
exultant,2
counts,2
informative,2
40-something,2
keogh,2
buck,2
juggles,2
arjen,2
lucassen,2
broek,2
dynasty,2
carters,2
cashes,2
decades-long,2
toros,2
editors,2
black/,2
flames/,2
thunderstruck/,2
thythm/,2
thrill/,2
man/,2
hail,2
caesar/,2
hells,2
bells/,2
dog/,2
jack/,2
ballbreaker/,2
pollution/,2
deeds,2
dirt,2
cheap/,2
shook,2
long/,2
roise/,2
tnt/,2
hell/,2
wows,2
breath-taking,2
intercut,2
halo,2
gut-wrenching,2
woven,2
consider,2
vinnie,2
kisi,2
kum,2
nahin,2
disqualified,2
copied,2
cheaters,2
departs,2
remove,2
vishnu,2
zetterlund,2
displacement,2
uganda,2
martian,2
latimer,2
greasy-spoon,2
plentiful,2
predicament,2
bachelors,2
criticism,2
enthusiastic,2
wonderfully,2
bewitchingly,2
spins,2
stomps,2
celtic,2
flatley,2
departed,2
mellifluous,2
spillane,2
lamentations,2
resembles,2
bagpipe,2
brace,2
enya,2
sound-alike,2
choral,2
anuna,2
age-style,2
flamenco,2
repetitive,2
judging,2
ovations,2
continued,2
foot-stomping,2
natale,2
selon,2
rien,2
n'est,2
conu,2
surtout,2
pas,2
shampoings,2
produits,2
beaut,2
vente,2
disques,2
animateur,2
dnonce,2
escroquerie,2
l'antenne,2
lui,2
vaut,2
d'tre,2
licenci,2
rapparatra,2
sur,2
nouvelles,2
ondes,2
avec,2
vrit,2
conceited,2
renew,2
complicating,2
comin,2
sourcing,2
drawings,2
hendrixs,2
illustrated,2
illuminated,2
vernon,2
gibbons,2
dweezil,2
zappa,2
williamson,2
reminisces,2
intersect,2
briefly,2
concludes,2
calloway,2
awe-inspiring,2
pour,2
sweat,2
yussuf,2
aliosha,2
caspian,2
fishboats,2
kolkhoz,2
misha,2
renfro,2
adjust,2
bacon,2
hurting,2
affects,2
lying,2
ac/dc,2
mosters,2
donington,2
iso-cam,2
pets,2
tantalizing,2
sizzling,2
cheering,2
'live,2
'these,2
estadio,2
nacional,2
ardently,2
latino,2
chilean,2
backdrops,2
musicianship,2
jaw-dropping,2
encapsulates,2
perfection,2
flemming,2
socially-conscious,2
coked-out,2
melodic,2
yoshiki,2
prejudices,2
taste,2
wine,2
ships,2
all-male,2
extending,2
stalled,2
roadster,2
financially,2
strapped,2
hard-hitting,2
friendships,2
regained,2
docu-drama,2
dramatically,2
recreated,2
1946,2
purports,2
evelyn,2
keyes,2
benson,2
approximating,2
keeler,2
demarest,2
donath,2
tamara,2
scotty,2
beckett,2
bankrupt,2
nudie,2
debtors,2
ownership,2
finance,2
foreclose,2
eterne,2
liang,2
zhu,2
ying,2
tai,2
huangmei,2
hsiang,2
butterfly,2
penultimate,2
streamed,2
full-length,2
syrtis,2
newly-colonized,2
eraserhead,2
christmas-time,2
childlike,2
realistic,2
yaphank,2
pesonal,2
tell-all,2
wren,2
sued,2
libeling,2
rashmon,2
accuses,2
colonial,2
muziekcentrum,2
vredenburg,2
utrecht,2
dec,2
elegantly,2
purposely,2
d'este,2
tivoli,2
filters,2
fountains,2
baroque,2
statuary,2
sensuous,2
lit,2
hybrid,2
noir,2
loner,2
rehab,2
hunted,2
talisman,2
christians,2
muslims,2
lionheart,2
lindsey,2
stirling,2
challenging,2
traumatic,2
one-of-,2
a-kind,2
budokan,2
5th,2
nippon,2
budoukan,2
commemorating,2
ponyo,2
hayao,2
conducting,2
200-member,2
vocalists,2
800,2
ippan,2
koubo,2
ritsuyuukai,2
160-piece,2
altogether,2
1160,2
projected,2
7th,2
bangladesh,2
godhead,2
catch-phrase,2
bitterly,2
satisfaction,2
sheds,2
openness,2
butch,2
dissects,2
isolating,2
reassembling,2
recreate,2
rihanna,2
2007,2
in-concert,2
two-cd,2
congeals,2
reinterpretations,2
canon,2
contrarily,2
omitted,2
colise,2
pepsi,2
blackened,2
voting,2
teaser,2
security,2
switchboard,2
pulling,2
pans,2
fence,2
tilts,2
tennant,2
400th,2
anti-authoritarians,2
blink-182,2
hoppus,2
flea,2
mcilrath,2
lindberg,2
skate,2
pennywise,2
hysterical,2
belting,2
anthem,2
'fuck,2
embracing,2
authoritarian,2
mid-life,2
fatherhood,2
intercuts,2
cell,2
detached,2
indifferent,2
ruin,2
stowaway,2
sammy,2
fong,2
wordsmiths,2
canto-pop,2
wong,2
repertoire,2
phang,2
fashion-savvy,2
lyricist,2
relive,2
feast,2
senses,2
3-blu-ray,2
mapuche,2
elicura,2
chihuailaf,2
trawvn,2
kalfu,2
compositive,2
francisca,2
valenzuela,2
nano,2
vasconcellos,2
manuel,2
garca,2
juanito,2
ayala,2
tata,2
barahona,2
sazo,2
unleashing,2
unlimited,2
opportunites,2
democratized,2
flooded,2
democracy,2
mediocrity,2
addressed,2
presspauseplay,2
constructed,2
symbols,2
baton-toting,2
drunk,2
jug,2
staggers,2
goofily,2
staves,2
kurdish,2
iran,2
iraqi,2
kurdistan,2
rounding,2
derelict,2
denying,2
recurring,2
halts,2
hesho,2
add,2
difficulty,2
undertaking,2
gullible,2
zany,2
craziness,2
all-american,2
starkid,2
2014,2
replicating,2
mcdoon,2
cletus,2
cornwallis,2
blessed,2
cunningham,2
rescued,2
undergoes,2
psychological,2
drove,2
nicholas,2
05-jun,2
herzog,2
soave,2
fanciulla,2
boheme,2
pair-o-dice,2
dispatches,2
slow-witted,2
slow-talking,2
sinful,2
conductor/singer,2
colombian-born,2
mongoose,2
titled,2
privado,2
mcvicars,2
giulio,2
cesare,2
convincing,2
subtle,2
nuances,2
transparent,2
definition,2
connolly,2
enlightenment,2
energising,2
baton,2
christie,2
handels,2
bloom,2
sub,2
noteworthy,2
premiering,2
brel,2
mckuen,2
buckinghamshire,2
gavin,2
tube,2
amounting,2
own.as,2
shirley-smith,2
fredriksson,2
analogue,2
pcm,2
dts,2
ko-chanis,2
repression,2
guinea,2
make-up,2
gaku-chan,2
bucket,2
nerves,2
momo-chan,2
botched,2
self-tattooing,2
jin,2
stratocaster,2
equation,2
leather-clad,2
shade-wearing,2
tani,2
tamaki,2
inseparable,2
r'n'r,2
jinnai,2
firmly,2
seated,2
retroactively,2
proclaiming,2
16-year-old,2
athlete,2
elephants,2
red-hot,2
platinum-selling,2
shake,2
tevin,2
pharmacist,2
frhlich,2
soiree,2
saluting,2
attest,2
inveterate,2
uniquely,2
integrated,2
redman,2
mcbride,2
flip,2
mcpherson,2
slide,2
hampton,2
thelonious,2
kyle,2
scintillating,2
multi-level,2
obie,2
trice,2
stat,2
entities,2
tier,2
world-,2
slightly,2
unstable,2
hypochondriac,2
surrogate,2
resentful,2
outta,2
todrick,2
nicole,2
scherzinger,2
w.w.i,2
on-again,2
off-again,2
wesley,2
overactive,2
seatle,2
conside,2
'nevermind,2
lance,2
bangs,2
personally,2
representation,2
drain,2
breed,2
buzz,2
lithium,2
creep,2
blew,2
rape,2
pissings,2
saigal,2
settled,2
thailand,2
fairly,2
harmonious,2
ramanathan,2
produces,2
photographic,2
buries,2
elsewhere,2
rajvir,2
singh,2
inquire,2
thereafter,2
incriminating,2
burying,2
findings,2
toki,2
abigail,2
minchin,2
autistic,2
newsboy,2
cause,2
assembled,2
tapes,2
nathan,2
lito,2
checco,2
slavery,2
thy,2
beery,2
impulsively,2
thumb,2
inheritance,2
klivia,2
boordevool,2
ages,2
gerrit,2
frost,2
stirring,2
assured,2
alonzo,2
kipps,2
steele,2
vera,2
astronauts,2
congee,2
evanescence,2
breath,2
shiek,2
plotting,2
overthrow,2
apposing,2
attacks,2
villages,2
conduct,2
investigation,2
legionaire,2
claud,2
benji,2
kidd,2
azuri,2
prisoner,2
rib-tickling,2
situations,2
goof,2
10:00:02,2
81-800,2
indio,2
incarnations,2
gold-rush,2
casino/dance,2
mayumi,2
aki,2
hoshino,2
erotic,2
tortures,2
instructors,2
kekko,2
misaki,2
mori,2
nunchakus,2
reprise,2
20092010,2
off-beat,2
observation,2
deposit,2
conventionality,2
holmes,2
advantages,2
boop-boop-a-doop,2
farmstead,2
tires,2
bustle,2
hustle,2
tawdry,2
blissful,2
mundaneness,2
drudgery,2
wifedom,2
sophia,2
brownlee,2
mcclelland,2
skellern,2
trannsexual,2
jayne,2
formerly,2
storming,2
chairs,2
blackpool,2
1996,2
brainwashed,2
laerte,2
lzaro,2
ramos,2
osesp,2
heliopolis,2
10-year-old,2
newborn,2
appendages,2
plastic,2
cosmetic,2
surgery,2
amputation,2
vintage,2
cadillac,2
autumn-colored,2
alanis,2
baba,2
thank,2
infatuation,2
junkie,2
jagged,2
pill,2
moderately,2
u.s,2
nena,2
ex-student,2
dealers,2
abbott,2
senators,2
league,2
pennant,2
sorrow,2
studies,2
janice,2
twinkle,2
weir,2
input,2
progress,2
cheek,2
associated,2
mudhoney,2
mute,2
wakko,2
alfredo,2
wight,2
sorry,2
chin,2
lung,2
achtung,2
garages,2
pardner,2
vallee,2
libeled,2
trek,2
clarinet,2
besides,2
apulanta,2
rage,2
explodes,2
vijay,2
afi,2
booklet,2
worked,2
lima,2
peru,2
peruvian,2
dongrijungsa,2
eight,2
gabriel,2
syd,2
macheath,2
raging,2
ex-foreman,2
geek,2
dickerson,2
solomon,2
soshanna,2
century-fox,2
endeavors,2
peterson,2
stills,2
chilly,2
mohanlal,2
vishal,2
bjrk,2
meredith,2
thrilling,2
testament,2
songsmith,2
underserved,2
relics,2
happiest,2
filthy,2
southampton,2
dock,2
01-ago,2
pros,2
cons,2
hitch,2
hiking,2
01-feb,2
bravery,2
amused,2
damage,2
eclipse,2
candle,2
rockshow,2
promoter/producer,2
marucci,2
avalon,2
fabian,2
transformative,2
characterized,2
miscarries,2
acquiring,2
'underground,2
sombre,2
maple,2
70th,2
boulevard,2
creator,2
lin-manuel,2
sara,2
bareilles,2
currently,2
represented,2
dreamcoat,2
tait,2
co-ed,2
marlowe,2
vamp,2
pat,2
mcclellan,2
grades,2
u.k.,2
situated,2
wyatt-curated,2
2002,2
colleague,2
wyatt,2
geldof,2
terrapin,2
crois,2
entendre,2
dimming,2
hushabye,2
dominoes,2
upset,2
mockery,2
terpsichore,2
automobile,2
diagnoses,2
radiation,2
poisoning,2
all-expenses,2
anorexia,2
bulimia,2
approval,2
countess,2
fleeing,2
hairdresser,2
carlo,2
boiled,2
bikes,2
beatniks,2
poets,2
counterculture,2
saucer,2
seixas,2
intensely,2
'roll,2
satanic,2
summoned,2
taping,2
kirk,2
telecast,2
reigned,2
supreme,2
toured,2
#NOMBRE?,2
strategy,2
toppling,2
list:1.sometimes,2
out2.all,2
all3.stop,2
world4.the,2
room5.abandoned,2
masquerade6.i,2
through7.temptation8.east,2
9.devil,2
care10.black,2
crow11.narrow,2
daylight12.love,2
man13.departure,2
bay14.narrow,2
daylight,2
misses,2
daydream,2
runner-up,2
sugarcane,2
fondness,2
evokes,2
peaceful,2
milquetoast,2
kissing,2
audiovisual,2
self-aliening,2
swirls,2
innerly,2
tried,2
scoundrels,2
seller,2
marshmorton,2
tottney,2
wagering,2
bumping,2
halliday,2
curb,2
scandalous,2
summons,2
investment,2
breathing,2
truck,2
anita,2
bourbon,2
visitors,2
tarle,2
haphazard,2
lionization,2
curtiz,2
showbiz,2
early-20th-century,2
desylva,2
dailey,2
macrae,2
ernest,2
borgnine,2
sheree,2
noonan,2
keating,2
murvyn,2
vye,2
d'amboise,2
phyllis,2
avery,2
scholars,2
expert,2
candidate,2
winsome,2
swanson,2
virginia,2
mayo,2
slammin,2
hurl,2
adjectives,2
ms.,2
storms,2
fan-favorite,2
bodacious,2
make-you-melt,2
louisiana,2
drawl,2
jadore,2
posse,2
replay,2
clic,2
clac,2
scarborough,2
reloaded,2
manana,2
sento,2
whatever,2
nessaja,2
ass,2
weekends,2
disapprove,2
polatkin,2
spokane,2
technical,2
shortcomings,2
ronstadt,2
kline,2
retakes,2
editing,2
budget,2
spaciousness,2
polished,2
nonetheless,2
enjoyable,2
echoes,2
music.the,2
influencing,2
experiments,2
durham,2
pushy,2
planner,2
florist,2
haverford,2
dragging,2
leap,2
pre,2
chemistry,2
traumatized,2
rajesh,2
govinda,2
dhanraj,2
kader,2
meena,2
karishma,2
dinanath,2
paresh,2
rawal,2
secured,2
shannu,2
himani,2
shivpuri,2
byrne,2
eno,2
conner,2
rhythmically,2
austere,2
image-track,2
pioneering,2
sampling,2
rohit,2
mishap,2
showers,2
approves,2
disobeys,2
dig,2
retrospective,2
aretha,2
infectious,2
proved,2
long-running,2
heralds,2
longevity,2
lusty,2
zayn,2
proven,2
manufactured,2
sinitta,2
turbo-charged,2
cowell,2
defied,2
a-list,2
jenkins,2
smashing,2
aversion,2
alps,2
blond,2
iconography,2
sexually,2
proclaimed,2
pollstar,2
oak,2
amphitheater,2
peaked,2
200,2
commercial-free,2
macfarlane,2
borstein,2
half-hour,2
highlight,2
subversive,2
tnt,2
09-nov,2
61st,2
fundraiser,2
foundation,2
lightcloud,2
congressman,2
navajos,2
experiment,2
navajo,2
bronc,2
hoverty,2
barbecues,2
plumbing,2
improvements,2
floors,2
map,2
materialize,2
makers,2
waterloo,2
aftermath,2
einstuerzende,2
neubauten,2
sogo,2
ishii,2
ironworks,2
incorporated,2
kahn,2
corrs,2
wave/punk,2
blondie,2
heartbreakers,2
shirts,2
marbles,2
miamis,2
toledo,2
tuff,2
darts,2
w/robert,2
expeled,2
looped,2
improvised,2
subjects,2
theology,2
trip-hop,2
nu-metal,2
disorient,2
confuse,2
roundhouse,2
02:10,2
gears,2
wheels,2
accompanying,2
wires,2
trees,2
careful,2
centenary,2
contribution,2
900,2
lyricists,2
lorenz,2
carousel,2
drury,2
callow,2
best-loved,2
claus,2
chimney,2
1936,2
zealand-born,2
len,2
gpo,2
viewed,2
gasparcolor,2
ellitt,2
synchronization,2
effortless,2
tubular,2
oldfield,2
1979,2
switzerland,2
johannes-passion,2
re-creates,2
antique,2
clockwork,2
famers,2
2012-2013,2
point-of-view,2
film-making,2
distinct,2
voyeuristic,2
varying,2
eight-piece,2
section,2
flatt,2
emmylou,2
parton,2
ricky,2
skaggs,2
hartford,2
mccoury,2
cinematographer,2
macovich,2
yuliet,2
ortega,2
jinetera,2
fabiola,2
quiroz,2
realized,2
filmmaking,2
cooke,2
transcends,2
barriers,2
first-ever,2
gospel-singing,2
recreational,2
servicemen,2
entertainers,2
rotting,2
eyeballs,2
klaus,2
fluoride,2
comments,2
jello,2
biafra,2
retrace,2
tabous,2
ans,2
dactivisme,2
tribu,2
moderne,2
mne,2
premires,2
ftes,2
clandestines,2
temples,2
socit,2
heretik,2
auront,2
gravi,2
marches,2
lolympia,2
mythique,2
salle,2
parisienne,2
plongez,2
dans,2
lintimit,2
tourmente,2
dun,2
groupe,2
phare,2
contre-culture,2
bluesmen,2
trucks,2
songbird,2
tedeschi,2
hucknall,2
axeman,2
slash,2
weightlessness,2
habitual,2
meanings,2
gravitational,2
limitations,2
satie,2
equilibrium,2
relax,2
acrobat,2
swings,2
rope,2
canal,2
kafka-like,2
oddities,2
canyon,2
pepe,2
moko,2
jewel,2
casbah,2
algiers,2
argentinians,2
tango-ballet,2
gardel,2
tango,2
interscope,2
sophie,2
muller,2
saturn,2
stings,2
seafaring,2
wallsend,2
north-east,2
projections,2
self-discovery,2
hallit,2
timid,2
valley,2
overattentive,2
discourage,2
bigg,2
entertained,2
rabid,2
unwind,2
limousines,2
hotels,2
cracked,2
cocaine,2
addict,2
palaces,2
burn,2
sought,2
demonstrate,2
abruptly,2
charges,2
heart-wrenching,2
courtroom,2
onlookers,2
rena,2
riffel,2
showgirls/mulholland,2
directorial,2
recycling,2
trashy,2
career-best,2
mortality,2
maintenance,2
florian,2
habicht,2
weaves,2
offerings,2
specially-staged,2
tableaux,2
life-affirming,2
bewildering,2
two-part,2
juliana,2
dubin,2
two-and-a-half,2
roam,2
roses/metallica,2
3-d,2
festival-goers,2
insomniac,2
pasquale,2
rotella,2
three-night,2
xii,2
scatterbrained,2
masseur,2
honored,2
hancock,2
manilow,2
leann,2
rimes,2
seal,2
vies,2
valeria,2
disadvantage,2
complexity,2
lyes,2
emphasising,2
sound/visual,2
synchronisation,2
generating,2
mobile,2
canvas,2
warmth,2
morphing,2
pollock,2
calculated,2
aesthetics,2
adapts,2
slower,2
movements,2
shifts,2
expressionistic,2
oversaturated,2
explosions,2
minimalist,2
vertical,2
vibrate,2
accordingly,2
petersons,2
cont,2
http,2
//sensesofcinema.com/2005/cteq/begone_dull_care/,2
mind-bendingly,2
fujirock,2
ravenous,2
famously,2
longtime,2
dolby,2
07:01,2
void,2
sirf,2
tum,2
deepak,2
aarthi,2
palau,2
sant,2
jordi,2
soul-stirring,2
neophytes,2
believers,2
irwin,2
parted,2
riveting,2
no-expenses-spared,2
substantial,2
sparkles,2
gymnasts,2
soleil-style,2
stodgy,2
varsity,2
alumnus,2
flops,2
oratorio,2
python,2
retells,2
mandy,2
impregnated,2
judea,2
judith,2
romans,2
crucified,2
ranges,2
reference,2
carols,2
advance,2
toni,2
collette,2
squeaky-clean,2
bonfils,2
bowery,2
dissolute,2
samba,2
rieu,2
hustling,2
bustling,2
sao,2
paulo,2
waltzing,2
brazilians,2
bowman,2
palladium,2
donne,2
attain,2
loyalty,2
andrews,2
just-fired,2
diner,2
pretend,2
marchan,2
nouri,2
in-love,2
flimed,2
flags,2
pasadena,2
civic,2
94-minute,2
winnetka,2
shiver,2
timbers,2
chapel,2
love/boogie,2
woogie,2
bugle,2
want/i,2
shall,2
e-street,2
shuffle/summer,2
tailgating,2
demolished,2
landover,2
dokken,2
strips,2
lauded,2
700,2
#NOMBRE?,2
colosseum,2
caesars,2
fans-,2
carnatic,2
balaganapathi,2
credibility,2
addicted,2
sindhamani,2
bhairavi,2
jkb,2
requests,2
succeeds,2
makeover,2
continual,2
demand,2
alexandra,2
faithless,2
introspective,2
much-publicized,2
span,2
comebacks,2
somnambulists,2
maya,2
deren,2
workshop,2
officially,2
unpublished,2
screens,2
preliminary,2
rovi,2
attenborough,2
mcgoohan,2
mingus,2
brubeck,2
'othello,2
bellringer,2
sexton,2
enjoys,2
rivalries,2
enrolled,2
spare,2
expertise,2
sorcer,2
pyrotechnic,2
recounts,2
daredevil,2
burned,2
paying,2
writer's-blocked,2
novellas,2
macabre,2
bryn,2
terfel,2
eldery,2
glasses,2
crystals,2
egyptian,2
tomb,2
canary,2
islands,2
asking,2
tenerife,2
tourist,2
glyndebourne,2
scruffy,2
1991-92,2
grail,2
'salad,2
insightful,2
shaping,2
interpol,2
12/12/12,2
fundraising,2
hurricane,2
alicia,2
keys,2
vedder,2
mahatma,2
gandhi,2
colleges,2
trophy,2
britpop,2
blur,2
albarn,2
catalogue,2
fitting,2
vault,2
paisley,2
minneapolis,2
multi-piece,2
kravitz,2
gaines,2
maceo,2
kaufmans,2
tromaville,2
crying,2
ferd,2
vat,2
jerseys,2
superhero,2
toxie,2
7-foot,2
mutant,2
superhuman,2
supersized,2
polluted,2
warming,2
prettiest,2
blindest,2
lichtmond,2
planetarium,2
distributed,2
subsequently,2
representative,2
exposition,2
invite,2
monetary,2
prizes,2
brink,2
declaring,2
luis,2
leoni,2
morrow,2
route,2
mona,2
alimony,2
csar,2
bazan,2
adolphe,2
d'ennery,2
dumanoir,2
pre-cultural,2
propaganda,2
mao,2
1921,2
establishment,2
1949,2
detailed,2
cpc,2
expedition,2
kmt-led,2
nanchang,2
prc,2
1949,2
stagecoach,2
sharpshooter,2
jarre,2
marking,2
post-mao,2
beijing,2
markey,2
dinosaur,2
gumball,2
tamil,2
rudran,2
mystic,2
indulges,2
froman,2
hayward,2
crashes,2
partially,2
crippled,2
crutches,2
allied,2
noticed,2
pushed,2
long-awaited,2
lawsuit,2
producer-turned-radio-reporter,2
klein,2
stricken,2
matilda,2
swanee,2
pittsburgh,2
sympathizing,2
biopics,2
factual,2
adrian,2
edmondson,2
boardroom,2
lowe,2
damned,2
costello,2
dury,2
tracey,2
pogues,2
contributors,2
suggs,2
macgowan,2
riviera,2