love,652
life,504
young,359
one,314
new,309
two,296
woman,295
man,290
family,194
story,191
finds,191
find,190
falls,180
n't,168
girl,167
meets,166
time,162
friends,157
years,156
relationship,155
father,152
world,150
get,144
wife,142
school,141
friend,135
day,134
first,132
lives,131
mother,126
back,119
must,119
husband,114
daughter,113
gets,111
film,111
together,109
best,108
soon,107
beautiful,106
marriage,106
help,105
set,104
make,103
married,103
romance,100
begins,99
...,97
home,97
couple,96
way,95
york,95
becomes,95
takes,95
three,95
old,95
son,95
high,94
women,92
romantic,90
work,89
fall,88
night,87
tries,85
take,85
sister,84
war,83
however,81
town,80
become,80
named,79
student,79
meet,79
goes,79
also,78
affair,77
live,76
dreams,76
living,75
wants,74
college,73
true,73
another,73
girlfriend,73
boy,73
decides,72
sex,72
men,71
around,69
wedding,69
city,68
job,68
parents,67
even,65
away,65
death,65
different,65
people,65
past,64
small,63
like,63
comedy,62
discovers,62
lover,62
comes,61
come,61
year,61
starts,60
whose,60
never,59
wealthy,59
chance,58
brother,58
good,57
things,57
learns,56
everything,56
american,56
secret,55
left,54
sexual,54
later,54
much,53
mysterious,52
house,52
works,52
based,52
friendship,51
john,50
french,50
change,49
heart,49
turns,49
though,48
little,48
still,48
long,48
movie,48
writer,48
former,48
guy,48
seems,48
moves,47
last,47
marry,47
summer,46
keep,46
finally,46
ever,46
star,46
british,46
could,45
rich,45
future,45
great,45
would,45
journey,45
returns,45
end,44
music,44
local,44
children,44
boyfriend,44
start,43
every,43
big,43
paris,43
sets,42
since,42
money,42
may,42
changes,42
beauty,41
leads,41
days,41
makes,41
handsome,41
career,41
perfect,41
single,41
save,41
turn,40
forced,40
along,40
childhood,40
real,40
place,40
relationships,40
going,40
yet,39
older,39
apartment,39
girls,39
many,39
well,38
order,38
leaves,38
discover,37
see,37
close,37
tells,37
eventually,37
teacher,37
falling,37
teenage,37
alex,37
working,36
begin,36
determined,36
party,36
four,36
decide,36
know,36
business,36
show,36
date,36
without,36
successful,36
trip,36
novel,35
london,35
director,35
something,35
learn,35
tale,34
unexpected,34
try,34
group,34
put,34
age,34
divorce,34
next,34
behind,33
land,33
jack,33
win,33
follows,33
island,33
book,33
prince,32
events,32
trying,32
ends,32
company,32
century,32
country,32
passion,32
feelings,32
happy,31
give,31
turned,31
leave,31
deal,31
apart,31
suddenly,31
owner,31
dr.,31
loves,31
christmas,31
bad,31
return,31
female,31
team,31
sexy,30
forever,30
king,30
upon,30
realizes,30
quickly,30
drama,30
part,30
thing,30
strange,30
village,30
singer,30
lost,30
lawyer,30
looking,30
share,30
struggle,29
pregnant,29
course,29
game,29
getting,29
sent,29
late,29
princess,29
stop,29
complicated,29
dream,29
english,29
attempts,29
free,29
lovers,29
break,28
child,28
grows,28
want,28
involved,28
face,28
making,28
famous,28
fate,28
spend,28
peter,28
struggling,28
elizabeth,28
classic,27
popular,27
series,27
boss,27
artist,27
tom,27
ways,27
professional,27
south,27
partner,27
met,27
passionate,27
hopes,26
despite,26
follow,26
accident,26
finding,26
art,26
los,26
angeles,26
play,26
five,26
poet,26
arrives,26
name,26
sees,26
plan,25
businessman,25
growing,25
move,25
nick,25
actress,25
lonely,25
personal,25
jane,25
car,25
dies,25
visit,25
mr.,25
second,25
stories,25
social,25
france,25
road,25
tragedy,24
hit,24
stars,24
class,24
becoming,24
needs,24
months,24
dangerous,24
reporter,24
everyone,24
hollywood,24
mom,24
younger,24
happens,24
head,24
england,24
modern,24
kate,24
blind,24
dance,24
made,24
helps,23
characters,23
meeting,23
battle,23
vampire,23
neighbor,23
knows,23
society,23
called,23
meanwhile,23
asks,23
search,23
bring,23
fight,23
enters,23
alone,23
player,23
several,23
better,23
care,23
form,23
traveling,23
professor,23
lucy,23
italian,23
thinks,23
connection,22
america,22
drawn,22
daughters,22
epic,22
problems,22
aspiring,22
musician,22
really,22
across,22
sam,22
david,22
forces,22
including,22
hired,22
person,22
murder,22
nothing,22
maggie,22
couples,22
queen,22
early,22
george,22
runs,22
lady,22
crush,22
encounters,22
plans,22
realize,21
act,21
edward,21
found,21
brings,21
desire,21
whole,21
always,21
university,21
spirit,21
right,21
dancer,21
run,21
someone,21
train,21
teenager,21
james,21
trouble,21
baby,21
dead,21
escape,20
closer,20
develops,20
obsessed,20
author,20
pair,20
detective,20
playboy,20
eye,20
doctor,20
reality,20
side,20
boys,20
executive,20
engaged,20
dating,20
feels,20
anything,20
open,20
waitress,20
following,20
taking,20
divorced,20
pretty,20
revenge,19
happiness,19
quest,19
're,19
hard,19
look,19
bachelor,19
dad,19
'll,19
known,19
wrong,19
hotel,19
problem,19
travels,19
gay,19
assistant,19
henry,19
store,19
male,19
emotional,19
drug,19
encounter,19
ben,19
charming,19
experience,19
breaks,19
eddie,19
agrees,19
adventure,19
times,19
christian,18
unexpectedly,18
hope,18
thought,18
army,18
threatens,18
puts,18
enough,18
opportunity,18
tour,18
attractive,18
success,18
far,18
gang,18
others,18
torn,18
beloved,18
triangle,18
call,18
looks,18
joins,18
room,18
richard,18
kids,18
body,18
loses,18
although,18
agent,18
leaving,18
released,18
crash,18
use,18
shop,18
crisis,18
separate,18
attraction,18
rome,18
albert,18
desperate,18
means,18
full,18
kind,18
jean,18
eve,18
history,18
instead,18
bond,18
attracted,18
lifestyle,18
opposite,18
attempt,18
lose,18
mary,18
ambitious,18
adaptation,17
powerful,17
destroy,17
decision,17
existence,17
black,17
rose,17
magazine,17
morning,17
caught,17
figure,17
plot,17
entire,17
upside,17
fallen,17
identity,17
san,17
vacation,17
paul,17
stay,17
gorgeous,17
independent,17
lead,17
chicago,17
evil,17
question,17
architect,17
hires,17
line,17
anna,17
michael,17
fact,17
erotic,17
six,17
states,17
officer,17
experiences,17
street,17
refuses,17
police,17
arthur,17
truth,17
easy,16
challenge,16
stage,16
born,16
completely,16
struggles,16
government,16
mental,16
advice,16
thrown,16
prove,16
indian,16
francisco,16
overcome,16
building,16
earth,16
emma,16
stand,16
beginning,16
middle,16
marries,16
teach,16
situation,16
mission,16
might,16
cousin,16
football,16
italy,16
moment,16
appears,16
embark,16
uses,16
alice,16
almost,16
academy,16
sisters,16
students,16
sparks,16
given,16
max,16
believes,16
mrs.,15
need,15
betrayal,15
birth,15
eccentric,15
band,15
playing,15
present,15
beach,15
jim,15
fianc,15
shy,15
common,15
top,15
vegas,15
complications,15
gone,15
test,15
william,15
sophie,15
secretly,15
russian,15
office,15
johnny,15
affections,15
difficult,15
bed,15
plane,15
club,15
mystery,15
farm,15
plays,15
ryan,15
violent,15
community,15
used,15
manhattan,15
small-town,15
charlie,15
sea,15
control,15
musical,15
families,15
prison,15
seeks,15
killed,15
fiance,15
political,15
rules,15
leading,15
free-spirited,15
captain,15
widow,15
think,15
beth,15
ride,15
causes,15
salon,14
stranger,14
enter,14
result,14
bella,14
adventures,14
within,14
continues,14
join,14
threaten,14
fashion,14
magical,14
worlds,14
fellow,14
producer,14
shows,14
among,14
wild,14
bride,14
unusual,14
fortune,14
ordinary,14
molly,14
seemingly,14
coming,14
convince,14
feeling,14
written,14
frank,14
harry,14
already,14
worse,14
match,14
rock,14
ten,14
loving,14
deep,14
restaurant,14
manages,14
hand,14
visits,14
brothers,14
missing,14
rival,14
gives,14
process,14
sense,14
julie,14
got,14
charles,14
bar,14
actually,14
brilliant,14
writing,14
antoine,14
estate,14
food,14
troubled,14
unlikely,14
ending,13
jesse,13
believe,13
classmate,13
important,13
choose,13
courage,13
journalist,13
travel,13
lewis,13
newly,13
van,13
wins,13
taken,13
fairy,13
india,13
wakes,13
greek,13
reluctantly,13
tell,13
became,13
reunite,13
thinking,13
due,13
various,13
annie,13
latest,13
directed,13
emily,13
japanese,13
sarah,13
rachel,13
character,13
mark,13
possible,13
mind,13
quite,13
serious,13
hometown,13
legendary,13
hot,13
ago,13
german,13
chase,13
united,13
interest,13
holiday,13
loss,13
dying,13
less,13
avoid,13
often,13
pursue,13
forms,13
lived,13
moving,13
helen,13
else,13
mistress,13
version,12
spell,12
cold,12
losing,12
faces,12
key,12
potential,12
graduation,12
protect,12
ship,12
surprise,12
accidentally,12
deeply,12
scheme,12
separated,12
seven,12
retired,12
las,12
period,12
dark,12
immediately,12
holly,12
offers,12
arts,12
race,12
kid,12
action,12
weekend,12
fun,12
maid,12
forbidden,12
happily,12
youth,12
jerry,12
human,12
towards,12
ann,12
final,12
support,12
sure,12
blue,12
thus,12
hoping,12
law,12
birthday,12
assignment,12
mutual,12
grow,12
competition,12
project,12
decided,12
told,12
recently,12
strong,12
corporate,12
tested,12
daniel,12
novelist,12
charlotte,12
kidnapped,12
prostitute,12
kill,12
rebecca,12
bit,12
uncle,12
meaning,12
bored,12
miss,12
bill,12
waiting,12
normal,12
antonio,12
terry,12
ana,11
build,11
maleficent,11
forest,11
castle,11
danger,11
able,11
obsession,11
mob,11
sebastian,11
conflict,11
short,11
arrival,11
case,11
hold,11
vincent,11
romantically,11
discovery,11
nature,11
aging,11
helping,11
hero,11
countryside,11
teen,11
civil,11
moved,11
catch,11
murdered,11
corrupt,11
lessons,11
challenged,11
keeps,11
surgeon,11
broken,11
ready,11
power,11
loved,11
worker,11
led,11
shakespeare,11
cast,11
patient,11
affairs,11
expected,11
emotionally,11
million,11
joe,11
neighborhood,11
poor,11
animal,11
took,11
spent,11
freedom,11
sara,11
worth,11
members,11
increasingly,11
ali,11
escapes,11
painter,11
master,11
magic,11
president,11
suicide,11
hearts,11
robin,11
lands,11
funny,11
longtime,11
convinces,11
hills,11
matt,11
lisa,11
commitment,11
embarks,11
leader,11
court,11
capture,11
spends,11
current,11
amanda,11
dumped,11
brian,11
1960s,11
blood,11
showing,11
devastated,11
military,11
linda,11
failed,11
texas,11
photographer,11
wishes,11
designer,11
agree,11
pass,11
steps,10
senior,10
path,10
sexually,10
demands,10
stepmother,10
dashing,10
pact,10
kingdom,10
suffers,10
front,10
scott,10
decisions,10
spending,10
let,10
bobby,10
graduate,10
teaching,10
memory,10
ultimate,10
spoiled,10
bizarre,10
parisian,10
jonathan,10
extraordinary,10
victor,10
center,10
clerk,10
unfortunately,10
crime,10
lord,10
remember,10
hospital,10
raised,10
lies,10
streets,10
contract,10
lot,10
royal,10
river,10
complete,10
glamorous,10
impossible,10
fly,10
inside,10
boxer,10
ex-girlfriend,10
contemporary,10
juliet,10
gold,10
catches,10
ice,10
trapped,10
weeks,10
estranged,10
choice,10
throne,10
devoted,10
raj,10
hiding,10
seeing,10
week,10
bound,10
widowed,10
preparing,10
maria,10
east,10
stranded,10
heiress,10
came,10
create,10
slowly,10
threatened,10
berlin,10
giving,10
marrying,10
widower,10
green,10
secrets,10
learning,10
anne,10
matthew,10
west,10
television,10
sight,10
news,10
celebrity,10
unmarried,10
europe,10
ill,10
sends,10
private,10
behavior,10
befriends,10
co-worker,10
double,10
unhappy,10
simple,10
trio,10
proposal,10
rather,10
undercover,10
phone,10
diane,10
narayan,10
role,9
grey,9
attract,9
proves,9
names,9
backdrop,9
enigmatic,9
pain,9
passes,9
belle,9
comfort,9
nearly,9
anyone,9
ability,9
biggest,9
seen,9
breaking,9
walk,9
employee,9
remake,9
ex-wife,9
hilarious,9
greatest,9
expectations,9
veteran,9
con,9
centered,9
exactly,9
suffering,9
17-year-old,9
scene,9
charm,9
allows,9
number,9
adam,9
rule,9
grown,9
sir,9
receives,9
ancient,9
russia,9
attention,9
year-old,9
loyal,9
advertising,9
infatuated,9
destiny,9
pursuit,9
simply,9
romeo,9
lovely,9
sally,9
production,9
guys,9
strikes,9
strangers,9
unravel,9
instant,9
fame,9
paige,9
internet,9
coast,9
hunt,9
point,9
willing,9
quiet,9
tradition,9
rebellious,9
've,9
sleeping,9
watch,9
unknown,9
theater,9
medical,9
service,9
special,9
camp,9
flight,9
manager,9
fears,9
pose,9
idea,9
jewish,9
approaches,9
tess,9
abandoned,9
crew,9
voice,9
searching,9
neither,9
daily,9
died,9
deadly,9
moore,9
miles,9
thomas,9
soldiers,9
native,9
general,9
compete,9
brought,9
china,9
questions,9
dealing,9
heaven,9
jacques,9
reluctant,9
beverly,9
starting,9
aid,9
red,9
claims,9
aristocrat,9
middle-aged,9
invites,9
charge,9
colleague,9
hidden,9
groom,9
fantasies,9
property,9
certain,9
arise,9
clara,9
forget,9
samantha,9
song,9
resort,9
u.s.,9
third,9
russell,9
results,9
force,9
films,9
except,9
gave,9
station,9
zack,9
either,9
convinced,9
urban,9
woo-jin,9
robert,9
southern,9
centers,9
hockey,9
rio,9
instantly,9
changed,9
ted,9
christine,9
tony,9
brink,9
housewife,9
portrait,9
amy,9
suspects,9
aaron,9
pierre,9
starring,9
era,8
steele,8
sick,8
campus,8
trust,8
high-school,8
score,8
curse,8
cullen,8
beast,8
lesson,8
sandy,8
fell,8
jazz,8
washington,8
greater,8
imagined,8
challenges,8
devil,8
extremely,8
science,8
fiction,8
went,8
prize,8
recover,8
system,8
eyes,8
beyond,8
porn,8
jess,8
teaches,8
drunken,8
memories,8
cynical,8
nurse,8
rivalry,8
busy,8
shot,8
chaotic,8
songs,8
bianca,8
state,8
plastic,8
pilot,8
fishing,8
wake,8
planned,8
destined,8
notorious,8
near,8
remain,8
andy,8
done,8
research,8
overbearing,8
faith,8
midnight,8
buddy,8
gain,8
strict,8
infamous,8
leo,8
instructor,8
clients,8
socially,8
remains,8
uptight,8
brother-in-law,8
adopted,8
outside,8
confront,8
carter,8
randy,8
editor,8
awkward,8
movies,8
1950s,8
guard,8
tracy,8
host,8
hong,8
kong,8
boarding,8
deals,8
alive,8
facing,8
foreign,8
jobs,8
changing,8
letter,8
hide,8
intense,8
picture,8
pablo,8
shares,8
rest,8
unforgettable,8
fighting,8
underground,8
joanna,8
track,8
seem,8
grace,8
skills,8
telling,8
chris,8
alcoholic,8
knew,8
water,8
talented,8
discovering,8
white,8
1980s,8
naive,8
exotic,8
seduce,8
creates,8
piece,8
writes,8
quirky,8
unable,8
aspirations,8
mansion,8
stuck,8
settle,8
truly,8
rescue,8
deeds,8
ambitions,8
harold,8
engagement,8
similar,8
language,8
door,8
juan,8
international,8
criminal,8
khan,8
sweetheart,8
air,8
accept,8
talk,8
emotions,8
soldier,8
breakup,8
jin-goo,8
bus,8
california,8
driver,8
walking,8
allen,8
twist,8
responsible,8
injury,8
martin,8
realizing,8
mike,8
spy,8
actor,8
composer,8
cultural,8
laura,8
says,8
balance,8
irene,8
chef,8
gray,8
foster,8
maureen,8
sexuality,8
deaf,8
believing,7
disney,7
customers,7
interview,7
wounded,7
circle,7
ultimately,7
stone,7
holds,7
midst,7
danny,7
lavish,7
jay,7
fragile,7
bliss,7
remarkable,7
chain,7
setting,7
doesnt,7
condition,7
serve,7
distant,7
grandmother,7
hear,7
gift,7
promise,7
renowned,7
millionaire,7
dedicated,7
nicky,7
throws,7
words,7
paths,7
large,7
european,7
empire,7
lifelong,7
entangled,7
japan,7
harbor,7
turbulent,7
bank,7
nightclub,7
maybe,7
banker,7
rebel,7
ballet,7
attending,7
stops,7
suburban,7
reclaim,7
kat,7
causing,7
terrible,7
jealousy,7
resist,7
cover,7
heads,7
passed,7
thoughts,7
talent,7
training,7
jamie,7
romances,7
desert,7
honor,7
whether,7
answer,7
greg,7
unlike,7
opposites,7
develop,7
draws,7
1930s,7
vast,7
unfolds,7
revealed,7
wanting,7
security,7
cinderella,7
claire,7
religious,7
frustrated,7
lilly,7
legend,7
cash,7
sun,7
extreme,7
purpose,7
reach,7
coma,7
kelly,7
cause,7
terms,7
raise,7
1970s,7
walks,7
schemes,7
seduces,7
parallel,7
turmoil,7
list,7
reconnect,7
park,7
recent,7
funeral,7
possibility,7
perhaps,7
filmmaker,7
cancer,7
coach,7
hands,7
totally,7
viola,7
ask,7
fulfill,7
intellectual,7
christopher,7
evening,7
conquer,7
valentine,7
finish,7
buy,7
classes,7
spring,7
toward,7
drinking,7
twenty,7
nino,7
enjoy,7
tough,7
unwittingly,7
niece,7
taylor,7
survive,7
remote,7
andie,7
pay,7
charismatic,7
jules,7
elaborate,7
gangster,7
risk,7
reunion,7
ghost,7
signs,7
deeper,7
longer,7
suzanne,7
nightmare,7
minor,7
quick,7
conservative,7
inevitable,7
aka,7
strained,7
pop,7
collide,7
soul,7
depressed,7
winds,7
lust,7
gifted,7
hours,7
picks,7
lola,7
wonders,7
gary,7
arms,7
basketball,7
souls,7
opera,7
radio,7
shelley,7
drive,7
servant,7
easily,7
alter,7
hits,7
sons,7
whatever,7
boris,7
gus,7
oscar,7
winning,7
doug,7
hannah,7
dan,7
interested,7
started,7
selling,7
coming-of-age,7
area,7
holidays,7
luck,7
natalie,7
hip,7
sheriff,7
jake,7
cop,7
smitten,7
chases,7
assigned,7
adoption,7
flies,7
desperately,7
sean,7
model,7
hwa-yeong,7
verge,7
depression,7
adulthood,7
17th,7
driving,7
nearby,7
dutch,7
include,7
dave,7
jennifer,7
accepts,7
member,7
pursuing,7
league,7
convicted,7
straight,7
severely,7
aware,7
thanks,7
education,7
visiting,7
budding,7
alec,7
steal,7
lesbian,7
brain,7
domenico,7
fantasy,7
national,7
momo,7
cross,7
tokyo,7
shadow,7
psychiatric,7
becky,7
sells,7
feel,7
carlo,7
ned,7
month,7
maurice,7
adle,7
exams,7
figures,6
fully,6
embrace,6
stability,6
opens,6
mute,6
held,6
captive,6
roommate,6
strangely,6
arrangement,6
cruel,6
virginity,6
prom,6
idyllic,6
ruthless,6
peace,6
swan,6
pacific,6
reveals,6
clan,6
staff,6
surrounded,6
string,6
jacob,6
australian,6
gatsby,6
witness,6
identities,6
suitor,6
serves,6
bars,6
faced,6
resident,6
risks,6
wish,6
immortal,6
especially,6
mistakes,6
space,6
program,6
revolutionary,6
earn,6
status,6
sweet,6
explores,6
consequences,6
eight,6
reconcile,6
angel,6
hunter,6
swept,6
reunited,6
mean,6
nice,6
heartbroken,6
watches,6
giant,6
attack,6
pearl,6
carl,6
fling,6
stands,6
knight,6
invited,6
embroiled,6
outrageous,6
sell,6
allowed,6
patrick,6
controversial,6
running,6
charms,6
tropical,6
excited,6
intrigued,6
enlists,6
total,6
pete,6
unfold,6
zimmer,6
silent,6
tired,6
virgin,6
accused,6
modern-day,6
count,6
type,6
pride,6
clock,6
guests,6
boat,6
happen,6
casual,6
crown,6
rise,6
lee,6
shocked,6
cope,6
previous,6
unaware,6
sports,6
appear,6
schools,6
sights,6
hall,6
blossoms,6
15-year-old,6
hair,6
client,6
scheming,6
chaos,6
humanity,6
alternate,6
filled,6
strong-willed,6
singh,6
universe,6
favorite,6
britain,6
jude,6
socialite,6
dinner,6
dates,6
flowers,6
circus,6
feisty,6
lily,6
upper,6
position,6
agents,6
sergeant,6
occurs,6
promises,6
write,6
planet,6
farmer,6
thirty,6
disease,6
englishman,6
tommy,6
duo,6
girlfriends,6
merchant,6
clash,6
dancing,6
african-american,6
tragic,6
buddies,6
mentor,6
tales,6
adapted,6
event,6
sensitive,6
heard,6
games,6
considers,6
insurance,6
half,6
send,6
likes,6
fan,6
intrigue,6
melanie,6
north,6
cook,6
culture,6
matters,6
june,6
sometimes,6
tuscany,6
austen,6
literature,6
pack,6
computer,6
situations,6
long-lost,6
thief,6
louis,6
columnist,6
standing,6
pal,6
wrote,6
violet,6
media,6
antics,6
fresh,6
inherits,6
physical,6
angry,6
miranda,6
hank,6
lying,6
exist,6
fear,6
brooklyn,6
inspired,6
spiral,6
mad,6
usa,6
failing,6
baseball,6
table,6
twins,6
style,6
bruno,6
treasure,6
light,6
announces,6
kim,6
say,6
immigrant,6
suspect,6
speak,6
promising,6
yorker,6
sherman,6
freshman,6
moscow,6
julien,6
reveal,6
boston,6
respective,6
steve,6
knowledge,6
pure,6
attitude,6
jimmy,6
pregnancy,6
exciting,6
cross-country,6
marc,6
rob,6
glory,6
wwii,6
upcoming,6
least,6
fired,6
newspaper,6
mixed,6
bomb,6
ventures,6
mentally,6
digs,6
proposes,6
stewart,6
vanessa,6
audience,6
original,6
motorcycle,6
stays,6
creating,6
therapist,6
eric,6
skater,6
joys,6
psychiatrist,6
study,6
temporary,6
approach,6
word,6
enjoying,6
ex-boyfriend,6
harriet,6
davis,6
redemption,6
irish,6
debt,6
thriller,6
broadway,6
performing,6
involving,6
recruits,6
public,6
enjoys,6
jackson,6
companion,6
flee,6
poetry,6
union,6
crazy,6
health,6
ray,6
carlos,6
circumstances,6
secretary,6
brazil,6
hitman,6
script,6
hood,6
kay,6
mistaken,6
experienced,6
unemployed,6
alexis,6
surgery,6
board,6
georges,6
object,6
leslie,6
wonderful,6
warmth,6
scholarship,6
kevin,6
remarried,6
baker,6
bob,6
pat,6
giulia,6
teens,6
direction,6
catherine,6
clive,6
flat,6
explore,6
vicky,6
flo,6
gene,6
jill,6
surfing,6
zooni,6
newlyweds,5
shared,5
therefore,5
celeste,5
janitor,5
paper,5
boundaries,5
pleasure,5
invading,5
places,5
infant,5
fatal,5
bright,5
knowing,5
werewolf,5
approaching,5
confronted,5
false,5
carraway,5
disguise,5
mia,5
reeling,5
thrust,5
low,5
succeed,5
fit,5
granddaughter,5
passengers,5
ruth,5
alicia,5
conspiracy,5
throw,5
target,5
unconventional,5
mortal,5
flying,5
horse,5
mount,5
temptation,5
church,5
femme,5
fatale,5
passionately,5
arriving,5
plain,5
amazing,5
expecting,5
joy,5
amount,5
realises,5
victoria,5
loneliness,5
fighter,5
carry,5
mask,5
wearing,5
influence,5
cute,5
said,5
psychic,5
wealth,5
lines,5
tyler,5
nora,5
tournament,5
background,5
eager,5
bitter,5
chooses,5
simon,5
hawaii,5
darcy,5
demons,5
focus,5
secluded,5
endless,5
dexter,5
moments,5
stolen,5
ladies,5
palace,5
cia,5
arrested,5
politics,5
goal,5
rid,5
gentleman,5
criminals,5
random,5
heartache,5
celebration,5
20th,5
dog,5
eat,5
earlier,5
chronicle,5
genius,5
collection,5
sole,5
major,5
putting,5
peaceful,5
woody,5
ambition,5
psychological,5
dean,5
feet,5
retreat,5
verona,5
comedian,5
clear,5
kiss,5
sullivan,5
prime,5
particularly,5
pursues,5
ring,5
exclusive,5
andrew,5
terminal,5
regular,5
financial,5
difficulties,5
nine,5
penny,5
audition,5
creatures,5
innocent,5
idol,5
muse,5
carefree,5
ugly,5
fine,5
twin,5
sleep,5
issues,5
differences,5
lena,5
powers,5
impact,5
disillusioned,5
pretending,5
navigate,5
hate,5
artistic,5
distracted,5
threat,5
zombie,5
19th,5
killer,5
savannah,5
margaret,5
washed,5
sheltered,5
rare,5
jealous,5
africa,5
prepares,5
floor,5
haunting,5
indeed,5
isolated,5
spain,5
milo,5
chinese,5
heir,5
throughout,5
torrid,5
illness,5
flames,5
console,5
challenging,5
calls,5
soccer,5
beat,5
suffer,5
barely,5
window,5
footsteps,5
vital,5
mermaid,5
transfer,5
shallow,5
hopelessly,5
fights,5
loveless,5
climb,5
ladder,5
worst,5
dorm,5
impress,5
view,5
domestic,5
alien,5
enemy,5
jason,5
mikey,5
route,5
mistakenly,5
phillip,5
nicole,5
housekeeper,5
advantage,5
video,5
release,5
wanted,5
silk,5
nathan,5
books,5
reading,5
complex,5
entanglements,5
pictures,5
fed,5
longs,5
creation,5
wondering,5
landscape,5
confident,5
safe,5
irresistible,5
killing,5
forth,5
craig,5
tragedies,5
bombing,5
tried,5
fix,5
mollie,5
unique,5
bodies,5
accompanied,5
loosely,5
sensual,5
surprising,5
published,5
bag,5
zoo,5
happened,5
screen,5
assassin,5
height,5
investigate,5
household,5
notices,5
ground,5
details,5
lucky,5
refuge,5
drink,5
soundtrack,5
airport,5
numerous,5
western,5
philosophy,5
ireland,5
controlling,5
hip-hop,5
wilder,5
matter,5
noble,5
mexico,5
friendly,5
rejects,5
politician,5
somehow,5
precocious,5
frankenstein,5
wooed,5
thieves,5
luke,5
everybody,5
boring,5
die,5
magician,5
mafia,5
scientist,5
today,5
continue,5
featuring,5
winter,5
counselor,5
laurent,5
marie,5
ideas,5
abroad,5
lawrence,5
passing,5
womanizer,5
suspicious,5
chip,5
fish,5
mate,5
inspires,5
reputation,5
adopt,5
kindhearted,5
ellen,5
vows,5
downward,5
courtship,5
screenwriter,5
efforts,5
investigation,5
celebrate,5
residents,5
cruise,5
nelson,5
daniels,5
awaits,5
perform,5
1950,5
supervisor,5
timeless,5
airline,5
homeless,5
nadia,5
richardson,5
suicidal,5
understand,5
ego,5
juliette,5
morgan,5
billy,5
marion,5
ticket,5
gabriel,5
honeymoon,5
solace,5
acquaintance,5
outcast,5
variety,5
pretends,5
joseph,5
pieces,5
seriously,5
awakens,5
renegade,5
heartbreak,5
mexican,5
susan,5
pool,5
seaside,5
zoe,5
blonde,5
tutor,5
wallace,5
chemistry,5
coffee,5
whirlwind,5
georgia,5
information,5
taiwan,5
empty,5
repairs,5
tiger,5
working-class,5
jackie,5
offbeat,5
reaches,5
highly,5
studies,5
luis,5
comic,5
deadline,5
quartet,5
guide,5
madame,5
piano,5
roger,5
roommates,5
exploits,5
well-known,5
suffered,5
talks,5
luce,5
risky,5
tycoon,5
tank,5
realise,5
intent,5
grandfather,5
ensure,5
dysfunctional,5
birdee,5
returning,5
attend,5
nancy,5
revolves,5
sissi,5
self,5
spanish,5
novels,5
returned,5
luxurious,5
border,5
ceremony,5
performance,5
carmilla,5
orders,5
overprotective,5
bosnian,5
punk,5
louie,5
isabel,5
offer,5
rita,5
cooper,5
grant,5
wall,5
concerns,5
countess,5
spinster,5
orphan,5
dudley,5
committed,5
keith,5
camille,5
views,5
kirby,5
veronika,5
planning,5
sinister,5
chagrin,5
helped,5
hee-soo,5
afraid,5
jonas,5
skating,5
delhi,5
macon,5
flip,5
edouard,5
orpheus,5
hanson,5
thompson,5
lea,5
shadowy,4
cursed,4
break-up,4
prominent,4
inexperienced,4
plunges,4
ella,4
fortunes,4
successor,4
aurora,4
reclusive,4
seattle,4
killings,4
renesmee,4
cullens,4
gather,4
volturi,4
fitzgerald,4
cracks,4
madness,4
await,4
musicians,4
getaway,4
worked,4
maintain,4
rip,4
cost,4
betrayals,4
perilous,4
allies,4
determination,4
wears,4
industry,4
demanding,4
elegant,4
prevent,4
drifter,4
voyage,4
hopeless,4
passions,4
breakthrough,4
strength,4
aisle,4
yacht,4
designed,4
connects,4
institution,4
tiny,4
matchmaker,4
guardian,4
harker,4
phil,4
trainer,4
aftermath,4
ghosts,4
remembers,4
retrieve,4
wilde,4
cheating,4
wing,4
appearance,4
alzheimer,4
traditional,4
activities,4
surprised,4
shoes,4
legal,4
reasons,4
mistake,4
whisked,4
underworld,4
waits,4
expatriate,4
odds,4
pilots,4
naval,4
johnson,4
captivated,4
timid,4
tina,4
junior,4
heist,4
shady,4
troubles,4
baltimore,4
tracks,4
peasant,4
trains,4
bridget,4
spirited,4
tests,4
experiment,4
steals,4
owners,4
capable,4
allow,4
rent,4
possession,4
paradise,4
anonymous,4
online,4
romancing,4
schoolteacher,4
lie,4
suitors,4
marshall,4
newfound,4
elite,4
pals,4
desires,4
touch,4
nobleman,4
shell,4
progresses,4
venice,4
anthony,4
in-laws,4
intertwine,4
cal,4
unravels,4
unfaithful,4
sound,4
aladdin,4
pam,4
evidence,4
raw,4
flashbacks,4
burned,4
indy,4
step,4
mix,4
prejudice,4
humorous,4
dependent,4
marriages,4
wave,4
godmother,4
ball,4
chocolate,4
penniless,4
creative,4
inspiration,4
meetings,4
breakfast,4
riding,4
horses,4
records,4
suggests,4
josh,4
dry,4
employees,4
authorities,4
storm,4
typical,4
doubts,4
lack,4
potentially,4
connecticut,4
1920s,4
commit,4
curious,4
larry,4
rascal,4
mi-yeon,4
guilty,4
shocking,4
average,4
robinson,4
brutal,4
hangs,4
safety,4
recalls,4
firm,4
vienna,4
bumbling,4
cole,4
collins,4
disappears,4
vampires,4
companions,4
cup,4
victory,4
careers,4
spite,4
values,4
claim,4
saga,4
ahead,4
marisa,4
posh,4
guest,4
ethan,4
16th,4
shes,4
platonic,4
pattern,4
saving,4
seniors,4
contemplates,4
grandparents,4
spot,4
backed,4
dramatic,4
searches,4
outbreak,4
box,4
superior,4
wheelchair,4
rocky,4
uncover,4
visa,4
victims,4
rural,4
awesome,4
katie,4
affection,4
unpredictable,4
thousands,4
claudio,4
pedro,4
targets,4
task,4
meddling,4
afterlife,4
tempestuous,4
cora,4
saved,4
orphaned,4
slave,4
roman,4
engages,4
seeking,4
particular,4
gabriella,4
directions,4
friendships,4
nights,4
elusive,4
award,4
winner,4
villa,4
responsibilities,4
sudden,4
hell,4
drinks,4
deceased,4
laws,4
breathing,4
contest,4
investigator,4
fleeting,4
missed,4
cher,4
huge,4
uncomfortable,4
concert,4
angels,4
filmed,4
dublin,4
giselle,4
effort,4
bodyguard,4
tension,4
stunning,4
trilogy,4
heights,4
carrying,4
reunites,4
welcome,4
brooke,4
odd,4
caroline,4
difference,4
fake,4
humbert,4
connected,4
engineer,4
rough,4
provocative,4
spans,4
miller,4
peers,4
extravagant,4
skilled,4
woo,4
poses,4
hudson,4
tensions,4
existed,4
julia,4
intertwined,4
loose,4
discovered,4
connect,4
eternal,4
vacationing,4
painful,4
incident,4
converge,4
escaped,4
heartbreaking,4
nowhere,4
australia,4
ranch,4
workaholic,4
choices,4
sequel,4
intriguing,4
abused,4
trail,4
vivid,4
linus,4
sabrina,4
aside,4
parties,4
conversations,4
biological,4
contact,4
wildly,4
kathryn,4
succeeds,4
ties,4
glenn,4
prospect,4
unite,4
gentle,4
round,4
suspicions,4
precious,4
jordan,4
high-powered,4
barry,4
alternative,4
occupation,4
mother-in-law,4
prisoner,4
followed,4
initially,4
ignore,4
record,4
scared,4
seductive,4
obsessive,4
dont,4
jeopardy,4
isabelle,4
adores,4
quits,4
singer-songwriter,4
reflect,4
relative,4
focuses,4
extent,4
inheritance,4
burns,4
countries,4
fatally,4
bringing,4
carla,4
spells,4
imprisoned,4
survival,4
hop,4
showdown,4
embarking,4
muslim,4
bear,4
answers,4
inept,4
scam,4
williams,4
unstable,4
despair,4
lindsey,4
haunt,4
louna,4
wes,4
launches,4
graham,4
flees,4
driven,4
involves,4
trick,4
panic,4
cult,4
jenny,4
vibrant,4
gillian,4
policeman,4
fred,4
vivacious,4
finance,4
suitable,4
stock,4
refusing,4
consider,4
ash,4
chorus,4
affect,4
historical,4
emperor,4
caesar,4
offered,4
derek,4
supposedly,4
redford,4
nasty,4
understanding,4
joo-hee,4
rocks,4
ensues,4
cooking,4
waiter,4
drew,4
spirits,4
locked,4
shortly,4
disappearing,4
megan,4
throes,4
miley,4
montana,4
superstar,4
turkey,4
smith,4
considered,4
fourteen,4
centering,4
pink,4
roll,4
exam,4
kang-hee,4
hyeon-sook,4
anger,4
rape,4
jessica,4
sentenced,4
masetto,4
stumbles,4
spin,4
joan,4
jungle,4
pin,4
conversation,4
slightly,4
reason,4
strike,4
survivor,4
finished,4
kidnaps,4
plant,4
religion,4
questionable,4
expect,4
reckless,4
everyday,4
arab,4
roles,4
rochester,4
justice,4
zach,4
cheerleader,4
violence,4
rage,4
holmes,4
gambling,4
infidelity,4
industrialist,4
300,4
season,4
annual,4
hunting,4
rumors,4
intimate,4
diamond,4
innocence,4
enrolls,4
anniversary,4
narrative,4
suburbs,4
aram,4
card,4
nanny,4
field,4
added,4
nose,4
gabe,4
message,4
prospective,4
beats,4
icon,4
bedroom,4
buried,4
pakistani,4
sister-in-law,4
aunt,4
frankie,4
relations,4
suave,4
seduction,4
anglique,4
brothel,4
awry,4
loft,4
jose,4
sylvia,4
likely,4
holden,4
present-day,4
violin,4
austria,4
injured,4
pianist,4
post,4
taste,4
laurel,4
marian,4
mysteriously,4
henri,4
wacky,4
eva,4
inn,4
perry,4
papers,4
marty,4
rain,4
operator,4
august,4
fanny,4
wit,4
produced,4
acclaimed,4
coastal,4
blossom,4
presence,4
bentzi,4
monica,4
immature,4
forgotten,4
neil,4
durga,4
undergoes,4
bloody,4
katherine,4
sequences,4
gambler,4
answered,4
using,4
polar,4
louise,4
middle-class,4
insane,4
walter,4
ski,4
yearns,4
suit,4
belongs,4
veronica,4
misadventures,4
grief,4
mountains,4
lyudmila,4
tall,4
ex-convict,4
archie,4
basic,4
madea,4
ordered,4
cape,4
colin,4
sheikh,4
pigeon,4
colors,4
phillips,4
altar,4
pip,4
horace,4
gradually,4
engage,4
spiraling,4
naples,4
mara,4
maya,4
gloria,4
miriam,4
clothes,4
ex-con,4
uncertain,4
extra,4
elisabeth,4
slacker,4
fido,4
global,4
intelligent,4
imran,4
profession,4
20-year-old,4
features,4
tara,4
addict,4
source,4
quigley,4
fifteen,4
destroying,4
youthful,4
inspiring,4
hisashi,4
mai,4
taught,4
shoots,4
jeffrey,4
spying,4
pizza,4
godfrey,4
ideal,4
ronald,4
bleek,4
stress,4
toru,4
naoko,4
sakthivel,4
selvam,4
oldest,4
michel,4
janeiro,4
lota,4
academic,4
othello,4
'coins,4
angela,4
forward,4
choir,4
split,4
brigade,4
kyon,4
devdas,4
cherie,4
brett,4
joon-hyeok,4
katharina,4
petruchio,4
moon-hee,4
mika,4
gerry,4
mui,4
tolstoy,4
nickie,4
takashi,4
hyun,4
jong-moo,4
smuggling,4
naa,4
gallimard,4
acceptance,4
lanter,4
louisiana,4
priscilla,4
2008,4
2009,4
sang-woo,4
jeong-hee,4
arlen,4
felice,4
gestapo,4
shigeru,4
rehan,4
coin,4
hugo,4
bertha,4
luxury,3
relaxes,3
unfamiliar,3
jeopardize,3
concept,3
jackpot,3
1962,3
lab,3
devises,3
push,3
christians,3
mercy,3
woods,3
villain,3
1959,3
pure-hearted,3
harmony,3
rises,3
newborn,3
northwest,3
endangers,3
midwesterner,3
lured,3
nouveau,3
riche,3
bandmate,3
auditions,3
fray,3
departure,3
cut,3
childbirth,3
motion,3
all-out,3
historic,3
tickets,3
dumps,3
reflects,3
terrifying,3
regain,3
michelle,3
hurry,3
prompting,3
1987,3
operating,3
caf,3
bumps,3
dracula,3
god,3
tricked,3
outsider,3
realm,3
minds,3
stephen,3
malik,3
weatherman,3
cameraman,3
report,3
jersey,3
watching,3
intimacy,3
tricks,3
afford,3
reads,3
gals,3
weird,3
sing,3
zone,3
frances,3
houseman,3
limited,3
joel,3
1941,3
murderous,3
size,3
alexander,3
legions,3
devastating,3
doc,3
revealing,3
stanley,3
ipkiss,3
supernatural,3
confidence,3
nobody,3
madly,3
seek,3
sofia,3
horribly,3
privileged,3
hector,3
assumes,3
title,3
von,3
snobbish,3
owns,3
ex-lovers,3
29-year-old,3
cocaine,3
weapon,3
shower,3
map,3
solitary,3
pretend,3
disaster,3
promotion,3
mitchell,3
accepted,3
dylan,3
fast,3
battling,3
ward,3
regularly,3
july,3
genetic,3
appearing,3
warriors,3
impetuous,3
crossroads,3
lifetime,3
lovelorn,3
broke,3
ethel,3
bud,3
eleven,3
byrnes,3
definitely,3
transition,3
jasmine,3
sneaks,3
jail,3
pleasant,3
strain,3
almsy,3
employed,3
ruined,3
kills,3
fail,3
bennet,3
weddings,3
hook-up,3
tie,3
sales,3
switch,3
adjust,3
letters,3
witty,3
adulterous,3
melvin,3
arkansas,3
alongside,3
snow,3
machine,3
overnight,3
13-year-old,3
virgil,3
expert,3
appointed,3
sale,3
core,3
life-long,3
frequent,3
crack,3
awakening,3
wilderness,3
plus,3
cindy,3
suburb,3
retirement,3
developing,3
disappearance,3
capulets,3
visually,3
dialogue,3
rancho,3
crossing,3
hears,3
includes,3
fountain,3
spirituality,3
draw,3
minister,3
circuit,3
lure,3
overwhelmed,3
bradley,3
continuing,3
psychologist,3
miracle,3
waters,3
ended,3
crimes,3
actions,3
allegra,3
hitch,3
techniques,3
dirt,3
clary,3
glamour,3
post-war,3
define,3
generation,3
remind,3
duke,3
olivia,3
wheel,3
awakened,3
seal,3
cameron,3
diaz,3
homes,3
frog,3
kisses,3
fateful,3
unbeknownst,3
charity,3
derailed,3
quarterback,3
believed,3
burlesque,3
lounge,3
troupe,3
amongst,3
unfortunate,3
celebrated,3
caretaker,3
performer,3
tangled,3
martial,3
fierce,3
seduced,3
crystal,3
pirates,3
germany,3
ocean,3
high-profile,3
studying,3
threatening,3
tate,3
sequence,3
yorkshire,3
romanian,3
bottle,3
ashore,3
teresa,3
conventional,3
fascist,3
confines,3
enduring,3
adults,3
plots,3
ruin,3
arrived,3
experiments,3
18th,3
settlers,3
americans,3
sides,3
betrothed,3
janey,3
all-important,3
wildcats,3
elements,3
covered,3
mountain,3
onto,3
hottest,3
hitting,3
hanging,3
fire,3
reed,3
atop,3
inadvertently,3
crowned,3
impressive,3
drunk,3
distraction,3
dreamed,3
thirst,3
rebellion,3
resists,3
governess,3
servants,3
according,3
transformed,3
adventurous,3
sport,3
diving,3
scientists,3
harbors,3
closely,3
persuades,3
creature,3
physician,3
nation,3
acts,3
reign,3
familial,3
shrewd,3
deserted,3
complexities,3
posing,3
coaxes,3
teachers,3
disapproving,3
misguided,3
solve,3
punishment,3
perspective,3
gritty,3
environment,3
basis,3
badly,3
promised,3
chuck,3
fireworks,3
sort,3
aliens,3
forests,3
ruby,3
gwen,3
detroit,3
centuries,3
intelligence,3
emmanuelle,3
disposal,3
miyagi,3
originally,3
enemies,3
tris,3
beings,3
ups,3
built,3
misunderstanding,3
monarchy,3
diplomat,3
rebels,3
maturity,3
unrequited,3
environmental,3
billionaire,3
wade,3
preserve,3
clothing,3
notice,3
nears,3
confused,3
stephanie,3
tuscan,3
worldly,3
racial,3
frida,3
chronicles,3
openly,3
bold,3
uncompromising,3
choosing,3
scamp,3
dogs,3
teenagers,3
boost,3
seducing,3
recall,3
manhattanite,3
ashley,3
volkswagen,3
stronger,3
daring,3
arsenal,3
grand,3
prowess,3
newlywed,3
self-help,3
eloise,3
slums,3
down-on-his-luck,3
manage,3
uproarious,3
ken,3
philadelphia,3
truths,3
akari,3
classmates,3
amp,3
combination,3
surprises,3
accounts,3
mortician,3
womanizing,3
publicist,3
shift,3
songwriter,3
alike,3
lloyd,3
lease,3
ally,3
unless,3
sign,3
clueless,3
northern,3
16-year,3
theme,3
raising,3
consists,3
stuart,3
apple,3
twisted,3
manhood,3
excuse,3
foot,3
ironically,3
animals,3
celine,3
greece,3
decades,3
loser,3
operative,3
near-future,3
citizens,3
garden,3
entertaining,3
sophisticated,3
captured,3
yorkers,3
network,3
roof,3
waves,3
movement,3
greenwich,3
vietnam,3
star-crossed,3
beau,3
pressure,3
holding,3
misanthrope,3
runaway,3
value,3
missionary,3
prized,3
longfellow,3
babe,3
manners,3
maintains,3
nazi,3
divided,3
hostile,3
depicts,3
skeptical,3
messages,3
kirk,3
lasting,3
patron,3
chose,3
serial,3
material,3
villagers,3
staying,3
throwing,3
stealing,3
whereabouts,3
descend,3
price,3
invasion,3
respect,3
barcelona,3
wendy,3
martine,3
lucrative,3
unsure,3
chloe,3
rely,3
underwear,3
ki-chan,3
strongly,3
compose,3
wolf,3
aspects,3
delicate,3
titular,3
julian,3
sunday,3
parent,3
bags,3
regrets,3
iraq,3
keeping,3
experimental,3
annika,3
wizard,3
teams,3
defeat,3
dancers,3
expose,3
preacher,3
origins,3
figured,3
oil,3
templar,3
formula,3
futuristic,3
doomed,3
mumbai,3
asperger,3
syndrome,3
secretive,3
fearless,3
meant,3
40-year-old,3
determine,3
watson,3
heroin,3
adrian,3
philosopher,3
hour,3
developer,3
interesting,3
ike,3
researching,3
poker,3
psychoanalyst,3
morris,3
regardless,3
petty,3
chasing,3
embittered,3
fascinated,3
mesmerized,3
site,3
dennis,3
introverted,3
interrupted,3
marcus,3
attends,3
face-to-face,3
mostly,3
vicious,3
portia,3
races,3
imaginary,3
axel,3
arizona,3
ruse,3
pet,3
eventual,3
convention,3
adolescent,3
principal,3
roxanne,3
omar,3
elin,3
agnes,3
lenny,3
relate,3
fictional,3
massachusetts,3
signed,3
navy,3
inherit,3
egyptian,3
vengeful,3
ex-lover,3
valmont,3
packed,3
fisherman,3
fiancee,3
diner,3
abuse,3
interviews,3
confusion,3
betty,3
ellis,3
gotten,3
dirty,3
custody,3
havana,3
sensuality,3
independence,3
millions,3
dollars,3
cops,3
confesses,3
knot,3
ellie,3
jumps,3
headed,3
discoveries,3
gemma,3
resilience,3
francesca,3
scare,3
cure,3
abbott,3
visitor,3
promptly,3
bell,3
owned,3
josie,3
inner,3
prospects,3
grown-up,3
amidst,3
bourgeois,3
tumultuous,3
exists,3
respected,3
honey,3
harlem,3
favors,3
trailer,3
scenes,3
gunman,3
prefers,3
twice,3
fields,3
hellish,3
captures,3
labor,3
impending,3
parenthood,3
unprepared,3
havoc,3
package,3
survives,3
shooting,3
ren,3
bow,3
pining,3
cant,3
aubrey,3
banks,3
jump,3
drives,3
best-selling,3
guido,3
ape,3
ursula,3
safari,3
page,3
critic,3
played,3
lone,3
sue,3
feminist,3
retelling,3
kyle,3
big-city,3
shock,3
hill,3
self-esteem,3
flame,3
permanent,3
occasional,3
tables,3
radha,3
acting,3
bishop,3
lang,3
lottery,3
muriel,3
everywhere,3
virtual,3
hardy,3
sheep,3
mature,3
leopold,3
harder,3
neighbors,3
sultry,3
locals,3
worry,3
directs,3
cowboy,3
introduces,3
one-night,3
ralph,3
aggressive,3
region,3
turmoils,3
fading,3
nerdy,3
scottish,3
extramarital,3
smooth,3
karen,3
fergus,3
jody,3
museum,3
statue,3
collect,3
crippled,3
hester,3
wear,3
unites,3
hughes,3
silly,3
eligible,3
ranger,3
wits,3
vow,3
erica,3
husbands,3
disastrous,3
swimming,3
fondness,3
roland,3
pro,3
uncontrollable,3
benefit,3
brief,3
frightening,3
partners,3
humor,3
withstand,3
personality,3
separation,3
examine,3
straighten,3
prepare,3
angst,3
judy,3
innate,3
shelly,3
bello,3
unnamed,3
oklahoma,3
employers,3
pennsylvania,3
introduced,3
amadeo,3
bully,3
flash,3
combines,3
phoenix,3
placed,3
frenchman,3
moon,3
pulling,3
prepared,3
nostalgia,3
intentions,3
provence,3
marni,3
edwardian,3
mobile,3
sensation,3
decent,3
governor,3
nester,3
organizes,3
regime,3
extensive,3
alyssa,3
mac,3
dealer,3
restaurateur,3
opening,3
stakes,3
employment,3
subsequently,3
stole,3
montreal,3
vittoria,3
t-shirt,3
gulf,3
elderly,3
longing,3
scotland,3
ada,3
flora,3
zealand,3
swedish,3
educated,3
puberty,3
tumor,3
leticia,3
advertisement,3
priest,3
venetian,3
moira,3
excitement,3
adult,3
mechanic,3
diagnosed,3
striving,3
roberts,3
ones,3
chandler,3
holocaust,3
beds,3
jacqueline,3
victim,3
tide,3
addiction,3
montague,3
feuding,3
witch,3
bruce,3
potter,3
myles,3
alcoholism,3
lagaan,3
champaner,3
drop,3
heroic,3
aamir,3
misfits,3
jacks,3
paolo,3
crooked,3
tender,3
represents,3
ran,3
banner,3
self-doubt,3
shut,3
began,3
resulting,3
neighbour,3
allison,3
michigan,3
documentary,3
tachibana,3
vanished,3
frequented,3
'the,3
paco,3
carmen,3
lorelei,3
esmond,3
deciding,3
raises,3
pressured,3
hustler,3
displays,3
sailor,3
horrific,3
empress,3
jr.,3
evolves,3
tomas,3
operation,3
tereza,3
math,3
gothic,3
misunderstandings,3
midwestern,3
embarrassed,3
clay,3
rescued,3
suspense,3
sending,3
befriended,3
francis,3
nicolas,3
equally,3
rahul,3
convenience,3
puzzle,3
lovestruck,3
quincy,3
blessing,3
resolves,3
burrows,3
rupert,3
edge,3
rick,3
hot-shot,3
crushes,3
settled,3
cozy,3
treats,3
enlist,3
marianne,3
alcohol,3
none,3
bollywood,3
absurd,3
routine,3
valedictorian,3
mathias,3
industrial,3
oliver,3
figuring,3
arrest,3
elevator,3
productions,3
pavlichenko,3
tower,3
villainous,3
dolittle,3
reincarnated,3
difficulty,3
nikki,3
demarco,3
treatment,3
effect,3
jae-hee,3
bloom,3
supermarket,3
wedded,3
champion,3
1990s,3
heels,3
ballistic,3
apparently,3
wheeler,3
cheer,3
heather,3
naked,3
limits,3
mrs,3
havisham,3
estella,3
pull,3
communicate,3
isolation,3
reflection,3
bona-fide,3
lighthouse,3
timer,3
delivery,3
cathy,3
sawako,3
caring,3
bargained,3
bawdy,3
seibei,3
code,3
carmine,3
sentence,3
milan,3
dani,3
proud,3
harvey,3
misses,3
autobiographical,3
cosmopolitan,3
jan,3
fathers,3
appearances,3
golden,3
monte,3
cary,3
types,3
talents,3
courtesan,3
nerd,3
jarrod,3
possibilities,3
gwang-sik,3
hae-ra,3
blinded,3
neglected,3
hanover,3
lila,3
amateur,3
enlightenment,3
numbers,3
heroes,3
emerges,3
dissolution,3
marceau,3
pays,3
small-time,3
mundson,3
learned,3
brad,3
violinist,3
related,3
natasha,3
london-based,3
hai,3
bunny,3
rafael,3
amaia,3
telugu,3
disturbed,3
1944,3
doe,3
marston,3
pushes,3
mckay,3
terrill,3
immediate,3
fiery,3
19-year-old,3
fourth,3
otsutsuki,3
direct,3
happening,3
winnie,3
adele,3
nin,3
channel,3
katrina,3
seductress,3
mira,3
prosecutor,3
hurt,3
filumena,3
noni,3
2007,3
luca,3
franois,3
classroom,3
outgoing,3
telephone,3
seller,3
corruption,3
valeria,3
focused,3
annabelle,3
wally,3
edwina,3
keats,3
publisher,3
anymore,3
courageous,3
gwyn,3
fantozzi,3
jeff,3
cool,3
disabled,3
piques,3
curiosity,3
goodbye,3
persuasion,3
latin,3
lomax,3
elaine,3
sharp,3
duchovny,3
hugh,3
grandson,3
franz,3
deniz,3
establishment,3
rosa,3
potion,3
insists,3
lacks,3
mid-life,3
flashback,3
adored,3
devayani,3
carole,3
boot,3
collapse,3
adelaide,3
circular,3
emmi,3
hippie,3
angle,3
leonardo,3
transient,3
sit,3
diverse,3
brazilian,3
advances,3
builds,3
grips,3
web,3
sweety,3
jacey,3
'paper,3
ariane,3
grady,3
hedonistic,3
sixteen,3
self-discovery,3
delphine,3
emotion,3
penis,3
dick,3
benson,3
simpson,3
ivy,3
recluse,3
donald,3
herbert,3
haruhi,3
castella,3
judith,3
intercepts,3
spicy,3
luka,3
alexandra,3
competing,3
speed,3
rediscover,3
paro,3
decker,3
akkie,3
spoken,3
fulton,3
aristocratic,3
elena,3
hortensio,3
joo,3
karan,3
affects,3
kristen,3
nadya,3
sasha,3
ostwind,3
viewer,3
douglas,3
settling,3
errors,3
orlando,3
halley,3
nova,3
izumi,3
hayama,3
munna,3
mun-hee,3
alias,3
stationed,3
destinies,3
inextricable,2
threats,2
live-action,2
reseive,2
opend,2
implementing,2
other-worldly,2
circa,2
amphibious,2
anastasia,2
headlong,2
proclivities,2
entice,2
cautious,2
collective,2
motivate,2
untold,2
iconic,2
'sleeping,2
peaceable,2
fiercest,2
protector,2
bent,2
108-year-old,2
repeated,2
cautions,2
coven,2
bloodsuckers,2
enchanted,2
ravaged,2
malicious,2
ignite,2
ageless,2
clans,2
allegation,2
greaser,2
rekindle,2
island-set,2
gangsters,2
all-girl,2
lattes,2
scrapes,2
cocktail,2
gigs,2
dingy,2
mounts,2
fabric,2
forks,2
centuries-old,2
misfortunes,2
fulfills,2
pits,2
fearsome,2
council,2
leaders,2
accomplished,2
preparation,2
stifler,2
finch,2
prada,2
humans,2
dna,2
freeman,2
dewitt,2
bukater,2
brock,2
april,2
1912,2
titanic,2
boards,2
departing,2
upper-class,2
dawson,2
off-guard,2
500,2
rediscovers,2
princeton,2
nash,2
worthwhile,2
legacy,2
mathematics,2
soviet,2
codes,2
overboard,2
theodore,2
purchases,2
developed,2
technology,2
benjamin,2
mina,2
image,2
helsing,2
hercules,2
hades,2
plotting,2
venturing,2
wildest,2
cambridge,2
hindi,2
suspected,2
trade,2
buenos,2
aires,2
loop,2
beca,2
clique,2
arrangements,2
investigates,2
dangerously,2
accompanies,2
catskills,2
stepping,2
sober,2
abandon,2
erase,2
fade,2
correct,2
19th-century,2
feature,2
wed,2
corpse,2
bereft,2
cracked,2
westley,2
amid,2
relates,2
hunger,2
ace,2
evelyn,2
manipulative,2
golightly,2
dime,2
blooms,2
dorian,2
goons,2
wheat,2
jensen,2
powerless,2
brown,2
arm,2
illusion,2
deserves,2
gage,2
unfulfilled,2
maryland,2
urged,2
jones,2
chauvinistic,2
correspondent,2
clever,2
adaline,2
lethal,2
inexplicably,2
stretch,2
castaway,2
unfinished,2
hooker,2
alabama,2
rogue,2
safeguard,2
gods,2
joey,2
lolita,2
reset,2
flashing,2
nymphet,2
twenty-something,2
thailand,2
backfire,2
sleazy,2
quit,2
glimpses,2
vivian,2
proceed,2
disorder,2
librarian,2
clare,2
fugitive,2
mess,2
expensive,2
bridesmaids,2
pirate,2
transforms,2
angelina,2
jolie,2
2005,2
ruins,2
florida,2
focker,2
offspring,2
adrift,2
1927,2
lamp,2
jafar,2
sex-obsessed,2
pops,2
bends,2
disasters,2
critical,2
lara,2
murdering,2
argument,2
cowboys,2
supposed,2
maker,2
explorers,2
horrible,2
bryant,2
bailey,2
cat,2
inherited,2
wand,2
glass,2
fairy-tale,2
jeremy,2
crashing,2
toast,2
alluring,2
cutthroat,2
liberation,2
prejudices,2
mitsuha,2
cusp,2
occupied,2
destructive,2
neighboring,2
hospitalized,2
genovia,2
cotton,2
elvis,2
aldous,2
granted,2
auctioneer,2
distance,2
familys,2
priceless,2
attachment,2
engulfed,2
bland,2
bingham,2
specializes,2
unwanted,2
mile,2
heartless,2
exterior,2
life-threatening,2
confusing,2
ex-fiance,2
rebuild,2
magnate,2
1965,2
twelve-year-olds,2
handle,2
satire,2
tennis,2
maguire,2
contracts,2
commission,2
modest,2
irreversible,2
comeback,2
fledgling,2
gilbert,2
montagues,2
feud,2
wed.,2
bard,2
refreshing,2
dreamer,2
miserable,2
virus,2
hes,2
affectionate,2
doorstep,2
spanning,2
thousand,2
fragility,2
bookstore,2
radically,2
landon,2
participate,2
ram,2
beating,2
stripper,2
readies,2
suffocating,2
schedule,2
asleep,2
regal,2
bets,2
formed,2
hazel,2
diagnosis,2
parlor,2
technique,2
afternoon,2
belong,2
berg,2
hanna,2
trial,2
stemming,2
concealing,2
expense,2
mentors,2
progress,2
tabloid,2
shadowhunters,2
sky,2
scandal,2
dressmaker,2
reynolds,2
companionship,2
controlled,2
carefully,2
disrupted,2
decade,2
happy-go-lucky,2
nri,2
simran,2
refers,2
duff,2
fat,2
jock,2
jam,2
replaced,2
fairies,2
breakups,2
boyfriends,2
imminent,2
underage,2
enchanting,2
precisely,2
p.m,2
awake,2
beckons,2
cupid,2
goodness,2
revue,2
ha-rim,2
cornea,2
melodrama,2
wrenching,2
dilemma,2
reimagining,2
austens,2
heroine,2
riley,2
swallow,2
battlefield,2
stressed,2
pier,2
overseas,2
dead-end,2
circumstance,2
imagine,2
scoop,2
paxton,2
transform,2
frustrations,2
tragically,2
humiliation,2
sunlight,2
intervenes,2
rolfe,2
noticing,2
eastern,2
danielle,2
dive,2
farce,2
matchmaking,2
sharp-witted,2
beatrice,2
considering,2
countless,2
chosen,2
senator,2
erupts,2
lava,2
magnificent,2
crumbles,2
escobar,2
pulled,2
illicit,2
besotted,2
clandestine,2
meg,2
kumail,2
grad,2
lynne,2
suspicion,2
troy,2
forge,2
carpenter,2
disc,2
jockey,2
knocking,2
genie,2
winged,2
dodging,2
pit,2
9th,2
wages,2
chambers,2
1964,2
danish,2
traditions,2
jogs,2
revelations,2
spectral,2
slip,2
rodgers,2
hammerstein,2
austrian,2
pre-war,2
margo,2
ninja,2
summoning,2
enigma,2
barr,2
enzo,2
dolphins,2
arquette,2
harrowing,2
oregon,2
liked,2
song-and-dance,2
sweethearts,2
savvy,2
rosie,2
navigates,2
heart-warming,2
scale,2
klutzy,2
tai,2
makeover,2
baxter,2
executives,2
mistresses,2
restore,2
contractor,2
dormitory,2
shirakawa,2
haruto,2
kurosaki,2
celebrating,2
banished,2
wonder,2
announcement,2
ford,2
benefits,2
calling,2
grudgingly,2
crazed,2
self-indulgent,2
diva,2
duty,2
spouses,2
hook,2
marathon,2
fairytale,2
emerald,2
conclusion,2
picking,2
wanda,2
resistance,2
pressures,2
indulge,2
unattached,2
bangkok,2
civilization,2
okinawa,2
norah,2
mates,2
pulls,2
available,2
filmore,2
preoccupied,2
30-something,2
unscrupulous,2
chauffeur,2
blackmail,2
aimed,2
drain,2
eisenheim,2
haze,2
p.m.,2
hatches,2
guidance,2
exasperated,2
harvard,2
replacement,2
journal,2
wide,2
gap,2
belgium,2
obtain,2
guerrillas,2
whim,2
buys,2
tormented,2
deception,2
themes,2
kahlo,2
manolo,2
fulfilling,2
fantastical,2
talking,2
oblivion,2
tramp,2
mischievous,2
pup,2
stray,2
junkyard,2
buster,2
wyatt,2
desperation,2
via,2
level,2
duchess,2
veterinarian,2
delightful,2
short-term,2
competitor,2
interplanetary,2
parisians,2
xiv,2
anderson,2
pushing,2
dupree,2
barfly,2
couch,2
burke,2
motivational,2
speaker,2
florist,2
immigrated,2
gangs,2
skeeter,2
bronson,2
entertainment,2
operatives,2
reuben,2
comically,2
mismatched,2
irresponsible,2
kicked,2
howard,2
toni,2
collette,2
takaki,2
elementary,2
memoir,2
horror,2
traumatized,2
rejuvenate,2
digger,2
intention,2
surprisingly,2
coyote,2
coyotes,2
watering,2
abducted,2
dump,2
peoples,2
hawkins,2
jeopardizes,2
delivers,2
zeta,2
accomplish,2
takeover,2
cattle,2
unforgiving,2
darwin,2
rhiannon,2
cara,2
grapple,2
hundreds,2
turtles,2
parts,2
clark,2
akeem,2
queens,2
blend,2
gin,2
hache,2
mario,2
casas,2
valverde,2
raped,2
nadine,2
injustices,2
please,2
blitz,2
christina,2
avoiding,2
meaningful,2
inextricably,2
entwined,2
dickens,2
individuals,2
carrie,2
fun-loving,2
asked,2
washes,2
armed,2
invents,2
barris,2
recruited,2
covert,2
totalitarian,2
'dirty,2
gnomes,2
sherlock,2
weekly,2
nyc,2
2000,2
messer,2
dislike,2
liverpool,2
life-changing,2
affluent,2
complicates,2
falk,2
beer,2
nave,2
melody,2
arrive,2
headmaster,2
billion,2
butler,2
maintained,2
robbie,2
eyesight,2
checks,2
attorney,2
krasinski,2
victorian,2
species,2
woodhouse,2
delights,2
kayley,2
brave,2
camelot,2
tightly,2
father-in-law,2
moonlighting,2
intended,2
ease,2
insecure,2
discharged,2
adopts,2
bonnie,2
completed,2
duel,2
pistols,2
robbed,2
lucile,2
regiment,2
residence,2
gretta,2
long-term,2
fulfil,2
paying,2
finn,2
trusty,2
therapy,2
sessions,2
dispute,2
monaco,2
iii,2
dedication,2
betray,2
xavier,2
pampered,2
ransom,2
yoon-seo,2
min-jeong,2
repairman,2
earns,2
specifically,2
touches,2
escort,2
flavor,2
tourists,2
besides,2
monster,2
logan,2
photograph,2
initial,2
alfalfa,2
shorts,2
nostalgic,2
principles,2
klump,2
frame,2
clutches,2
cloud,2
beleaguered,2
commissioned,2
fraud,2
mining,2
clint,2
eastwood,2
miners,2
otherworldly,2
tretiak,2
incompatibility,2
rizwan,2
section,2
hindu,2
treat,2
patissier,2
neung-geum,2
dreamt,2
woo-hyeon,2
dessert,2
recipes,2
stunts,2
relieve,2
melancholy,2
receiving,2
coincidence,2
commute,2
rising,2
concerts,2
derail,2
bohemian,2
hooked,2
alternates,2
self-destruction,2
ingmar,2
bergman,2
punished,2
command,2
corner,2
downhill,2
closure,2
kept,2
algorithm,2
carolina,2
haunts,2
server,2
text,2
minute,2
females,2
subject,2
decadent,2
acquainted,2
lonesome,2
unknowingly,2
lance,2
popularity,2
triumphs,2
market,2
profits,2
enable,2
puzzled,2
incredulous,2
sordid,2
lays,2
flower,2
bachelorhood,2
lights,2
chaplin,2
deemed,2
connor,2
defined,2
owens,2
angelov,2
flintstones,2
wilma,2
conniving,2
strait-laced,2
pressman,2
jeremiah,2
exhilarating,2
plagued,2
neuroses,2
lower,2
geeks,2
bucks,2
calvin,2
achieved,2
sitting,2
goofy,2
embarrass,2
leonowens,2
homosexuality,2
reform,2
episodes,2
abilities,2
hang,2
brat,2
foley,2
paula,2
miami,2
julius,2
sookee,2
hideko,2
domineering,2
pickpocket,2
elope,2
wayne,2
low-key,2
demeanor,2
saves,2
uneasy,2
ottoman,2
loan,2
gruesome,2
liaisons,2
pincus,2
miraculously,2
revived,2
minutes,2
annoying,2
kielowski,2
linked,2
commander,2
stacy,2
adds,2
addie,2
crosses,2
briggs,2
dishes,2
escalating,2
cuba,2
katey,2
defy,2
javier,2
nightclubs,2
attendant,2
dodo,2
convict,2
roadside,2
cafe,2
culminates,2
andrews,2
tied,2
aviator,2
warne,2
blow,2
whistle,2
arterton,2
young-goon,2
admitted,2
il-soon,2
minnie,2
bryce,2
grade,2
reconsider,2
unwelcome,2
vanishes,2
rings,2
snag,2
check,2
hides,2
lawyers,2
switches,2
jeans,2
tennessee,2
preferred,2
sperm,2
sample,2
acquaintances,2
premiere,2
1939,2
negative,2
destroyed,2
reconstructed,2
bronx,2
graduated,2
crop,2
coolest,2
t-birds,2
branded,2
repeater,2
entrance,2
bong-seong,2
stayed,2
terribly,2
sassy,2
lifeguard,2
erin,2
garrett,2
journalism,2
downtown,2
clubs,2
n.y.,2
hotshot,2
casts,2
surrounding,2
painting,2
johannes,2
vermeer,2
burning,2
suggest,2
practice,2
2002,2
yuppie,2
whos,2
impatient,2
commits,2
moral,2
cab,2
blowing,2
steel,2
turn-of-the-century,2
survivors,2
recollections,2
spiritual,2
wreak,2
trophy,2
speech,2
mobility,2
fortunately,2
high-society,2
hooks,2
satan,2
prohibited,2
ban,2
hypochondriac,2
sant,2
distinguished,2
exploring,2
amorous,2
trader,2
portal,2
roslyn,2
monthly,2
crushed,2
bogart,2
leg,2
memorable,2
included,2
performances,2
arrogant,2
misfit,2
kendra,2
rally,2
thick,2
alfie,2
helena,2
tricky,2
anxious,2
exposed,2
climbing,2
friday,2
irreverent,2
admirer,2
fbi,2
singles,2
fanatic,2
warring,2
achieves,2
navarre,2
whilst,2
tip,2
biasi,2
proceeds,2
content,2
out-of-control,2
habit,2
players,2
spread,2
literary,2
headstrong,2
bathsheba,2
taipei,2
responsibility,2
21st,2
absence,2
next-door,2
bait,2
nicholas,2
presents,2
mackenzie,2
butcher,2
michaels,2
sensational,2
foolish,2
newton,2
phony,2
ostensibly,2
pawn,2
wicked,2
sidekick,2
intrepid,2
underneath,2
privately,2
raoul,2
thirties,2
ancestral,2
somewhat,2
barons,2
rights,2
charter,2
tyrannical,2
stood,2
symbol,2
siler,2
envy,2
federal,2
sly,2
spirals,2
republican,2
ira,2
dil,2
davidson,2
colleagues,2
strip,2
kitchen,2
sink,2
specialist,2
jean-luc,2
godard,2
sheeni,2
durham,2
engine,2
flights,2
natural,2
kitty,2
puritanical,2
mid,2
reverend,2
adultery,2
marla,2
convictions,2
whatsoever,2
spots,2
war-torn,2
corners,2
millionaires,2
arranging,2
rainy,2
fever,2
elina,2
intends,2
rainbow,2
kingpin,2
weapons,2
gun,2
inevitably,2
contentious,2
currently,2
mendez,2
harris,2
cunning,2
wait,2
colorful,2
complicate,2
delight,2
district,2
ages,2
enthusiastic,2
spaceship,2
marin,2
shape,2
inhabitants,2
bleak,2
eyre,2
thornfield,2
abrupt,2
studio,2
brokenhearted,2
session,2
fish-out-of-water,2
impulsively,2
wright,2
dropout,2
repeatedly,2
chantry,2
term,2
irishman,2
bind,2
rightly,2
kline,2
polanski,2
exquisite,2
rumor,2
cabaret,2
rebound,2
sammy,2
stereotypes,2
needing,2
objects,2
wander,2
rejection,2
ferocious,2
banned,2
businesswoman,2
bergerac,2
surreal,2
settles,2
beetle,2
drifting,2
robbery,2
assigns,2
betrayed,2
casino,2
misfortune,2
jinx,2
describes,2
kyun-woo,2
assisting,2
shepherd,2
courting,2
approval,2
owning,2
1893,2
rides,2
beaten,2
taciturn,2
grit,2
o'reilly,2
aviation,2
1900s,2
confess,2
argentina,2
fernando,2
dynamic,2
cities,2
suspenseful,2
mesmerizing,2
valjean,2
cage,2
worries,2
dining,2
rooms,2
zibby,2
scary,2
apartments,2
laundry,2
wanders,2
entered,2
submarine,2
sub,2
blane,2
einstein,2
temporarily,2
tim,2
liberal,2
juggle,2
ensnares,2
paints,2
jean-ren,2
factory,2
transferred,2
oppressive,2
daytime,2
would-be,2
practices,2
clean,2
colorado,2
exact,2
reduced,2
ashby,2
holt,2
journeys,2
adjusting,2
brainy,2
mystified,2
caused,2
nazis,2
devlin,2
higher,2
blues,2
tempted,2
dorothy,2
auction,2
color,2
attilio,2
andrei,2
eugenia,2
spa,2
lunatic,2
homeland,2
ambivalent,2
villeneuve,2
touching,2
childrens,2
cocteau,2
walt,2
belongings,2
alisdair,2
tense,2
conflicts,2
grew,2
self-centered,2
high-ranking,2
holy,2
penance,2
effects,2
heal,2
wounds,2
directing,2
executed,2
foreman,2
disguises,2
pig,2
awoken,2
1992,2
priests,2
bernier,2
rents,2
overlooks,2
bhaskar,2
tamil,2
2015,2
exuberant,2
kristin,2
keys,2
travelling,2
billboard,2
stingo,2
apparent,2
employs,2
sharpshooter,2
prone,2
outfits,2
gained,2
yuddy,2
zhen,2
sympathetic,2
overwhelm,2
lush,2
similarly,2
franco,2
capulet,2
hurley,2
campbell,2
odette,2
clavius,2
attitudes,2
guinevere,2
darker,2
good-natured,2
constant,2
realising,2
porsche,2
worried,2
taxes,2
hated,2
bhuvan,2
plight,2
sadistic,2
cricket,2
rollo,2
profit,2
enforces,2
zachary,2
marks,2
flighty,2
blame,2
1951,2
aeroplane,2
literally,2
elmo,2
mancini,2
selfish,2
handicapped,2
till,2
astronomer,2
despises,2
carries,2
substance,2
pollock,2
engaging,2
cousins,2
supportive,2
solution,2
medicine,2
berke,2
felix,2
midsummer,2
thierry,2
expects,2
library,2
life-affirming,2
oppression,2
awards,2
lancelot,2
loyalty,2
travis,2
wind,2
unlock,2
madrid,2
materializes,2
humiliated,2
marital,2
mounting,2
showgirl,2
sr.,2
exhausted,2
divorcee,2
stig,2
yudale,2
buxom,2
proving,2
accepting,2
zare,2
owes,2
dadan,2
department,2
mannequin,2
interference,2
confronts,2
models,2
freddie,2
prinze,2
debut,2
oscar-winning,2
sabina,2
switzerland,2
1982,2
taeko,2
well-ordered,2
cassie,2
guilt,2
marina,2
statues,2
babu,2
prasad,2
conquest,2
stylish,2
studied,2
1953,2
dakota,2
crawl,2
rolls,2
folks,2
turning,2
mercedes,2
touched,2
anjali,2
camilla,2
vega,2
admit,2
adriana,2
drops,2
deathbed,2
blocks,2
arranges,2
gentlemen,2
1890s,2
ernest,2
nail,2
interferes,2
birdie,2
profile,2
tita,2
compromising,2
nerves,2
gregorius,2
portuguese,2
highest,2
pines,2
epps,2
comrades,2
bounds,2
offering,2
planner,2
scorsese,2
departed,2
costumes,2
audiences,2
honesty,2
haunted,2
excess,2
girlish,2
chemical,2
opposition,2
philo,2
brawler,2
apocalypse,2
toronto,2
adjusts,2
biting,2
johan,2
understandings,2
phase,2
orphans,2
talked,2
listen,2
skids,2
sneak,2
bubble,2
fabio,2
portrays,2
unassuming,2
blank,2
freelance,2
conscience,2
heck,2
felt,2
yes,2
senses,2
welsh,2
jordana,2
burt,2
drugs,2
crooner,2
interracial,2
restored,2
hundred,2
dora,2
sommersby,2
managing,2
atomic,2
ambiguous,2
motives,2
keen,2
laboratory,2
fantastic,2
gates,2
dismisses,2
relentlessly,2
midwest,2
virtually,2
breakout,2
venture,2
temperamental,2
sid,2
patience,2
forcing,2
maiden,2
befalls,2
combat,2
eleanor,2
roosevelt,2
capacity,2
postwar,2
1996,2
hokkaido,2
sayuri,2
underachiever,2
skiing,2
investment,2
sverine,2
dutiful,2
high-class,2
anais,2
jour,2
possessive,2
illustrate,2
melinda,2
coping,2
whitman,2
construction,2
straight-laced,2
matriarch,2
energy,2
lillie,2
mild-mannered,2
belavia,2
fabulous,2
drill,2
mickler,2
delusion,2
rekindles,2
portrayal,2
allegedly,2
chained,2
collision,2
goddess,2
indicates,2
grumpy,2
isabella,2
hoped,2
1900,2
cottage,2
fifteen-year-old,2
flax,2
necessary,2
c.k,2
respectable,2
maximillian,2
dustin,2
lunch,2
attempted,2
defect,2
saxophone,2
perfume,2
homicidal,2
townspeople,2
stalked,2
athlete,2
goals,2
achieve,2
recapture,2
fritz,2
mickey,2
materialistic,2
competitive,2
triggers,2
sibling,2
idealistic,2
exes,2
lasted,2
article,2
warns,2
nineteenth,2
contained,2
crumbling,2
poignant,2
genuine,2
yearn,2
detail,2
egotistical,2
pioneer,2
damning,2
goring,2
idle,2
philanderer,2
cecilia,2
cairo,2
inseparable,2
official,2
shanghai,2
improbable,2
frantic,2
impulsive,2
unconscious,2
embodied,2
illegal,2
dilapidated,2
humble,2
benefactor,2
repressed,2
lay,2
impersonate,2
copes,2
conceal,2
graduating,2
larger,2
dale,2
upstairs,2
750,2
sorry,2
niki,2
resume,2
pietro,2
implanted,2
oona,2
whoever,2
famously,2
lunchbox,2
sarajevo,2
earl,2
debauched,2
grave,2
1985,2
hopeful,2
jodhaa,2
akbar,2
alliance,2
rajput,2
orgasm,2
heathcliff,2
earnshaw,2
doll,2
provided,2
masters,2
chief,2
matsumoto,2
arranged,2
tomboy,2
watts,2
perfectly,2
concierge,2
rodin,2
pupil,2
invest,2
chlo,2
cow,2
samurai,2
leukemia,2
comical,2
listened,2
looked,2
thrilling,2
appeal,2
cheesy,2
shine,2
sorrows,2
pub,2
barfuss,2
kimberly,2
sabotage,2
neighbourhood,2
scenario,2
convert,2
imagines,2
poverty,2
prostitutes,2
quarter,2
masked,2
feature-length,2
widely,2
genre,2
hardcore,2
lars,2
overjoyed,2
minded,2
fullest,2
stroke,2
ron,2
unjustly,2
incredibly,2
bisexual,2
divorcing,2
parrish,2
gregory,2
diana,2
naomi,2
redefine,2
ricky,2
hostage,2
artistry,2
exiled,2
huxley,2
theatrical,2
burgers,2
unorthodox,2
timmy,2
beethoven,2
myeong-ho,2
dal-rae,2
mere,2
whims,2
supper,2
rig,2
drawing,2
flaubert,2
loner,2
encourage,2
wilson,2
paid,2
delacroix,2
shown,2
extremes,2
edgy,2
gilda,2
bust,2
overzealous,2
tenley,2
subway,2
conservatory,2
saw,2
yang,2
mumbai-based,2
kabir,2
long-time,2
arjun,2
blighted,2
bosnia,2
mal,2
caramel,2
genevive,2
nashawn,2
capt,2
bennett,2
habits,2
satisfy,2
intact,2
florence,2
remedy,2
abhishek,2
stark,2
edwards,2
bounty,2
midwife,2
protective,2
bosses,2
gamble,2
emerge,2
baron,2
gypsy,2
jekyll,2
hyde,2
shopping,2
hannassey,2
cruelty,2
enjoyment,2
created,2
meteor,2
descendant,2
giovanna,2
entry,2
stella,2
bledel,2
bdsm,2
jobless,2
live-in,2
tenant,2
mathilde,2
threesome,2
press,2
ludo,2
design,2
jab,2
tak,2
jaan,2
kashmir,2
miroslava,2
dragon,2
option,2
heats,2
invitation,2
narrates,2
forty-year-old,2
paul-andr,2
violette,2
exchange,2
debts,2
nina,2
redgrave,2
administrates,2
wwi,2
kaz,2
dissatisfied,2
experiencing,2
l.a.,2
tommaso,2
euros,2
rao,2
lucas,2
vinicius,2
lygia,2
insanity,2
nero,2
replace,2
hundert,2
principled,2
wills,2
xuan,2
reserve,2
sonar,2
precarious,2
bittersweet,2
election,2
olmos,2
directorial,2
santana,2
plenty,2
arturo,2
catholic,2
stir,2
simone,2
sacrifices,2
unwed,2
stubborn,2
reporters,2
partnership,2
scouts,2
binoculars,2
beck,2
riotously,2
prostitution,2
1945,2
chateau,2
marcel,2
predecessor,2
high-spirited,2
rank,2
eddy,2
chased,2
kellogg,2
improve,2
bartender,2
min,2
barrett,2
backgrounds,2
coup,2
finalized,2
dressing,2
mirabelle,2
salesgirl,2
destroys,2
strictly,2
fulfilled,2
sherwood,2
patiently,2
proudly,2
imagination,2
lung,2
surrogate,2
playwright,2
danaher,2
ill-tempered,2
wilds,2
tree,2
herbie,2
racing,2
cache,2
frederick,2
martha,2
killers,2
whales,2
begun,2
fair,2
consuming,2
corie,2
incarnations,2
rochard,2
turner,2
embarrassing,2
hapless,2
chernick,2
homosexual,2
mississippi,2
fond,2
addicted,2
kenya,2
bristol,2
sake,2
off-the-wall,2
jeong-woo,2
norimichi,2
yuusuke,2
bodek,2
anchovies,2
orhan,2
towers,2
ham,2
elle,2
suzume,2
jinyiwei,2
dispatched,2
influential,2
unlucky,2
chemist,2
mona,2
melea,2
inspire,2
halt,2
rehabilitation,2
confessed,2
sandwich,2
levi,2
setoka,2
cares,2
conceive,2
knocked,2
prey,2
mist,2
prior,2
ballerina,2
urges,2
1960,2
watanabe,2
kizuki,2
kyoto,2
midori,2
patricia,2
castro,2
certainly,2
entourage,2
arnaud,2
madeleine,2
revival,2
rustwater,2
spare,2
recognizes,2
briefly,2
otto,2
bet,2
agreed,2
rites,2
cleaning,2
aji,2
albeit,2
volatile,2
trendy,2
entirely,2
giovana,2
novalee,2
aura,2
doubt,2
sandra,2
costs,2
drift,2
self-confidence,2
poems,2
illustrates,2
delirious,2
internship,2
mariana,2
everett,2
maudie,2
titu,2
smart,2
roller,2
coaster,2
constantly,2
mankind,2
saira,2
marco,2
manny,2
corrina,2
familiar,2
multiple,2
singing,2
half-brothers,2
schweiger,2
martino,2
aditya,2
bhatinda,2
elopes,2
francesco,2
necessarily,2
parade,2
twenty-five,2
liquor,2
rigid,2
monique,2
rodeo,2
seong-sik,2
hye-joo,2
joon-seok,2
credit,2
sweden,2
alter-ego,2
doinel,2
18-year-old,2
valentina,2
han,2
raging,2
hyeon-joon,2
protects,2
earrings,2
palazzo,2
clem,2
humming,2
mechanical,2
jean-pierre,2
perspectives,2
italia,2
alexandre,2
clarabelle,2
harland,2
disrupts,2
developers,2
hitler,2
loren,2
mastroianni,2
sacha,2
example,2
neville,2
gran,2
commune,2
bilal,2
calais,2
seo,2
committing,2
sos,2
suzumiya,2
yuki,2
mikuru,2
koizumi,2
iago,2
weakness,2
chilling,2
carvalho,2
soo-kyeong,2
physically,2
central,2
1955,2
occasionally,2
primarily,2
rohan,2
supriya,2
liking,2
pilar,2
watched,2
cooler,2
embraces,2
graphic,2
lecturer,2
bertrand,2
baptista,2
african,2
mandela,2
normalcy,2
marx,2
owing,2
treated,2
maud,2
motte,2
funds,2
vulnerable,2
marg,2
meantime,2
entranced,2
kira,2
evergreen,2
pursued,2
letting,2
ji-seon,2
ji-yeong,2
marswell,2
ditched,2
nordley,2
gorilla,2
satisfaction,2
mattress,2
kaltenbach,2
mare,2
malaysia,2
lisbela,2
lelu,2
jeoffray,2
maddie,2
raf,2
ritual,2
erlynne,2
scandalous,2
orphe,2
mikako,2
strive,2
chiara,2
taillandier,2
rafa,2
todd,2
cammie,2
photocopier,2
orfeu,2
eurydice,2
lane,2
ismael,2
jahnvi,2
lodgers,2
foolishly,2
dedham,2
appalling,2
gabey,2
ozzie,2
gallagher,2
na-yeong,2
ji-hee,2
honest,2
exposes,2
racket,2
resurfaces,2
genetically,2
reflexes,2
interlink,2
nexus,2
downfall,2
peru,2
surya,2
illu,2
2018,2
sirisha,2
sridhar,2
lagadapati,2
ramalakshmi,2
cine,2
creations,2
vakkantham,2
vamsi,2
rene,2
liling,2
ensemble,2
intertwining,2
blackmailed,2
now-grown,2
chico,2
ballad,2
bolero,2
torment,2
sandrine,2
bonnaire,2
vessel,2
brontan,2
choler,2
portrayed,2
pialat,2
magnitude,2
cinema,2
tenderness,2
force-of-will,2
christen,2
conductor,2
eventful,2
pronounce,2
limo,2
liev,2
schreiber,2
semi-pornographic,2
satisfying,2
jeannie,2
dennehy,2
gugino,2
curve-balls,2
debilitating,2
francia,2
christy,2
carlson,2
romano,2
illustrious,2
latina,2
skated,2
professionally,2
arduous,2
superstars,2
icy,2
thaw,2
tasteless,2
lists,2
hoodwink,2
yellow,2
handkerchief,2
hitches,2
gordy,2
redmayne,2
traversing,2
post-hurricane,2
1956,2
twenty-one-year-old,2
lindon,2
someday,2
schedules,2
agendas,2
compares,2
dissertation,2
moliere,2
oral,2
sorbonne,2
'you,2
'low,2
'high,2
frequencies,2
cosmic,2
world-famous,2
proportions,2
resolving,2
pad,2
self-pleasuring,2
bed-mate,2
izzy,2
glove,2
substitute,2
roping,2
grownups,2
crane,2
psychopathic,2
stalking,2
assembles,2
bodyguards,2
unlicensed,2
plains,2
milton,2
wild-child,2
curriculum,2
sarcastic,2
psychosexual,2
noir,2
encourages,2
interim,2
psychotic,2
banderas,2
correspondence,2
towering,2
creatively,2
transsexual,2
jordanian,2
palestinian,2
descent,2
tala,2
leyla,2
distributed,2
theatres,2
dvd,2
shamim,2
sarif,2
sheetal,2
sheth,2
actresses,2
namely,2
unseen,2
conservationist,2
trickiest,2
reward,2
180,2
degrees,2
everytime,2
wet,2
faber,2
curmudgeonly,2
chiropractor,2
lauren,2
melt,2
gina,2
summit,2
reykjavik,2
obligations,2
1943/44,2
organization,2
persecution,2
nightly,2
raids,2
tenderly,2
brody,2
displeased,2
griffith,2
gender-swapping,2
roundy,2
hairstylist,2
uncontrolled,2
libido,2
hairdressing,2
backer,2
eileen,2
heckart,2
kooky,2
tanner,2
goldie,2
hawn,2
disarm,2
incessant,2
ms.,2
archer,2
societal,2
norms,2
impressed,2
befriending,2
enthusiast,2
affluence,2
garbage,2
kurdo,2
maki,2
surfboard,2
takako,2
hiroko,2
oshima,2
mishaps,2
mock,2
believer,2
ishika,2
sanjana,2
kiran,2
fanning,2
displeasure,2
permission,2
half-breed,2
chavez,2
irreverently,2
theatre-goers,2
effected,2
beg,2
kajol,2
kashmiri,2
casanova,2
flirts,2
warn,2
consequence,2
trigger,2
gordon-levitt,2
lynn,2
4th,2
cleaved,2
overachieving,2
stay-at-home,2
tobey,2
crudup,2
aspiring-novelist,2
gyllenhaal,2
guerilla,2
pinson,2
exile,2
spurns,2
scotia,2
lewly,2
reject,2
indies,2
trails,2
furthering,2
darby,2
clinically,2
psychosis,2
gilles,2
solidarity,2
pretentious,2
fictionalized,2
autobiography,2
radical,2
reitman,2
'boxcar,2
organizer,2
violence-filled,2
'30,2
rabble-rousing,2
'big,2
railroad,2
clement,2
arras,2
stylist,2
freely,2
divide,2
nervous,2
kiefer,2
bruised,2
paramedic,2
jeanie,2
midler,2
rock-and-roll,2
fans,2
continuously,2
imperiled,2
merrick,2
leningrad,2
zhenya,2