world,383
earth,344
one,336
new,267
must,251
time,247
find,227
life,224
planet,219
two,206
alien,206
young,200
man,177
space,175
back,169
group,165
years,158
future,154
human,152
people,151
mysterious,147
war,141
finds,132
save,130
way,128
city,122
take,118
set,117
help,116
film,115
aliens,113
battle,112
get,112
evil,112
stop,110
first,109
soon,106
father,105
scientist,104
woman,102
government,101
team,99
n't,99
discover,99
love,99
family,98
become,98
year,98
mission,97
...,93
story,93
make,92
race,92
crew,92
humans,91
power,87
series,87
together,87
three,87
game,87
lives,87
discovers,86
son,86
home,85
begins,84
friends,83
past,81
day,81
fight,78
robot,78
around,78
town,78
becomes,77
creature,75
takes,75
dr.,75
however,74
death,74
secret,73
come,73
island,72
known,71
control,70
humanity,70
scientists,70
last,70
military,70
place,70
order,69
like,69
deadly,68
sent,68
dangerous,67
named,67
forces,66
comes,66
another,66
old,66
also,64
school,64
girl,63
attack,63
four,62
escape,60
inside,60
called,60
body,60
godzilla,60
strange,60
small,59
agent,58
forced,58
universe,58
powers,57
across,57
events,57
end,57
boy,57
try,57
follows,57
doctor,57
something,56
left,56
may,56
dark,56
force,56
david,56
giant,56
live,55
turns,55
gets,55
return,55
survivors,55
machine,55
nuclear,55
tries,54
lost,54
american,53
night,53
travel,53
ship,53
search,53
creatures,52
even,52
daughter,52
dead,52
computer,52
use,51
men,51
monster,51
movie,51
goes,50
survive,50
land,50
friend,49
children,49
threat,48
mankind,48
captain,47
powerful,47
good,47
living,47
meets,47
wife,47
things,46
near,46
rescue,46
work,46
trying,45
could,45
hope,45
run,45
using,44
every,44
kill,44
face,43
police,43
chance,43
destroy,43
starts,43
created,42
moon,42
attempt,42
century,42
upon,42
black,41
real,41
ancient,41
form,41
destruction,41
deep,41
virus,41
station,41
behind,41
violent,41
project,41
working,41
system,40
little,40
makes,40
killing,40
never,39
america,39
everyone,39
along,39
leads,39
special,39
away,39
decides,39
killer,39
would,39
high,39
long,39
reality,38
without,38
test,38
underground,38
science,38
wants,38
based,38
ever,38
later,38
whose,38
king,37
within,37
experiment,37
side,37
beautiful,37
spaceship,37
army,37
officer,37
house,37
start,37
women,37
plans,36
angeles,36
turn,36
john,36
research,36
five,36
band,36
journey,36
original,36
killed,36
great,36
fate,35
returns,35
mind,35
professor,35
video,35
technology,35
teenage,35
device,35
los,34
former,34
final,34
plan,34
sea,34
head,34
quickly,34
pilot,34
cyborg,34
everything,33
led,33
adventure,33
alive,33
memories,33
rest,33
secrets,33
discovery,33
begin,33
unknown,33
learns,33
mars,33
existence,32
trapped,32
put,32
change,32
accidentally,32
society,32
bring,32
taken,32
discovered,31
attempts,31
parents,31
next,31
including,31
sinister,31
population,31
accident,31
students,31
brings,31
missing,31
hero,30
danger,30
prevent,30
global,30
threatens,30
party,30
true,30
destroyed,30
tells,30
futuristic,30
anything,30
found,30
japanese,30
fighting,29
enemy,29
security,29
director,29
struggle,29
peace,29
plot,29
warrior,29
monsters,29
see,29
vampire,29
look,29
die,29
suddenly,29
sci-fi,29
trip,29
star,29
dreams,29
company,29
far,29
shark,29
girlfriend,28
disaster,28
're,28
heroes,28
mother,28
james,28
robots,28
terrifying,28
still,28
several,28
unit,28
lead,28
galaxy,28
invasion,28
truth,28
prison,28
seems,28
ago,28
free,28
murder,28
protect,27
leader,27
join,27
keep,27
hunt,27
survival,27
species,27
learn,27
defend,27
distant,27
disappeared,27
given,27
key,27
york,27
japan,27
fiction,27
falls,27
tale,27
encounter,27
soldiers,27
hunter,27
base,27
six,26
well,26
since,26
program,26
meanwhile,26
civilization,26
perfect,26
soldier,26
appears,26
expedition,26
cop,26
air,26
send,26
used,26
characters,26
hidden,26
alone,26
weapon,26
outside,26
right,26
water,26
made,26
sends,26
infected,26
mutant,25
intelligence,25
brain,25
entire,25
terrorist,25
much,25
investigate,25
husband,25
best,25
weapons,25
taking,25
elite,25
brought,25
show,25
revenge,25
remote,25
village,25
country,24
safe,24
disease,24
major,24
part,24
steve,24
ways,24
astronaut,24
nothing,24
fear,24
president,24
dinosaurs,24
worlds,24
decide,24
vampires,24
abandoned,24
super,24
television,24
sister,23
members,23
unexpected,23
post-apocalyptic,23
action,23
epic,23
create,23
act,23
fights,23
princess,23
determined,23
close,23
crash,23
child,23
full,23
history,23
organization,23
shuttle,23
born,23
sam,23
brother,23
book,23
finally,23
many,23
escapes,23
corporation,23
alternate,23
relationship,23
uses,23
question,23
supernatural,23
student,23
experience,23
able,23
looking,23
lab,23
give,23
name,23
meteor,23
astronauts,23
abilities,22
following,22
soul,22
zone,22
defeat,22
storm,22
wars,22
famous,22
though,22
days,22
british,22
assistant,22
chaos,22
quest,22
animated,22
bizarre,22
lord,22
really,22
person,22
finding,22
ghost,22
experiments,22
going,22
female,22
advanced,21
uncover,21
causes,21
faces,21
sets,21
park,21
modern,21
conspiracy,21
criminal,21
green,21
united,21
beings,21
desert,21
teacher,21
second,21
brutal,21
hit,21
college,21
frankenstein,21
nearby,21
believes,21
released,21
food,21
tokyo,21
genetic,20
gone,20
community,20
ultimate,20
brilliant,20
stay,20
legendary,20
latest,20
heart,20
crime,20
struggles,20
joe,20
cause,20
instead,20
hospital,20
course,20
alex,20
successful,20
thriller,20
stranded,20
ordinary,20
answer,20
car,20
making,20
spacecraft,20
reporter,20
classic,20
flying,20
ice,20
apart,20
top,20
size,19
north,19
international,19
heads,19
age,19
yet,19
creates,19
inventor,19
defense,19
nightmare,19
short,19
ability,19
leave,19
massive,19
happened,19
rule,19
master,19
u.s.,19
consequences,19
max,19
bringing,19
radio,19
months,19
realize,19
contact,19
works,19
think,19
experimental,19
bounty,19
ocean,19
job,19
mysteriously,19
partner,19
couple,19
want,19
third,19
path,18
wrong,18
bruce,18
stone,18
drug,18
designed,18
escaped,18
popular,18
slowly,18
romance,18
investigates,18
caught,18
flight,18
threaten,18
ground,18
getting,18
enough,18
someone,18
california,18
hostile,18
continues,18
kids,18
late,18
energy,18
seeks,18
riddick,18
wakes,18
normal,18
collection,18
caused,18
eventually,18
enter,18
comedy,18
evangelion,18
santa,18
detective,18
beast,18
flesh,18
light,17
tony,17
hiding,17
street,17
kidnapped,17
arrives,17
invention,17
enemies,17
signal,17
else,17
private,17
stumbles,17
realizes,17
turned,17
bomb,17
crisis,17
wake,17
clone,17
thought,17
illegal,17
sees,17
mystery,17
battles,17
fighter,17
hunters,17
lies,17
squad,17
innocent,17
facility,17
states,17
local,17
area,17
artificial,17
times,17
paris,17
colony,17
ambitious,17
mutants,17
breaks,17
spirit,17
hell,17
move,17
christmas,17
ava,17
intergalactic,16
bond,16
destroying,16
superhero,16
public,16
hulk,16
dream,16
coming,16
attacks,16
recruited,16
hunting,16
allows,16
visit,16
citizens,16
rid,16
resulting,16
humankind,16
case,16
sequel,16
leaves,16
others,16
warriors,16
zombie,16
cities,16
chosen,16
due,16
actually,16
destiny,16
seek,16
murdered,16
zombies,16
isolated,16
play,16
stolen,16
nazi,16
genius,16
lands,16
kills,16
meet,16
arrive,16
needs,16
henry,16
bodies,16
number,16
problems,16
survivor,16
prehistoric,16
rogue,15
brink,15
memory,15
luke,15
built,15
prince,15
hand,15
aftermath,15
causing,15
break,15
answers,15
creator,15
dies,15
held,15
captured,15
beyond,15
throughout,15
criminals,15
different,15
nature,15
investigation,15
fantastic,15
encounters,15
expert,15
combat,15
law,15
hard,15
've,15
attacked,15
member,15
incredible,15
leading,15
fall,15
store,15
mexico,15
turning,15
worker,15
drawn,15
call,15
capture,15
recover,15
gang,15
result,15
prove,15
developed,15
department,15
evidence,15
trio,15
sheriff,15
minds,15
speed,15
gives,15
beach,15
apocalyptic,15
episodes,15
blue,15
state,15
arrival,15
source,15
track,15
jack,15
object,15
dog,15
allies,14
abducted,14
orb,14
wanted,14
animals,14
effort,14
came,14
superman,14
trouble,14
certain,14
peaceful,14
thing,14
dinosaur,14
driver,14
saving,14
middle,14
extinction,14
returned,14
games,14
snow,14
increasingly,14
obsessed,14
emperor,14
nasa,14
surface,14
harry,14
hired,14
paul,14
blood,14
extraordinary,14
victims,14
construction,14
avoid,14
seen,14
teens,14
overcome,14
souls,14
puts,14
horrific,14
aboard,14
happen,14
scientific,14
mercenaries,14
big,14
road,14
episode,14
cold,14
building,14
general,14
quarantine,14
london,14
searching,14
horror,14
carrying,14
jason,14
frozen,14
follow,14
creation,14
phenomenon,14
teenagers,14
agents,14
outpost,14
angels,14
unfortunately,14
residents,14
lake,14
continue,14
beloved,14
figure,14
devil,14
cosmic,13
goal,13
prime,13
newly,13
alpha,13
emerges,13
need,13
boys,13
terrible,13
worldwide,13
confront,13
seeking,13
exist,13
beginning,13
suicide,13
task,13
ally,13
fire,13
means,13
forever,13
know,13
horrifying,13
event,13
grow,13
disappearance,13
agrees,13
might,13
bloodthirsty,13
single,13
pregnant,13
charlie,13
passengers,13
knows,13
determine,13
midst,13
charge,13
enters,13
orbit,13
dying,13
becoming,13
fantasy,13
unleashes,13
landscape,13
eve,13
crashes,13
god,13
aid,13
room,13
teen,13
immortal,13
wasteland,13
white,13
civil,13
lucas,13
hopes,13
richard,13
west,13
designer,13
boss,13
murderous,13
remake,13
worst,13
dimension,13
earthquake,13
ufo,13
armed,13
transported,13
red,13
wish,13
kidnap,13
ensues,13
bad,13
mining,13
less,13
queen,13
brothers,13
desperate,13
avengers,12
nation,12
peter,12
awry,12
worse,12
nick,12
arthur,12
apes,12
anyone,12
virtual,12
empire,12
restore,12
cure,12
menace,12
thousands,12
near-future,12
laws,12
robotics,12
invisible,12
controls,12
veteran,12
strikes,12
arctic,12
transform,12
thinks,12
jedi,12
forbidden,12
line,12
stories,12
directed,12
situation,12
lone,12
nemesis,12
worth,12
falling,12
searches,12
watch,12
stand,12
july,12
sun,12
procedure,12
south,12
oil,12
training,12
stars,12
release,12
explorers,12
submarine,12
feel,12
already,12
iii,12
drugs,12
kong,12
choice,12
creating,12
high-tech,12
success,12
pair,12
havoc,12
quite,12
samurai,12
simon,12
freak,12
refuge,12
flash,12
joins,12
cult,12
josh,12
runs,12
travels,12
half,12
andrew,12
solution,12
complete,12
bent,12
eight,12
happening,12
susan,12
tyler,12
process,12
witch,12
became,12
refuses,12
woods,12
explore,12
uncle,12
orders,12
android,12
open,12
rachel,12
federation,12
disney,12
passed,12
farmer,12
suspicious,12
loose,12
fun,12
transformed,12
hands,12
reach,12
running,12
software,12
moment,11
target,11
daring,11
strength,11
unprecedented,11
attacking,11
superhuman,11
questions,11
arrived,11
center,11
host,11
gifted,11
blade,11
teenager,11
solve,11
believe,11
cataclysmic,11
web,11
chase,11
level,11
medical,11
estranged,11
sport,11
laboratory,11
angry,11
happens,11
camera,11
allow,11
dna,11
infiltrate,11
present,11
novel,11
embarks,11
holds,11
fbi,11
michael,11
inhabitants,11
convinced,11
contract,11
imagined,11
missions,11
alongside,11
brutally,11
baby,11
whole,11
board,11
actor,11
lethal,11
claim,11
soviet,11
films,11
apartment,11
scheme,11
cia,11
forms,11
wizard,11
fly,11
boyfriend,11
races,11
jimmy,11
corporate,11
rapidly,11
literally,11
domination,11
strong,11
wild,11
martin,11
comic,11
chain,11
shy,11
broken,11
mask,11
rules,11
genetically,11
losing,11
prisoner,11
matter,11
claims,11
forest,11
serious,11
rocket,11
somehow,11
weather,11
swamp,11
capable,11
class,11
fast,11
electrical,11
surviving,11
martians,11
cells,11
baron,11
mega,11
matrix,11
unimaginable,10
care,10
engineer,10
catastrophe,10
safety,10
agency,10
fellow,10
unique,10
skywalker,10
network,10
victor,10
catastrophic,10
san,10
hide,10
pursued,10
autobots,10
decepticons,10
assignment,10
centuries,10
thousand,10
banner,10
runner,10
eccentric,10
murders,10
victim,10
responsible,10
washington,10
risk,10
assassins,10
winter,10
apocalypse,10
transforms,10
physical,10
ben,10
link,10
underworld,10
katniss,10
remaining,10
buried,10
assassination,10
always,10
told,10
point,10
reluctantly,10
wiped,10
nearly,10
hold,10
flynn,10
front,10
access,10
lightning,10
wealthy,10
totalitarian,10
greatest,10
robotic,10
programmed,10
truly,10
assigned,10
killers,10
crimes,10
purpose,10
fears,10
adventures,10
prepare,10
took,10
train,10
unlikely,10
chilling,10
everywhere,10
sand,10
minutes,10
thrown,10
lane,10
nefarious,10
punk,10
solar,10
huge,10
common,10
manages,10
van,10
enigmatic,10
nazis,10
sisters,10
returning,10
commander,10
ross,10
man-eating,10
receives,10
eliminate,10
closer,10
seem,10
elements,10
environment,10
macleod,10
utopia,10
knight,10
conquer,10
win,10
books,10
rampage,10
eye,10
kung,10
morning,10
rise,10
ruthless,10
spread,10
controlled,10
plane,10
eyes,10
mike,10
struggling,10
animation,10
changed,10
monstrous,10
results,10
genre,10
kid,10
titans,10
atlantis,10
similar,10
sex,10
nobody,10
cat,10
saves,10
feature,10
towards,10
upside,10
egg,10
incident,10
deserted,10
disappear,10
main,10
shop,10
jabez,10
cho-in,10
cygnus,10
karl,10
large,9
collect,9
fought,9
enormous,9
fury,9
shot,9
faith,9
inspired,9
wayne,9
activity,9
iron,9
mysteries,9
cave,9
transformers,9
keeping,9
kind,9
stopping,9
eggs,9
unaware,9
onto,9
features,9
aka,9
colleague,9
revealed,9
deal,9
evolved,9
voyage,9
thwart,9
command,9
reunited,9
toward,9
animal,9
better,9
mental,9
era,9
enforcement,9
corruption,9
build,9
rare,9
waiting,9
rich,9
fugitive,9
extraterrestrial,9
impossible,9
machines,9
invaders,9
devastating,9
meaning,9
charles,9
trained,9
appear,9
clear,9
looks,9
investigating,9
sleep,9
awakens,9
angel,9
verge,9
plant,9
remember,9
clark,9
brave,9
origins,9
dangers,9
scott,9
orbiting,9
flee,9
replaced,9
ends,9
violence,9
ready,9
devastated,9
knocked,9
tell,9
guys,9
acting,9
suffer,9
malfunction,9
early,9
dad,9
surrounding,9
piece,9
personal,9
depths,9
streets,9
grows,9
failed,9
location,9
outer,9
steal,9
feet,9
fierce,9
magical,9
died,9
atmosphere,9
franchise,9
perform,9
curious,9
ships,9
journalist,9
various,9
vacation,9
warn,9
miles,9
spend,9
feelings,9
council,9
marshall,9
breed,9
simple,9
psychologist,9
kingdom,9
wandering,9
presence,9
visitors,9
terrorists,9
arriving,9
intense,9
committed,9
plays,9
earlier,9
racing,9
mecha,9
loves,9
simply,9
suspect,9
odd,9
despite,9
sphere,9
mountain,9
surveillance,9
cut,9
biggest,9
low,9
growing,9
martial,9
played,9
tiny,9
went,9
coast,9
haunted,9
spider,9
ruled,9
shows,9
mad,9
ten,9
effects,9
roger,9
vision,9
enlists,9
university,9
understand,9
artifacts,8
dragged,8
intelligent,8
teams,8
spanning,8
thomas,8
maze,8
stark,8
develops,8
threatened,8
dealing,8
scene,8
francisco,8
plague,8
caesar,8
periods,8
border,8
captive,8
galactic,8
han,8
solo,8
justice,8
unwilling,8
conclusion,8
businessman,8
push,8
rage,8
marty,8
romantic,8
interest,8
brown,8
identity,8
'the,8
jurassic,8
biologist,8
opposing,8
johnny,8
leaving,8
completely,8
oxygen,8
navy,8
swept,8
manager,8
stage,8
tragic,8
radiation,8
descends,8
twin,8
locked,8
psychiatrist,8
grid,8
robocop,8
omnicorp,8
opportunity,8
murphy,8
collide,8
otherwise,8
ray,8
foster,8
mob,8
gun,8
loop,8
renegade,8
actions,8
tom,8
elliott,8
gradually,8
potential,8
admiral,8
loses,8
jean,8
driven,8
dracula,8
price,8
americans,8
hunted,8
gorgeous,8
lines,8
undergoes,8
identities,8
marine,8
idea,8
issues,8
luthor,8
sanity,8
consciousness,8
infection,8
escaping,8
mark,8
toxic,8
assassin,8
exactly,8
ending,8
mutated,8
complex,8
safely,8
terror,8
newest,8
vows,8
psychic,8
supplies,8
kitai,8
betrayed,8
desolate,8
vicious,8
vengeance,8
neighborhood,8
millions,8
authorities,8
retrieve,8
laura,8
owner,8
barren,8
hot,8
hacker,8
immediately,8
smart,8
subject,8
hits,8
doomsday,8
freedom,8
connor,8
kane,8
supposed,8
adam,8
assist,8
odyssey,8
disastrous,8
exists,8
ravaged,8
core,8
moscow,8
emma,8
builds,8
psychotic,8
filled,8
spiritual,8
political,8
epidemic,8
duncan,8
crashed,8
prisoners,8
reveal,8
wait,8
jet,8
say,8
author,8
technician,8
samantha,8
player,8
cargo,8
survived,8
ideas,8
friendship,8
hears,8
somewhere,8
helicopter,8
service,8
unwittingly,8
proportions,8
guyver,8
policeman,8
dave,8
daniel,8
experiences,8
sight,8
rock,8
ride,8
brad,8
janet,8
deceased,8
intended,8
tales,8
activities,8
unusual,8
fuel,8
tunnels,8
quiet,8
exact,8
drive,8
trust,8
companions,8
biological,8
crash-lands,8
amazing,8
documentary,8
invaded,8
fighters,8
mechanical,8
version,8
nurse,8
support,8
hes,8
kamen,8
possible,8
girls,8
headed,8
morgan,8
involved,8
boat,8
reaches,8
raise,8
destroys,8
lonely,8
weird,8
zero,8
information,8
systems,8
mall,8
section,8
ghosts,8
creators,8
acts,8
miller,8
inhabited,8
door,8
skills,8
companion,8
shorts,8
on-board,8
operation,8
koro,8
antoine,8
kenny,8
hunter-gratzner,8
address,8
african,7
factions,7
gorilla,7
altered,7
secure,7
balance,7
resistance,7
passing,7
x-men,7
deadliest,7
fortune,7
billionaire,7
imperial,7
feels,7
breakthrough,7
pet,7
share,7
picks,7
metropolis,7
knowledge,7
planets,7
career,7
surgeon,7
distress,7
impending,7
unfortunate,7
extend,7
repair,7
doc,7
1985,7
recorded,7
theme,7
signs,7
widow,7
top-secret,7
shocking,7
doom,7
ryan,7
seemingly,7
mighty,7
winning,7
hunger,7
protection,7
protecting,7
showdown,7
challenge,7
exposure,7
ashes,7
anakin,7
darth,7
drama,7
dan,7
detonate,7
proves,7
childhood,7
drop,7
preserve,7
invented,7
market,7
literature,7
explores,7
waters,7
rebuild,7
unlock,7
time-traveling,7
resort,7
onslaught,7
gift,7
peculiar,7
whether,7
witness,7
difficult,7
beliefs,7
limited,7
rangers,7
real-life,7
telekinetic,7
launches,7
ingenuity,7
elderly,7
cast,7
heroic,7
countryside,7
spectacular,7
highly,7
redemption,7
technological,7
tragedy,7
unleashed,7
backdrop,7
starring,7
message,7
theres,7
includes,7
generation,7
hong,7
gigantic,7
fortress,7
today,7
shocked,7
playing,7
mystical,7
violently,7
shut,7
waking,7
gruesome,7
mate,7
launched,7
traveling,7
loner,7
starship,7
paid,7
superpowers,7
transfer,7
suspects,7
ash,7
throws,7
movement,7
russian,7
cops,7
fatal,7
bargained,7
interplanetary,7
stunning,7
stronger,7
exposed,7
priest,7
hibernation,7
responsibility,7
foreign,7
civilian,7
shrinks,7
fairy,7
collapse,7
fact,7
alice,7
rescued,7
scanner,7
comatose,7
tall,7
damaged,7
mafia,7
england,7
formula,7
site,7
clutches,7
economic,7
skilled,7
possibility,7
emotions,7
jungle,7
protagonist,7
western,7
seriously,7
changes,7
sucked,7
gotham,7
shift,7
lapd,7
dragons,7
volcano,7
substance,7
tasked,7
portal,7
21st,7
halloween,7
ellie,7
possession,7
contemporary,7
stuck,7
universal,7
songs,7
pilots,7
shinji,7
pool,7
via,7
williams,7
remains,7
waits,7
remain,7
humanoid,7
forth,7
manned,7
walks,7
calls,7
official,7
kidnaps,7
accidents,7
riding,7
rebellious,7
eastern,7
stops,7
robbery,7
kept,7
giving,7
combines,7
launch,7
jupiter,7
loss,7
secretly,7
sell,7
ranch,7
bank,7
theyre,7
rumored,7
rebels,7
sky,7
data,7
bush,7
limits,7
presents,7
buddy,7
mr.,7
low-budget,7
hour,7
offers,7
locals,7
rider,7
fail,7
manage,7
attempting,7
separated,7
convince,7
terry,7
jim,7
package,7
contains,7
featuring,7
vessel,7
lived,7
disappearing,7
takeshi,7
brigade,7
halo,7
martian,7
surprise,7
groups,7
possessed,7
mayor,7
mothra,7
lovers,7
walker,7
fabled,7
polaroid,7
married,7
gandahar,7
compound,7
vegas,7
alf,7
shadows,6
twisted,6
t'challa,6
challenged,6
discovering,6
gentle,6
ape,6
matters,6
tear,6
learning,6
natural,6
climate,6
wipes,6
silence,6
sound,6
diana,6
legacy,6
unravel,6
suit,6
duo,6
consumed,6
serum,6
press,6
let,6
wing,6
descend,6
none,6
chappie,6
rick,6
meeting,6
sal,6
originally,6
intrigue,6
matt,6
panic,6
annual,6
tour,6
rebellion,6
claire,6
faced,6
researcher,6
suffers,6
easy,6
republic,6
vader,6
offspring,6
1996,6
patient,6
unleashing,6
crossing,6
tide,6
asteroid,6
determines,6
among,6
regime,6
uncharted,6
villain,6
impact,6
suburban,6
introduces,6
circumstances,6
experts,6
metro,6
gained,6
trail,6
lycans,6
wacky,6
straight,6
1986,6
fateful,6
advantage,6
spin,6
isles,6
horribly,6
mindless,6
guide,6
disappearances,6
sergeant,6
unlike,6
bill,6
mothership,6
fails,6
gain,6
lex,6
glory,6
masked,6
spy,6
recovered,6
nations,6
mist,6
parallel,6
extremely,6
survivalist,6
gummer,6
cash,6
plagued,6
barely,6
accidental,6
ufos,6
poor,6
corrupt,6
sos,6
wildest,6
fantasies,6
rico,6
bugs,6
screen,6
shelter,6
robert,6
wise,6
boov,6
lot,6
embark,6
pits,6
covert,6
warfare,6
assembles,6
fleeing,6
aided,6
nova,6
duty,6
walter,6
lisa,6
greater,6
total,6
hundreds,6
contain,6
necessary,6
possesses,6
clues,6
recently,6
ocp,6
urban,6
executive,6
spa,6
greedy,6
sign,6
penal,6
unexpectedly,6
occupants,6
tron,6
accused,6
landed,6
desperately,6
paths,6
ozone,6
believed,6
zapped,6
raised,6
kidnapping,6
timeline,6
wonder,6
devlin,6
commission,6
explosive,6
zak,6
unleash,6
fifth,6
espionage,6
suspicion,6
france,6
taylor,6
magnetic,6
field,6
divided,6
taste,6
talent,6
jordan,6
tyrant,6
evolution,6
reaching,6
theory,6
empty,6
kell,6
inevitable,6
combined,6
central,6
fix,6
unable,6
retreat,6
secluded,6
hideous,6
transmission,6
appearance,6
talking,6
creepy,6
parasites,6
ahead,6
classmates,6
powder,6
icy,6
facing,6
placed,6
darko,6
eerie,6
manhattan,6
engineered,6
asks,6
exploration,6
troubled,6
simulation,6
emergency,6
confrontation,6
leopold,6
skeptical,6
kate,6
fathers,6
stumble,6
outbreak,6
luis,6
exciting,6
either,6
pals,6
unmanned,6
outrageous,6
medieval,6
wildly,6
assault,6
castle,6
unless,6
miami,6
reluctant,6
usa,6
role,6
genesis,6
opening,6
framed,6
carlos,6
uncovers,6
gordon,6
writer,6
met,6
lady,6
skull,6
mom,6
pursuing,6
radioactive,6
patema,6
hooks,6
pack,6
region,6
chief,6
apprehend,6
spirits,6
patients,6
participants,6
gantz,6
newcomer,6
underwater,6
giants,6
dante,6
wicked,6
cope,6
reveals,6
satellite,6
decided,6
cocoons,6
setting,6
helping,6
files,6
programming,6
bug,6
stephen,6
revives,6
sharknado,6
warning,6
russians,6
legend,6
olympus,6
convinces,6
alliance,6
problem,6
installment,6
demon,6
sons,6
instant,6
linked,6
walk,6
business,6
entertainment,6
online,6
sole,6
littlefoot,6
count,6
darkest,6
africa,6
guy,6
receive,6
helps,6
passage,6
fishing,6
minions,6
rival,6
monkey,6
develop,6
doug,6
saturn,6
benson,6
thus,6
hilarious,6
hoping,6
parody,6
amp,6
voice,6
adult,6
abby,6
perhaps,6
motoko,6
shower,6
chicken,6
buck,6
cody,6
sword,6
operative,6
advice,6
german,6
tetsuo,6
3rd,6
factory,6
plants,6
offer,6
warns,6
mcbride,6
horrible,6
testing,6
dragon,6
italian,6
cameras,6
crystals,6
tec,6
brandon,6
tasmanian,6
bobby,6
walking,6
arts,6
gundam,6
pawn,6
happiness,6
evolver,6
kyle,6
necro-borg,6
saimon,6
takashi,6
coffin,6
blaise,6
feed,6
curse,6
vampirella,6
andromeda,6
airwolf,6
wakanda,5
throne,5
george,5
birth,5
mutates,5
raging,5
predators,5
globe,5
dormant,5
villainous,5
guidance,5
prepares,5
disasters,5
leaders,5
clock,5
barry,5
pass,5
opinion,5
amongst,5
younger,5
logan,5
compete,5
hostage,5
tests,5
pressure,5
pieces,5
identify,5
safeguard,5
foe,5
sorcerer,5
explorer,5
dystopian,5
terminate,5
replicants,5
1955,5
inadvertently,5
damage,5
record,5
2035,5
quietly,5
d.c.,5
embroiled,5
professional,5
established,5
recruit,5
routine,5
competition,5
step,5
confronts,5
mortal,5
document,5
rises,5
secrecy,5
convict,5
origin,5
arrested,5
loving,5
stem,5
weekend,5
breaking,5
ripples,5
transport,5
adopted,5
employee,5
engage,5
fiance,5
knew,5
rages,5
hunts,5
relive,5
optimus,5
developing,5
darker,5
sides,5
foot,5
wealth,5
arm,5
bombing,5
youngsters,5
jackson,5
platoon,5
dropped,5
asleep,5
ones,5
devised,5
missile,5
crush,5
lois,5
grave,5
sexy,5
sidekick,5
immense,5
artist,5
radical,5
healthy,5
worm,5
content,5
trek,5
oppressive,5
contaminated,5
terrorism,5
writer-director,5
wilderness,5
pay,5
notoriously,5
vice,5
progresses,5
interstellar,5
chemical,5
fugitives,5
stake,5
division,5
basement,5
dwindling,5
wear,5
decades,5
entity,5
baker,5
approaching,5
incapable,5
steel,5
tracking,5
coma,5
phone,5
steals,5
snake,5
proof,5
programs,5
fled,5
opposite,5
rescuing,5
christopher,5
cross,5
layer,5
opposition,5
hatches,5
accompanied,5
phoenix,5
cryogenically,5
average,5
french,5
touch,5
vengeful,5
magic,5
tree,5
harmony,5
finale,5
contend,5
wearing,5
imagination,5
ugly,5
scanners,5
stepford,5
ask,5
doomed,5
truck,5
russia,5
samples,5
began,5
quarantined,5
product,5
spencer,5
hollywood,5
fulfill,5
experiencing,5
beat,5
populated,5
sensual,5
dinner,5
revolutionary,5
radar,5
fired,5
lover,5
directors,5
awake,5
mimic,5
strangers,5
toy,5
rumors,5
grants,5
hatred,5
opens,5
matthew,5
opponent,5
armageddon,5
savage,5
marines,5
showing,5
borders,5
stuff,5
got,5
overtaken,5
harbors,5
repressed,5
todd,5
all-out,5
birthday,5
environmental,5
befriends,5
strangely,5
mansion,5
involves,5
rebirth,5
friendly,5
neon,5
wanders,5
rekindle,5
grant,5
racer,5
leagues,5
costs,5
rookie,5
rockets,5
winds,5
sexual,5
regular,5
express,5
anime,5
duke,5
visited,5
replace,5
treacherous,5
reason,5
cube,5
1960s,5
blowing,5
bride,5
interesting,5
lights,5
clean,5
titan,5
prey,5
wedding,5
marked,5
cost,5
florida,5
lunar,5
babylon,5
connection,5
challenges,5
provides,5
prototype,5
hill,5
warming,5
passes,5
champion,5
edge,5
u.s.s,5
sentient,5
seals,5
cabin,5
vaccine,5
hundred,5
faster,5
northern,5
thor,5
successfully,5
twenty,5
gold,5
hyun-seo,5
receiving,5
furious,5
seven,5
apparently,5
ball,5
valley,5
fictional,5
guard,5
science-fiction,5
hours,5
option,5
albert,5
tia,5
survives,5
infect,5
fleet,5
pod,5
spot,5
holocaust,5
buildings,5
mainland,5
shin,5
national,5
character,5
trade,5
rather,5
tai,5
kari,5
disappears,5
court,5
visual,5
attention,5
terrorized,5
important,5
joanna,5
reports,5
canadian,5
revive,5
fallen,5
thoughts,5
sirius,5
painful,5
amnesia,5
mayhem,5
perspective,5
deeper,5
kenshiro,5
st.,5
miracles,5
electricity,5
warlord,5
reporters,5
deranged,5
regain,5
communication,5
claus,5
deliver,5
mythical,5
superior,5
destination,5
hyde,5
kusanagi,5
million,5
fans,5
exploring,5
lose,5
invade,5
wreak,5
produced,5
eaters,5
fame,5
marry,5
swarm,5
metal,5
overwhelming,5
ashore,5
motor,5
investigative,5
insane,5
darkness,5
universes,5
elvis,5
behavior,5
saucer,5
attempted,5
4th,5
developer,5
alert,5
triangle,5
museum,5
shaw,5
synthetic,5
possibly,5
experimenting,5
officers,5
surprised,5
progress,5
horse,5
hungry,5
androids,5
studio,5
occurs,5
fish,5
madison,5
chan,5
colonies,5
ninja,5
transports,5
attached,5
demons,5
arc,5
threatening,5
asylum,5
anthony,5
spiders,5
visits,5
treatment,5
sail,5
obtains,5
skeleton,5
rests,5
wonderland,5
animatrix,5
floor,5
ripping,5
flare,5
holy,5
handle,4
emerged,4
stones,4
inflict,4
uncertain,4
reclusive,4
wakandan,4
panther,4
quill,4
manhunt,4
okoye,4
discredited,4
antidote,4
peacekeeping,4
deposited,4
erased,4
hangs,4
ultron,4
uneasy,4
alliances,4
intricate,4
assemble,4
rely,4
maintain,4
gladers,4
labyrinth,4
ailing,4
mexican,4
upended,4
leia,4
loveable,4
primate,4
especially,4
aware,4
rhodes,4
vanished,4
transformer,4
boundaries,4
valerian,4
laureline,4
undertake,4
commercial,4
containing,4
prodigy,4
influence,4
2019,4
mcfly,4
disrupting,4
unsolved,4
isla,4
nublar,4
fully,4
taxi,4
otherworldly,4
galaxies,4
re-emergence,4
outsiders,4
teleport,4
harness,4
daunting,4
rays,4
reed,4
stretch,4
super-strong,4
kowalsky,4
eats,4
peeta,4
senses,4
panem,4
ford,4
battleground,4
dedicated,4
pyramid,4
grown,4
scale,4
closest,4
traps,4
moral,4
arena,4
tim,4
view,4
surreal,4
sith,4
decimated,4
cole,4
volunteers,4
kevin,4
pulled,4
vincent,4
condition,4
overseas,4
controversial,4
touches,4
pristine,4
man-made,4
elysium,4
jodie,4
corner,4
looper,4
sending,4
self,4
areas,4
victorian,4
cunning,4
cloud,4
individual,4
award,4
mitchell,4
ill,4
chaotic,4
longer,4
procreate,4
sanctuary,4
acceptance,4
belongs,4
uncovering,4
vast,4
crafts,4
hawaii,4
hopper,4
jones,4
expect,4
time-travel,4
journeys,4
committing,4
sacred,4
bumbling,4
supervillain,4
gathered,4
xavier,4
ring,4
cover,4
clan,4
nightstalkers,4
abigail,4
bully,4
malfunctioning,4
nephew,4
uncanny,4
anywhere,4
thrust,4
mercenary,4
convicts,4
gather,4
details,4
custody,4
daydream,4
eventual,4
mere,4
hitchhiker,4
lucky,4
unexplained,4
staff,4
weeks,4
carl,4
decisions,4
overpopulation,4
cage,4
maintains,4
displays,4
emotion,4
enforcing,4
waste,4
ops,4
nightmarish,4
daily,4
summon,4
photographer,4
megalomaniac,4
collaborated,4
maine,4
horrors,4
burt,4
rampaging,4
odds,4
orson,4
believing,4
historical,4
moore,4
co-star,4
aging,4
immortality,4
'time,4
trap,4
milo,4
thatch,4
ominous,4
brundle,4
unbeknownst,4
julian,4
raccoon,4
style,4
exploits,4
mobile,4
protector,4
cassie,4
sullivan,4
waves,4
busy,4
lifetime,4
rodney,4
multiple,4
impressive,4
weaponry,4
graboids,4
gant,4
psychics,4
mutual,4
saucers,4
courageous,4
lucian,4
enslavement,4
zion,4
neo,4
cypher,4
craft,4
crash-land,4
danny,4
boring,4
overrun,4
posing,4
reaper,4
resurfaces,4
specialists,4
dispatched,4
deaths,4
brood,4
prospects,4
continuing,4
grim,4
robinsons,4
atlantic,4
deadlier,4
reserve,4
computers,4
2010,4
undercover,4
neutron,4
drives,4
roads,4
australian,4
destructive,4
kirk,4
enterprise,4
intercept,4
firms,4
sensitive,4
arms,4
declaring,4
strand,4
hair,4
dutchman,4
least,4
bottom,4
study,4
nuke,4
cane,4
idyllic,4
pokemon,4
birds,4
laser,4
melanie,4
possess,4
physics,4
convicted,4
mcleod,4
peebles,4
duplicate,4
ziest,4
ramirez,4
szalinski,4
helmet,4
snatch,4
starr,4
niece,4
turtles,4
art,4
crumbling,4
witnesses,4
conduct,4
teaming,4
amazons,4
millionaire,4
prized,4
tie,4
unwitting,4
ferngully,4
messages,4
usually,4
campaign,4
hordes,4
14th,4
brent,4
tension,4
keyes,4
inner,4
deteriorating,4
reactivate,4
darryl,4
revok,4
transferred,4
serial,4
patrons,4
explode,4
gojira,4
tretiak,4
templar,4
outwit,4
tripp,4
senior,4
scrapped,4
witwicky,4
brief,4
exotic,4
hitler,4
germany,4
reconcile,4
pit,4
towns,4
continent,4
scotland,4
immensely,4
equally,4
swordsmen,4
probe,4
altering,4
guides,4
granted,4
household,4
creative,4
warden,4
troublesome,4
inmates,4
industrial,4
rocketeer,4
cliff,4
astro,4
atom,4
image,4
pandemic,4
contagion,4
attractive,4
utopian,4
gulf,4
starting,4
extra,4
structure,4
comet,4
blob,4
suspicions,4
spreading,4
ultimately,4
accept,4
firefox,4
naturally,4
union,4
meantime,4
mistakes,4
exit,4
thx,4
donnie,4
forcing,4
twilight,4
disturbing,4
quality,4
mercy,4
coulson,4
blonsky,4
sabotage,4
covers,4
robin,4
patrol,4
batman,4
effectively,4
watching,4
satire,4
generations,4
loyal,4
foes,4
curiosity,4
humane,4
laughter,4
insects,4
manipulated,4
purposes,4
experienced,4
thunder,4
ged,4
arren,4
kronos,4
favorite,4
jane,4
hometown,4
engulfs,4
engineers,4
vital,4
alter,4
unspeakable,4
cameraman,4
celeste,4
restoring,4
type,4
catch,4
defeated,4
luxury,4
hotel,4
decommissioned,4
deveraux,4
inspector,4
marti,4
platt,4
frank-n-furter,4
elaborate,4
muscular,4
eradicate,4
tokyo-3,4
rei,4
retitled,4
nomadic,4
musical,4
valerie,4
ted,4
swimming,4
underneath,4
native,4
culture,4
gave,4
weakness,4
seasoned,4
outlandish,4
revolving,4
conquering,4
cloned,4
reward,4
joy,4
avatar,4
2009,4
snowfield,4
adulthood,4
eternia,4
skeletor,4
grayskull,4
seizing,4
southern,4
loveless,4
rag-tag,4
cuts,4
ties,4
sparks,4
cartoon,4
actress,4
climbing,4
planning,4
terminally,4
vidocq,4
objective,4
dvd,4
additional,4
scenes,4
kenichi,4
traveled,4
protective,4
stealing,4
slave,4
nine,4
colleagues,4
treadwell,4
fuse,4
hires,4
johnson,4
news,4
officials,4
organism,4
arizona,4
psychological,4
blend,4
saturday,4
settle,4
alaska,4
cases,4
acclaimed,4
gavin,4
fifty,4
azuma,4
previous,4
clandestine,4
harvest,4
sweetheart,4
crystal,4
adventurers,4
brainard,4
twice,4
untold,4
grace,4
trevor,4
lots,4
oms,4
draags,4
modified,4
visionary,4
keen,4
marshal,4
telly,4
meier,4
charlotte,4
strict,4
barn,4
stargate,4
gou'ald,4
hosts,4
disrupts,4
programmer,4
mccarthy,4
efforts,4
dominated,4
2030,4
april,4
physicist,4
keeps,4
sharks,4
colonel,4
annihilation,4
monolith,4
awaken,4
tensions,4
shall,4
summer,4
implanted,4
evade,4
abuse,4
wings,4
22nd,4
except,4
appearing,4
vehicles,4
equipped,4
conditions,4
felt,4
reached,4
gang-du,4
river,4
powerless,4
previously,4
blind,4
artists,4
entirely,4
pursuit,4
pick,4
destroyer,4
philadelphia,4
seeing,4
owners,4
promising,4
inventions,4
everybody,4
east,4
shock,4
range,4
sweeping,4
l.a.,4
block,4
arcane,4
wonders,4
trilogy,4
focus,4
revived,4
lurking,4
luck,4
bigger,4
stranger,4
landing,4
mountains,4
religious,4
aggressive,4
chris,4
heading,4
companionship,4
upset,4
liquid,4
macabre,4
wells,4
daft,4
12th,4
proceeds,4
'll,4
avenge,4
booze,4
temple,4
wounded,4
relationships,4
homicidal,4
devour,4
capsule,4
vic,4
gangs,4
soil,4
mace,4
cindel,4
introduced,4
digital,4
records,4
omnitrix,4
hypnotic,4
sentai,4
variety,4
resurrect,4
bed,4
sudden,4
intruders,4
billy,4
shazam,4
intent,4
money,4
billion,4
invited,4
clue,4
institute,4
received,4
eclipse,4
tormented,4
dix,4
production,4
wolverine,4
although,4
shes,4
glacier,4
salvage,4
lewis,4
jekyll,4
fourth,4
travelers,4
wall,4
transformation,4
connect,4
sketches,4
compilation,4
aurora,4
telling,4
awakes,4
critical,4
office,4
kinetech,4
names,4
ranger,4
anderson,4
approaches,4
washed,4
kyon,4
stopped,4
revolves,4
begun,4
customer,4
crazy,4
captures,4
failure,4
nasty,4
rats,4
suffering,4
resources,4
involving,4
conflict,4
clara,4
ferocious,4
insatiable,4
youth,4
subway,4
state-of-the-art,4
cutting,4
spree,4
droids,4
cursed,4
adults,4
supposedly,4
naruto,4
temujin,4
guinea,4
male,4
ripley,4
paranoid,4
skating,4
divorce,4
fresh,4
feudal,4
mcclure,4
loser,4
rough,4
present-day,4
giamatti,4
addict,4
lets,4
amok,4
match,4
parts,4
done,4
leg,4
nightmares,4
consists,4
invading,4
status,4
places,4
spell,4
toby,4
wastelands,4
wormhole,4
grew,4
pirk,4
mata,4
nui,4
hellboy,4
liz,4
goddess,4
calvin,4
vanish,4
words,4
tropical,4
talented,4
wages,4
odin,4
cant,4
tunnel,4
infamous,4
extract,4
chen,4
height,4
filmmaker,4
nerd,4
sinbad,4
kassim,4
zenobia,4
voyager,4
tuvok,4
outcasts,4
fiery,4
sophie,4
deemed,4
whisked,4
prize,4
bumblebee,4
michelle,4
pseudonym,4
rodan,4
ghidorah,4
captives,4
rosenzweig,4
agenda,4
splitting,4
beer,4
coleman,4
fairytale,4
unorthodox,4
youre,4
prof.,4
vietnam,4
novels,4
treize,4
kushrenada,4
gundams,4
helmed,4
scrap,4
kyu-nam,4
suppress,4
intentions,4
unknowingly,4
yamata,4
jamie,4
evo,4
sonia,4
marco,4
grumpy,4
wrath,4
eyeborgs,4
mizobata,4
lilly,4
christy,4
platform,4
relic,4
raiders,4
1992,4
terrorize,4
bbc,4
britain,4
snowglobe,4
demands,4
homeroom,4
grade,4
junior,4
vlad,4
2014,4
richardson,4
elephants,4
proog,4
crawling,4
1950s,4
reprograms,4
wolfgang,4
miranda,4
nessie,4
riley,4
trace,4
tal,4
file,4
european,4
neuron,4
supersonic,4
cab,4
individuals,4
attracts,4
blame,4
janitor,4
seizures,4
innovators,4
a-laws,4
celestial,4
ako,4
ro-man,4
fantasia,4
lavond,4
travis,4
aerial,4
threats,3
technologically,3
serve,3
battlefield,3
halt,3
fearsome,3
pull,3
earths,3
satellites,3
allen,3
roof,3
wiping,3
governments,3
selves,3
asking,3
hideout,3
contest,3
newfound,3
armor,3
marvel,3
subjects,3
dual,3
operatives,3
charged,3
minister,3
exploiting,3
saved,3
devoted,3
intercepts,3
chamber,3
parasite,3
attracting,3
almost,3
twenty-two,3
apparent,3
unintentionally,3
ensure,3
rogers,3
s.h.i.e.l.d,3
joining,3
enlist,3
kay,3
assassinate,3
ambassadors,3
captors,3
merciless,3
alters,3
sue,3
chewbacca,3
tribute,3
embarking,3
simmering,3
quarter,3
malevolent,3
colossal,3
volcanic,3
eruption,3
owen,3
worked,3
predator,3
district,3
sadly,3
throw,3
noble,3
communities,3
mistakenly,3
jeffrey,3
quests,3
dictator,3
overcrowded,3
freeman,3
golden,3
injured,3
part-man,3
billions,3
renowned,3
helm,3
a.j,3
ex-wife,3
overpopulated,3
luxurious,3
lifestyle,3
equality,3
action-packed,3
relentless,3
weave,3
revolution,3
befriended,3
2027,3
thin,3
lieutenant,3
uss,3
naval,3
shane,3
chronicles,3
eluded,3
defeats,3
grey,3
retired,3
existed,3
werewolf,3
hybrid,3
thanks,3
bound,3
renders,3
bones,3
fragile,3
glass,3
sure,3
citizen,3
dare,3
zealots,3
disfigured,3
troubles,3
illusion,3
motley,3
acquire,3
arrest,3
mistaken,3
edition,3
filming,3
encountered,3
bell,3
routinely,3
manipulating,3
profound,3
starred,3
families,3
populace,3
saban,3
conducts,3
assets,3
exchange,3
alter-ego,3
gritty,3
fashion,3
envelops,3
grocery,3
conceals,3
cancer,3
transfers,3
add,3
fearless,3
critters,3
card,3
documents,3
airborne,3
wipe,3
buckley,3
not-too-distant,3
responds,3
manner,3
precisely,3
seth,3
teleportation,3
shutting,3
umbrella,3
resident,3
rampages,3
wasp,3
badass,3
academy,3
venom,3
affected,3
promptly,3
reorganizing,3
resourceful,3
relations,3
jabba,3
hutt,3
industries,3
perfection,3
flesh-eating,3
clairvoyant,3
suitcase,3
construct,3
explains,3
dealer,3
bid,3
defends,3
smith,3
damages,3
everyday,3
week,3
extermination,3
spreads,3
infecting,3
bearing,3
sabotages,3
hurtling,3
terrorizing,3
wildlife,3
defuse,3
meg,3
awakened,3
outback,3
charismatic,3
engaged,3
crusade,3
shadowy,3
ex-convict,3
arise,3
300,3
invades,3
ceo,3
miraculous,3
lawrence,3
fragments,3
guilty,3
wrecked,3
glowing,3
terrorizes,3
parasitic,3
injected,3
lauren,3
storms,3
poisonous,3
seas,3
civilizations,3
13th,3
targets,3
long-lost,3
poses,3
capt,3
chuck,3
rioting,3
maximum,3
mario,3
20th,3
accomplished,3
composer,3
southwest,3
detour,3
regains,3
homeworld,3
lack,3
shrinking,3
uprising,3
prostitute,3
rig,3
sinks,3
fractured,3
league,3
formed,3
nowhere,3
playboy,3
paired,3
unsuspecting,3
jealousy,3
media,3
mutating,3
archaeological,3
movements,3
enforcers,3
villains,3
life-like,3
benjamin,3
berserk,3
sunk,3
mute,3
belief,3
husbands,3
cars,3
hal,3
hardcore,3
slips,3
a.k.a,3
getaway,3
neither,3
re-entry,3
escort,3
tourist,3
unnamed,3
specifically,3
buys,3
commanding,3
gangsters,3
growth,3
netherworld,3
viral,3
trusted,3
blink,3
townsfolk,3
confirms,3
worried,3
1945,3
upper,3
fell,3
remained,3
bolt,3
lovable,3
newton,3
teaching,3
guest,3
slightly,3
situations,3
informs,3
vortex,3
absent-minded,3
carried,3
cockroaches,3
roaches,3
addicted,3
potentially,3
frank,3
distraught,3
severe,3
lava,3
management,3
amy,3
consuming,3
hack,3
unreleased,3
sean,3
barker,3
goo,3
transcends,3
concept,3
virtually,3
spends,3
thirteen,3
unpopular,3
rate,3
widower,3
arsenal,3
vigilante,3
reno,3
faithful,3
12th-century,3
adapting,3
luc,3
innocence,3
constant,3
grip,3
handsome,3
1980s,3
irradiated,3
awaits,3
unconventional,3
techniques,3
coincides,3
agree,3
implants,3
cutter,3
excited,3
theatrically,3
swapping,3
researchers,3
alternative,3
10-year-old,3
shelters,3
politicians,3
kindly,3
youthful,3
drain,3
assassinating,3
larger,3
tears,3
tape,3
colonization,3
difference,3
reawakens,3
enraged,3
alchemist,3
scary,3
nerdy,3
dragonfly,3
gainax,3
blu-ray,3
supply,3
organ,3
confined,3
spaces,3
employees,3
bridge,3
careers,3
tough,3
insist,3
partners,3
images,3
energies,3
pier,3
babies,3
collapses,3
model,3
2000,3
orlando,3
william,3
fend,3
harrowing,3
appetite,3
toilet,3
ballard,3
occupied,3
facilities,3
workers,3
investigations,3
wide,3
suits,3
slightest,3
bit,3
nice,3
scared,3
bike,3
library,3
written,3
vacationing,3
tracks,3
bay,3
uninhabitable,3
reborn,3
gary,3
wanting,3
reich,3
preparing,3
phillip,3
afternoon,3
flubber,3
objects,3
12-year-old,3
aged,3
convenience,3
deals,3
marriage,3
narrator,3
infancy,3
diseased,3
humor,3
warmth,3
makeshift,3
honest,3
deserts,3
cousin,3
trooper,3
ordered,3
recruits,3
nightclub,3
club,3
gangster,3
crater,3
mastermind,3
buy,3
remarkable,3
considered,3
game-changing,3
decimate,3
obsessive,3
heights,3
intertwined,3
bullet,3
theorists,3
ragtag,3
fin,3
mind-bending,3
surprising,3
initial,3
liberate,3
masters,3
sneak,3
waging,3
emerge,3
treated,3
isolation,3
stands,3
timer,3
whoever,3
thirty,3
rising,3
root,3
ancestor,3
gates,3
deformed,3
calling,3
korean,3
ethan,3
serving,3
deunan,3
powell,3
deepest,3
competitors,3
disguised,3
apple,3
mariana,3
2048,3
centered,3
jessie,3
torment,3
separates,3
awesome,3
designs,3
meant,3
shipwrecked,3
sane,3
sophisticated,3
tendencies,3
sixth,3
strike,3
interests,3
dogs,3
luckily,3
focuses,3
resembles,3
julia,3
1989,3
taggart,3
1957,3
focusing,3
easily,3
bite,3
perfectly,3
descendants,3
wolfman,3
mummy,3
pirate,3
succeeds,3
chased,3
eponymous,3
protected,3
v-cinema,3
ex-aid,3
controlling,3
kuroto,3
crack,3
suspenseful,3
orphaned,3
fiends,3
social,3
plots,3
adaptation,3
walt,3
winnie,3
marie,3
ambush,3
immune,3
maria,3
roberts,3
mutation,3
agnes,3
chapter,3
tribe,3
ewoks,3
rebel,3
cybernetics,3
cyborgs,3
effect,3
2000,3
2013,3
marc,3
thunderbirds,3
paxton,3
coup,3
ventures,3
crosses,3
sleepy,3
rash,3
tentacled,3
co-exist,3
awakening,3
unfulfilled,3
unsatisfying,3
stages,3
phony,3
deception,3
darkman,3
durant,3
2024,3
bases,3
fed,3
hector,3
sexually,3
tendency,3
psychopath,3
scarce,3
reincarnated,3
towani,3
elder,3
edwina,3
digimon,3
parrotmon,3
paranormal,3
notices,3
often,3
specially,3
injury,3
fan,3
plucked,3
planned,3
recent,3
penguin,3
aspirant,3
moves,3
egypt,3
pharaoh,3
wielding,3
amazon,3
reggie,3
kurono,3
score,3
pop,3
carry,3
inches,3
decade,3
screamers,3
feeding,3
confused,3
doctors,3
grandfather,3
fred,3
randall,3
griffin,3
reverse,3
whatever,3
californian,3
fifteen,3
triggers,3
europe,3
ripped,3
x-ray,3
shoot,3
thirst,3
brains,3
eat,3
chunk,3
terrified,3
camp,3
atomic,3
australia,3
despair,3
denial,3
sub,3
month,3
farm,3
frequencies,3
communications,3
listen,3
genm,3
awoken,3
kull,3
direct,3
lords,3
decoded,3
hearts,3
automated,3
spiral,3
wanderer,3
eradicated,3
pinocchio,3
movies,3
particularly,3
nekron,3
surrounded,3
battered,3
hole,3
potion,3
mine,3
batou,3
watched,3
cartel,3
carries,3
endless,3
cannon,3
fodder,3
100,3
dimensions,3
complicated,3
priceless,3
seventh,3
affair,3
unfolds,3
labor,3
wrapped,3
conan,3
o'brien,3
melting,3
locates,3
composed,3
blonde,3
quatermass,3
delivering,3
ultimatum,3
jasmin,3
performs,3
nest,3
ceiling,3
fixes,3
laboratories,3
imprisonment,3
recess,3
banker,3
commit,3
bus,3
arouses,3
silent,3
cyberpunk,3
2011,3
haruhi,3
ruins,3
drilling,3
melt,3
wallace,3
roams,3
dawson,3
abusive,3
patrick,3
gay,3
tomatoes,3
blamed,3
folding,3
pole,3
resulted,3
eager,3
nelson,3
post,3
revolting,3
archangel,3
pacific,3
unprepared,3
psychopathic,3
reptilian,3
hardest,3
signals,3
resist,3
hi-tech,3
frightening,3
commandos,3
hall,3
robberies,3
thale,3
implant,3
associates,3
lee,3
coveted,3
gathering,3
lore,3
packed,3
commercials,3
oldest,3
specimens,3
delight,3
townspeople,3
realise,3
void,3
affecting,3
shape,3
slugs,3
archeological,3
elizabeth,3
prometheus,3
hijacked,3
escorting,3
period,3
18th,3
smarter,3
prosthetic,3
aquatic,3
knocks,3
well-known,3
skin,3
hirokin,3
twist,3
royal,3
title,3
desire,3
treasures,3
sunken,3
cafe,3
rings,3
summoned,3
traumatized,3
hire,3
theories,3
thinking,3
villagers,3
hypnotist,3
zoltan,3
incites,3
ccg,3
arif,3
leung,3
habitable,3
xia,3
sour,3
carrier,3
pollution,3
ecoban,3
groundbreaking,3
acid,3
mass,3
snooping,3
junkyard,3
rivers,3
culprits,3
wave,3
johns,3
drifter,3
phase,3
revival,3
prolong,3
reduce,3
broker,3
bears,3
nardole,3
song,3
venus,3
recovers,3
methods,3
ages,3
asgard,3
loki,3
donkey,3
roy,3
cheung,3
francis,3
slaves,3
protege,3
campbell,3
laughing,3
refugees,3
fill,3
sense,3
terrors,3
festival,3
meat,3
philippe,3
breeding,3
design,3
discoveries,3
moved,3
candy,3
drastic,3
marge,3
retro,3
heroine,3
aimless,3
occurrences,3
jefferson,3
mostly,3
diner,3
volunteer,3
bigfoot,3
unthinkable,3
escalate,3
holiday,3
myth,3
sheena,3
intellect,3
etc,3
route,3
transplant,3
versus,3
avoided,3
2010,3
fox,3
dwarf,3
airline,3
abandon,3
orphan,3
wits,3
telekinesis,3
las,3
wataru,3
anti,3
rulers,3
diving,3
6th,3
dreaded,3
punishment,3
bird,3
chronology,3
sealed,3
bunker,3
segawa,3
guitar,3
intend,3
homeland,3
climbs,3
competitive,3
hurricane,3
douglas,3
conference,3
pure,3
continents,3
india,3
relaxing,3
ching,3
initially,3
inserted,3
specific,3
opposed,3
thieves,3
allowing,3
neighbors,3
injects,3
1969,3
broadcast,3
sector,3
bermuda,3
located,3
lucrative,3
nobita,3
continued,2
thanos,2
despot,2
infamy,2
infinity,2
reserved,2
kings,2
assumes,2
mantel,2
nakia,2
queen-mother,2
princess-kid,2
dora,2
milaje,2
'special,2
ronan,2
accuser,2
primatologist,2
davis,2
shares,2
unshakable,2
extraordinarily,2
silverback,2
similarly,2
ever-changing,2
s.h.i.e.l.d.,2
recruitment,2
require,2
runners,2
jumpstart,2
mightiest,2
enacting,2
pave,2
rey,2
unsettled,2
geostorm,2
fuelled,2
restored,2
selfless,2
metahumans,2
consisting,2
curry,2
steppenwolf,2
parademons,2
boxes,2
magician,2
supplier,2
sleight,2
dominance,2
collective,2
regulate,2
polarizes,2
ensemble,2
wckd-controlled,2
weary,2
cares,2
guardians,2
parentage,2
afghan,2
weaponized,2
culmination,2
cinematic,2
venturesome,2
dashing,2
r2-d2,2
c-3po,2
rodman,2
alzheimer,2
noticing,2
dramatic,2
increases,2
chimpanzee,2
armored,2
pepper,2
potts,2
'rhodey,2
forge,2
ingenious,2
incursions,2
cross-hairs,2
28th,2
territories,2
ever-expanding,2
converged,2
cultures,2
scours,2
unbridled,2
masterminds,2
arrogant,2
lease,2
trains,2
cyber-enhanced,2
nostromo,2
three-member,2
planted,2
birthed,2
promise,2
surroundingssome,2
badand,2
smog-choked,2
deckard,2
retirement,2
quartet,2
spans,2
eighties,2
rekindling,2
privacy,2
ignorance,2
anonymity,2
ceases,2
frieland,2
subverted,2
functioning,2
envisioned,2
hammond,2
apply,2
common-place,2
abide,2
techno-phobic,2
suspecting,2
2257,2
adjust,2
expose,2
ever-widening,2
scope,2
falcon,2
formidable,2
enemythe,2
monitor,2
jay,2
world-destroyer,2
unite,2
tables,2
logic,2
irrevocably,2
richards,2
gains,2
grimm,2
retiring,2
spacewalk,2
alone-tethered,2
spiraling,2
blackness,2
deafening,2
gulp,2
expanse,2
escapades,2
copilot,2
notorious,2
gambler,2
lando,2
calrissian,2
everdeen,2
74th,2
mellark,2
districts,2
capitol,2
75th,2
quell,2
brody,2
escalating,2
arises,2
adversaries,2
freely,2
roamed,2
demise,2
dearing,2
founded,2
grady,2
trainer,2
teamed,2
gale,2
finnick,2
choices,2
await,2
genetics,2
unsatisfactory,2
yorkers,2
going-away,2
skyscraper,2
onset,2
knights,2
galaxy-wide,2
separatists,2
unveil,2
thousand-year-old,2
crumbles,2
seduced,2
apprentice,2
obi-wan,2
kenobi,2
yoda,2
1990,2
kathryn,2
railly,2
goines,2
monkeys,2
tech-savvy,2
quorra,2
clu,2
prisons,2
12-hour,2
legal,2
free-for-alls,2
indefinite,2
eugenics,2
depending,2
gattaca,2
2028,2
multinational,2
conglomerate,2
drones,2
detroit,2
critically,2
part-robot,2
envisions,2
shareholders,2
counted,2
honcho,2
truman,2
drill,2
driller,2
stamper,2
provided,2
hotshot,2
cocksure,2
sublimated,2
technique,2
occupy,2
ferrier,2
divorced,2
dockworker,2
less-than-perfect,2
2159,2
classes,2
ruined,2
secretary,2
ofcial,2
enforce,2
anti-immigration,2
doesnt,2
unlucky,2
damon,2
backed,2
polarized,2
available,2
mop,2
serenity,2
roam,2
nested,2
19th,2
atlas,2
shaped,2
kindness,2
inspire,2
tykwer,2
wachowskis,2
e.t.,2
dubbed,2
gertie,2
e.t,2
intervention,2
dire,2
activist,2
miraculously,2
cybertronics,2
profoundly,2
beams,2
reply,2
splash,2
coalition,2
predestination,2
temporal,2
1980s-era,2
megamind,2
hates,2
spanned,2
grappled,2
limitless,2
comprehension,2
corrupted,2
absolutely,2
cherish,2
kenton,2
washed-up,2
trashed,2
contender,2
crosshairs,2
daylight,2
hannibal,2
deftly,2
selene,2
dealers,2
werewolves,2
respective,2
bloodlines,2
blockbuster,2
2015,2
nip,2
woes,2
bud,2
biff,2
tannen,2
pesky,2
sports,2
almanac,2
last-ditch,2
unscathed,2
lie,2
elijah,2
ski,2
sidelines,2
understanding,2
scourge,2
pounce,2
rice,2
jumper,2
instantly,2
sworn,2
jumpers,2
davids,2
aames,2
warmhearted,2
sofia,2
blurred,2
exception,2
physician,2
cold-blooded,2
linguist,2
antiterrorism,2
knife,2
likeness,2
surgery,2
low-level,2
bureaucrat,2
lowry,2
monotony,2
day-to-day,2
recurring,2
virtuous,2
damsel,2
wrongful,2
tuttle,2
bureaucracy,2
seconds,2
demolished,2
dent,2
prefect,2
penning,2
1979,2
ohio,2
super-8,2
derailment,2
deputy,2
lamb,2
expected,2
draw,2
anxious,2
occupant,2
moon-based,2
manufacturing,2
gerty,2
wakens,2
jacq,2
vaucan,2
insurance,2
roc,2
sagan,2
identical,2
septuplets,2
infighting,2
unceremoniously,2
demoted,2
managing,2
subduing,2
punishable,2
overthrow,2
grove,2
obliterated,2
deploys,2
dozen,2
saucer-shaped,2
'destroyer,2
lay,2
coordinated,2
counterattack,2
interior,2
comics,2
antihero,2
incarcerated,2
supervillains,2
deniable,2
undertaking,2
high-risk,2
commuted,2
sentences,2
mild-mannered,2
kent,2
costumed,2
vigilantes,2
crackdown,2
veterans,2
initiated,2
swingin,2
groovy,2
superagent,2
austin,2
'60s,2
shagadelic,2
bald,2
freezes,2
unthaws,2
'90s,2
vanessa,2
kensington,2
dense,2
trapping,2
drayton,2
five-year-old,2
fountain,2
spirituality,2
fragility,2
supersucking,2
fields,2
wrangle,2
earl,2
bassett,2
investigator,2
gerry,2
populations,2
persuaded,2
perilous,2
ender,2
homeplanet,2
face-to-face,2
1970s,2
scraping,2
re-runs,2
conventions,2
beamed,2
on-screen,2
dramas,2
celebrities,2
northeastern,2
wahlberg,2
zooey,2
deschanel,2
bio,2
leguizamo,2
betty,2
shyamalan,2
undeniably,2
small-town,2
emotionless,2
duplicates,2
gene,2
switched,2
currency,2
luxuries,2
necessities,2
negotiate,2
keepers,2
scorch,2
supernova,2
qualified,2
archaeologists,2
historian,2
ulysses,2
derailed,2
pattern,2
repeats,2
02:22,2
p.m,2
housefly,2
michaels,2
customers,2
self-aware,2
crossfire,2
hell-bent,2
harvardville,2
airport,2
leon,2
kennedy,2
redfield,2
high-octane,2
g-virus,2
infantry,2
non-commissioned,2
arachnoid,2
lang,2
balances,2
dyne,2
hank,2
pym,2
urgent,2
ant-man,2
marvels,2
award-nominated,2
hardy,2
16-year-old,2
widespread,2
exceptional,2
overly-confident,2
relocated,2
tip,2
accomplice,2
banished,2
obi,2
wan,2
hutts,2
seperatists,2
ruin,2
diplomatic,2
agreement,2
copperbottom,2
ratchet,2
weld,2
obsolete,2
patriot,2
super-hero,2
republics,2
nev.,2
simulated,2
entrepreneurs,2
dabbles,2
accomplishing,2
moments,2
evaded,2
utter,2
armada,2
prequel,2
feud,2
sonja,2
viktor,2
lycan,2
independence,2
strained,2
grouped,2
dynamic,2
raige,2
extended,2
13-year-old,2
unfamiliar,2
cockpit,2
terrain,2
beacon,2
anticipate,2
zathura,2
space-themed,2
pawns,2
furya,2
excuse,2
humdrum,2
suburbanites,2
succumbs,2
urgently,2
still-quarantined,2
countless,2
half-alien,2
lennox,2
tempered,2
2058,2
colonize,2
inhabitable,2
stowaway,2
transportation,2
boeing,2
747,2
shuttles,2
hugo,2
drax,2
below-and,2
singularity,2
anti-technology,2
transcend,2
ghettos,2
ex-thug,2
transporting,2
chambers,2
rockatansky,2
dusty,2
postapocalyptic,2
unending,2
gasoline,2
arrayed,2
scraggly,2
defendants,2
fuel-depot,2
encampment,2
commanded,2
humungus,2
scruples,2
spotted,2
resumes,2
examine,2
hopefully,2
jennings,2
handsomely,2
projects,2
short-term,2
breaching,2
three-year,2
paycheck,2
envelope,2
sprung,2
jail,2
synthesizes,2
ignites,2
pope,2
nicknamed,2
ambushed,2
jericho,2
stewart,2
icbm,2
complications,2
ossa,2
craft.they,2
logical,2
deployment,2
pacification,2
narcotic,2
god-delirious,2
replicate,2
prototypes,2
suicidal,2
faxx,2
straying,2
wellness,2
swiss,2
alps,2
treatments,2
ketchum,2
skill,2
collector,2
capturing,2
embedded,2
temblor,2
views,2
quake,2
expels,2
tapped,2
demand,2
time-traveler,2
eroticism,2
digitalized,2
tyrannical,2
mcp,2
stryder,2
wanda,2
corvis,2
wrongly,2
crow,2
2455,2
landmasses,2
rusting,2
long-gone,2
harmful,2
intrepid,2
friday,2
runaways,2
twinned,2
gravities,2
prejudice,2
reunite,2
visually,2
gravity,2
reminiscent,2
suburbia,2
circa,2
1950,2
empathetic,2
lockout,2
falsely,2
ex-government,2
obtaining,2
15th,2
lambert,2
swordsman,2
nakano,2
mako,2
hacked,2
mit,2
faults,2
eerily,2
2025,2
rameriz,2
profiting,2
flashbacks,2
exile,2
accurate,2
toddler,2
stuffed,2
bunny,2
vespa,2
space-bum-for-hire,2
clueless,2
yogurt,2
schwartz,2
warred,2
obscurity,2
church,2
walled,2
priestess,2
parole,2
hearing,2
2032,2
captor,2
spartan,2
wrongfully,2
apprehending,2
pentagon,2
2505,2
dumbed-down,2
smartest,2
krypton,2
mettle,2
gen.,2
zod,2
kryptonians,2
war-ravaged,2
tested,2
unlimited,2
chun-li,2
bison,2
crime-fighter,2
diver,2
righted,2
grittier,2
continuity,2
aquamans,2
atlanteans,2
cabbie-turned-chauffeur,2
tong,2
tuxedo,2
temporarily,2
tux,2
belt,2
inexperienced,2
sprite,2
crysta,2
folk,2
logging,2
rainforest,2
lumberjacks,2
chopping,2
aldo,2
beneath,2
perceive,2
disenchanted,2
high-stakes,2
over-his-head,2
femme,2
fatale,2
belong,2
nada,2
down-on-his-luck,2
sunglasses,2
bombarded,2
submit,2
authority,2
scarier,2
normal-looking,2
subdued,2
enlisted,2
t-virus,2
heart-pounding,2
blood-,2
thirsty,2
stealthy,2
lickers,2
canines,2
mounts,2
climactic,2
bowels,2
geophysicist,2
rotating,2
seams,2
resolve,2
pain/damage,2
ruth,2
converts,2
ceaser,2
marketer,2
outlawing,2
maintaining,2
firemen,2
burnings,2
fireman,2
montag,2
morality,2
vocation,2
pro-literature,2
psychotherapist,2
englishman,2
recreations,2
opts,2
gunslinger,2
odo,2
paleontologist,2
kyohei,2
yemani,2
164,2
natives,2
teeming,2
berlin,2
marketing,2
trainee,2
ivan,2
seize,2
fusion,2
russell,2
guerrillas,2
'brief,2
incompatibility,2
bits,2
oil-drilling,2
displaces,2
subterranean,2
lantern,2
corps,2
resurrected,2
wife/creator,2
akan,2
cryptic,2
symbols,2
molecular,2
studying,2
permeating,2
implications,2
complicates,2
risks,2
validate,2
assassinated,2
adolf,2
fhrer,2
iceland,2
reconsider,2
collapsed,2
mister,2
canada,2
eden,2
immortals,2
highlands,2
highlanders,2
shaken,2
speak,2
gray,2
guarded,2
barbed,2
wire,2
frequent,2
anomalies,2
stalker,2
seeded,2
desires,2
ndr-114,2
youngest,2
bicentennial,2
purchased,2
appliance,2
menial,2
tasks,2
2022,2
absolom,2
robbins,2
murdering,2
unbearable,2
screams,2
pages,2
pulp,2
recreates,2
1930s,2
spies,2
aviation,2
secord,2
rocket-pack,2
mechanic/mentor,2
peevy,2
expectations,2
betrayal,2
gladiators,2
rejected,2
nabbed,2
emigration,2
virus.a,2
pounding,2
soundtrack,2
aim,2
peacefully,2
seal,2
inexorable,2
1993,2
terrestrial,2
detailing,2
instructions,2
splice,2
sil,2
armour-plated,2
troubling,2
bending,2
chimpanzees,2
toast,2
1958,2
spawn,2
germ,2
consumes,2
vain,2
refuse,2
confine,2
herrington,2
teachers,2
mind-controlling,2
faculty,2
loners,2
nerds,2
jocks,2
cool,2
harassed,2
fit,2
cruel,2
taunts,2
soviets,2
first-strike,2
rumours,2
indetectable,2
ex-vietnam,2
managed,2
sixty,2
zaps,2
spunky,2
considers,2
painter,2
1138,2
mundane,2
consumption,2
puppets,2
corey,2
fixed,2
updated,2
color,2
black-and-white,2
originals,2
kick,2
sitwell,2
wishes,2
emil,2
initiative,2
patsy,2
space-time,2
redneck,2
chaka,2
alfred,2
nightwing,2
stead,2
batwoman,2
adventurer/surgeon/rock,2
musician,2
buckaroo,2
banzai,2
cavaliers,2
8th,2
rusty,2
space-freighter,2
kassandra,2
42,2
medic,2
joke,2
wives,2
rein,2
entomologist,2
insect,2
secretes,2
fluid,2
asked,2
child-like,2
reappraise,2
mends,2
angers,2
establishment,2
childlike,2
offbeat,2
uniquely,2
philosophies,2
letting-go,2
moving,2
saga,2
diminutive,2
dicky,2
junkjard,2
avalon,2
gateway,2
chopper,2
ruthlessness,2
teru,2
kumo,2
shatters,2
fissure,2
bubbling,2
forming,2
brea,2
tar,2
roark,2
geologist,2
barnes,2
resource,2
lightman,2
broderick,2
hacking,2
taps,2
initiates,2
sheedy,2
wizardly,2
wood,2
bio-armor,2
drive-in,2
gelatinous,2
technology-reliant,2
helicoptered,2
off-the-grid,2
exercise,2
bukes,2
tight-knit,2
breathable,2
nonexistent,2
reestablish,2
reside,2
suspended,2
guarding,2
administering,2
ex-boyfriend,2
19th-century,2
nobleman,2
harder,2
absence,2
michele,2
stella,2
costume,2
percent,2
founding,2
nffa,2
sociological,2
vents,2
aggression,2
oppressors,2
marginalized,2
trial-city,2
challis,2
grimbridge,2
novelty-salesman,2
silver,2
shamrock,2
conal,2
cochran,2
roots,2
masks,2
cdc,2
11-year-old,2
home-shopping,2
channel,2
boarding,2
woos,2
quirky,2
mills,2
intimacy,2
ensuring,2
dredge,2
one-man,2
voltage,2
counter-terrorist,2
boyhood,2
blizzard,2
slaughter,2
civilians,2
unites,2
solaris,2
cosmonauts,2
obsessions,2
chimps,2
dumped,2
interacts,2
misadventures,2
servant,2
senile,2
sorcerermayhem,2
confusing,2
drawback,2
'renewed,2
civic,2
ceremony,2
30th,2
rearmed,2
reprogrammed,2
next-generation,2
unisol,2
malone,2
check,2
materials,2
plant-like,2
sweethearts,2
flat,2
tire,2
transvestite,2
houseful,2
rocking,2
biker,2
butler,2
dances,2
unveils,2
'rocky,2
u.n.,2
nerv,2
eva,2
makinami,2
mari,2
illustrous,2
asuka,2
langley,2
shikinami,2
gendo,2
ikari,2
seele,2
proceed,2
2.22,2
dvd/blu-ray,2
16th,2
condemned,2
renouncing,2
burning,2
puritan,2
philandering,2
fianc,2
furry,2
shaved,2
salon,2
absorbing,2
spacemen,2
dating,2
long-suffering,2
explosion,2
repo,2
'64,2
chevy,2
rogan,2
starfighter,2
starfighters,2
therapy,2
institutionalized,2
supervision,2
psammead,2
'it,2
irritable,2
gravel,2
sunset,2
edit,2
histories,2
flaming,2
hills,2
short-lived,2
2095,2
unaltered,2
colorado,2
tenuous,2
steps,2
autobot-leader,2
centers,2
ussr,2
suggesting,2
follow-ups,2
comprising,2
possibilities,2
snowy,2
potter,2
meal,2
treason,2
lucia,2
orphans,2
republican,2
militia,2
steely,2
headmistress,2
carmen,2
casares,2
run-in,2
caretaker,2
jacinto,2
grounds,2
locksmith,2
gwildor,2
sorceress,2
life-force,2
align,2
bestow,2
god-like,2
legless,2
arliss,2
gunfighter,2
master-of-disguise,2
artemus,2
gilled,2
scrambles,2
superpower,2
befall,2
evolve,2
tailspin,2
flees,2
italy,2
harboring,2
primordial,2
confronted,2
collier,2
begs,2
mystified,2
1900s,2
self-hypnosis,2
matching,2
appreciated,2
outlast,2
patriotic,2
supersoldier,2
baddie,2
1990s,2
durand-durand,2
leela,2
insulted,2
space-rednecks,2
rednecks,2
demolition,2
derby,2
victorious,2
gauge,2
pump,2
stranglehold,2
wade,2
rings-inspired,2
fantasy-land,2
race-car,2
1830,2
biographer,2
etienne,2
boisset,2
riker,2
imbued,2
lou,2
landers,2
villainously,2
goofy,2
hourglass,2
piloting,2
units,2
1.01,2
1.11,2
comic-strip,2
tank-riding,2
anti-heroine,2
mega-corporation,2
overseen,2
ziggurat,2
tima,2
robot-girl,2
trafficking,2
realization,2
clothes,2
enjoyable,2
prohibits,2
entering,2
scolded,2
explained,2
usual,2
unfold,2
human/fly,2
employment,2
bartok,2
inc.,2
chromosomes,2
restricted,2
spock,2
grizzled,2
buzz,2
lightyear,2
zurg,2
hopefuls,2
replenish,2
decreasing,2
stocks,2
medicine,2
perpetual,2
recreated,2
airports,2
viewing,2
tantalus,2
astounding,2
fossilized,2
bacterial,2
relief,2
disobeys,2
unauthorized,2
excavation,2
porous,2
crevice,2
vanishes,2
life-form,2
cherry,2
blown,2
tracker,2
lawless,2
chips,2
diodes,2
term,2
fittest,2
duchovny,2
seann,2
julianne,2
standing,2
blood-thirsty,2
wisconsin,2
jury,2
peers,2
contestants,2
strategize,2
cone-shaped,2
robotlike,2
paper,2
beldar,2
prymatt,2
paramus,2
n.j.,2
middle-class,2
feature-length,2
neighbor,2
admires,2
natasha,2
henstridge,2
nosed,2
2025,2
catching,2
seat,2
'invaders,2
disproportionate,2
nome,2
treating,2
abductions,2
periodically,2
largely,2
oblivious,2
shots,2
fellowship,2
endanger,2
treehouse,2
mystically,2
colin,2
tinto,2
videogame,2
intertwining,2
unsettling,2
pulse-pounding,2
carolina,2
atticus,2
gage,2
cradle,2
clique,2
ribbons,2
embodiment,2
academic,2
excellence,2
ranks,2
misfit,2
tara,2
markov,2
deathstroke,2
europa,2
merged,2
eurasia,2
toll,2
diseases,2
neo-cell,2
hardships,2
spawned,2
declare,2
tetsuya,2
casshern,2
live-action,2
1973,2
anim,2
sinise,2
olham,2
mass-abductions,2
ezra,2
lieberman,2
clowns,2
sustenance,2
kida,2
crops,2
harnessing,2
absent,2
minded,2
weebo,2
medfield,2
sara,2
missed,2
fort,2
lauderdale,2
fla.,2
overjoyed,2
perplexed,2
coincidental,2
themyscira,2
proud,2
beauty,2
headstrong,2
defies,2
amazonian,2
accompanying,2
unhappy,2
disembodied,2
kicks,2
hotly,2
borrowed,2
human-like,2
domesticated,2
pets,2
ygam,2
terr,2
draag,2
educate,2
organise,2
revolt,2
subculture,2
vampire-like,2
enhanced,2
stamina,2
acute,2
pushed,2
aimed,2
crossed-fire,2
ultraviolet,2
nine-year-old,2
adventuresome,2
action-fantasy,2
twists,2
sunless,2
angrily,2
noon,2
kara,2
paretta,2
grieving,2
8-year-old,2
stunned,2
elbourne,2
markus,2
rented,2
hampered,2
2087,2
pluto,2
nash,2
high-flying,2
hottest,2
mogan,2
rex,2
ivanova,2
derelict,2
hyperspace,2
tow,2
telepathically,2
texan,2
ranchers,2
owes,2
astrophysicist,2
faa,2
stalls,2
undeterred,2
remastered,2
re-cut,2
re-imagined,2
censorship,2
removing,2
nudity,2
runtime,2
compare,2
uncut,2
thrilling,2
longest-running,2
assembled,2
sha,2
skaara,2
implanting,2
symbiotes,2
strangest,2
britains,2
ministry,2
inquisitive,2
wondrous,2
tibetan,2
healing,2
herbert,2
ex-girlfriend,2
'perfect,2
franklyn,2
weaves,2
permanent,2
recession,2
hosted,2
exposes,2
dystopic,2
ongoing,2
omnipotent,2
'fireman,2
noir,2
budget,2
mascot,2
julie,2
2001,2
moons,2
h.a.l.9000,2
detected,2
veil,2
seclusion,2
stuart,2
oona,2
would-be,2
charming,2
supermarket,2
clerk,2
funded,2
puzzle,2
box,2
legions,2
waged,2
deployed,2
overprotective,2
putting,2
operate,2
holographic,2
saya,2
makiho,2
seventy,2
piedmont,2
scoop,2
jeremy,2
scramble,2
alcoholic,2
carrie,2
terms,2
laid,2
shekhar,2
trick,2
snack,2
bar,2
nam-il,2
guardian,2
drunk,2
ignoring,2
aunt,2
tournament,2
unidentified,2
hanging,2
snatched,2
render,2
farmers,2
superheroes,2
forbin,2
defenses,2
immediate,2
colossus,2
cancellation,2
bender,2
incompetence,2
subsequent,2
abroad,2
telepathic,2
hear,2
actual,2
puppy,2
ladybug,2
unstable,2
entangled,2
jump,2
dagny,2
football,2
kansas,2
brennick,2
manipulate,2
quick-witted,2
pterano,2
sold,2
slavery,2
uptight,2
greenland,2
spare,2
behave,2
amulet,2
exterminator,2
bundang,2
suburb,2
seoul,2
symptoms,2
scores,2
towering,2
inferno,2
closed,2
holland,2
harshest,2
capabilities,2
hiiro,2
taiga,2
concerned,2
lovelica,2
akira,2
mae,2
wireless,2
inexplicably,2
award-winning,2
deranian,2
cynical,2
pain,2
co-eds,2
detention,2
astonishing,2
sex-crazed,2
ecology,2
lowly,2
empress,2
pictures,2
rural,2
rumor,2
account,2
choose,2
anaconda,2
snakes,2
homeless,2
sir,2
heavily,2
tiger,2
wreckage,2
extremes,2
describes,2
cream,2
motorcycle,2
endor,2
defenseless,2
pinwheel,2
kobayashi,2
casella,2
music,2
recording,2
themes,2
wrote,2
fraternity,2
freeze,2
geeks,2
corpse,2
tracy,2
standard,2
xuan,2
sonar,2
succumb,2
illness,2
mermaid,2
recapture,2
quaint,2
whale,2
haunt,2
chinese,2
mean,2
hideo,2
suzuki,2
hallucinations,2
shattered,2
maniacs,2
hate,2
desert-like,2
foraging,2
approached,2
cloning,2
assembling,2
disturbed,2
insanity,2
remnants,2
rejuvenate,2
aspiring,2
blaster,2
hoskins,2
transference,2
sapper,2
focused,2
digi-egg,2
koromon,2
agumon,2
greymon,2
august,2
tetrax,2
gwen,2
stows,2
advertising,2
ruka,2
joker,2
loved,2
eberhart,2
connecticut,2
anubis,2
eighth,2
battlestar,2
galactica,2
pegasus,2
prior,2
mazzy,2
mode,2
riders,2
connecting,2
gill-man,2
lagoon,2
kato,2
spending,2
shigeta,2
comrades,2
cable,2
steam,2
decision,2
cranley,2
contained,2
shooter,2
audience,2
whilst,2
feeling,2
occurrence,2
transporter,2
informed,2
exhibition,2
rights,2
voices,2
particular,2
harshness,2
risen,2
weak,2
studies,2
garbage,2
self-styled,2
miners,2
dessert,2
sensation,2
recharge,2
immigrant,2
aryan,2
stern,2
f.r.e.d.i,2
communicate,2
forthcoming,2
towers,2
moira,2
comfort,2
totally,2
suspected,2
bloodbath,2
tense,2
shortwave,2
supremacy,2
amusement,2
browning,2
amiss,2
pilgrim,2
vonnegut,2
nyle,2
wont,2
kiriya,2
lazer,2
ruler,2
defeating,2
crown,2
akivasha,2
1970,2
terminal,2
genes,2
blast,2
tank,2
toys,2
elf,2
3000,2
cyber,2
cyberina,2
vegan,2
re-worked,2
minor,2
extent,2
resume,2
semester,2
atoll,2
coeds,2
cylon,2
adama,2
aircraft,2
serves,2
larn,2
jarol,2
ichigo,2
rukia,2
senna,2
funny,2
timid,2
aramaki,2
501st,2
togusa,2
2045,2
gear,2
engineering,2
rose,2
stink,2
unseen,2
geniuses,2
okamura,2
katsuhiro,2
tomo,2
separate,2
walls,2
ended,2
undead,2
kaihoro,2
headquarters,2
imperiled,2
emotional,2
modern-day,2
wander,2
torn,2
swim,2
demeter,2
187,2
coffins,2
feared,2
war-torn,2
wage,2
crocodiles,2
males,2
crocodile,2
slimy,2
grotesque,2
turbo,2
february,2
elementary,2
benedict,2
stole,2
crowded,2
crazed,2
maul,2
collision,2
bodybuilder,2
humming,2
harold,2
genie,2
u-boat,2
caprona,2
gannon,2
letha,2
jewel,2
christina,2
partying,2
plotting,2
shinya,2
tsukamoto,2
ishikawa,2
plunge,2
annihilate,2
alan,2
dale,2
suzumiya,2
yuki,2
mikuru,2
koizumi,2
heard,2
gas,2
per,2
operations,2
archer,2
suggest,2
warnings,2
specialist,2
cryogenic,2
resuscitated,2
meteorites,2
remembers,2
organisation,2
settled,2
pharmaceutical,2
whereabouts,2
continuation,2
spoof,2
asgardian,2
according,2
financial,2
eating,2
recollection,2
enclosed,2
mineral,2
debauchery,2
jimi,2
thawing,2
centauri,2
minbari,2
shell,2
backwater,2
1978,2
punisher,2
devise,2
maybe,2
mistake,2
9-year-old,2
distinct,2
chemicals,2
oakwood,2
mac,2
profile,2
rampant,2
staying,2
somewhat,2
stores,2
folklore,2
huldra,2
rewards,2
responsibilities,2
pterodactyl,2
petrie,2
hexx,2
olivia,2
bureau,2
repercussions,2
judas,2
murderer,2
lifelike,2
attracted,2
emergent,2
rob,2
iscandar,2
remove,2
rebuilds,2
battleship,2
claustrophobic,2
near-fatal,2
chamberlain,2
cybertron,2
allspark,2
megatron,2
surprises,2
lifeless,2
legends,2
finest,2
styles,2
shed,2
expendables,2
a-team,2
throttle,2
blood-curdling,2
horrid,2
maclean,2
dunes,2
landis,2
blues,2
madcap,2
send-up,2
canned-laughter-filled,2
sitcoms,2
off-the-wall,2
stitches,2
1950s-style,2
interspersed,2
specials,2
lampoon,2
skewers,2
silliest,2
spectacles,2
run-aways,2
6-b,2
eking,2
immeasurable,2
shikamaru,2
sakura,2
executing,2
troops,2
trenches,2
wwi,2
pigs,2
exclusively,2
delighted,2
flag,2
victoria,2
proving,2
50s,2
least-liked,2
schoolteacher,2
slick,2
turk,2
extraterrestrials,2
humanitarian,2
outwitting,2
commander-in-chief,2
g.o.r.a,2
engages,2
super-computer,2
terrorist-attack,2
appeal,2
glitches,2
restores,2
tone,2
suck,2
dry,2
condos,2
washes,2
stomping,2
'low,2
'high,2
innate,2
world-famous,2
elena,2
papers,2
spite,2
seismologist,2
12.7,2
forgot,2
organises,2
antarctic,2
wastes,2
primitive,2
beowulf,2
grendel,2
hrothgar,2
agoraphobic,2
hewlett,2
contempt,2
catwoman,2
shipment,2
militaries,2
traffic,2
grinds,2
standstill,2
options,2
characteristics,2
pitched,2
faulty,2
mechanics,2
oakland,2
telemarketer,2
cassius,2
propels,2
reunion,2
awkward,2
agonizing,2
interpretation,2
vanya,2
paralyzed,2
anxiety,2
yorker,2
article,2
alleviate,2
extracting,2
chickpea,2
jacobs,2
invents,2
morals,2
accepts,2
heroin,2
myrick,2
afghanistan,2
ostensible,2
locating,2
influential,2
muslim,2
cleric,2
'bermuda,2
fore,2
backs,2
chooses,2
heather,2
locklear,2
affection,2
dig,2
louvre,2
scanning,2
sarcophagus,2
ghostly,2
caller,2
dominion,2
prologue,2
grand,2
pat,2
shrink,2
o'bannon,2
archaeologist,2
col.,2
value,2
models,2
cale,2
display,2
leprechaun,2
ann,2
flooded,2
sammy,2
log,2
traces,2
abducts,2
byeong-gu,2
flood,2
heavenly,2
afterwards,2
preserved,2
bot,2
undersea,2
jobe,2
chip,2
hovering,2
battling,2
ominously,2
eren,2
swallowed,2
helen,2
resembling,2
pays,2
visiting,2
wong,2
chest,2
lau,2
butcher,2
natural-born,2
bow,2
tian,2
ransom,2
jackie,2
mckay,2
senreich,2
twelve,2
cheating,2
described,2
exploding,2
increased,2
sightings,2
expired,2
brady,2
diverse,2
owns,2
enables,2
holidays,2
pursue,2
sherman,2
abe,2
sapien,2
chases,2
camelot,2
brauchman,2
krauss,2
sample,2
spores,2
imagining,2
ruby,2
dekaranger,2
personalities,2
hurled,2
cowboy,2
helder,2
blackwolf,2
enchantress,2
casts,2
irwin,2
aspects,2
lam,2
melvin,2
newcomers,2
locate,2
credits,2
menaced,2
scavangers,2
invited-refugees,2
eleven,2
kuze,2
2020,2
equipment,2
crocs,2
angelino,2
sorts,2
personality,2
conflicts,2
dick,2
untouched,2
plastic,2
variation,2
strider,2
ludwig,2
user,2
directly,2
nanotechnology,2
cyber-terrorism,2
unfathomable,2
reunites,2
prestigious,2
confirmed,2
hijacks,2
transmissions,2
relay,2
senator,2
canceled,2
contracts,2
handed,2
d.c,2
diabolical,2
smithsonian,2
lincoln,2
memorials,2
fiction/adventure/comedy,2
disgruntled,2
gamer,2
hilarity,2
extravagant,2
destoroyah,2
meltdown,2
metermaid,2
reaction,2
medication,2
select,2
milquetoast,2
limpet,2
fondest,2
assists,2
submarines,2
mordecai,2
rigby,2
volleyball,2
coach,2
securing,2
packages,2
spiritually,2
marcus,2
antonius,2
cleopatra,2
figures,2
farah,2
consent,2
stepmother,2
baboon,2
crowned,2
caliph,2
obstacle,2
delta,2
quadrant,2
suppliers,2
dilithium,2
folded,2
isolating,2
necessitates,2
measures,2
jurisdiction,2
pavel,2
chekov,2
starfleet,2
current,2
reorganized,2
31,2
rogues,2
specialised,2
investigators,2
intercontinental,2
brain-swapping,2
poised,2
ood,2
mountaintop,2
ghota,2
benevolent,2
urp,2
inhabits,2
astronomer,2
tammy,2
waitress,2
kindred,2
roxie,2
scheduled,2
lena,2
holoway,2
grudge,2
argos,2
galliot,2
creed,2
reclaim,2
mechagodzilla,2
condor,2
treat,2
thats,2
tremayne,2
ramon,2
ashley,2
veggietales,2
pirates,2
larry,2
labors,2
impose,2
breastford,2
welcoming,2
smugglers,2
tech,2
nicola,2
wrongs,2
sci-fi/horror,2
massacred,2
poverty,2
sylvain,2
skinwalker,2
livestock,2
deth,2
zane,2
1987,2
cusp,2
battle-scarred,2
yellow,2
sensationalist,2
welsh,2
scalled,2
interview,2
invites,2
ricky,2
ufology,2
ley,2
gorman,2
vixen,2
obscure,2
evidences,2
encroaching,2
islanders,2
matoran,2
toa,2
stein,2
kleve,2
transplants,2
5th,2
aside,2
quarrelsome,2
burrowing,2
pellucidar,2
perry,2
cushing,2
innes,2
lizard-like,2
secretive,2
long-term,2
igor,2
grom,2
petersburg,2
pine,2
gap,2
compromised,2
rayford,2
steele,2
ponders,2
attendant,2
hattie,2
durham,2
pondering,2
report,2
chaim,2
israeli,2
cultivate,2
cahoots,2
multi-millionaires,2
promote,2
einstein,2
bubbles,2
sydney,2
patent,2
beatuiful,2
curie,2
unscrupulous,2
types,2
naive,2
frankensteins,2
kellar,2
lainie,2
diamond,2
jerk,2
joel,2
1892,2
governess,2
mourning,2
nuked,2
'50s,2
rocker,2
rolled,2
too-cool,2
six-string,2
succeed,2
tag,2
blinding,2
sounds,2
everybodys,2
arrows,2
doubled,2
grass,2
handicapped,2
coward,2
distinction,2
winner,2
introduce,2
clans,2
continually,2
defenders,2
orchestrated,2
kaiju,2
aya,2
mii-san,2
morlar,2
hatch,2
drops,2
sunny,2
performers,2
treasure,2
orphanage,2
skates,2
cease,2
assistance,2
demented,2
super-race,2
pollute,2
rollicking,2
extravaganza,2
swords,2
monk,2
rolling,2
boulder,2
rivalries,2
firebase,2
hines,2
ever-deepening,2
madness,2
lousy,2
julius,2
jenson,2
sells,2
editor,2
fells,2
envy,2
promises,2
typing,2
reviews,2
best-sellers,2
enriches,2
publisher,2
webster,2
196,2
disposed,2
needed,2
marimaia,2
dekim,2
relana,2
peacecraft,2
barton,2
traitor,2
intention,2
inhumans,2
splintered,2
interactions,2
lush,2
infiltrates,2
bronx,2
italian-turkish,2
co-production,2
antonio,2
margheriti,2
cobbled,2
four-part,2
miniseries,2
shown,2
yor,2
reb,2
loincloth,2
cave-babe,2
corinne,2
clery,2
familiar,2
stalwart,2
steiner,2
caligole,2
ubiquitous,2
luciano,2
pigozzi,2
carol,2
andre,2
harasses,2
verify,2
marta,2
alicia,2
yard,2
jung-sik,2
young-sook,2
fleeting,2
awe-inspiring,2
expecting,2
recovering,2
demonic,2
attend,2
possessions,2
anonymous,2
yokohama,2
rigid,2
homosexual,2
administered,2
heterosexual,2
urges,2
honda,2
riki,2
takeuchi,2
boiled,2
aikawa,2
mellowed,2
ex-military,2
catatonic,2
dai-gurren,2
vastness,2
letting,2
borrow,2
foolishness,2
bleeding-heart,2
staked,2
thieving,2
teller,2
inventor/con-artist,2
shada,2
skagra,2
aaron,2
thorkel,2
experimentation,2
kim,2
cal,2
leeches,2
sounga,2
augmented,2
chronos,2
natas,2
camaro,2
trunk,2
guns,2
crashing,2
lend,2
artifact,2
trucks,2
pebbles,2
homesville,2
'body,2
rapid,2
decomposition,2
big-screen,2
spider-man,2
morales,2
afro-latino,2
endowed,2
parker,2
iga,2
feast,2
swear,2
challenging,2
resurgence,2
cache,2
circuits,2
voted,2
virtual-reality,2
three-dimensional,2
baxter,2
whiz,2
wins,2
saunders,2
cassidy,2
rae,2
digs,2
encampments,2
capacity,2
adapt,2
annihilates,2
undefeated,2
parasitize,2
yuji,2
kaoru,2
obliterate,2
man-sized,2
bat,2
shatter,2
triumph,2
wickedness,2
rivalry,2
sucessful,2
setup,2
messy,2
ambulance,2
helene,2
fougerolles,2
renaud,2
noah,2
reportedly,2
holing,2
still-human,2
marauders,2
babys,2
daddy,2
sequences,2
highlight,2
earthlings,2
seesar,2
mild,2
mannered,2
incur,2
bridezilla-to-be,2
instigates,2
all-seeing,2
optical,2
tada,2
whereas,2
motivations,2
poignant,2
humorous,2
hugely,2
discworld,2
marci,2
eyre,2
record-breaking,2
extol,2
virtues,2
lively,2
voldar,2
lomas,2
simple-minded,2
lackey,2
overcomes,2
cheer,2
yoroi,2
junpei,2
polymar,2
preparation,2
underwent,2
tomb,2
egyptian,2
tutankhamun,2
mccadden,2
ankh-vanharis,2
sciences,2
x-rays,2
diamond-like,2
sharpe,2
notice,2
fungus,2
opened,2
folies,2
bergere,2
dancer,2
manifested,2
immunise,2
eventuality,2
desired,2
trespassing,2
graffiti,2
immortality-obsessed,2
sea-god,2
zenon,2
kar,2
dismantling,2
nyc,2
assaulted,2
prodigies,2
trauma,2
lash,2
calculating,2
chillingly,2
concoct,2
pending,2
jimbo,2
farrar,2
counterparts,2
fraternal,2
tomboy,2
redheaded,2
curl,2
roland,2
joff,2
ajey,2
jhankar,2
anglo-maratha,2
centred,2
colonial,2
indian,2
deeply,2
severed,2
drunken,2
seaside,2
conte,2
intrigued,2
ramblings,2
preparations,2
celebration,2
wealthiest,2
rain,2
sustain,2
phantom,2
commando,2
reptiles,2
twenty-sixth,2
heap,2
unearth,2
atlantean,2
leakage,2
missles,2
tidal,2
vietnamvets-turned-heavies,2
aground,2
carribean,2
well-armed,2
reclaiming,2
adding,2
list,2
thugs,2
elusive,2
h-bomb,2
gidor,2
tung,2
interrupted,2
patlabor,2
hata,2
crusaders,2
osiris,2
spool,2
doyle,2
challenger,2
northfork,2
miyazaki,2
dialog,2
hawk,2
voltan,2
spoiled,2
neighbourhood,2
lothor,2
shibuya,2
megaguirus,2
classmate,2
liotta,2
lyle,2
swann,2
synopsis,2
danica,2
mckellar,2
olympic,2
apolo,2
ohno,2
syfy,2
ireland,2
afoul,2
gypsies,2
blackening,2
skies,2
theyll,2
march,2
kunugigaoka,2
nagisa,2
shiota,2
ryosuke,2
yamada,2
requests,2
yen,2
whomever,2
biollante,2
g-force,2
mogera,2
xt-59,2
paving,2
trough,2
islands,2
glimpse,2
malfunctions,2
observers,2
talisa,2
soto,2
drakulon,2
substitute,2
journeying,2
daltry,2
.daniel,2
unwelcome,2
fist,2
huang,2
forget,2
regrets,2
imagine,2
leste,2
environmentalists,2
environmentalist,2
charter,2
hosting,2
edible,2
intervened,2
proceeded,2
komodo,2
cobras,2
ncaa,2
basketball,2
players,2
shoes,2
conspires,2
capricious,2
infinite,2
tour-guide,2
happily,2
sights,2
emo,2
guiding,2
aspect,2
purposefully,2
open-ended,2
commons,2
license,2
entirety,2
roughly,2
gigabytes,2
free/open,2
suite,2
blender,2
remade,2
remixed,2
re-purposed,2
download,2
neil,2
armstrong,2
disembark,2
blow,2
gooey,2
one-eyed,2
burgeoning,2
sassy,2
dull,2
goodbye,2
cesar,2
romero,2
hillary,2
brooke,2
wasted,2
jugging,2
sallow,2
indiscretions,2
joined,2
kidda,2
peasant,2
logar,2
fools,2
1.000.000,2
civilize,2
mollusks,2
2961,2
heretics,2
matriarch,2
seed,2
encountering,2
murphey,2
rugged,2
cryptozoologist,2
loch,2
ness,2
facial,2
scar,2
pike,2
ashburn,2
hiring,2
karen,2
60-foot,2
plesiosaur,2
arkanar,2
interfere,2
rumata,2
intellectuals,2
position,2
statement,2
aleksei,2
cruelty,2
tangible,2
resisted,2
1998,2
reduced,2
rubble,2
bands,2
amino,2
acids,2
obviating,2
leftover,2
attrition,2
littered,2
distance,2
cargo-ships,2
margot,2
scholl,2
ordering,2
eolomea,2
approval,2
travelling,2
disassembled,2
majors,2
unhappily,2
superstar,2
magnate,2
farley,2
flavors,2
sleeve,2
lukas,2
roman,2
architect,2
lucius,2
bath,2
innovations,2
roma,2
thermae,2
sorceror,2
mordrid,2
technicians,2
caravans,2
white-clad,2
bikers,2
predicted,2
fry,2
helios,2
freddy,2
exiled,2
explodes,2
mutilated,2
reproducing,2
huffman,2
once-almost-married,2
turkey-like,2
flies,2
regard,2
architecture,2
2044,2
amped-up,2
miracle,2
robotechnology,2
allegiances,2
spring,2
charred,2
sagas,2
england.an,2
lowest,2
low-lifers,2
whitey,2
entwined,2
unlikeliest,2
rounds,2
competitor,2
e-19,2
ciminera,2
injection,2
touching,2
bottles,2
slam,2
struck,2
marooned,2
ogilive,2
back-stories,2
2022,2
floating,2
salvaging,2
warner,2
links,2
tetsuos,2
lurks,2
shallow,2
alexandra,2
'alex,2
yacht,2
grateful,2
picked,2
bigelow,2
suspicous,2
injections,2
gerbac,2
faint,2
realizing,2
improbably,2
broke,2
hallucinating,2
alas,2
restrained,2
'paranoia,2
madmen,2
outfit,2
incubators,2
tornadoes,2
high-school,2
tornado,2
blogger,2
mortis,2
arresting,2
reanimated,2
morbid,2
presidency,2
policies,2
assigns,2
burns,2
interact,2
subjected,2
blackmail,2
syndrome,2
visible,2
glenn,2
crash-landing,2
evidenced,2
night-club,2
singer,2
perturbing,2
utterly,2
enthralling,2
untamed,2
alejandra,2
housewife,2
leans,2
fabin,2
veronica,2
dwells,2
surgical,2
microcomputer,2
rebecca,2
traumatic,2
reconnect,2
heal,2
wounds,2
beckons,2
comprehend,2
merge,2
reformed,2
inhuman,2
finish,2
maroons,2
salesman,2
demonstrate,2
hand-held,2
driving,2
heavy,2
rainstorm,2
cemetery,2
undergoing,2
scan,2
surge,2
courses,2
networks,2
1961,2
yorkshire,2
dales,2
trojan,2
floods,2
soggy,2
meadows,2
trailer,2
upriver,2
self-destructive,2
wasps,2
mobilizing,2
2314,2
abolished,2
infrastructure,2
integrated,2
particles,2
observe,2
infantile,2
130,2
meister,2
setsuna,2
seiei,2
innovator,2
aeolia,2
schenberg,2
backwoods,2
minute,2
post-,2
collapsing,2
depletion,2
altitude,2
5000,2
hikers,2
announced,2
prototype-the,2
hallows,2
converting,2
dreamer,2
howling,2
celebrate,2
lucie,2
toilets,2
futurist,2
affirms,2
hesitant,2
interferes,2
heat,2
fighter-pilots,2
grandson,2
neo-nazi,2
surf,2
punks,2
grandma,2
greatly,2
instruct,2
december,2
2012,2
mayans,2
polar,2
imply,2
context,2
allegro,2
non,2
troppo,2
interjection,2
slow,2
refers,2
pessimistic,2
optimism,2
79,2
colonized,2
lying,2
zabi,2
duchy,2
zeon,2
grouping,2
furthest,2
sparked,2
oppressed,2
females,2
entirely-homosexual,2
apartments,2
mid-east,2
christ,2
respected,2
crooked,2
method,2
dorm,2
wilbur,2
mackey,2
befri,2
antioch,2
veterinary,2
elliot,2
scratch,2
paraplegic,2
hobgoblins,2
vault,2
dawn,2
interactive,2
1099,2
a.d.,2
battle-weary,2
shape-sifter,2
aku,2
wreaked,2
honed,2
sort,2
dirty,2
homeward,2
length,2
presentation,2
kicked,2
speeds,2
ultra,2
hardware,2
libyan,2
stringfellow,2
hawke,2
dominic,2
santini,2
re-possess,2
shivers,2
fara,2
bakes,2
nineties,2
regulars,2
swan,2
stand-offish,2
visting,2
sarge,2
crash-landed,2
gis,2
smaller,2
tracked,2
'70s,2
dust,2
defa,2
warmly,2
welcomed,2
occurring,2
confronting,2
hae-jun,2
kenji,2
prophecies,2