life,274
young,263
new,260
one,251
man,246
find,194
world,183
must,180
family,179
two,178
woman,168
soon,163
years,149
time,146
finds,143
mysterious,140
agent,136
becomes,135
killer,135
help,133
police,130
group,129
murder,128
death,121
wife,119
town,118
city,117
get,117
mission,115
back,115
secret,114
story,110
way,110
son,109
home,107
war,104
take,101
team,99
daughter,98
people,96
john,95
game,95
father,95
former,94
mother,93
takes,90
begins,90
detective,89
past,88
discovers,86
house,86
save,82
dangerous,82
government,82
york,82
old,80
deadly,80
day,80
lives,80
gets,78
...,78
series,77
events,77
set,76
crime,76
make,76
goes,75
three,75
become,74
leads,73
girl,72
together,71
dead,71
film,70
love,70
stop,69
drug,68
school,68
night,68
n't,68
friend,68
turns,67
american,67
friends,66
first,66
case,66
job,66
named,66
fbi,66
however,66
discover,65
real,64
forced,64
small,64
cop,64
may,62
officer,62
order,62
revenge,61
murdered,61
serial,60
crew,60
gang,60
escape,59
comes,59
turn,59
brother,59
another,57
bond,57
kill,57
earth,56
left,56
true,56
prison,56
trying,56
forces,55
criminal,55
sent,55
child,55
beautiful,54
attempt,53
killed,53
behind,52
husband,52
also,51
car,51
couple,51
cia,50
dark,49
sets,49
james,49
local,49
angeles,48
force,48
tries,47
future,47
powerful,47
later,47
whose,47
killing,47
meets,47
jack,47
put,47
survive,47
four,47
search,47
british,47
investigate,47
los,46
kidnapped,46
battle,46
plan,46
u.s.,46
thriller,46
things,46
control,45
last,45
makes,45
next,45
start,45
violent,45
men,45
trapped,44
race,44
little,44
alive,44
heist,44
known,44
every,44
evil,44
even,44
murders,44
learns,43
truth,43
living,43
money,43
seems,43
accident,43
found,43
along,42
sister,42
fight,42
desperate,42
within,42
run,42
work,42
power,42
human,42
come,42
something,41
protect,41
live,41
target,41
boss,41
starts,41
body,41
decides,41
uncover,40
criminals,40
partner,40
prevent,40
begin,39
attack,39
rescue,39
bank,39
good,39
called,39
dr.,39
led,39
mob,39
high,39
children,39
terrorist,38
based,38
head,38
boy,38
missing,37
part,37
teenage,37
russian,37
frank,37
strange,37
end,37
returns,37
wrong,36
everything,36
face,36
like,36
island,36
return,36
alien,36
identity,36
never,36
could,36
investigation,36
see,36
secrets,36
try,36
yet,35
plot,35
learn,35
remote,35
determined,35
lord,35
business,35
michael,35
wants,35
follows,35
year,34
leader,34
thief,34
terrorists,34
use,34
taking,34
london,34
paul,34
without,34
victim,33
using,33
international,33
killers,33
personal,33
bring,33
country,33
nuclear,33
train,33
leading,33
women,33
undercover,33
rest,32
lee,32
would,32
space,32
ship,32
away,32
ever,32
apartment,32
stay,31
discovery,31
though,31
soldier,31
including,31
victims,31
white,31
girlfriend,31
harry,31
horror,31
involved,31
reality,31
mike,31
deep,31
quickly,31
party,30
lead,30
terrifying,30
five,30
upon,30
best,30
action,30
justice,30
nothing,30
still,30
taken,30
working,30
suspect,30
keep,29
society,29
crimes,29
mystery,29
anything,29
hit,29
blood,29
well,29
computer,29
prove,29
hospital,29
memories,29
corrupt,29
dreams,29
sam,29
president,29
track,28
since,28
change,28
late,28
assassin,28
service,28
mafia,28
tells,28
members,28
murderer,28
falls,28
teams,28
jimmy,28
security,28
big,28
mind,27
turned,27
threatens,27
plans,27
career,27
paris,27
relationship,27
female,27
elite,27
supernatural,27
might,27
haunted,27
hell,27
ruthless,27
david,27
hands,27
unknown,26
enemy,26
chance,26
clues,26
inside,26
key,26
fear,26
works,26
company,26
involving,26
making,26
made,26
caught,26
around,26
college,25
person,25
hired,25
powers,25
spy,25
army,25
attempts,25
joins,25
operation,25
military,25
station,25
evidence,25
witness,25
several,25
nightmare,25
married,25
desert,25
student,25
special,25
know,25
final,24
attorney,24
seem,24
consequences,24
streets,24
entire,24
parents,24
black,24
someone,24
cops,24
journalist,24
play,24
johnny,24
name,24
book,24
assigned,24
trip,24
conspiracy,24
fellow,23
everyone,23
break,23
estranged,23
days,23
top,23
danny,23
visit,23
fights,23
arrives,23
travel,23
history,23
danger,23
sea,23
soul,23
investigates,23
middle,23
finally,23
veteran,23
brings,23
unit,23
united,23
different,23
alone,23
receives,23
leave,23
're,22
legendary,22
resistance,22
state,22
sees,22
ends,22
isolated,22
soldiers,22
movie,22
cold,22
capture,22
underground,22
destroy,22
unlikely,22
ago,22
move,22
perfect,22
carl,22
leaves,22
six,22
realizes,22
stranded,22
sinister,22
holds,22
moves,22
nick,22
fall,22
brothers,22
planet,21
safe,21
creatures,21
quest,21
corporate,21
homicide,21
unravel,21
long,21
looking,21
travels,21
expert,21
far,21
bad,21
lawyer,21
operative,21
skills,21
point,21
seen,21
fate,21
struggles,21
childhood,21
successful,21
others,21
classic,21
doctor,21
captain,21
needs,21
free,21
owner,21
heart,21
brutal,21
law,21
village,21
french,21
jason,21
place,21
disappears,21
suicide,21
running,21
freddy,21
private,21
near,21
kids,21
guy,21
gone,20
system,20
hunt,20
street,20
san,20
escaped,20
reluctantly,20
massive,20
path,20
clear,20
martial,20
latest,20
building,20
experience,20
covert,20
psychiatrist,20
rogue,20
thought,20
million,20
humans,20
wealthy,20
recently,20
close,20
partners,20
right,20
puts,20
believe,20
stolen,20
reporter,20
dream,20
richard,20
younger,20
tragic,20
political,20
happened,20
heads,19
lapd,19
journey,19
across,19
rich,19
top-secret,19
complete,19
machine,19
brutally,19
notorious,19
rose,19
increasingly,19
vegas,19
cash,19
seeks,19
inspector,19
call,19
lost,19
road,19
deaths,19
hidden,19
really,19
buried,19
students,19
pair,19
writer,19
die,19
suddenly,19
scientist,19
seemingly,19
plant,19
television,19
thomas,18
hiding,18
anyone,18
forever,18
realize,18
following,18
encounters,18
disappearance,18
shocking,18
enters,18
assassins,18
arts,18
south,18
runs,18
side,18
virus,18
mental,18
famous,18
deal,18
number,18
share,18
cat-and-mouse,18
enough,18
member,18
kong,18
want,18
room,18
general,18
offers,18
presence,18
eye,18
baby,18
crash,18
simple,18
terror,18
tom,18
experiment,18
struggle,17
plague,17
humanity,17
fears,17
chaos,17
businessman,17
creature,17
driver,17
given,17
annie,17
solve,17
meanwhile,17
weapons,17
sadistic,17
nearly,17
band,17
jungle,17
eyes,17
release,17
video,17
patient,17
seeking,17
device,17
survived,17
storm,17
hard,17
kidnapping,17
carter,17
form,17
gun,17
escapes,17
boyfriend,17
plays,17
spirit,17
dealer,17
encounter,17
remake,17
many,17
brought,17
released,17
vicious,17
robert,17
decide,17
psychological,17
psychologist,17
ultimate,17
violence,17
uncovers,17
fatal,17
rachel,17
master,17
agency,17
community,16
francisco,16
aftermath,16
california,16
christian,16
park,16
organization,16
detectives,16
agents,16
unexpected,16
training,16
hotel,16
church,16
mastermind,16
office,16
plane,16
disease,16
installment,16
hours,16
ocean,16
infamous,16
test,16
passengers,16
grows,16
thinks,16
rare,16
hong,16
assassination,16
frightening,16
finding,16
troubled,16
abandoned,16
seek,16
price,16
lies,16
jake,16
policeman,16
jeff,16
girls,16
light,16
director,16
earlier,16
look,16
breaks,16
bloody,16
class,16
convinces,16
alice,16
great,16
alex,16
japanese,16
loose,16
charlie,16
create,15
threat,15
silence,15
scene,15
ultimately,15
department,15
task,15
greatest,15
max,15
course,15
sends,15
sarah,15
thing,15
hunting,15
third,15
hope,15
oil,15
weekend,15
disturbing,15
steal,15
las,15
illegal,15
renegade,15
murderous,15
bizarre,15
bomb,15
agrees,15
seal,15
line,15
enemies,15
recover,15
horrific,15
uses,15
priest,15
ghost,15
accused,15
murdering,15
months,15
vampire,15
enter,15
double,15
lethal,15
circumstances,15
ability,15
states,15
armed,15
'll,15
remain,15
accidentally,15
eventually,15
professor,15
lake,15
deeper,15
trail,15
star,15
calls,15
stranger,15
connor,14
confront,14
targets,14
impossible,14
becoming,14
remains,14
effort,14
among,14
barney,14
christmas,14
jim,14
casino,14
mcclane,14
soviet,14
berlin,14
question,14
monster,14
survivors,14
responsible,14
chris,14
morning,14
eve,14
major,14
hostage,14
dies,14
relentless,14
ben,14
incident,14
existence,14
professional,14
immediately,14
corruption,14
vacation,14
teacher,14
chilling,14
area,14
faith,14
mobster,14
ordinary,14
dying,14
goal,14
second,14
meet,14
mexico,14
america,14
camp,14
turning,14
hits,14
gives,14
door,14
attacks,14
framed,14
zone,14
rookie,14
trained,14
ensues,14
ex-con,14
facility,14
kate,14
expedition,14
devil,14
twin,14
mark,14
uncle,14
memory,13
global,13
district,13
hunted,13
intense,13
survival,13
financial,13
abilities,13
convince,13
trust,13
tell,13
aid,13
full,13
forest,13
hunter,13
proves,13
cross,13
minutes,13
win,13
convicted,13
submarine,13
loss,13
born,13
act,13
tasked,13
joe,13
getting,13
tough,13
chicago,13
convinced,13
claims,13
obsessed,13
farm,13
believes,13
blind,13
occurred,13
shady,13
stanley,13
sequel,13
squad,13
vampires,13
medical,13
cover,13
news,13
actually,13
national,13
suburban,13
prisoners,13
ambitious,13
various,13
knowledge,13
disaster,13
pay,13
fortune,13
closer,13
chase,13
board,13
england,13
underworld,13
teenagers,13
navy,13
show,13
brain,13
kills,13
thieves,13
executive,13
charming,13
scott,13
japan,13
situation,13
chain,13
causes,13
gruesome,13
shot,12
gangsters,12
trouble,12
scientists,12
pilot,12
prominent,12
drawn,12
batman,12
eight,12
seven,12
suffers,12
leon,12
seize,12
highly,12
prisoner,12
horrifying,12
convict,12
beloved,12
demands,12
boston,12
teen,12
midst,12
wing,12
failed,12
red,12
watch,12
harbor,12
george,12
lie,12
refuses,12
martin,12
let,12
beyond,12
sleep,12
fighter,12
died,12
'the,12
asked,12
surrounding,12
project,12
created,12
arrest,12
happening,12
movies,12
terrible,12
fighting,12
phone,12
extremely,12
arms,12
cell,12
discovered,12
cat,12
bullet,12
tracks,12
ancient,12
arthur,12
suspicious,12
public,12
safety,12
hole,12
investigating,12
nightmares,12
losing,12
much,12
stars,12
lover,12
anna,12
rival,12
orders,12
debt,12
quiet,12
knows,12
cult,12
air,12
boys,11
brilliant,11
steps,11
affair,11
sexual,11
innocent,11
searching,11
filled,11
thugs,11
faces,11
intelligence,11
nemesis,11
shadowy,11
rome,11
seeing,11
complex,11
imagined,11
freedom,11
innocence,11
instead,11
arrested,11
simon,11
invasion,11
program,11
incredible,11
step,11
ahead,11
normal,11
official,11
matt,11
outside,11
author,11
leaving,11
crooked,11
victorian,11
psychotic,11
psychic,11
savage,11
reach,11
combat,11
match,11
committed,11
worker,11
got,11
better,11
figure,11
crashes,11
panic,11
newly,11
prime,11
captured,11
've,11
retrieve,11
battling,11
nazi,11
player,11
vengeful,11
teenager,11
rape,11
whether,11
turner,11
dog,11
diamond,11
deranged,11
sight,11
tense,11
certain,11
tale,11
mouse,11
exact,11
trial,11
institution,11
kidnaps,11
common,11
chinese,11
colleague,11
deceased,11
rapidly,11
count,11
gangster,11
ways,11
sheriff,11
demonic,11
neighborhood,11
texas,11
teens,11
possession,11
torture,11
blackmail,11
urban,11
develops,11
risk,11
catch,11
going,11
cube,11
siblings,11
bargained,11
kidnap,11
myers,11
protection,11
wilderness,11
slowly,11
older,11
countryside,11
join,10
care,10
answers,10
asking,10
continues,10
potential,10
enigmatic,10
apart,10
challenge,10
tortured,10
twist,10
market,10
already,10
ordered,10
neighbors,10
targeted,10
worlds,10
winter,10
sniper,10
nature,10
prey,10
citizens,10
weapon,10
center,10
crisis,10
terrorism,10
told,10
jeffrey,10
behavior,10
mexican,10
science,10
drama,10
betrayal,10
artist,10
elusive,10
smith,10
retired,10
nation,10
ray,10
means,10
pull,10
torn,10
held,10
almost,10
modern,10
hunters,10
gold,10
peaceful,10
although,10
curse,10
disgraced,10
blomkvist,10
say,10
watching,10
investigator,10
drugs,10
loyalties,10
molly,10
murtaugh,10
recruits,10
idyllic,10
sex,10
helping,10
interest,10
dispatched,10
disappeared,10
stumbles,10
motel,10
small-town,10
grace,10
abuse,10
guard,10
neo,10
sullivan,10
twisted,10
single,10
affairs,10
suspects,10
analyst,10
poor,10
stories,10
infiltrates,10
estate,10
feet,10
krueger,10
stalked,10
ride,10
civil,10
always,10
steve,10
coming,10
shark,10
water,10
alter,10
explain,10
cure,10
emma,10
grisly,10
eric,10
destruction,10
ground,10
buddy,10
morales,10
think,10
routine,10
defense,10
original,10
early,10
visions,10
possible,10
mysteriously,10
dirty,10
gradually,10
box,10
rob,10
laura,10
abusive,10
similar,10
base,10
chad,10
willing,10
appears,10
maze,9
threatened,9
built,9
passing,9
focus,9
continue,9
radical,9
seasoned,9
participate,9
high-stakes,9
poker,9
warrior,9
bodies,9
dare,9
dea,9
send,9
madness,9
specialist,9
obsession,9
deceit,9
central,9
recruited,9
australia,9
high-tech,9
event,9
action-packed,9
risks,9
legal,9
invading,9
lewis,9
whole,9
stronger,9
holiday,9
aging,9
futuristic,9
waiting,9
sending,9
tragedy,9
l.a.,9
treasure,9
washington,9
universe,9
reluctant,9
characters,9
wakes,9
vietnam,9
desperately,9
brown,9
startling,9
leo,9
niece,9
suffering,9
english,9
awakens,9
vigilante,9
quaid,9
controlled,9
orleans,9
pulled,9
opens,9
role,9
causing,9
longtime,9
exactly,9
unhinged,9
ring,9
version,9
victor,9
expose,9
chemical,9
darker,9
appear,9
rage,9
americans,9
harrowing,9
magical,9
warriors,9
manhattan,9
bombing,9
australian,9
spend,9
especially,9
quite,9
cut,9
shop,9
tape,9
wake,9
kingpin,9
biggest,9
escaping,9
face-to-face,9
rampant,9
north,9
plagued,9
enforcement,9
bishop,9
globe,9
sergeant,9
due,9
client,9
scheme,9
eerie,9
rule,9
moved,9
neighbor,9
cause,9
previous,9
mountain,9
adventure,9
avenge,9
louisiana,9
plunged,9
murphy,9
happen,9
secretly,9
pursuit,9
crack,9
online,9
hero,9
cabin,9
handsome,9
carrying,9
whilst,9
manhunt,9
odds,9
awry,9
witnesses,9
william,9
travis,9
eccentric,9
survivor,9
rise,9
hunts,9
changed,9
legend,9
marriage,9
surviving,9
arrive,9
give,9
chan,9
wells,9
meeting,9
arriving,9
follow,9
valerie,9
peter,9
jacques,9
butcher,9
evening,9
picture,9
europe,9
flight,9
else,9
attempting,9
befriends,9
henry,9
leaders,8
intricate,8
rely,8
hand,8
gladers,8
blade,8
skilled,8
regain,8
unimaginable,8
haunting,8
arranges,8
federal,8
wiped,8
mr.,8
terrified,8
france,8
throughout,8
nazis,8
7,8
reveals,8
thrown,8
hollywood,8
moonlights,8
contract,8
union,8
hoping,8
court,8
genius,8
races,8
salt,8
duty,8
greed,8
showdown,8
camera,8
cole,8
population,8
locked,8
hold,8
moral,8
era,8
dna,8
voyage,8
extraordinary,8
feeling,8
allows,8
laws,8
outsider,8
explosion,8
gates,8
roam,8
uncharted,8
sexy,8
worse,8
miami,8
salander,8
creepy,8
cyrus,8
lot,8
sounds,8
horribly,8
rebel,8
vows,8
damien,8
ladies,8
matters,8
embark,8
locals,8
none,8
roxanne,8
crosses,8
achieve,8
operations,8
advantage,8
sides,8
foot,8
facing,8
romance,8
wounded,8
bourne,8
stumble,8
information,8
africa,8
germany,8
daring,8
games,8
darkness,8
worst,8
went,8
injured,8
testify,8
ex-cop,8
strangers,8
setting,8
guilt,8
threaten,8
sanity,8
walter,8
expendables,8
trap,8
source,8
experienced,8
rules,8
doll,8
birthday,8
paranoia,8
suspicion,8
tormented,8
ice,8
growing,8
short,8
blofeld,8
blame,8
scandal,8
clients,8
actor,8
scientific,8
julie,8
underwater,8
playing,8
headed,8
kid,8
offer,8
shuttle,8
recovering,8
walker,8
emotions,8
stone,8
approaches,8
phenomena,8
susan,8
andy,8
emergency,8
successfully,8
bar,8
develop,8
grave,8
knowing,8
god,8
receive,8
footage,8
tried,8
maggie,8
least,8
champion,8
cost,8
stand,8
unable,8
julian,8
actions,8
scully,8
corporation,8
hes,8
peace,8
sara,8
psychopath,8
hitman,8
manages,8
crashed,8
hot,8
pregnant,8
determine,8
elements,8
grant,8
devlin,8
edward,8
unsuspecting,8
foreign,8
moon,8
result,8
summer,8
sense,8
actress,8
defeat,8
woods,8
moscow,8
lose,8
collect,8
van,8
galina,8
diabolical,8
somi,8
darko,8
pursued,8
irish,8
jackie,8
problems,8
horrible,8
fact,8
loses,8
despite,8
unwittingly,8
mining,8
sell,8
jill,8
sisters,8
retirement,7
magician,7
intelligent,7
labyrinth,7
deadliest,7
questions,7
runner,7
unearths,7
campus,7
gotham,7
media,7
alliance,7
idea,7
planning,7
code,7
desolate,7
landscape,7
sins,7
efforts,7
ensure,7
supposed,7
banker,7
intends,7
cyborg,7
century,7
movement,7
process,7
trace,7
effective,7
unwilling,7
prepared,7
assassinate,7
stakes,7
rising,7
chosen,7
paths,7
pursuing,7
captures,7
exchange,7
ethan,7
unleashing,7
motives,7
document,7
score,7
cartel,7
vincent,7
infiltrate,7
became,7
beings,7
holding,7
identities,7
button,7
italy,7
nasa,7
surface,7
renowned,7
divorced,7
chest,7
hide,7
bloodthirsty,7
welcome,7
redemption,7
route,7
stalks,7
discovering,7
river,7
workers,7
christine,7
spectacular,7
protecting,7
hacker,7
crooks,7
spirits,7
technology,7
douglas,7
struggling,7
sole,7
novelist,7
colorado,7
unstable,7
mercy,7
riggs,7
intruders,7
junior,7
parts,7
daniel,7
manager,7
sign,7
authorities,7
samuel,7
launching,7
perilous,7
nine,7
satanic,7
con,7
performing,7
courage,7
wipe,7
swiss,7
account,7
research,7
cruel,7
unaware,7
transformed,7
impenetrable,7
block,7
trevor,7
grow,7
instructor,7
designer,7
worth,7
desire,7
subway,7
ransom,7
proof,7
consciousness,7
origins,7
clash,7
views,7
animal,7
cars,7
surgeon,7
creates,7
necessary,7
centered,7
results,7
religious,7
avoid,7
italian,7
embarks,7
helps,7
west,7
bowden,7
smuggling,7
guilty,7
beneath,7
strike,7
russia,7
millions,7
tracking,7
forcing,7
receiving,7
predator,7
hills,7
shadows,7
guide,7
maverick,7
southern,7
silent,7
commander,7
catholic,7
acts,7
trafficking,7
sentence,7
demon,7
mansion,7
rescuing,7
refuge,7
obsessive,7
pursues,7
newborn,7
deals,7
prostitute,7
occurrences,7
unfortunately,7
wonder,7
entity,7
holly,7
wild,7
guns,7
marine,7
commanding,7
inspired,7
field,7
singer,7
vengeance,7
trilogy,7
josh,7
biker,7
weather,7
lucrative,7
stephen,7
spending,7
friendship,7
faced,7
owned,7
retire,7
cases,7
assignment,7
officers,7
u.s.s,7
seduced,7
abducted,7
callahan,7
co-workers,7
escort,7
carol,7
contact,7
unorthodox,7
cook,7
lands,7
occur,7
1960s,7
spencer,7
birth,7
jonah,7
german,7
colleagues,7
nancy,7
needed,7
nearby,7
shares,7
fails,7
rooms,7
uncovering,7
jennifer,7
message,7
site,7
execute,7
wolf,7
waitress,7
commit,7
easy,7
planned,7
unleashes,7
charged,7
done,7
petty,7
popular,7
trade,7
art,7
unsolved,7
residents,7
eddie,7
wilson,7
connection,7
entering,7
joel,7
promise,7
vctor,7
polly,7
post-apocalyptic,6
came,6
network,6
wick,6
took,6
apes,6
reveal,6
warfare,6
sick,6
pleasure,6
harvey,6
dent,6
suspected,6
demons,6
britain,6
genetic,6
teaming,6
brooks,6
maiden,6
vesper,6
important,6
terminator,6
sparrow,6
saved,6
12-year-old,6
rivalry,6
sport,6
lt.,6
partnership,6
spread,6
betrayed,6
nypd,6
serious,6
overtaken,6
stunt,6
shooting,6
donovan,6
negotiate,6
russians,6
imf,6
genetically,6
biological,6
honor,6
loyalty,6
tested,6
devastating,6
civilian,6
charismatic,6
ex-wife,6
condition,6
senator,6
turf,6
bobby,6
drifter,6
fugitive,6
moving,6
snowy,6
airport,6
except,6
benjamin,6
dan,6
detonate,6
a.j,6
wesley,6
heists,6
rid,6
dollar,6
rumored,6
whereabouts,6
chases,6
happens,6
captive,6
rambo,6
need,6
temporarily,6
narcotics,6
exposing,6
kidnappers,6
mikael,6
punk,6
immense,6
activities,6
pass,6
immigrant,6
eternal,6
stalking,6
fantasy,6
doug,6
burnett,6
whos,6
nowhere,6
odd,6
sleepy,6
chamber,6
mephistopheles,6
1990s,6
kershaw,6
deputy,6
gen.,6
hummel,6
100,6
spin,6
isles,6
ruled,6
awaits,6
shadow,6
genuine,6
russell,6
anthony,6
written,6
amnesia,6
fisherman,6
complicated,6
onto,6
unveil,6
native,6
coup,6
tie,6
sixth,6
environmental,6
17-year-old,6
feature,6
multiple,6
cocaine,6
talk,6
pursue,6
store,6
elderly,6
presidential,6
banning,6
bigger,6
stonebanks,6
faster,6
roman,6
episodes,6
incidents,6
matrix,6
zion,6
fictional,6
hardened,6
kind,6
volatile,6
unexpectedly,6
shelter,6
ryan,6
attempted,6
millennium,6
vacationing,6
harvard,6
recent,6
barnes,6
cady,6
error,6
funeral,6
politics,6
word,6
tour,6
falling,6
suv,6
amy,6
trucker,6
kipps,6
compound,6
experiments,6
slave,6
sub,6
boomer,6
attention,6
kennedy,6
heather,6
uncovered,6
lady,6
smart,6
comic,6
watchful,6
starting,6
resurrected,6
elm,6
wealth,6
photo,6
website,6
explosive,6
extreme,6
remarkable,6
fallon,6
paleontologist,6
epidemic,6
nica,6
patients,6
viral,6
outbreak,6
misfits,6
rock,6
previously,6
samantha,6
samples,6
ocp,6
towards,6
note,6
section,6
personalities,6
theory,6
present,6
gangs,6
ford,6
devious,6
forges,6
services,6
beckett,6
flying,6
lines,6
werewolf,6
films,6
grown,6
catastrophe,6
racing,6
producer,6
treacherous,6
supplies,6
widowed,6
motion,6
mean,6
deserted,6
allies,6
staying,6
valuable,6
unintended,6
mulder,6
cameras,6
shaw,6
marco,6
picard,6
porter,6
duo,6
link,6
madman,6
maniac,6
loomis,6
followed,6
particularly,6
jillian,6
developed,6
erin,6
custody,6
ivan,6
locke,6
playboy,6
collector,6
botched,6
returning,6
tall,6
closed,6
assad,6
martha,6
kham,6
mallory,6
details,6
chief,6
controversial,6
mentally,6
matthew,6
promises,6
sons,6
boat,6
danila,6
konstantin,6
winston,6
king,6
kirsty,6
infected,6
arrival,6
transplant,6
janitor,6
hatcher,6
hometown,6
taesik,6
donnie,6
jail,6
seduce,6
guitar,6
investment,6
overcome,6
physical,6
secluded,6
large,6
psychiatric,6
nurse,6
alternate,6
decades,6
tenant,6
initially,6
academy,6
tim,6
boogeyman,6
edwardes,6
collapses,6
orbit,6
ryu,6
traumatized,6
carnival,6
saw,6
subjected,6
karen,6
unspeakable,6
open,6
talent,6
engineer,6
mixed,6
robbery,6
riot,6
believed,6
looks,6
eastern,6
steven,6
pierre,6
organized,6
luthan,6
cutler,6
linked,6
tunnel,6
deposited,5
learning,5
climate,5
clock,5
sound,5
dealing,5
maintain,5
arrived,5
emerge,5
rebellion,5
senior,5
roommate,5
plunges,5
boundaries,5
reputation,5
subsequently,5
villainous,5
espionage,5
subconscious,5
considered,5
darkest,5
features,5
theme,5
saving,5
unborn,5
exceptional,5
finish,5
promised,5
lurks,5
ross,5
mercenaries,5
conflict,5
dutch,5
raises,5
gordon,5
remaining,5
determination,5
loop,5
francis,5
sentenced,5
cast,5
view,5
reads,5
nervous,5
discoveries,5
less,5
parole,5
150,5
ethical,5
activity,5
closest,5
dewitt,5
april,5
grasp,5
operatives,5
thousands,5
travelers,5
quan,5
collide,5
hotshot,5
touches,5
luxurious,5
lifestyle,5
unlucky,5
summoned,5
sidelines,5
knew,5
avenger,5
self,5
aspiring,5
ghosts,5
swept,5
ended,5
stashed,5
independence,5
heroes,5
driving,5
deliver,5
contend,5
breaking,5
cunning,5
institutionalized,5
bomber,5
gathering,5
region,5
thailand,5
evade,5
novel,5
bag,5
invaded,5
aristocrat,5
charge,5
masked,5
procedure,5
lab,5
regan,5
personality,5
marcus,5
policemen,5
brooklyn,5
dogged,5
fan,5
roger,5
hollow,5
culprit,5
answer,5
fragile,5
sanctuary,5
sun,5
marshals,5
mason,5
alcatraz,5
paid,5
unscrupulous,5
exorcisms,5
physician,5
cold-blooded,5
convicts,5
appeal,5
wits,5
robber,5
methodically,5
high-profile,5
negotiations,5
alongside,5
situations,5
gambling,5
upside,5
separated,5
eluded,5
locate,5
bodyguard,5
swat,5
reaches,5
lights,5
floor,5
damage,5
nations,5
kale,5
placed,5
guests,5
ronnie,5
dean,5
incriminating,5
quentin,5
league,5
remainder,5
townspeople,5
rivers,5
harsh,5
mist,5
picks,5
olympus,5
mars,5
minister,5
lang,5
politician,5
assistant,5
claustrophobic,5
prepares,5
pupil,5
notices,5
signal,5
lucas,5
skin,5
opportunity,5
carry,5
mysteries,5
knock,5
ambassador,5
economy,5
magazine,5
equipment,5
angry,5
youngest,5
jungles,5
ominous,5
kgb,5
generation,5
ships,5
accountant,5
forms,5
terrorize,5
unfinished,5
franchise,5
trading,5
seals,5
culture,5
ted,5
understand,5
cover-up,5
freak,5
headquarters,5
taunting,5
striking,5
conscience,5
unwitting,5
destroyed,5
wills,5
shore,5
leone,5
secure,5
terrorizes,5
delivers,5
climbers,5
containing,5
publisher,5
waits,5
swamp,5
alzheimer,5
sharks,5
lifetime,5
pit,5
spine-tingling,5
asylum,5
insane,5
crazy,5
matter,5
pushes,5
fiance,5
tokyo,5
exposed,5
photographer,5
internet,5
caine,5
mom,5
orchid,5
breeding,5
paroled,5
1976,5
cotten,5
guest,5
settles,5
pulls,5
colombian,5
jess,5
capable,5
steals,5
stages,5
nightclub,5
jean,5
rings,5
wars,5
cave,5
ready,5
circle,5
replace,5
jesse,5
claimed,5
getaway,5
thus,5
surprising,5
times,5
sure,5
controlling,5
cant,5
sprawling,5
port,5
staff,5
ask,5
division,5
felon,5
forensic,5
torment,5
failing,5
pick,5
words,5
aboard,5
laurie,5
halloween,5
everyday,5
bitter,5
reggie,5
homeless,5
sites,5
closes,5
millionaire,5
captor,5
hex,5
spree,5
accidental,5
sudden,5
sandra,5
command,5
drone,5
explode,5
boarding,5
realises,5
lucy,5
rebels,5
miller,5
daughters,5
settle,5
pieces,5
raised,5
animals,5
restaurant,5
thai,5
colonel,5
inadvertently,5
defend,5
corners,5
exorcism,5
places,5
wave,5
stalk,5
conspire,5
sacrifice,5
principles,5
robbers,5
armored,5
deformed,5
infant,5
cope,5
yan,5
mole,5
lau,5
kin,5
ming,5
chen,5
dedicated,5
trainee,5
outwit,5
anger,5
elvis,5
closing,5
lionel,5
possibility,5
contain,5
border,5
fix,5
gray,5
damme,5
posing,5
ritual,5
warden,5
inmates,5
boring,5
revealed,5
blow,5
chained,5
homicidal,5
raped,5
tanker,5
punks,5
gas,5
henchmen,5
august,5
perhaps,5
backdrop,5
period,5
sale,5
wright,5
angel,5
castle,5
ignoring,5
peterson,5
luck,5
deaf,5
divorce,5
shows,5
images,5
witnessing,5
nine-year-old,5
spiral,5
paranormal,5
social,5
firm,5
jones,5
flee,5
valentine,5
chased,5
activist,5
escalates,5
fired,5
week,5
shockingly,5
museum,5
cody,5
east,5
cameraman,5
stealing,5
trauma,5
played,5
flees,5
fast,5
wwii,5
china,5
clean,5
invites,5
psychopathic,5
asks,5
european,5
effects,5
johnnie,5
crystal,5
mutual,5
tommy,5
largo,5
feels,5
bright,5
energy,5
santa,5
mayhem,5
documentary,5
fierce,5
kindler,5
passes,5
liam,5
kira,5
bob,5
trench,5
natural,4
worldwide,4
dominance,4
spies,4
skynet,4
symbol,4
capitol,4
long-buried,4
earthquake,4
strangely,4
ana,4
inexperienced,4
pain,4
inner,4
offered,4
turing,4
bleak,4
transformation,4
vastly,4
jurassic,4
isla,4
fully,4
hammond,4
det,4
sin,4
taxi,4
fake,4
neither,4
chaotic,4
chiffre,4
scheduled,4
winnings,4
winning,4
destined,4
lone,4
virtually,4
dominika,4
egorova,4
injury,4
trains,4
terms,4
next-door,4
loose-cannon,4
mathilda,4
passed,4
associate,4
guild,4
bound,4
oath,4
accepts,4
dictator,4
scout,4
opposition,4
engulfing,4
supremacy,4
jealousy,4
commandos,4
reign,4
unleashed,4
joker,4
nazi-occupied,4
basterds,4
specifically,4
reich,4
adventures,4
royale,4
loved,4
hostages,4
guys,4
gary,4
boards,4
spain,4
choose,4
accuses,4
elude,4
doubt,4
heiress,4
dramatic,4
defuse,4
balance,4
descends,4
surreal,4
volunteers,4
overly,4
interracial,4
syndicate,4
concentration,4
chances,4
allow,4
periods,4
bukater,4
1912,4
titanic,4
ruth,4
tickets,4
explains,4
15th,4
outwardly,4
comfortable,4
gains,4
fantastic,4
moses,4
gripped,4
capital,4
contingency,4
1979,4
access,4
2005,4
elysium,4
secretary,4
doesnt,4
content,4
audiences,4
looper,4
verbal,4
lures,4
archaeologist,4
declaration,4
valentina,4
delivery,4
literature,4
colter,4
experimental,4
aside,4
war-torn,4
cursed,4
gypsy,4
skeptical,4
straight,4
astronaut,4
invincible,4
adaptation,4
swedish,4
aided,4
tattooed,4
dangerously,4
eggs,4
cameron,4
rather,4
endless,4
lara,4
relic,4
suggests,4
anderton,4
predict,4
attending,4
conference,4
coma,4
blackness,4
murdock,4
superhuman,4
cohaagen,4
hangs,4
unfold,4
willy,4
nose,4
choice,4
heroine,4
somewhat,4
crippled,4
powerless,4
distraught,4
wish,4
ties,4
crane,4
bones,4
glass,4
meg,4
raoul,4
sells,4
fiery,4
extortion,4
adrian,4
slain,4
developing,4
understanding,4
double-dealing,4
worship,4
artists,4
pretending,4
townsfolk,4
mercenary,4
mutation,4
bloodlust,4
software,4
tatiana,4
lure,4
locks,4
tourist,4
venice,4
directed,4
brink,4
rescued,4
counterfeiting,4
cris,4
establishment,4
wiles,4
newspaper,4
col.,4
von,4
esther,4
vanished,4
lynn,4
problem,4
mild-mannered,4
upcoming,4
cloaked,4
starring,4
indonesian,4
insomnia,4
confined,4
slips,4
exploration,4
perspectives,4
policy,4
sheltered,4
sit,4
unbeknownst,4
raging,4
hides,4
tensions,4
persons,4
peck,4
housewife,4
happily,4
strength,4
raise,4
cloud,4
horrors,4
hijack,4
regular,4
caller,4
tracker,4
extra-terrestrial,4
expected,4
barbara,4
magic,4
monsters,4
individuals,4
tech-savvy,4
expertise,4
adam,4
truck,4
cassandra,4
freed,4
codes,4
nasty,4
piece,4
trinity,4
worried,4
fixed,4
rooney,4
level,4
drive,4
realizing,4
lacks,4
encryption,4
revealing,4
otherworldly,4
risky,4
canadian,4
eventual,4
egyptian,4
plunging,4
gene,4
currency,4
explore,4
retreat,4
marries,4
locates,4
alps,4
filmmaker,4
escalate,4
rebirth,4
walk,4
accidents,4
smarter,4
exit,4
roan,4
front,4
vow,4
purge,4
derailed,4
pattern,4
manner,4
ending,4
gain,4
acquitted,4
teach,4
overseas,4
frantically,4
executed,4
explorers,4
weaponry,4
stopping,4
cale,4
wanting,4
paramilitary,4
gummer,4
giant,4
pits,4
missiles,4
vanish,4
scam,4
claim,4
austin,4
julia,4
revolves,4
ex-partner,4
taylor,4
sort,4
iconic,4
wage,4
crash-lands,4
riddick,4
total,4
doomed,4
joining,4
sunk,4
square,4
asian,4
pink,4
rarely,4
missile,4
tracked,4
campaign,4
frustrated,4
escobar,4
surfer,4
appointed,4
aggressive,4
miss,4
employee,4
mankind,4
draw,4
prehistoric,4
opened,4
thinking,4
2010,4
1999,4
missions,4
established,4
domestic,4
aware,4
sports,4
shootout,4
ranger,4
thieving,4
climber,4
fallen,4
traps,4
lenny,4
contains,4
figures,4
katherine,4
aquatica,4
increase,4
capacity,4
tests,4
mimic,4
toughest,4
criminally,4
chucky,4
introduces,4
string,4
chuckys,4
bride,4
korea,4
wanders,4
cohorts,4
draven,4
spreading,4
rapture,4
fuller,4
hall,4
ferocious,4
hard-nosed,4
adopts,4
robocop,4
cane,4
menace,4
1962,4
bottle,4
joseph,4
martins,4
triggers,4
dust,4
standing,4
beach,4
spyder,4
ceo,4
location,4
miraculous,4
pays,4
photographs,4
serbian,4
profiler,4
lawrence,4
mistaken,4
femme,4
fatale,4
reno,4
riveting,4
random,4
killings,4
rebellious,4
cycle,4
divers,4
diver,4
pacific,4
flood,4
navigate,4
players,4
kable,4
phil,4
broker,4
maddy,4
confrontation,4
lonely,4
witnessed,4
rocks,4
congressman,4
honorable,4
clever,4
eisenheim,4
tailspin,4
upper,4
shoots,4
treasury,4
hurricane,4
longer,4
life-or-death,4
dire,4
influence,4
obtain,4
includes,4
calling,4
simply,4
marseille,4
amos,4
reed,4
x-files,4
terminal,4
fox,4
says,4
triads,4
authority,4
handed,4
vault,4
claiming,4
terrorizing,4
gulf,4
1950s,4
bison,4
rig,4
confronts,4
berserk,4
honeymoon,4
romulan,4
shinzon,4
territory,4
retribution,4
draws,4
brad,4
musicians,4
committing,4
carolina,4
abducts,4
amazon,4
beck,4
yakuza,4
bennell,4
transforms,4
threatening,4
belt,4
dubbed,4
approach,4
favorite,4
met,4
suave,4
robberies,4
tabloid,4
desk,4
suspicions,4
jewish,4
files,4
naked,4
tonight,4
tong,4
commission,4
jamie,4
barris,4
said,4
strikes,4
marshal,4
gunslinger,4
megan,4
belle,4
recovery,4
telling,4
snow,4
connie,4
literally,4
sweeps,4
relaxing,4
beckert,4
seedy,4
grief,4
theories,4
attracted,4
paranoid,4
backseat,4
calculating,4
either,4
rough,4
rampage,4
twins,4
direction,4
connecticut,4
manipulative,4
marion,4
juliet,4
accompanied,4
seoul,4
tobacco,4
industry,4
invited,4
elephant,4
madame,4
mobsters,4
cathy,4
extract,4
unless,4
crossed,4
vatican,4
michelle,4
state-of-the-art,4
consultant,4
green,4
attracts,4
harris,4
grand,4
norma,4
simultaneously,4
decided,4
marsh,4
lane,4
skulls,4
virtual,4
creation,4
well-known,4
geologist,4
underneath,4
tretiak,4
templar,4
formula,4
snaps,4
ingenious,4
zane,4
stake,4
chechen,4
channard,4
quarantined,4
phenomenon,4
dad,4
marry,4
prowls,4
hungry,4
famed,4
solomon,4
warns,4
wire,4
blast,4
slights,4
agenda,4
prize,4
anonymous,4
sparks,4
dealers,4
marked,4
liz,4
preacher,4
loner,4
spends,4
associated,4
catastrophic,4
celebration,4
existed,4
eaten,4
beast,4
depressed,4
downs,4
web,4
internal,4
joined,4
mid-western,4
mistress,4
mann,4
rusty,4
via,4
briefcase,4
assembles,4
hears,4
pop,4
mariachi,4
carries,4
airplane,4
casey,4
connected,4
converge,4
ministry,4
steed,4
sir,4
mrs.,4
dinner,4
advances,4
oxford,4
hedge,4
fund,4
empire,4
sookee,4
hideko,4
diana,4
affected,4
please,4
visited,4
depths,4
stash,4
quietly,4
insurance,4
ann,4
employees,4
shocked,4
tony,4
award,4
winner,4
warn,4
opening,4
fire,4
bin,4
laden,4
pakistani,4
impostor,4
o'neill,4
hopes,4
satellite,4
laid,4
ali,4
african,4
scars,4
amidst,4
strauss,4
messages,4
fascination,4
aliens,4
quarantine,4
bust,4
lily,4
cargo,4
rebecca,4
forget,4
finished,4
used,4
fiancee,4
seductive,4
hanssen,4
regains,4
ward,4
rural,4
elaborate,4
helen,4
age,4
completely,4
coast,4
researcher,4
grandmother,4
zoe,4
200,4
hijacked,4
pushed,4
merciless,4
moore,4
lieutenant,4
griffin,4
reunion,4
deny,4
entangled,4
allegedly,4
athlete,4
contracts,4
aunt,4
khan,4
tourists,4
lutz,4
gerry,4
filming,4
alaska,4
doc,4
chip,4
fend,4
wayne,4
intent,4
mesrine,4
rhoda,4
corpse,4
glory,4
beginning,4
1974,4
norman,4
bates,4
haunt,4
holmes,4
date,4
loyal,4
romantic,4
mayor,4
clan,4
emily,4
lurking,4
wade,4
carlos,4
winds,4
unusual,4
patricia,4
anne,4
heroin,4
unfolds,4
devastated,4
fires,4
aubrey,4
fleming,4
promising,4
richest,4
otis,4
jane,4
billy,4
terry,4
vice,4
durga,4
metro,4
puzzle,4
becky,4
walking,4
mccoy,4
hostile,4
michele,4
nathan,4
iris,4
erased,3
disasters,3
roof,3
supplier,3
thirty,3
rick,3
grey,3
sexually,3
push,3
assumes,3
finest,3
knight,3
circus,3
tear,3
infiltrating,3
endures,3
fighters,3
superior,3
twenty-two,3
competitors,3
grip,3
attend,3
21st,3
mechanical,3
dispatches,3
safeguard,3
indestructible,3
uncertain,3
minds,3
emerges,3
refuse,3
started,3
thoughts,3
considers,3
caretaker,3
locale,3
downed,3
invisible,3
audience,3
urge,3
blackmailed,3
reconcile,3
luther,3
engineered,3
accept,3
magnitude,3
culminates,3
yorkers,3
size,3
origin,3
mistakenly,3
upstate,3
casinos,3
values,3
limit,3
fiction,3
freeman,3
seduces,3
brock,3
fianc,3
departure,3
sci-fi,3
guardian,3
henri,3
constantly,3
reunites,3
heroics,3
erupts,3
vendetta,3
backwards,3
dealings,3
taliban,3
classes,3
exist,3
overpopulated,3
foster,3
preserve,3
corner,3
assigns,3
cocky,3
doormat,3
interpol,3
temptation,3
interrogation,3
feds,3
mythic,3
multi-million,3
revolutionary,3
regime,3
feelings,3
objective,3
bookish,3
stevens,3
governments,3
hardly,3
lift,3
dragged,3
davidson,3
talking,3
filling,3
chauffeur,3
english-language,3
patriarch,3
rotten,3
airborne,3
inexplicably,3
hand-to-hand,3
powell,3
factory,3
loves,3
surveillance,3
macneil,3
befall,3
georgetown,3
superstition,3
bid,3
karras,3
complicate,3
prolific,3
conlon,3
pastas,3
jimmys,3
chose,3
sheldon,3
wilkes,3
misery,3
chastaine,3
drugged,3
wheat,3
jensen,3
madly,3
bruner,3
oda,3
mae,3
goons,3
buttoned-down,3
partnered,3
unnecessary,3
prostitution,3
ichabod,3
beheaded,3
headless,3
horseman,3
unscathed,3
elijah,3
renders,3
brownstone,3
break-ins,3
altman,3
burnham,3
focal,3
autobots,3
decepticons,3
optimus,3
transformers,3
cyclist,3
blaze,3
sadly,3
pure-hearted,3
simpson,3
go-getting,3
fabled,3
'ghost,3
rider,3
lugo,3
gym,3
musclemen,3
accomplices,3
abduct,3
assets,3
wrongfully,3
kimble,3
gerard,3
goodspeed,3
urgent,3
patrick,3
reparations,3
families,3
servicemen,3
uncanny,3
inhabitants,3
onslaught,3
citizen,3
scourge,3
pounce,3
mayan,3
civilization,3
disrupted,3
oppression,3
spurred,3
all-expenses-paid,3
copy,3
kingdom,3
folklore,3
collectors,3
grimm,3
enchanted,3
requiring,3
motley,3
exception,3
peculiar,3
reaper,3
consumed,3
insatiable,3
transforming,3
reapers,3
preventing,3
voice-id,3
tech,3
spectre,3
rosa,3
istanbul,3
dalton,3
occupied,3
'fixer,3
excitement,3
life-threatening,3
provide,3
johnson,3
torments,3
low,3
tricks,3
claus,3
hitler,3
personally,3
motorcycle,3
strain,3
fill,3
northern,3
apprentice,3
scramble,3
pawns,3
list,3
handling,3
concerning,3
run-down,3
untouchable,3
spotter,3
blows,3
representative,3
drastic,3
speaking,3
humankind,3
spying,3
ashley,3
interested,3
ambition,3
theft,3
tarantino,3
rescues,3
noble,3
camps,3
relatively,3
relocates,3
high-security,3
jump,3
helpless,3
gentle,3
ailing,3
ex-convict,3
envelops,3
maine,3
five-year-old,3
face-off,3
ringing,3
booth,3
undergoes,3
healthy,3
reservation,3
studying,3
trader,3
style,3
polanski,3
designed,3
iraq,3
super,3
speed,3
somehow,3
officials,3
plastic,3
possessed,3
friendships,3
questioned,3
crumble,3
warren,3
raising,3
malicious,3
gabriel,3
administration,3
hack,3
1981,3
seduction,3
carrie,3
shy,3
telekinesis,3
revolution,3
supervision,3
researchers,3
next-generation,3
hitchcock,3
title,3
stewart,3
not-too-distant,3
switched,3
distress,3
graduate,3
position,3
gil,3
apparitions,3
physicist,3
attractive,3
branch,3
election,3
eliminate,3
precisely,3
rancher,3
convincing,3
environment,3
diamonds,3
ventures,3
premier,3
jealous,3
survivalist,3
stella,3
covertly,3
scarred,3
arrogant,3
bounty,3
racer,3
character,3
johnathan,3
provoke,3
dressed,3
look-alike,3
hi-tech,3
counterfeit,3
gumshoe,3
aim,3
appearing,3
bosnian,3
rights,3
execution,3
intend,3
mary,3
maria,3
core,3
enhanced,3
wound,3
newlyweds,3
persistent,3
sleeping,3
construction,3
arrests,3
demand,3
apparent,3
demise,3
kristen,3
foul,3
inherited,3
embarking,3
newfound,3
ideas,3
plumbing,3
toward,3
creating,3
sometimes,3
ego,3
ex-mercenary,3
smuggler,3
amid,3
respects,3
dedication,3
peak,3
hijackers,3
canyon,3
recorded,3
disc,3
meticulously,3
thesis,3
throws,3
biblical,3
engineers,3
outpost,3
frozen,3
maybe,3
depraved,3
watched,3
hypnotic,3
unlock,3
letter,3
pedophile,3
homemaker,3
ideal,3
remember,3
brave,3
insects,3
greater,3
wise-cracking,3
diplomat,3
thorn,3
invades,3
handle,3
success,3
suicidal,3
subject,3
passenger,3
vessel,3
danish,3
investigators,3
austria,3
chum,3
wanted,3
one-by-one,3
alarmed,3
colombia,3
plenty,3
bosnia,3
hunger,3
recurring,3
subterfuge,3
intended,3
christ,3
3-d,3
largest,3
tropical,3
terrain,3
creeping,3
flash,3
confronted,3
controls,3
quit,3
demanding,3
thrill,3
sake,3
bullying,3
unfortunate,3
post,3
hearing,3
wont,3
interesting,3
cutter,3
gifted,3
realise,3
freezing,3
painting,3
nerd,3
suffer,3
davis,3
blinded,3
chooses,3
double-crossed,3
kept,3
2009,3
finale,3
treating,3
disappearances,3
rioting,3
maximum,3
plummer,3
targeting,3
manufacturer,3
minute,3
apprehend,3
mentor,3
achieved,3
unconventional,3
racetrack,3
worries,3
conduct,3
odyssey,3
congo,3
jean-luc,3
enterprise,3
installation,3
nobody,3
parker,3
anderson,3
veterans,3
currently,3
employs,3
exam,3
tension,3
treasured,3
artifact,3
affections,3
mariana,3
steely,3
discipline,3
passionate,3
frankenstein,3
clairvoyant,3
lured,3
northeast,3
collars,3
stubborn,3
often,3
concerns,3
gateway,3
enrolled,3
driven,3
spell,3
parrish,3
photos,3
books,3
received,3
suit,3
enlists,3
doyle,3
huge,3
confederate,3
accepting,3
hundreds,3
joan,3
expensive,3
hercule,3
poirot,3
await,3
panicked,3
sociopath,3
helena,3
threats,3
thrust,3
bullock,3
realized,3
villains,3
lonesome,3
scottish,3
active,3
prepare,3
resort,3
fantasies,3
wedding,3
masks,3
trucks,3
natives,3
pleads,3
terribly,3
ones,3
influential,3
flashbacks,3
shake,3
dread,3
cobble,3
spacious,3
handy,3
landlord,3
olympic,3
wrestling,3
quaint,3
bangkok,3
sidney,3
support,3
picking,3
trunk,3
snuff,3
signature,3
kane,3
contractor,3
colin,3
hopkins,3
high-rolling,3
reaction,3
disastrous,3
abduction,3
sympathy,3
gorgeous,3
vast,3
aircraft,3
morally,3
challenged,3
jennings,3
carefully,3
defy,3
bears,3
bestow,3
press,3
somewhere,3
diane,3
feeds,3
luke,3
selected,3
bred,3
walls,3
wonderland,3
spanish,3
montana,3
options,3
theres,3
miles,3
changes,3
impersonator,3
grifter,3
dollars,3
warning,3
damned,3
began,3
speak,3
stalker,3
desires,3
flames,3
arsonist,3
torching,3
deer,3
tales,3
illness,3
curious,3
hell-bent,3
solution,3
minor,3
types,3
repeatedly,3
easily,3
masses,3
menacing,3
seemed,3
mistrust,3
builds,3
customers,3
deeply,3
wrath,3
aimed,3
surprisingly,3
revelations,3
produced,3
nocturnal,3
epic,3
genre,3
add,3
penchant,3
crocodile,3
rapes,3
commando,3
illegally,3
accomplice,3
undead,3
tunnels,3
harassing,3
beating,3
suburbs,3
crossing,3
auto,3
seizures,3
liaison,3
thrill-seeking,3
climb,3
unforgiving,3
lays,3
eating,3
psycho,3
mistake,3
disgruntled,3
ryback,3
storylines,3
drowning,3
troubling,3
penned,3
shakespeare,3
magnate,3
angela,3
stuck,3
challenges,3
1930s,3
occupation,3
domineering,3
maid,3
pickpocket,3
lock,3
proceed,3
anniversary,3
jet,3
collision,3
engaged,3
intentions,3
sealed,3
severe,3
stole,3
claude,3
crook,3
reorganizing,3
searing,3
huston,3
rush,3
protagonist,3
corey,3
health,3
strip,3
poorly,3
constructed,3
tower,3
ditch,3
color,3
quality,3
psychoanalyst,3
confesses,3
recall,3
unite,3
employer,3
seizing,3
2001,3
1958,3
afford,3
spirals,3
narrowly,3
militant,3
margaret,3
grounds,3
undergo,3
dispute,3
autistic,3
architect,3
twelve,3
newcomers,3
cheated,3
blocks,3
destination,3
shoot,3
bronx,3
july,3
2008,3
boxer,3
adult,3
fanatic,3
centuries,3
kim,3
secretive,3
ewan,3
grieving,3
detroit,3
fonda,3
tyler,3
mutant,3
experiencing,3
respected,3
nightmarish,3
claire,3
include,3
williams,3
stylish,3
blue,3
fifteen,3
defends,3
ill,3
louis,3
able,3
helped,3
volcano,3
poignant,3
sparking,3
joey,3
bombs,3
enforcer,3
habits,3
beat,3
current,3
selling,3
marybeth,3
clutches,3
advice,3
bill,3
embroiled,3
confident,3
diverse,3
caused,3
overnight,3
insists,3
agree,3
pack,3
brody,3
allowed,3
pressure,3
unthinkable,3
samurai,3
exclusive,3
contacts,3
burns,3
writes,3
climax,3
crates,3
findings,3
covering,3
farrell,3
revived,3
backpackers,3
butler,3
shipment,3
pat,3
coriolanus,3
pete,3
phantom,3
campbell,3
penn,3
lived,3
merrin,3
immigrants,3
drew,3
unauthorized,3
martial-arts,3
fergus,3
warnings,3
miranda,3
accompanying,3
cruise,3
feel,3
hellish,3
legacy,3
youth,3
land,3
actual,3
philip,3
pennsylvania,3
clouseau,3
boyle,3
humor,3
desperation,3
failure,3
treatment,3
check,3
toxic,3
acting,3
alcoholic,3
beauty,3
boxing,3
lifelong,3
pal,3
olive,3
carmen,3
broken,3
voorhees,3
1970s,3
sweet,3
faulty,3
recording,3
keong,3
beats,3
hate,3
absence,3
weeks,3
abductions,3
barry,3
suzanne,3
bored,3
cousin,3
signs,3
porn,3
transport,3
terrorized,3
stealth,3
kelly,3
skill,3
giving,3
ten,3
down-on-his-luck,3
corpses,3
presents,3
fresh,3
vanishes,3
astronauts,3
wishes,3
deception,3
highest,3
manned,3
youthful,3
serving,3
seaside,3
mac,3
legion,3
clandestine,3
prequel,3
gig,3
alicia,3
magnetic,3
fun,3
milos,3
adoptive,3
talented,3
overwhelmed,3
reeves,3
surgery,3
mountains,3
denker,3
irresponsible,3
amazing,3
transferred,3
reactor,3
dove,3
mandy,3
decision,3
absolute,3
youths,3
allowing,3
mortal,3
absent,3
likes,3
unwanted,3
eminent,3
safecracker,3
ill-gotten,3
build,3
limits,3
generations,3
retain,3
extinct,3
occurs,3
quick,3
hear,3
taut,3
university,3
gambler,3
brand,3
reilly,3
zaid,3
loft,3
dane,3
returned,3
smugglers,3
ripley,3
lacey,3
unravels,3
imprisoned,3
preparing,3
rynn,3
jenny,3
beverly,3
emotional,3
shepard,3
lisa,3
wonderful,3
fashion,3
music,3
byung-du,3
unsure,3
laurel,3
hannay,3
flat,3
saya,3
derek,3
skinheads,3
lina,3
performance,3
fred,3
follower,3
study,3
benyon,3
provides,3
silver,3
starr,3
'charlie,3
mitch,3
na-mi,3
shahid,3
pinhead,3
jupiter,3
require,2
runners,2
unprecedented,2
satellites,2
attacking,2
geostorm,2
wipes,2
ex-hitman,2
sleight,2
wiping,2
caesar,2
wckd-controlled,2
2029,2
machines,2
offensive,2
tecom,2
fronts,2
katniss,2
everdeen,2
mass,2
autocratic,2
plunge,2
deckard,2
rescue-chopper,2
anastasia,2
steele,2
interview,2
paper,2
headlong,2
proclivities,2
responsibility,2
selina,2
kyle,2
bane,2
overwhelms,2
resurfaces,2
branded,2
spotlight,2
beatrice,2
prior,2
cobb,2
commits,2
payment,2
inception,2
implantation,2
cryptanalyst,2
alan,2
portrays,2
nail-biting,2
code-breakers,2
cypher,2
bletchley,2
wckd,2
scorch,2
obstacles,2
wckds,2
nublar,2
functioning,2
dinosaur,2
originally,2
envisioned,2
viewers,2
sommerset,2
researches,2
novice,2
mills,2
scoffs,2
2257,2
unintentionally,2
weekly,2
kicked,2
notch,2
montenegro,2
establish,2
lynd,2
felix,2
leiter,2
reigning,2
tyrannical,2
supercomputers,2
teleport,2
1984,2
insurgents,2
hegemony,2
human-resistance,2
prima,2
ballerina,2
completing,2
harmless,2
someoneor,2
somethingbegins,2
punish,2
lieor,2
judgment,2
radar,2
steering,2
t-x,2
robotic,2
t-1000,2
now-adult,2
earned,2
rep,2
cleaner,2
custodian,2
footsteps,2
termination,2
newer,2
managed,2
protector,2
torrance,2
overlook,2
wendy,2
knife,2
enthusiast,2
heavy,2
demolitionist,2
commissioned,2
magicians,2
life-long,2
airmen,2
guerillas,2
blends,2
trophies,2
occasionally,2
dismantle,2
organizations,2
jewish-american,2
scalping,2
aldo,2
raine,2
french-jewish,2
theater,2
quantum,2
solace,2
interrogate,2
wisecracking,2
single-handedly,2
performer,2
wheelman,2
u-2,2
rudolf,2
abel,2
defended,2
stickell,2
chimera,2
evelyn,2
swore,2
defector,2
serve,2
supply,2
hanging,2
throw,2
going-away,2
skyscraper,2
2035,2
communities,2
1990,2
1996,2
kathryn,2
railly,2
goines,2
monkeys,2
accommodating,2
progresses,2
unmask,2
janus,2
utilizing,2
goldeneye,2
inflict,2
kicking,2
bad-guy,2
butt,2
zeus,2
carver,2
engages,2
rolling,2
hand-picked,2
specialists,2
reconciling,2
tess,2
pushing,2
overcrowded,2
prisons,2
12-hour,2
free-for-alls,2
indefinite,2
eugenics,2
depending,2
gattaca,2
whitey,2
bulger,2
informant,2
dom,2
trials,2
101-year-old,2
granddaughter,2
lizzy,2
calvert,2
lovett,2
bodine,2
buell,2
anatoly,2
mikailavich,2
keldysh,2
10th,2
departing,2
upper-class,2
caledon,2
hockley,2
dawson,2
fabrizio,2
rossi,2
third-class,2
02:20,2
c.i.a,2
portable,2
off-duty,2
smart-mouthed,2
humble,2
revenge-fueled,2
senseless,2
politically-motivated,2
legitimize,2
corleone,2
forgiveness,2
protege,2
asteroid,2
honcho,2
truman,2
determines,2
drill,2
driller,2
stamper,2
helm,2
provided,2
cocksure,2
otherwise,2
sublimated,2
technique,2
occupy,2
june,2
ahmad,2
shah,2
ferrier,2
dockworker,2
less-than-perfect,2
drop,2
lightning,2
2159,2
pristine,2
man-made,2
ruined,2
rhodes,2
jodie,2
ofcial,2
enforce,2
anti-immigration,2
damon,2
backed,2
daunting,2
equality,2
polarized,2
distract,2
gibson,2
belonged,2
leather-clad,2
sexpot,2
drafts,2
hones,2
innate,2
illusionists,2
performances,2
reward,2
invented,2
available,2
mop,2
breathes,2
bleeds,2
remembers,2
kint,2
keyser,2
soze,2
exists,2
drawing,2
pedro,2
interrogators,2
prowess,2
riches,2
jefferson,2
franklin,2
embedded,2
constitution,2
serenity,2
totalitarian,2
areas,2
beckons,2
brokenhearted,2
hard-boiled,2
dames,2
vigilantes,2
lust,2
gloves,2
ukranian,2
marseilles,2
odessa,2
intercept,2
villain,2
carpenter,2
decorated,2
commuter,2
enables,2
re-lives,2
fail,2
behalf,2
missionaries,2
ex-green,2
beret,2
salween,2
denying,2
extension,2
loan,2
once-promising,2
crash-landing,2
brash,2
dominate,2
gorilla,2
thade,2
policymaker,2
stieg,2
larsson,2
weary,2
pierced,2
lisbeth,2
acrophobia,2
basket,2
barf,2
grissom,2
just-released,2
poe,2
reunite,2
croft,2
shapely,2
tomb,2
raider,2
antiquities,2
crop,2
circles,2
fields,2
'precrime,2
late-21st,2
quarry,2
biologist,2
stazi,2
dwells,2
scents,2
tastes,2
textures,2
perceive,2
senses,2
function,2
sharpness,2
represents,2
downtrodden,2
daredevil,2
rekall,2
mind-trip,2
frustrating,2
super-spy,2
chancellor,2
blurred,2
ferry,2
carlin,2
time-shifting,2
capsule,2
dug,2
elementary,2
predictions,2
composing,2
doublecrosses,2
reuben,2
tishkoff,2
adapt,2
explicit,2
hen-pecked,2
lowry,2
foot-loose,2
fancy,2
reclaim,2
consignment,2
assistance,2
pretend,2
klebb,2
kronsteen,2
snatch,2
decoding,2
lektor,2
ravishing,2
willingly,2
doors,2
haste,2
frazier,2
charges,2
depp,2
elsie,2
angelina,2
jolie,2
bud,2
zimmer,2
jrme,2
salle,2
reconstruct,2
world-class,2
wishing,2
triad,2
embassy,2
necks,2
fist,2
allegiance,2
customs,2
isabella,2
showroom,2
examinations,2
underwent,2
assumed,2
cheap,2
small-time,2
callie,2
ferris,2
cataclysm,2
blackbriar,2
upgrade,2
treadstone,2
columns,2
stirs,2
dodging,2
eradicate,2
stauffenberg,2
adolf,2
fhrer,2
self-destructing,2
brennan,2
argument,2
fingerprints,2
negates,2
rocky,2
adopt,2
9-year,2
void,2
recently-stillborn,2
methodical,2
jigsaw,2
amanda,2
puppet-master,2
baffled,2
denlon,2
reinhart,2
chessboard,2
mi6,2
childbirth,2
midwife,2
journal,2
prescription,2
medication,2
anxiety,2
jakarta,2
slums,2
bravest,2
pre-dawn,2
raiding,2
assault,2
exits,2
blocked,2
sensation,2
iko,2
uwais,2
evolution,2
klaatu,2
assess,2
inflicted,2
barred,2
shall,2
exterminated,2
machinist,2
reznik,2
lathe-operator,2
occupational,2
hazards,2
compounded,2
fatigue,2
punching,2
weird,2
woody,2
allens,2
satire,2
tennis,2
assuring,2
palms,2
sweat,2
stalin-era,2
mgb,2
connect,2
leadership,2
pocket,2
full-length,2
rodriguez,2
two-film,2
trailers,2
catapulted,2
unforeseen,2
supermodel,2
pooch,2
floorboards,2
ex-radical,2
gunshot,2
rotweiler,2
well-educated,2
abusing,2
flawed,2
diego,2
trophy,2
endangering,2
exasperated,2
allied,2
'escape-proof,2
undaunted,2
rooftop,2
dispatch,2
numbers,2
thin,2
barren,2
soundstage,2
stylishly,2
utilized,2
minimalist,2
two-faced,2
employ,2
favor,2
flare,2
status,2
provokes,2
contempt,2
dogville,2
mathematician,2
lovelessly,2
migr,2
christina,2
upper-middle-class,2
jordan,2
frame,2
truths,2
irretrievably,2
dense,2
trapping,2
drayton,2
grocery,2
conceals,2
dispatcher,2
garber,2
infilitrates,2
identifying,2
expense,2
slick,2
publicist,2
receiver,2
laser,2
rifle,2
kidding,2
cancer,2
transfers,2
scrambles,2
respond,2
retake,2
avert,2
six-member,2
sample,2
thorson,2
conrad,2
co-founded,2
recruiting,2
old-school,2
versus,2
long-hidden,2
memoirs,2
drowns,2
iraqis,2
coffin,2
lighter,2
indicate,2
depicted,2
proved,2
omen,2
stronghold,2
superpowers,2
degree,2
pre-cognition,2
sentinels,2
digging,2
morpheus,2
advised,2
oracle,2
keymaker,2
recurrent,2
depicting,2
deletion,2
wronged,2
ex-,2
pitted,2
president-elect,2
parallels,2
materialize,2
channels,2
wireless,2
co-eds,2
rally,2
adrenaline-fueled,2
repentant,2
tricked-out,2
synthetic,2
withstands,2
guinea,2
pig,2
penthouse,2
extramarital,2
marriages,2
lorraine,2
shear,2
mitts,2
billion,2
mainframe,2
jobson,2
n'er-do-well,2
log,2
predating,2
lambert,2
realm,2
statistically,2
expand,2
capitalize,2
opportunities,2
decay,2
drag,2
devoted,2
gesture,2
peers,2
fanatically,2
iranian,2
boiling,2
'exfiltration,2
concocts,2
polar,2
caps,2
g.i,2
destro,2
cobra,2
widescreen,2
technicolor,2
1934,2
doris,2
morocco,2
overpopulation,2
luxuries,2
necessities,2
immortality,2
'time,2
keepers,2
extremities,2
archnemesis,2
ernst,2
mountaintop,2
contessa,2
tracy,2
draco,2
ski,2
staffing,2
raimi,2
kenan,2
reimagine,2
contemporize,2
symbologist,2
langdon,2
seared,2
brotherhood,2
illuminati,2
formidable,2
foe,2
assassinations,2
macray,2
monitoring,2
burgeoning,2
choosing,2
charlene,2
repeats,2
02:22,2
p.m,2
proud,2
conspires,2
cigar-smoking,2
bible-quoting,2
rapist,2
fourteen,2
defender,2
hid,2
illiterate,2
gotten,2
cagey,2
bibliophile,2
foreigners,2
sold,2
archenemy,2
catacombs,2
impact,2
mi-7,2
high-powered,2
gadgets,2
once-disgraced,2
organisations,2
redeem,2
tarnished,2
denied,2
sawyer,2
heavily,2
burt,2
perfection,2
nev.,2
simulated,2
worm,2
impressive,2
newest,2
flesh-eating,2
graboids,2
entrepreneurs,2
submarines,2
riddle,2
disappearing,2
generates,2
pounds,2
one-two,2
quid,2
druggie,2
rock-star,2
slice,2
relives,2
hottest,2
unwind,2
shanna,2
arlene,2
stuntman,2
leering,2
wheel,2
muscle,2
revving,2
street-racer,2
york-to-los,2
cross-country,2
gauntlet,2
racers,2
supercharged,2
vehicles,2
icon,2
prowl,2
factor,2
southwestern,2
lets,2
hitch,2
fixes,2
mostow,2
priceless,2
faberg,2
egg,2
papers,2
unease,2
glimpses,2
2004,2
vs.,2
scariest,2
franchises,2
backyard,2
gunnison,2
facehuggers,2
hybrid,2
alien/predator,2
marooned,2
lurk,2
utter,2
eclipse,2
delves,2
populated,2
rama,2
breakthrough,2
definitive,2
afterlife,2
countless,2
reset,2
acolytes,2
instructions,2
soviets,2
coed,2
bahamas,2
karla,2
tyrell,2
bronson,2
summers,2
combustible,2
wah,2
sing,2
neck,2
getz,2
smart-aleck,2
butters,2
e-mail,2
implicated,2
scarf,2
wrapped,2
snowman,2
60s,2
breach,2
segregation,2
divides,2
ludlow,2
disillusioned,2
implicates,2
heading,2
focuses,2
coastal,2
waters,2
brass,2
1969,2
strategist,2
kopechne,2
18th,2
revelation,2
plea,2
bargain,2
pablo,2
archdiocese,2
shaking,2
darren,2
cirque,2
wolf-man,2
bearded,2
paranoia-fueled,2
unsuccessful,2
attract,2
darkly,2
provocative,2
disapproves,2
tightly,2
watchdog,2
nightly,2
patrols,2
comfort,2
intrusions,2
golden,2
engraved,2
smashes,2
scaramanga,2
intention,2
matthews,2
unjust,2
offender,2
courtesy,2
mandatory,2
minimum,2
leniency,2
opportunistic,2
joanne,2
keeghan,2
resources,2
transportation,2
boeing,2
747,2
atlantic,2
shuttles,2
hugo,2
drax,2
domain,2
grandmother.after,2
roots,2
lavish,2
mansions,2
dank,2
cellars,2
buoy,2
victoria,2
blood-thirsty,2
piranhas,2
swimming,2
pools,2
technological,2
singularity,2
anti-technology,2
computers,2
transcend,2
murder-and-mayhem-loving,2
ghettos,2
ex-thug,2
neutron,2
keller,2
samara,2
mende,2
overtaking,2
sierra,2
value,2
conscripted,2
ripping,2
swath,2
bloodshed,2
countrywide,2
unnatural,2
tenuous,2
neil,2
mccauley,2
top-notch,2
hanna,2
recognizes,2
1991,2
gunmen,2
gabe,2
hal,2
boxes,2
aron,2
ralston,2
boulder,2
arm,2
utah,2
nero,2
data-discs,2
whirl,2
meant,2
practices,2
researched,2
sweden,2
underage,2
morrissey,2
missionary,2
applies,2
debunking,2
plagues,2
overrun,2
refueling,2
mcalester,2
mako,2
intending,2
harvest,2
tissue,2
increased,2
backers,2
lloyd,2
antarctica,2
elation,2
spreads,2
flourish,2
craven,2
bleakest,2
collusion,2
pierce,2
erroneously,2
therapeutic,2
tool,2
facilitate,2
sessions,2
all-too-familiar,2
innocently,2
smiling,2
isnt,2
barclay,2
all-grown-up,2
childs,2
nicas,2
tiffany,2
long-ago,2
devilish,2
declared,2
express,2
busan,2
fended,2
bank-robbing,2
blueprints,2
million-dollar,2
thirst,2
guitarist,2
crow,2
afflicted,2
fills,2
unrelated,2
hannon,2
generated,2
parallel,2
mature,2
14-year,2
32-year,2
suspecting,2
caitlin,2
honesdale,2
teaching,2
rice,2
krispie,2
treats,2
bump,2
flower,2
pharmaceutical,2
two-fisted,2
borneo,2
upriver,2
poisonous,2
crocodiles,2
headhunters,2
nest,2
anacondas,2
voracious,2
fifty-foot-long,2
flesh-eaters,2
miscarriage,2
gregory,2
deployment,2
pacification,2
narcotic,2
nuke,2
god-delirious,2
replicate,2
prototypes,2
issues,2
faxx,2
straying,2
floating,2
adrift,2
bering,2
salvagers,2
towing,2
inhabited,2
jutland,2
travelled,2
decipher,2
angle,2
diabolic,2
true-crime,2
postwar,2
vienna,2
pulp,2
westerns,2
penniless,2
lime,2
interference,2
maj.,2
calloway,2
head-over-heels,2
grief-stricken,2
crawford,2
calif.,2
punches,2
skillfully,2
macmanus,2
sheep,2
ireland,2
wellness,2
spa,2
treatments,2
nicknamed,2
hires,2
adversaries,2
routes,2
estrada,2
brandon,2
surprises,2
succeeding,2
reconnaissance,2
outrun,2
launch,2
hangman,2
talbot,2
amends,2
bitten,2
moonlight,2
flesh,2
cataclysmic,2
temblor,2
quake,2
expels,2
penal,2
colony,2
doomsday,2
snake,2
tapped,2
mutiny,2
trigger,2
happy,2
confirming,2
burroughs,2
severed,2
ear,2
related,2
tooth,2
fairy,2
lynched,2
benoit,2
magimel,2
christopher,2
crimson,2
usher,2
mimicking,2
apostles,2
niemans,2
religion,2
completes,2
paving,2
garrison,2
speeds,2
hotspots,2
action-thriller,2
sanctum,2
accessible,2
caverns,2
mcguire,2
roxburgh,2
explored,2
esa-ala,2
caves,2
rhys,2
wakefield,2
financier,2
hurley,2
ioan,2
gruffudd,2
radically,2
dwindling,2
unavoidable,2
mind-control,2
multiplayer,2
on-line,2
slayers,2
mass-scale,2
regaining,2
defeating,2
9-years-old,2
turbulent,2
retires,2
round,2
direct,2
meth,2
arena,2
denny,2
colt,2
octopus,2
edge,2
antarctic,2
steam,2
shipping,2
lanes,2
assume,2
observer,2
solitude,2
castaway,2
cleaners,2
dispose,2
unflappable,2
collins,2
appointee,2
serves,2
chairman,2
committee,2
overseeing,2
contender,2
assistant/mistress,2
tumbling,2
seventeen-year-old,2
evaded,2
hijacks,2
lovely,2
illusionist,2
betrothed,2
crowned,2
prince,2
tumult,2
monarchy,2
ignites,2
reinvigorate,2
rages,2
wrecked,2
u-boat,2
sos,2
'enigma,2
coding,2
louise,2
thelma,2
fugitives,2
rediscover,2
aspects,2
self-strengths,2
category,2
mint,2
facilities,2
performer-turned-snitch,2
israel,2
breathing,2
skiers,2
chairlift,2
choices,2
badly,2
fulfil,2
briefing,2
wikileaks,2
founder,2
assange,2
supporter,2
domscheit-berg,2
growth,2
irreparable,2
rift,2
accomplished,2
headhunter,2
mercenary..,2
zero,2
commissioner,2
2013,2
marathon,2
city-wide,2
profession,2
chanteuse,2
jennie,2
crossfire,2
sight-restoring,2
manor,2
charly,2
mattei,2
outlaw,2
devoting,2
parking,2
garage,2
bullets,2
rikers,2
mezzo-mezzo,2
purporting,2
cancer-afflicted,2
misdemeanors,2
hooch,2
dana,2
sorrows,2
sandhoff,2
drummy,2
scullys,2
locating,2
monica,2
banan,2
pertaining,2
runaways,2
possess,2
han,2
meetings,2
kenji,2
long-lost,2
malfunctions,2
lockout,2
falsely,2
ex-government,2
obtaining,2
outer,2
shane,2
wolfe,2
faberge,2
repay,2
fought,2
juror,2
manipulate,2
kristi,2
tearing,2
inescapable,2
horrifyingly,2
dozens,2
racine,2
caseworker,2
imminent,2
classified,2
compromised,2
ambushed,2
raymond,2
then-captain,2
knocked,2
unconscious,2
brokering,2
vice-presidential,2
nominee,2
kuwait,2
brainwashed,2
manchurian,2
kubricks,2
recognition,2
ex-prisoners,2
monetary,2
chun-li,2
crime-fighter,2
sinks,2
expanse,2
unexplored,2
thrill-seekers,2
ulterior,2
riker,2
deanna,2
troi,2
betazed,2
starfleet,2
resulted,2
human-backed,2
federation,2
planets,2
remus,2
right-hand,2
colonia,2
dignidad,2
sect,2
babysitting,2
ridiculous,2
exploits,2
brenda,2
daryl,2
blues,2
saddled,2
consisting,2
halle,2
berry,2
earthly,2
pawn,2
reservoir,2
bitterness,2
tail,2
payback,2
candidates,2
desirable,2
confusing,2
mctiernan,2
casanova,2
strong-willed,2
submit,2
mouthy,2
brazilian,2
disposition,2
muster,2
nab,2
tyrant,2
respective,2
photojournalist,2
d.c.,2
driscoll,2
unfeeling,2
drones,2
grotesque,2
short-order,2
economically-depressed,2
rust,2
'scorpio,2
take-no-prisoners,2
scorpio,2
technicalities,2
nail,2
haddonfield,2
memorial,2
admitted,2
suited,2
cuts,2
stabs,2
slashes,2
interwoven,2
principal,2
virgin,2
prank,2
recluse,2
uninvited,2
kray,2
orchestrate,2
nightclubs,2
rackets,2
leonard,2
nipper,2
read,2
heels,2
rapid,2
notoriety,2
enlist,2
sportsman,2
recreation,2
armacost,2
fade,2
mirrors,2
diplomatic,2
hydrogen,2
sulfide,2
poisoning,2
netherlands,2
regional,2
gestapo,2
jung,2
unbalanced,2
sabina,2
spielrein,2
jungs,2
method,2
sigmund,2
freud,2
sabinas,2
colonization,2
lovingly,2
yorkin,2
yorkins,2
lonelier,2
picture-perfect,2
collides,2
ugly,2
dose,2
thrillers,2
bounced,2
strips,2
conquer,2
hound,2
zeroes,2
sharpens,2
tools,2
fingertips,2
math,2
savant,2
uncooks,2
worked,2
craft,2
collapse,2
wheelchair,2
brother-in-law,2
nanny,2
goodbyes,2
cabbie-turned-chauffeur,2
clark,2
touch,2
prized,2
tuxedo,2
tux,2
paired,2
masked-man,2
fourth,2
screen,2
chuck,2
height,2
'popeye,2
heroin-smuggling,2
brolin,2
ulysses,2
turnbull,2
malkovich,2
secures,2
slayed,2
interst,2
childers,2
drug-dealing,2
crusader,2
sudanese,2
pressed,2
comatose,2
healthcare,2
amityville,2
1935,2
stopped,2
11-year,2
spark,2
all-consuming,2
hans,2
preys,2
heinous,2
repellant,2
disruptive,2
high-school,2
recalls,2
disenchanted,2
over-his-head,2
rejected,2
nationals,2
bedraggled,2
faraday,2
vexed,2
all-american,2
grizzled,2
delusional,2
kiefer,2
sutherland,2
years-long,2
bridges,2
bike,2
argentina,2
split,2
planted,2
zoologist,2
werewolves,2
patrons,2
recreations,2
wildest,2
life-like,2
robots,2
opts,2
robot,2
reception,2
mid-hours,2
nitroglycerine,2
drivers,2
roads,2
slightest,2
jolt,2
kenya,2
nine-year,2
odo,2
kyohei,2
yemani,2
164,2
gojira,2
1994,2
cottage,2
points,2
carls,2
mrcks,2
kimmie,2
testimonial,2
regard,2
elevator,2
roenick,2
separating,2
wall,2
unnerving,2
panamanian,2
remove,2
marksman,2
foxcatcher,2
multimillionaire,2
sponsor,2
pont,2
1988,2
expos,2
wigand,2
atenton,2
quits,2
relocate,2
libby,2
atentons,2
aoyama,2
auditions,2
leafing,2
resums,2
advance,2
yamazaki,2
asami,2
ballet,2
elephants,2
kern,2
efficient,2
navarone,2
barnsby,2
broad,2
daylight,2
soundproof,2
parolee,2
rental,2
whistleblower,2
tied,2
regained,2
amelia,2
donaghy,2
lincoln,2
rhyme,2
formerly,2
paralyzed,2
spinal,2
bone,2
tantalizing,2
grim,2
dirtiest,2
freeing,2
seminary,2
kovak,2
o'donoghue,2
attends,2
devils,2
holiest,2
impoverished,2
mojave,2
alters,2
drifters,2
surrogate,2
expecting,2
sunday,2
pumping,2
considering,2
self-made,2
sleek,2
i.t,2
mikes,2
endanger,2
privacy,2
click,2
connections,2
activists,2
rainforest,2
deed,2
unpunished,2
predicament,2
uphold,2
integrity,2
spit,2
retells,2
deprived,2
socially,2
lesson,2
idris,2
elba,2
rahway,2
hayden,2
christensen,2
ealy,2
attica,2
luxury,2
tip,2
t.i,2
takers,2
strategy,2
nearer,2
exacting,2
reckless,2
dillon,2
inches,2
apprehending,2
elsa,2
clive,2
forge,2
splicing,2
organism,2
dren,2
winged,2
human-chimera,2
creators,2
wooden,2
gift,2
irrevocable,2
pressing,2
cross-hairs,2
dilemma,2
herald,2
scaring,2
counterparts,2
respectively,2
cybercrime,2
arises,2
posts,2
exultance,2
ivy,2
overshadowed,2
'not,2
cry,2
background,2
hallows,2
marketing,2
damaged,2
orchestra,2
conductor,2
kuklinski,2
kenny,2
modern-day,2
prospector,2
hustler,2
dreamer,2
lucky,2
equally,2
luckless,2
grandiose,2
last-ditch,2
indonesia,2
whats,2
fusion,2
guerrillas,2
'brief,2
incompatibility,2
average,2
yorker,2
paying,2
loving,2
lengths,2
coney,2
wrongly,2
blamed,2
gangbanger,2
riviera,2
convention,2
recently-freed,2
3.2,2
sergei,2
bodrov,2
signing,2
hockey,2
vig,2
sharp,2
polished,2
swindled,2
dolby,2
cenobites,2
sensations,2
doorway,2
solar,2
probe,2
launched,2
re-entry,2
half,2
today,2
shaken,2
altering,2
brooding,2
arranged,2
unnamed,2
guarded,2
barbed,2
physics,2
frequent,2
anomalies,2
guides,2
seeded,2
granted,2
analysis,2
nato,2
kristoff,2
jean-claude,2
actionon,2
lessto,2
harring,2
container,2
slovakian,2
wrap,2
contraband,2
superiors,2
smoothly,2
firemen,2
brian,2
mccaffrey,2
13-year,2
oskari,2
maturity,2
kinsfolk,2
pod,2
twisting,2
intertwine,2
lobbyist,2
lobby,2
legislation,2
2022,2
troublesome,2
absolom,2
robbins,2
realities,2
paramount,2
brendan,2
lynch,2
discusses,2
socialism,2
dictatorship,2
manipulated,2
infiltrated,2
jamaican,2
inferno,2
didnt,2
rainy,2
disguise,2
valencia,2
.but,2
unfolding,2
miserable,2
pawnshop,2
attached,2
exploded,2
trumpets,2
horsemen,2
apocalypse,2
religious-slanted,2
devout,2
shocker,2
makers,2
close-knit,2
assemble,2
skylar,2
scrambling,2
self-preservation,2
spiritually,2
faith-based,2
mix,2
philanthropist,2
crocs,2
taste,2
pond,2
mob-controlled,2
sleepless,2
1986,2
gyunggi,2
province,2
commences,2
whispers,2
louder,2
doo-man,2
young-goo,2
requested,2
muslim,2
immigrates,2
hamburg,2
movements,2
captivity,2
footprints,2
highways,2
attacker,2
bent,2
noe,2
carne,2
mentally-handicapped,2
lille,2
lied,2
travelling,2
angers,2
californian,2
migraine-like,2
time-traveling,2
undisclosed,2
contents,2
sought,2
'ronin,2
thorny,2
drunken,2
summit,2
second-highest,2
garrett,2
radios,2
succumb,2
icy,2
cavern,2
rescuers,2
legends,2
soda,2
stomach,2
axe,2
stepping,2
tradition,2
visitor,2
azul,2
melodrama,2
soon-to-be-decommissioned,2
uss,2
missouri,2
ex-cia,2
strannix,2
krill,2
battleship,2
ignore,2
vitally,2
11:14pm,2
arch-villain,2
wynter,2
peel,2
baxter,2
greeted,2
sightings,2
comet,2
bending,2
succession,2
queen,2
elizabeth,2
essex,2
vere,2
earl,2
24-hour,2
guile,2
tyranny,2
handmaiden,2
kouzuki,2
swindler,2
elope,2
madhouse,2
according,2
mcfee,2
maureen,2
profoundly,2
shaped,2
pilotless,2
jumbo,2
nerve,2
sarchie,2
rational,2
explanation,2
jesuit,2
mendoza,2
valiant,2
systematic,2
actors,2
celebrities,2
renovating,2
hesitant,2
adversarythe,2
itand,2
dual,2
retainer,2
rejoins,2
briggs,2
successes,2
betty,2
fitzgerald,2
voltan,2
hypnotizes,2
high-ranking,2
bend,2
painter,2
avenging,2
marvel,2
comics,2
fame,2
brilliantly,2
action-adventure,2
dolph,2
lundgren,2
punisher,2
dong-gun,2
jang,2
badlands,2
bosworth,2
cox,2
geoffrey,2
fueling,2
devoured,2
barcelona,2
11/11/11,2
wait,2
phobia,2
checking,2
helplessly,2
breathless,2
mahoney,2
caprice,2
colossal,2
amacor,2
gobi,2
mongolia,2
unproductive,2
towns,2
copilot,2
shut,2
beijing,2
c-119,2
boxcar,2
arrow,2
roy,2
clayton,2
samir,2
horn,2
directors,2
collaborated,2
twilight,2
updated,2
slightly,2
black-and-white,2
originals,2
kick,2
capsized,2
sailboat,2
barrier,2
reef,2
osama,2
readies,2
inconclusive,2
ramifications,2
unannounced,2
soil,2
pentagon,2
bands,2
vermont,2
outgoing,2
constance,2
psychoanalysis,2
hot-headed,2
d'artagnan,2
musketeers,2
throne,2
september,2
11th,2
jimeno,2
mcloughlin,2
wreckage,2
corvin,2
hawk,2
hawkins,2
jerry,2
tank,2
hotdog,2
daedalus,2
dashed,2
formation,2
chimps,2
ikon,2
communications,2
degrade,2
cates,2
unidentified,2
medallion,2
immortal,2
requires,2
kidney,2
neuman,2
inkhata,2
nelson,2
mandela,2
congress,2
carnage,2
adulterous,2
soccer,2
parent,2
dimmed,2
litigation,2
lawyers,2
1949,2
composer,2
scissors,2
mute,2
amnesiac,2
orphanage,2
hypnosis,2
sonand,2
counter-terrorism,2
retraining,2
divisions,2
goku,2
piccolo,2
orbs,2
wielder,2
unlimited,2
jeffries,2
protects,2
cracked,2
unbreakable,2
vacationers,2
fresh-water,2
stackhouse,2
clara,2
overambitious,2
lusting,2
hell-like,2
clowns,2
civilisation,2
integrated,2
cracks,2
sly,2
offshore,2
entrepreneur,2
episode,2
centering,2
distrust,2
stands,2
economic,2
anton,2
jian,2
sean,2
fly,2
neville,2
larger,2
survives,2
morgue,2
bags,2
sewer,2
pandora,2
monstrous,2
boyd,2
techniques,2
ally,2
terence,2
harm,2
hill,2
lurid,2
exposes,2
entomologist,2
breed,2
term,2
drumgoole,2
humiliated,2
unexplained,2
florida,2
trusted,2
devises,2
therapist,2
banks,2
ceiling,2
robin,2
hood,2
helicopter,2
advanced,2
civilians,2
salvador,2
believing,2
investigative,2
hitmen,2
dreadful,2
shatters,2
brea,2
twists,2
10-year-old,2
romantically,2
proportions,2
opponent,2
cleveland,2
greene,2
chronicles,2
heroic,2
clerk,2
write,2
gavilan,2
harrison,2
calden,2
tinseltown,2
usa,2
rate,2
defect,2
atomic,2
atmospheric,2
vision,2
kruger,2
groups,2
crowley,2
familys,2
bayou,2
mia,2
loveless,2
meat,2
sensitive,2
passion,2
therapy,2
transmission,2
intrigue,2
eclectic,2
radio,2
ex-husband,2
writing,2
negotiator,2
purpose,2
degenerate,2
showing,2
ronin,2
merchant,2
hire,2
alternative,2
descent,2
practice,2
armstrong,2
prosecutor,2
rumours,2
fearsome,2
decrepit,2
imboca,2
disappear,2
dagon,2
unholy,2
auschwitz,2
dementia,2
tasks,2
heaven,2
suspended,2
atwell,2
fling,2
borders,2
revive,2
antiques,2
real-life,2
hiking,2
walks,2
traumatic,2
buy,2
scores,2
aka,2
commandant,2
troops,2
belgian,2
skydiving,2
snipes,2
jessie,2
videogame,2
countess,2
covered,2
subterranean,2
companions,2
fence,2
clone,2
sewers,2
opera,2
allen,2
bay,2
derives,2
editor,2
rail,2
downfall,2
somebody,2
rises,2
adults,2
universal,2
luc,2
deveraux,2
classmates,2
crowd,2
infiltration,2
relatives,2
replacement,2
marianne,2
experiences,2
tournament,2
masters,2
republican,2
rea,2
jody,2
ira,2
dil,2
queens,2
contractors,2
repair,2
rebuild,2
rife,2
creek,2
tiny,2
friendly,2
vhs,2
starling,2
diseased,2
lecter,2
cannibal,2
moments,2
lena,2
chico,2
momo,2
ernest,2
specializing,2
occult,2
outback,2
wasteland,2
food,2
geiranger,2
meters,2
cage,2
primary,2
stretch,2
bullitt,2
double-crosses,2
filmed,2
morgan,2
ravages,2
thrilling,2
unemployed,2
clubs,2
kurt,2
dennis,2
crazed,2
09-nov,2
celebrate,2
charles,2
naturally,2
kevin,2
increasing,2
addams,2
remedy,2
villiers,2
undetectable,2
verge,2
identify,2
oleg,2
package,2
switch,2
mummy,2
marti,2
platt,2
inevitably,2
shortly,2
naive,2
counselors,2
jay,2
mendez,2
flew,2
surprised,2
hook,2
grad,2
lots,2
bets,2
santoro,2
burglar,2
funding,2
idealistic,2
playwright,2
ellen,2
compulsive,2
invite,2
milton,2
mercilessly,2
sacrificed,2
launches,2
shawn,2
barely,2
goods,2
leak,2
boyfriends,2
robicheaux,2
persuades,2
brief,2
churchill,2
introverted,2
excited,2
false,2
shoe,2
relive,2
maya,2
pictures,2
everywhere,2
13-year-old,2
imaginary,2
blurs,2
tow,2
escalating,2
snowfield,2
persuade,2
decade,2
property,2
whirlwind,2
unfaithful,2
philadelphia,2
crown,2
sydney,2
potter,2
stays,2
high-rise,2
versions,2
untraceable,2
demented,2
hart,2
cliff,2
cydney,2
acquaintances,2
fit,2
sorority,2
prototype,2
expect,2
emile,2
temple,2
o'reilly,2
jackson,2
celine,2
lovers,2
katrina,2
pleasant,2
climbing,2
ball,2
polish,2
normalcy,2
down-and-out,2
rayburn,2
renard,2
gunpoint,2
nora,2
law-abiding,2
jenna,2
hour,2
navigates,2
language,2
400,2
simulation,2
higher,2
apple,2
solitary,2
catches,2
would-be,2
wildly,2
yankee,2
inn,2
judge,2
alain,2
switzerland,2
anthropologist,2
caulder,2
allegiances,2
offering,2
toll,2
mounts,2
funded,2
denies,2
reason,2
explores,2
orphans,2
kindly,2
eternia,2
skeletor,2
grayskull,2
ladder,2
gaultier,2
entirely,2
sister-in-law,2
heal,2
tables,2
suspense,2
michel,2
delassalle,2
meek,2
hatred,2
zombies,2
fireman,2
convenience,2
blonde,2
netherworld,2
salesman,2
nicole,2
musical,2
tactics,2
alexander,2
sebastian,2
slip,2
taught,2
tingle,2
hates,2
wounds,2
keeps,2
philippe,2
petit,2
buildings,2
drinking,2
300,2
crafted,2
violin,2
canada,2
marnie,2
ral,2
seriously,2
vidocq,2
alchemist,2
financially,2
maintaining,2
portrait,2
reclusive,2
goodnight,2
jacobs,2
holed,2
clue,2
forgotten,2
gods,2
advertising,2
credit,2
bernier,2
ghostly,2
sang-hyun,2
providing,2
shotgun,2
besieged,2
dogs,2
bernie,2
article,2
blown,2
severely,2
hussein,2
misguided,2
iii,2
ngela,2
stanaforth,2
decisions,2
dylan,2
zed,2
imagination,2
model,2
jessica,2
tap,2
eleven,2
changing,2
nefarious,2
beaten,2
jonathan,2
compete,2
raees,2
indeed,2
sky,2
claridge,2
maryland,2
emerged,2
whatever,2
violet,2
tantalus,2
astounding,2
fossilized,2
bacterial,2
relief,2
disobeys,2
excavation,2
porous,2
crevice,2
life-form,2
mcgee,2
keith,2
vicky,2
locklear,2
participated,2
barrymore,2
exhibit,2
solely,2
youngster,2
maretto,2
world-famous,2
anchor,2
regardless,2
rocked,2
lindsay,2
lohan,2
pledges,2
friedrich,2
drrenmatt,2
truemont,2
holloway,2
callies,2
thanksgiving,2
propelled,2
winch,2
surprise,2
proceeds,2
humanitarian,2
foundation,2
retrace,2
burmese,2
hugh,2
enquiries,2
myrick,2
hackman,2
undiscovered,2
specialized,2
income,2
nice,2
accelerate,2
adrenaline,2
snowboarder,2
sierras,2
endurance,2
substantial,2
embroil,2
horror-thriller,2
face-blindness,2
facial,2
rowdy,2
outlaws,2
hares,2
ram-raiding,2
stately,2
homes,2
archaic,2
catching,2
tension-filled,2
kimberly,2
sources,2
meltdown,2
newsreel,2
godell,2
lemmon,2
forcibly,2
ceremony,2
gloomier,2
niagara,2
n.y.,2
befriend,2
honeymooning,2
amiss,2
overreacting,2
sociopathic,2
kidnapper,2
philosophies,2
fundamentalist,2
atheist,2
silkwood,2
metallurgy,2
plutonium,2
processing,2
purposefully,2
contaminated,2
psychologically,2
possibly,2
blatant,2
violations,2
blowing,2
marlowe,2
regarding,2
malevolent,2
ruby,2
guardians,2
twice,2
triangle,2
vic,2
counselor,2
sway,2
yasin,2
split-second,2
noises,2
fearing,2
soran,2
club,2
simmons,2
clay,2
statues,2
babu,2
rana,2
prasad,2
prostitutes,2
madrid,2
involves,2
dorff,2
barret,2
murdoch,2
enlisting,2
basque,2
amaia,2
surrounded,2
conflicts,2
1943,2
enforced,2
combined,2
jerome,2
clifford,2
dating,2
'job,2
torino,2
deathbed,2
narc,2
tellis,2
fearless,2
bit,2
exorcist,2
gemini,2
manning,2
newcomer,2
landlady,2
eager,2
ropes,2
centre,2
covers,2
hallum,2
approached,2
elliot,2
difference,2
gregorius,2
portuguese,2
mcelroy,2
streetwise,2
wins,2
tangles,2
horrigan,2
detail,2
dallas,2
sixteen-year-old,2
unleash,2
carefree,2
outcast,2
zhen,2
shanghai,2
disguised,2
counter,2
dear,2
out-of-control,2
charlotte,2
leslie,2
pyke,2
jaded,2
racial,2
protest,2
jetliner,2
caldwell,2
czar,2
equipped,2
mechanic,2
smaller,2
thinner,2
incarcerated,2
subjects,2
assailant,2
football,2
burdened,2
attacked,2
waged,2
sink,2
felt,2
packed,2
death-row,2
inmate,2
borrowed,2
amp,2
sommersby,2
pool,2
colors,2
annabella,2
heat,2
mad,2
bars,2
unearthed,2
hopeful,2
vietnamese,2
allison,2
difficult,2
dot,2
crater,2
traveler,2
mick,2
lair,2
saves,2
separate,2
wei,2
forger,2
warned,2
anyway,2
inheritance,2
oliver,2
darlene,2
raquin,2
froy,2
host,2
twenty,2
creative,2
telly,2
invention,2
stage,2
curtis,2
shinigami,2
nanahara,2
stargate,2
gou'ald,2
mccarthy,2
inquisitive,2
proving,2
loaded,2
okwe,2
tare,2
agnes,2
kearney,2
merrill,2
tasmanian,2
slim,2
revolt,2
noir,2
22nd,2
assassinated,2
handful,2
selves,2
dynasty,2
chung,2
jushinta,2
exiled,2
feared,2
do-joon,2
sculpture,2
bringing,2
haiti,2
blackmailing,2
kat,2
mally,2
monolith,2
h.a.l.9000,2
erupt,2
goriest,2
mule,2
keats,2
watson,2
psychics,2
ancestor,2
hundred,2
korean,2
deunan,2
erik,2
dig,2
posed,2
makiho,2
objects,2
piedmont,2
horde,2
backwoods,2
jug,2
leatherface,2
milo,2
pills,2
carole,2
genji,2
heike,2
clans,2
gunman,2