one,310
christmas,306
life,293
family,280
new,260
young,229
find,215
man,199
story,190
two,188
love,186
town,172
time,171
daughter,169
finds,167
help,161
home,154
years,154
woman,152
mother,152
father,152
world,145
n't,143
must,142
get,133
way,129
husband,124
day,117
take,111
together,108
death,108
old,108
becomes,108
school,106
son,106
wife,106
back,105
true,102
first,99
friends,97
small,95
friend,95
soon,93
discovers,93
also,93
murder,93
girl,91
film,89
work,89
begins,86
based,86
city,85
three,84
takes,83
police,83
relationship,81
house,81
high,80
gets,80
movie,80
children,80
make,78
meets,78
wants,77
little,77
special,77
santa,76
war,76
goes,74
save,73
become,72
past,71
people,71
...,71
job,70
lives,69
even,68
local,68
series,65
former,65
best,64
couple,64
men,63
decides,63
child,63
star,62
next,61
however,61
team,60
returns,60
island,60
year,60
found,60
killer,60
comes,60
mysterious,59
away,59
secret,59
parents,58
tells,57
dead,57
behind,57
working,55
detective,55
order,54
night,54
holiday,54
real,53
starts,53
brother,53
battle,52
things,52
boy,52
set,51
whose,51
another,51
career,51
falls,50
discover,50
wedding,50
perfect,50
live,49
york,49
days,49
come,49
business,49
leads,48
follows,48
turns,48
much,48
long,48
big,48
trying,48
may,48
romance,47
named,47
forced,47
finally,47
doctor,47
married,47
television,47
earth,47
company,46
kids,46
beautiful,46
realizes,46
book,46
stop,46
well,45
boyfriend,45
since,45
missing,45
good,45
seems,44
case,44
left,44
always,44
dr.,43
learn,43
captain,43
women,43
american,43
sam,43
around,43
without,43
never,43
including,43
run,42
future,42
group,42
accident,42
marriage,42
tries,42
summer,41
learns,41
camp,41
sister,41
spirit,40
sets,40
handsome,40
living,40
late,39
events,39
see,39
begin,39
four,39
many,39
john,39
crime,39
famous,39
last,39
car,39
german,39
baby,38
makes,38
investigate,38
like,38
turn,38
every,38
show,37
return,37
king,37
making,37
original,37
care,37
wendy,37
later,37
determined,37
laura,37
single,37
deadly,36
along,36
forces,36
looking,36
money,36
truth,36
known,36
mary,36
killed,36
magic,35
different,35
ever,35
needs,35
lost,35
college,35
led,35
jennifer,35
meet,35
might,35
drama,35
keep,35
suicide,35
quickly,35
would,35
great,35
indy,35
trip,34
written,34
helps,34
bring,34
childhood,34
fall,34
head,34
hannah,34
made,34
could,34
michael,34
band,33
know,33
eve,33
decide,33
place,33
heart,33
runs,33
everyone,32
moves,32
something,32
ends,32
fight,32
plan,32
store,32
jack,32
despite,32
executive,32
dangerous,32
kate,32
dreams,31
teenage,31
chance,31
right,31
nuclear,31
documentary,31
power,31
yet,31
plans,31
leave,31
girls,30
music,30
charlie,30
visit,30
taken,30
sent,30
try,30
wealthy,30
look,30
start,30
caught,30
called,30
successful,30
nick,30
tragic,30
stranger,30
lupin,30
private,30
break,29
stay,29
history,29
powerful,29
ago,29
seemingly,29
victim,29
change,29
someone,29
hunt,29
accused,29
owner,29
boss,29
everything,29
jane,29
door,29
paul,29
track,28
novel,28
across,28
accidentally,28
search,28
put,28
serial,28
use,28
molly,28
charles,28
flight,28
henry,28
still,28
plane,28
join,28
america,27
student,27
suddenly,27
body,27
problems,27
president,27
faith,27
upon,27
going,27
travel,27
peter,27
shows,27
control,27
strange,27
personal,27
loves,27
wrong,27
close,27
hometown,27
murdered,27
five,27
stars,26
follow,26
evil,26
top,26
actually,26
girlfriend,26
leaves,26
share,26
director,26
train,26
annie,26
running,26
face,26
forever,26
others,26
getting,26
mom,26
want,26
chris,26
james,26
estate,26
government,26
side,25
dance,25
london,25
road,25
journey,25
taking,25
happy,25
force,25
mystery,25
unexpected,25
front,25
end,25
bill,25
partner,25
agent,25
suspect,25
u.s.,25
diana,25
british,25
move,24
queen,24
spend,24
prove,24
trouble,24
sees,24
looks,24
england,24
happens,24
brings,24
bond,24
short,24
destroy,24
race,24
vacation,24
white,24
dog,24
scientist,24
knows,24
country,24
attack,24
second,24
female,24
hospital,24
samantha,24
prison,24
secrets,24
memories,24
teen,23
classic,23
struggles,23
win,23
nothing,23
holidays,23
party,23
season,23
accepts,23
role,23
dies,23
stories,23
comedy,23
fact,23
puts,23
claus,23
trial,23
prince,23
elizabeth,23
dream,23
really,23
open,23
leaving,23
emma,23
texas,23
army,23
involved,23
ben,23
jones,23
play,23
george,23
age,22
resort,22
alex,22
arrives,22
ancient,22
disappearance,22
class,22
solve,22
eventually,22
able,22
alien,22
closer,22
national,22
directed,22
west,22
meanwhile,22
inn,22
bad,22
hope,22
professor,22
uses,22
calls,22
surprise,22
legendary,22
community,22
killing,22
teacher,22
beloved,22
room,22
project,21
popular,21
offers,21
competition,21
travels,21
north,21
matt,21
attempt,21
students,21
believe,21
san,21
game,21
sarah,21
recently,21
investigation,21
jenny,21
apart,21
turned,21
though,21
tale,21
shes,21
reporter,21
loses,21
proves,21
harry,21
modern,20
adventure,20
brown,20
several,20
mind,20
ride,20
survive,20
state,20
following,20
powers,20
pregnant,20
instead,20
farm,20
boston,20
space,20
give,20
went,20
middle,20
brought,20
rescue,20
completely,20
support,20
land,20
officer,20
used,20
leading,20
fame,20
street,20
died,20
became,20
ryan,20
emily,20
early,20
carrie,20
serious,19
program,19
cast,19
entire,19
course,19
office,19
older,19
victims,19
murders,19
park,19
met,19
hand,19
sends,19
lead,19
success,19
dark,19
event,19
realize,19
mountain,19
marry,19
searching,19
protect,19
need,19
eddie,19
faces,19
struggling,19
performance,19
latest,19
hollywood,19
rachel,19
hercules,19
mike,19
name,19
deal,19
characters,19
anna,19
grandfather,19
amp,18
beach,18
musical,18
featuring,18
luke,18
important,18
months,18
full,18
stage,18
political,18
meeting,18
cassie,18
mayor,18
mr.,18
inside,18
plot,18
magical,18
kim,18
moving,18
eric,18
legend,18
sheriff,18
coming,18
falling,18
identity,18
light,18
dad,18
lawyer,18
crew,18
create,18
lover,18
wild,18
angel,18
apartment,18
art,18
pilot,18
leader,18
justice,18
hall,18
actress,18
gives,18
younger,18
french,18
english,18
writer,18
richard,18
eye,18
football,18
lose,18
heather,18
amy,18
released,18
brady,17
difficult,17
meaning,17
although,17
attempts,17
coast,17
mountains,17
asks,17
cold,17
call,17
birthday,17
russian,17
unexpectedly,17
karen,17
die,17
newly,17
immediately,17
social,17
wanted,17
shop,17
friendship,17
designer,17
kill,17
tom,17
snow,17
thing,17
complicated,17
paris,17
agrees,17
estranged,17
position,17
works,17
news,17
part,17
feels,17
large,17
village,17
hunter,17
underground,17
wish,17
already,17
free,17
agency,17
south,17
major,17
rock,16
charming,16
storm,16
david,16
drug,16
gang,16
mission,16
worse,16
matters,16
causes,16
members,16
appears,16
convince,16
busy,16
befriends,16
experience,16
aunt,16
trapped,16
present,16
took,16
let,16
romantic,16
fellow,16
assignment,16
revenge,16
jason,16
widow,16
pair,16
building,16
greatest,16
jeff,16
fear,16
military,16
keeps,16
kidnapped,16
gift,16
escape,16
investigates,16
suspects,16
century,16
kat,16
parker,16
bomb,16
form,16
post,16
fbi,16
ruthless,16
member,15
rules,15
east,15
society,15
sisters,15
simple,15
spending,15
anyone,15
weekend,15
residents,15
royal,15
desperately,15
washington,15
witch,15
station,15
believes,15
missie,15
continues,15
answer,15
attorney,15
dating,15
vampire,15
stephen,15
loss,15
holly,15
defeat,15
california,15
attractive,15
princess,15
especially,15
seeking,15
assistant,15
christopher,15
gold,15
concert,15
receives,15
rural,15
build,15
cancer,15
boys,15
hit,15
figure,15
coach,15
answers,15
committed,15
desperate,15
academy,15
susan,15
treasure,15
corrupt,15
danger,15
phone,15
final,15
training,15
aid,15
grand,15
artist,15
shocking,15
effort,15
william,15
widowed,15
using,14
sequel,14
fun,14
anne,14
adopt,14
adventures,14
disney,14
plays,14
model,14
disease,14
encounters,14
longer,14
hoping,14
struggle,14
tree,14
paths,14
lawrence,14
obsessed,14
overcome,14
act,14
katie,14
rival,14
river,14
food,14
quiet,14
staff,14
hires,14
hiding,14
jake,14
catch,14
heroes,14
changed,14
breaks,14
fast,14
hired,14
shot,14
due,14
singer,14
general,14
teens,14
got,14
author,14
explores,14
made-for-tv,14
ann,14
becoming,14
martin,14
ways,14
rise,14
heath,14
joy,14
ghost,14
breaking,14
hands,14
creatures,14
emotional,14
daughters,14
almost,14
better,14
involving,14
changes,14
colonel,14
alison,14
willie,14
narnia,14
kathy,14
toad,14
deedee,14
shocked,13
sharks,13
headed,13
fashion,13
gray,13
think,13
rich,13
sara,13
sorority,13
gwen,13
week,13
stolen,13
francisco,13
master,13
green,13
reunited,13
ladies,13
mark,13
demons,13
university,13
raised,13
reality,13
lady,13
worst,13
date,13
thinks,13
threatens,13
ski,13
lodge,13
experiences,13
planned,13
rule,13
choice,13
ultimate,13
retired,13
mansion,13
agents,13
human,13
celebrity,13
returning,13
half,13
spent,13
uncovers,13
orphan,13
scandal,13
indiana,13
public,13
wakes,13
familys,13
restaurant,13
complete,13
church,13
uncle,13
location,13
playing,13
journalist,13
sure,13
brad,13
globe,13
driven,13
bbc,13
ship,13
footage,13
cia,13
black,13
undercover,13
ten,13
bob,13
happiness,13
tim,13
forward,13
computer,13
mack,12
sea,12
process,12
businessman,12
lake,12
production,12
times,12
castle,12
number,12
list,12
slowly,12
normal,12
passion,12
remote,12
outside,12
international,12
soviet,12
teenager,12
title,12
toys,12
lot,12
kid,12
joins,12
within,12
giant,12
sons,12
duncan,12
told,12
charge,12
lack,12
movies,12
favorite,12
hopes,12
lonely,12
reluctant,12
evidence,12
deliver,12
happen,12
finding,12
ellie,12
linda,12
bride,12
alive,12
jim,12
honor,12
bodies,12
reunite,12
japanese,12
research,12
indian,12
billy,12
confront,12
legal,12
brian,12
aliens,12
humans,12
chef,12
foster,12
official,12
ambitious,12
genius,12
wins,12
josh,12
megan,12
saw,12
aurora,12
action,12
seem,12
sale,12
sweetheart,12
bakery,12
decision,12
settle,12
task,12
claims,12
divorced,12
department,12
gun,12
kept,12
studio,12
katharina,12
clock,12
taylor,12
julia,12
isolated,12
steal,12
tour,12
planning,12
sydney,12
ranch,12
service,12
sir,12
marries,12
person,12
interviews,12
unfortunately,12
arriving,12
encounter,12
murderous,12
animated,12
drive,12
nearly,12
means,12
portrait,12
sharpe,12
scott,12
amber,12
andy,12
deep,12
incident,12
adele,12
produced,12
murderer,12
receive,12
ross,11
adaptation,11
britain,11
somehow,11
johnny,11
pole,11
earlier,11
appear,11
warrior,11
idea,11
sometimes,11
prepares,11
unique,11
crashes,11
captured,11
alone,11
send,11
mrs.,11
las,11
vegas,11
mexico,11
internet,11
strangers,11
millions,11
clark,11
jesse,11
stone,11
anniversary,11
cousin,11
supernatural,11
birth,11
machine,11
scientists,11
feelings,11
guy,11
countryside,11
network,11
miller,11
near,11
uncover,11
skills,11
ready,11
pick,11
entertainment,11
seeing,11
pretty,11
given,11
biggest,11
joan,11
odds,11
jenna,11
unaware,11
feel,11
carrying,11
keith,11
curse,11
dress,11
helen,11
talented,11
kevin,11
andrew,11
saving,11
helping,11
came,11
escapes,11
fianc,11
europe,11
claim,11
ocean,11
criminals,11
troubled,11
super,11
wishes,11
played,11
stefan,11
born,11
deeply,11
sex,11
grows,11
tragedy,11
prime,11
neighbor,11
terrifying,11
camera,11
less,11
jesus,11
string,11
soldier,11
rather,11
soul,11
revealed,11
unable,11
challenges,11
framed,11
thought,11
dramatization,11
key,11
clues,11
politician,11
reunion,11
woods,11
italian,11
unit,11
champion,11
water,11
knew,11
suffers,11
award,11
pieces,11
dave,11
adopted,11
jonathan,11
ring,11
lee,11
housewife,11
brothers,11
cooking,11
cop,11
germany,11
boat,11
canadian,11
cause,10
hilarious,10
desert,10
failed,10
quest,10
visits,10
affair,10
opportunity,10
lifetime,10
festival,10
kansas,10
games,10
teams,10
hot,10
pressure,10
rivalry,10
guard,10
throughout,10
enemies,10
eccentric,10
battles,10
site,10
crimes,10
sinister,10
arrival,10
wave,10
sophie,10
've,10
los,10
angeles,10
dean,10
cases,10
colleague,10
professional,10
inspired,10
culinary,10
defense,10
crush,10
pop,10
connection,10
passengers,10
horse,10
sell,10
june,10
religious,10
bizarre,10
loved,10
question,10
dexter,10
unlikely,10
winds,10
seattle,10
hold,10
cruise,10
divorce,10
mad,10
haunted,10
either,10
nazis,10
theatre,10
challenge,10
extraordinary,10
quaint,10
barbara,10
wwii,10
attention,10
lily,10
suspicious,10
annual,10
rose,10
wall,10
loving,10
disturbing,10
shortly,10
broadcast,10
hotel,10
louisiana,10
medical,10
whether,10
margaret,10
novelist,10
trail,10
zach,10
center,10
charismatic,10
hours,10
court,10
ted,10
household,10
includes,10
dracula,10
hidden,10
celebrating,10
terrible,10
shut,10
interest,10
created,10
nazi,10
daily,10
holds,10
holmes,10
empire,10
promoted,10
status,10
teaching,10
starring,10
arms,10
cody,10
jennie,10
terrorists,10
andrea,10
invasion,10
step,10
cares,10
factory,10
system,10
consequences,10
greg,10
lydia,10
nba,10
artaban,10
vicky,10
bull,9
variety,9
reach,9
beyond,9
certain,9
villains,9
1986,9
started,9
songs,9
enlists,9
rest,9
broken,9
supposed,9
lucy,9
perform,9
lucky,9
united,9
states,9
union,9
gradually,9
whole,9
florida,9
brilliant,9
channel,9
possible,9
toward,9
style,9
pass,9
enter,9
animals,9
shuttle,9
audience,9
thanks,9
chosen,9
spring,9
unknown,9
mate,9
hbo,9
widower,9
proposal,9
l.a.,9
strike,9
planet,9
brandon,9
auction,9
instantly,9
waitress,9
threaten,9
online,9
sophisticated,9
winter,9
occurs,9
julie,9
situation,9
jordan,9
creature,9
aspiring,9
box,9
devastated,9
september,9
judge,9
nurse,9
attraction,9
host,9
airport,9
version,9
kiss,9
actual,9
fly,9
drake,9
security,9
max,9
writing,9
infamous,9
claiming,9
shannon,9
blood,9
worth,9
talent,9
firm,9
nate,9
derek,9
prize,9
match,9
blonde,9
note,9
piece,9
reveal,9
smith,9
bed,9
area,9
abandoned,9
inspiration,9
episodes,9
southern,9
investigator,9
growing,9
tommy,9
frank,9
nephew,9
safe,9
fantasy,9
editor,9
feature,9
families,9
point,9
pulls,9
expert,9
alan,9
says,9
investigating,9
opening,9
exactly,9
zenigata,9
guide,9
soldiers,9
brutal,9
opens,9
centre,9
innocent,9
six,9
courage,9
controversial,9
harris,9
discovered,9
air,9
enters,9
nation,9
fortune,9
triangle,9
ernie,9
pushed,9
theft,9
pursuit,9
weather,9
horror,9
losing,9
letter,9
teach,9
claire,9
collection,9
knowledge,9
knowing,9
troops,9
fears,9
enemy,9
fire,9
violent,9
prisoners,9
duty,9
winner,9
forgotten,9
lindsay,9
accept,9
fair,9
web,9
dedicated,9
million,9
torn,9
imprisoned,9
develops,9
soap,9
originally,9
player,9
board,9
honeymoon,9
sexual,9
enjoy,9
male,9
underwater,9
elite,9
nina,9
ornament,9
tycoon,9
remarkable,9
test,8
sun,8
tanner,8
song,8
acceptance,8
teamwork,8
niece,8
acting,8
ballet,8
devastating,8
adam,8
marie,8
newcomers,8
matthew,8
truly,8
poppy,8
cure,8
tales,8
rapidly,8
bitter,8
miser,8
teachers,8
compete,8
halloweentown,8
effects,8
civil,8
ford,8
viewers,8
mace,8
cindel,8
nice,8
embarks,8
morning,8
sandy,8
cynical,8
magically,8
governor,8
paradise,8
assist,8
jackie,8
bus,8
thief,8
knight,8
maybe,8
memory,8
films,8
miranda,8
persons,8
problem,8
ron,8
cookie,8
arthur,8
suburban,8
vampires,8
client,8
corporate,8
hellboy,8
liz,8
vermont,8
everybody,8
health,8
rebellious,8
real-life,8
choose,8
twisted,8
settled,8
proud,8
notorious,8
expected,8
promise,8
expose,8
formula,8
walking,8
initially,8
rome,8
count,8
disappears,8
drawn,8
far,8
garage,8
wearing,8
clothes,8
thrown,8
walker,8
volunteer,8
snowstorm,8
rediscover,8
fate,8
nightmare,8
badly,8
cross,8
passionate,8
stevens,8
whatever,8
vineyard,8
offer,8
letters,8
journeys,8
record,8
locals,8
couples,8
changing,8
tracy,8
stand,8
minister,8
shy,8
miracle,8
mail,8
dying,8
surprising,8
psychological,8
friendly,8
docudrama,8
twin,8
convicted,8
tiny,8
jail,8
lieutenant,8
tony,8
crash,8
upcoming,8
sentenced,8
reluctantly,8
quite,8
millionaire,8
steve,8
discovery,8
hitler,8
berlin,8
december,8
beaten,8
target,8
occurrences,8
photographer,8
competitor,8
nanny,8
saved,8
wrote,8
wise,8
manager,8
blue,8
album,8
mental,8
retirement,8
destruction,8
seek,8
staying,8
pictures,8
manhattan,8
pay,8
robinson,8
clam,8
ahead,8
worlds,8
words,8
buck,8
extreme,8
strikes,8
details,8
central,8
carlin,8
jessica,8
cant,8
responsible,8
exclusive,8
adapted,8
dates,8
elderly,8
easy,8
clear,8
respected,8
horrific,8
creation,8
amnesia,8
baseball,8
convinced,8
murdering,8
mia,8
remy,8
festive,8
diamond,8
visions,8
credit,8
knocking,8
refuses,8
result,8
ruffian,8
silence,8
katy,8
mira,8
dina,8
trooper,8
sick,8
deaths,8
musician,8
ana,8
settling,8
taryn,8
cate,8
cee,8
aaron,8
mitchell,7
secretly,7
raise,7
kingdom,7
driver,7
shane,7
attend,7
twist,7
restore,7
stellar,7
turning,7
existence,7
coveted,7
tradition,7
arts,7
popularity,7
compassion,7
account,7
decades,7
campus,7
maintain,7
moon,7
separated,7
entrepreneur,7
jenn,7
alongside,7
grace,7
generation,7
parade,7
focus,7
media,7
chief,7
hard,7
killers,7
suspicions,7
brand,7
ran,7
excitement,7
surprises,7
budding,7
dancing,7
hero,7
inherited,7
filled,7
wonderful,7
hurt,7
famed,7
animal,7
strong,7
sparks,7
harrison,7
seeks,7
eight,7
lauren,7
assigned,7
antique,7
slaves,7
cook,7
magazine,7
guest,7
results,7
video,7
recent,7
trust,7
law,7
contest,7
ultimately,7
stopped,7
notice,7
fired,7
angry,7
newspaper,7
spirits,7
stepfather,7
hear,7
traditions,7
fell,7
actor,7
request,7
carol,7
enough,7
crosses,7
distance,7
evening,7
carry,7
fans,7
steps,7
ball,7
tracks,7
neighborhood,7
type,7
noah,7
farmer,7
faithful,7
period,7
convinces,7
year-old,7
colony,7
hour,7
scenes,7
small-town,7
species,7
peace,7
starting,7
stumbles,7
devoted,7
ice,7
weeks,7
8-year-old,7
wives,7
various,7
lethal,7
fort,7
april,7
thomas,7
waiting,7
addiction,7
view,7
surrounding,7
hearts,7
valley,7
bar,7
delivery,7
anything,7
alf,7
maggie,7
kills,7
lessons,7
montana,7
oliver,7
halloween,7
lies,7
press,7
pilots,7
wars,7
grow,7
thirty,7
personality,7
episode,7
agree,7
kelly,7
betrayal,7
natural,7
putting,7
injured,7
interview,7
cell,7
20th,7
jan,7
linked,7
transport,7
animation,7
passes,7
golden,7
range,7
housekeeper,7
marketing,7
photo,7
fantastic,7
injury,7
priest,7
giving,7
custody,7
moody,7
condition,7
moment,7
wide,7
kristin,7
murphy,7
stand-up,7
fujiko,7
fatal,7
promised,7
abusive,7
operation,7
recruit,7
mel,7
cut,7
figures,7
amateur,7
explore,7
painful,7
cost,7
investigators,7
theater,7
satan,7
fathers,7
poor,7
reclaim,7
long-lost,7
said,7
adventurers,7
names,7
dinosaurs,7
release,7
prisoner,7
ground,7
cabin,7
orders,7
shape,7
norman,7
jersey,7
talks,7
gary,7
neighbors,7
dale,7
sign,7
thriller,7
somewhere,7
roots,7
fox,7
selling,7
failure,7
joined,7
belinda,7
caspian,7
aslan,7
ending,7
joseph,7
attracted,7
hammer,7
michelle,7
western,7
card,7
cards,7
theme,7
meiko,7
drowned,7
heads,7
teenagers,7
scheme,7
mirror,7
maya,7
violence,7
newlywed,7
lisa,7
emmy,7
diane,7
carl,6
unpredictable,6
highly,6
havoc,6
surf,6
mix,6
numbers,6
cool,6
carlos,6
jay,6
tanker,6
crossing,6
fact-based,6
rebel,6
abuse,6
relationships,6
wait,6
bands,6
exists,6
included,6
featured,6
quirky,6
spain,6
pact,6
escalates,6
exchange,6
missile,6
chinese,6
fierce,6
snowman,6
reindeer,6
nature,6
often,6
marnie,6
piper,6
effect,6
delta,6
african,6
balance,6
vast,6
towani,6
forest,6
teddy,6
apparent,6
doesnt,6
gifts,6
bureaucracy,6
third,6
frosty,6
previously,6
premiered,6
march,6
temporary,6
homicide,6
fishing,6
dylan,6
plotting,6
middleton,6
audrey,6
candle,6
alexis,6
remember,6
twins,6
hailey,6
potential,6
else,6
15-year-old,6
massachusetts,6
groom,6
possibly,6
device,6
attacking,6
risk,6
aging,6
manages,6
bestselling,6
joanne,6
chain,6
senior,6
bored,6
culture,6
menace,6
midst,6
mysteriously,6
transported,6
joanna,6
battling,6
territory,6
chronicles,6
aboard,6
donald,6
owns,6
technology,6
remaining,6
regain,6
cursed,6
monsters,6
myrl,6
ballard,6
rancher,6
european,6
postables,6
shaggy,6
slave,6
perfectionist,6
image,6
charm,6
reputation,6
cooper,6
retreat,6
pretending,6
patricia,6
approval,6
mall,6
ticket,6
're,6
seat,6
wine,6
maid,6
wind,6
lived,6
chase,6
ashley,6
hillary,6
meredith,6
square,6
treasures,6
write,6
kadee,6
glamorous,6
voice,6
helped,6
believed,6
sloan,6
caitlin,6
clara,6
mourning,6
boutique,6
madeline,6
jonny,6
hes,6
brave,6
prom,6
destroyed,6
fiona,6
ex-boyfriend,6
prepare,6
fifty,6
coronation,6
capturing,6
surprised,6
17-year-old,6
haunting,6
largest,6
emilys,6
dealing,6
impossible,6
sold,6
drives,6
twenty,6
australia,6
threatened,6
seen,6
exploring,6
deputy,6
refusing,6
studios,6
hopeful,6
hockey,6
nights,6
watches,6
suspicion,6
increasingly,6
retelling,6
rosa,6
launched,6
elevator,6
unfold,6
'll,6
trials,6
message,6
huge,6
intense,6
industry,6
began,6
path,6
property,6
possibility,6
feeling,6
bank,6
allow,6
asked,6
morgan,6
georgia,6
susie,6
bridge,6
understand,6
lured,6
cathy,6
behavior,6
accountant,6
reckless,6
fallen,6
god,6
underworld,6
incredible,6
lands,6
voyage,6
false,6
politics,6
tasked,6
turkey,6
believing,6
subject,6
olive,6
happened,6
scheming,6
blowing,6
traveling,6
builds,6
vida,6
built,6
son-in-law,6
dare,6
ideal,6
france,6
racing,6
cayman,6
revolves,6
pacific,6
terrorized,6
surround,6
traditional,6
overworked,6
hugh,6
unruly,6
block,6
shock,6
outrageous,6
dust,6
guilty,6
sonya,6
connected,6
hayes,6
unravel,6
learned,6
except,6
jr.,6
braben,6
1940s,6
possession,6
suspected,6
blind,6
producer,6
jewish,6
pioneering,6
essex,6
steals,6
startling,6
hawaii,6
controlled,6
misses,6
arranges,6
cross-country,6
frozen,6
lilly,6
writes,6
scandalous,6
remains,6
highest,6
tell,6
forge,6
patient,6
employer,6
sherlock,6
watson,6
thompson,6
shatner,6
beauty,6
robot,6
versace,6
sergeant,6
concerns,6
nathan,6
devereaux,6
antoinette,6
disaster,6
o'flaherty,6
transform,6
considered,6
midnight,6
compelling,6
mention,6
frontier,6
stakes,6
betsy,6
museum,6
pearl,6
advertising,6
passing,6
served,6
adult,6
ordered,6
flee,6
acts,6
rebellion,6
whicher,6
monster,6
luck,6
award-winning,6
developer,6
elusive,6
criminal,6
character,6
places,6
shown,6
telling,6
rough,6
ex-husband,6
northern,6
dramatic,6
ill,6
sense,6
companion,6
eager,6
challenged,6
veteran,6
sound,6
deceased,6
drew,6
trio,6
unstable,6
mature,6
laws,6
familiar,6
terry,6
watergate,6
2013,6
carton,6
africa,6
promotion,6
acquaintance,6
tricks,6
overview,6
culloden,6
scottish,6
casey,6
heat,6
revelations,6
sampson,6
barnes,6
jinta,6
executed,6
survivor,6
jungle,6
chambers,6
stephanie,6
burt,6
attempting,6
vietnam,6
rat,6
caravan,6
delay,6
shore,6
inhabitants,6
hans,6
supplies,6
babies,6
championship,6
cam,6
psychiatric,6
crazy,6
avoiding,6
confronted,6
picasso,6
funeral,6
seven,6
daedalus,6
greek,6
treatment,6
videogames,6
cyd,6
hampton,6
finn,6
questioning,6
fingal,6
canada,6
brick,6
deaf,6
ali,6
jeong-hwa,6
lundy,6
wylie,6
jensyn,6
iverson,6
billionaire,5
aggressive,5
loose,5
dive,5
wet,5
troy,5
academic,5
unusual,5
fix,5
hundreds,5
idyllic,5
cat,5
followed,5
superstar,5
prevents,5
houseman,5
era,5
performances,5
destroys,5
naughty,5
addams,5
grandma,5
awakens,5
potter,5
portrays,5
fictional,5
directly,5
fearless,5
elf,5
vows,5
hits,5
twelve,5
vincent,5
india,5
council,5
mortal,5
civilization,5
amazing,5
1964,5
legacy,5
candidate,5
occur,5
emergency,5
utah,5
vince,5
cash,5
fake,5
engagement,5
streets,5
towns,5
enjoying,5
austin,5
davis,5
raped,5
officers,5
celebrate,5
avenue,5
shelter,5
wealth,5
jewel,5
swarm,5
bell,5
pet,5
wilson,5
preoccupied,5
humiliation,5
impending,5
seriously,5
complications,5
poised,5
rising,5
stalked,5
kris,5
grew,5
plant,5
sherman,5
continue,5
marco,5
phil,5
rid,5
socialite,5
fiance,5
insurance,5
lewis,5
unseen,5
2006,5
jeremy,5
sandra,5
unwittingly,5
terrorist,5
hide,5
partners,5
greedy,5
caretaker,5
throws,5
thugs,5
crooked,5
facing,5
smart,5
captive,5
nine,5
styles,5
lena,5
warning,5
threat,5
ruin,5
combining,5
kidnapping,5
montgomery,5
veterinarian,5
sits,5
cute,5
walks,5
rude,5
traces,5
mistress,5
demands,5
thrilled,5
engaged,5
unleashing,5
japan,5
katherine,5
high-powered,5
knack,5
deeper,5
uncovering,5
frustrated,5
presents,5
none,5
destiny,5
treat,5
swept,5
tech,5
baker,5
christian,5
broker,5
dumped,5
marks,5
spy,5
blues,5
breakfast,5
pennsylvania,5
repair,5
everywhere,5
cope,5
pain,5
signed,5
wits,5
dialogue,5
vicious,5
inherits,5
riding,5
travis,5
factual,5
mickey,5
culprit,5
cult,5
warren,5
misunderstandings,5
presence,5
facade,5
done,5
randall,5
miss,5
caroline,5
fighting,5
necessary,5
launch,5
conflict,5
birds,5
ended,5
harrowing,5
angela,5
roommate,5
field,5
trainer,5
oscar,5
awards,5
renowned,5
diagnosed,5
parent,5
current,5
watched,5
kolchak,5
grieving,5
cold-blooded,5
demise,5
grind,5
stronger,5
arena,5
clinton,5
penny,5
heaven,5
charity,5
crack,5
crisis,5
escaped,5
2009,5
suburb,5
houses,5
dollars,5
edge,5
historical,5
witnesses,5
installment,5
mutual,5
stock,5
humble,5
intention,5
jared,5
instructions,5
hosted,5
fulfill,5
enchanted,5
shell,5
guardian,5
beginning,5
sharing,5
archer,5
careers,5
radio,5
myth,5
comfort,5
holden,5
attacked,5
italy,5
kane,5
dealers,5
paper,5
neither,5
grant,5
yard,5
rekindle,5
garden,5
watching,5
hughes,5
victorian,5
rogers,5
spies,5
motorcycle,5
armed,5
prevent,5
dancer,5
confused,5
sunshine,5
madsen,5
wished,5
graham,5
detectives,5
painter,5
marc,5
amount,5
classmates,5
captures,5
passed,5
insurmountable,5
total,5
classroom,5
embroiled,5
ohio,5
saturday,5
efforts,5
separate,5
accidents,5
youth,5
generations,5
heir,5
intended,5
documents,5
designed,5
influential,5
duke,5
satellite,5
causing,5
theory,5
embark,5
ruled,5
spiritual,5
guidance,5
bit,5
cable,5
confederate,5
homestead,5
forms,5
hill,5
erik,5
cars,5
post-war,5
bosnia,5
faced,5
approaches,5
stagecoach,5
embrace,5
county,5
massive,5
fonda,5
comic,5
tangled,5
allen,5
ireland,5
talk,5
simply,5
seemed,5
reveals,5
realise,5
quartet,5
taste,5
adrian,5
parties,5
nixon,5
watch,5
defeated,5
science,5
1973,5
schemes,5
barbie,5
october,5
exciting,5
raven,5
recovering,5
weapons,5
fought,5
ordinary,5
expedition,5
forbidden,5
gain,5
janet,5
celebration,5
hears,5
sole,5
jamie,5
imagination,5
acclaimed,5
according,5
toy,5
inherit,5
customers,5
archibald,5
karin,5
romantically,5
winning,5
perfection,5
sweet,5
line,5
plus,5
lie,5
experienced,5
driving,5
pride,5
affected,5
ricky,5
impact,5
1916,5
trenches,5
dinner,5
celebrated,5
kind,5
athlete,5
filmmaker,5
remake,5
workaholic,5
drop,5
lion,5
sentence,5
commit,5
files,5
sally,5
weapon,5
blown,5
hanna,5
wounded,5
con,5
plains,5
pleasure,5
reporting,5
troubleshooter,5
outlaw,5
regan,5
jealous,5
considers,5
measures,5
robbery,5
july,5
high-school,5
modern-day,5
comrades,5
allies,5
waters,5
alcoholic,5
august,5
freedom,5
previous,5
welles,5
sack,5
bargained,5
youngest,5
senses,5
hiroshi,5
eagerly,5
virginia,5
tied,5
rita,5
atlanta,5
hostage,5
reynolds,5
expects,5
shark,4
conservationist,4
invited,4
pharmaceutical,4
durant,4
begun,4
lynch,4
maia,4
lela,4
basketball,4
club,4
gum,4
1930s,4
fend,4
noel,4
cara,4
tried,4
truths,4
mal,4
mann,4
whilst,4
californian,4
mitchie,4
chloe,4
rockers,4
matter,4
instructor,4
eternally,4
optimistic,4
bergens,4
manny,4
posse,4
relatives,4
horrified,4
grandpa,4
occasion,4
friedrich,4
snowy,4
outpost,4
swapping,4
amongst,4
pageant,4
chanel,4
dorinda,4
aqua,4
cheetahs,4
barcelona,4
warsaw,4
crown,4
homecoming,4
martial,4
emerge,4
nose,4
bright,4
ghosts,4
competitive,4
snowboarding,4
witches,4
proposes,4
holocaust,4
presidential,4
campaign,4
culminating,4
elected,4
'accidental,4
lutie,4
deltas,4
pledge,4
splits,4
circle,4
introducing,4
ewoks,4
middle-class,4
denver,4
hitch,4
wagon,4
abduction,4
luggage,4
winters,4
surfing,4
accidental,4
mostly,4
promises,4
magician,4
unless,4
hat,4
focuses,4
2008,4
election,4
mccain,4
picks,4
relative,4
alaskan,4
recount,4
10th,4
marty,4
pioneer,4
clem,4
solution,4
ex-wife,4
habits,4
gardens,4
contact,4
christina,4
imdb,4
nightingale,4
stepson,4
funds,4
needing,4
down-on-her-luck,4
gus,4
zachary,4
intrigued,4
suffering,4
surfers,4
rogue,4
transports,4
bikers,4
singing,4
evergreen,4
darkness,4
luckily,4
spare,4
races,4
pulled,4
seventeen-year-old,4
funny,4
planner,4
scene,4
strain,4
partnership,4
disabled,4
kringle,4
experts,4
aspects,4
swensen,4
jar,4
coffee,4
avalon,4
minnesota,4
brittany,4
comedic,4
scary,4
buried,4
cheap,4
shoes,4
puppy,4
norton,4
shame,4
purpose,4
insight,4
exploration,4
attacks,4
namely,4
greene,4
nicole,4
features,4
jean,4
attendant,4
bradshaw,4
enables,4
destination,4
privileged,4
switches,4
abe,4
sapien,4
resurrect,4
monstrous,4
werewolf,4
sweethearts,4
wagner,4
possessed,4
lightning,4
sword,4
mayhem,4
cranky,4
wyoming,4
trader,4
last-minute,4
fairy,4
tourist,4
trace,4
moral,4
14-year-old,4
abducted,4
salt,4
held,4
locate,4
kitchen,4
unwanted,4
loner,4
disdain,4
catherine,4
russell,4
disappearing,4
hart,4
moments,4
shares,4
kristie,4
simon,4
failing,4
guards,4
colleagues,4
impoverished,4
invites,4
teagarden,4
risks,4
mass,4
burns,4
thus,4
part-time,4
advice,4
creating,4
inadvertently,4
persuaded,4
profile,4
poland,4
solving,4
digs,4
spoiled,4
obstacle,4
1943,4
krakow,4
suitcase,4
nowhere,4
wonderland,4
differences,4
futuristic,4
stylish,4
coma,4
jilted,4
fairytale,4
didnt,4
hair,4
fast-paced,4
pretend,4
marion,4
kylie,4
reconnects,4
rekindled,4
baking,4
eaten,4
windsor,4
preparing,4
babs,4
recounts,4
lets,4
conquer,4
discovering,4
39-year-old,4
bachelor,4
biological,4
harvest,4
chemistry,4
fifteen,4
biopic,4
icon,4
studying,4
least,4
authorities,4
desires,4
spirited,4
thrust,4
groups,4
broadway,4
red,4
sleuthing,4
cowboy,4
explosion,4
website,4
anorexia,4
obsessive,4
happening,4
demon,4
roger,4
maris,4
mantle,4
universally,4
babe,4
sculpting,4
interior,4
landmark,4
renovations,4
salsa,4
ricardo,4
reconnect,4
backdrop,4
rivers,4
fights,4
transplant,4
donor,4
katelin,4
skater,4
skating,4
scholarship,4
breath,4
accompanied,4
doubt,4
prestigious,4
doors,4
gentleman,4
standing,4
showing,4
darcy,4
complicating,4
pack,4
bloodthirsty,4
individual,4
books,4
fan,4
joey,4
lovers,4
1944,4
navy,4
obsession,4
similarities,4
untold,4
interrupted,4
seal,4
publisher,4
honest,4
listen,4
arrangement,4
portland,4
prominent,4
achievement,4
wrongfully,4
trevor,4
searches,4
responds,4
williams,4
chaos,4
eyes,4
sanctuary,4
inspector,4
despondent,4
18th,4
nightclub,4
shopping,4
observation,4
mysteries,4
experiment,4
owners,4
everyday,4
breed,4
incarcerated,4
snowglobe,4
calling,4
today,4
prefers,4
loaded,4
shep,4
dealer,4
revolution,4
writers,4
undergo,4
comically,4
spencer,4
renovation,4
trained,4
meddling,4
chores,4
pat,4
resent,4
bump,4
approach,4
reflections,4
leigh,4
foul,4
tired,4
extra,4
atomic,4
spider-man,4
trade,4
cruel,4
zeke,4
equally,4
imagined,4
evans,4
ruby,4
graduate,4
marine,4
lea,4
access,4
assassin,4
superpowers,4
deserted,4
horrible,4
aylwood,4
vanished,4
manor,4
townspeople,4
delves,4
venice,4
origins,4
prix,4
phantom,4
required,4
mastermind,4
uniformed,4
75th,4
warner,4
debuted,4
cultural,4
thoughts,4
dianas,4
seth,4
neighboring,4
wedge,4
suzy,4
matchmaker,4
elise,4
trees,4
hosts,4
susanna,4
banker,4
liberty,4
consultant,4
exotic,4
choreographer,4
kayla,4
dustin,4
hollis,4
bass,4
tyrannical,4
offering,4
gooding,4
morecambe,4
1977,4
erin,4
longtime,4
exhibit,4
fantastical,4
dispatched,4
steel,4
burgess,4
lifelong,4
learning,4
cover-up,4
lurking,4
beast,4
refugees,4
priests,4
jen,4
suit,4
belief,4
rivkah,4
unbreakable,4
2017,4
inspire,4
imperial,4
delivers,4
peoples,4
temple,4
orchestrated,4
via,4
one-off,4
commissions,4
boogey,4
grim,4
rank,4
sensitive,4
study,4
swap,4
ray,4
sunny,4
greece,4
celebrates,4
100,4
independence,4
philosopher,4
bruno,4
recently-widowed,4
julina,4
alcohol,4
perry,4
innovative,4
harlem,4
schools,4
methods,4
waves,4
bully,4
adjustment,4
comedian,4
indelible,4
jigen,4
galvez,4
helmeth,4
cylinder,4
metal,4
contained,4
arrest,4
patients,4
protestant,4
prayer,4
busses,4
reporters,4
helicopter,4
climb,4
nine-year-old,4
alike,4
comedians,4
systematically,4
pool,4
joys,4
plagued,4
baskerville,4
begs,4
jensen,4
realized,4
paid,4
janus,4
dismay,4
krissy,4
artists,4
journals,4
drawings,4
vincis,4
chronicle,4
precious,4
ideas,4
arise,4
roscoe,4
holographic,4
loretta,4
alienated,4
twiki,4
survival,4
donatella,4
wellesley,4
draft,4
lines,4
harper,4
bears,4
meant,4
size,4
carly,4
sheer,4
diabolical,4
clone,4
involvement,4
attica,4
uprising,4
1971,4
flames,4
sinks,4
insightful,4
region,4
hoped,4
vatican,4
resistance,4
disguises,4
cover-ups,4
sacrifice,4
trap,4
instant,4
utterly,4
agatha,4
christie,4
commentary,4
mummy,4
gilbert,4
worker,4
bliss,4
winterfest,4
confidence,4
hawkins,4
dogs,4
gangsters,4
harsh,4
heartache,4
chances,4
1945,4
albert,4
einstein,4
turmoil,4
mankind,4
halls,4
munich,4
league,4
leah,4
llamas,4
remove,4
chases,4
careful,4
scrambles,4
gracie,4
precocious,4
issues,4
poirot,4
heiress,4
notices,4
moffat,4
actors,4
tornado,4
2001,4
kgb,4
grown,4
wanting,4
one-night,4
charges,4
capture,4
revived,4
digging,4
robert,4
turner,4
feature-length,4
serena,4
carter,4
returned,4
ransom,4
farming,4
goal,4
auto,4
numerous,4
guns,4
teenaged,4
conference,4
offered,4
received,4
bates,4
importantly,4
self,4
1980s,4
lord,4
tate,4
depicts,4
sudden,4
killings,4
homosexuality,4
gay,4
happily,4
abc,4
canterville,4
firefighter,4
carson,4
victor,4
determination,4
grandmother,4
upside,4
hank,4
liking,4
miguel,4
incidents,4
1997,4
level,4
downfall,4
rips,4
nemesis,4
santas,4
bruce,4
buddy,4
amish,4
located,4
policeman,4
desire,4
shakespeare,4
bubbles,4
drinks,4
victoria,4
secure,4
imminent,4
gangs,4
infidelity,4
fred,4
highway,4
receiving,4
suitor,4
spends,4
ava,4
scotty,4
therapy,4
cuisine,4
supportive,4
davies,4
athens,4
rivalries,4
parts,4
unconscious,4
fleeing,4
unfortunate,4
policemen,4
lloyd,4
self-discovery,4
mac,4
dancers,4
shadow,4
recruited,4
apparently,4
thor,4
bernard,4
bottle,4
genie,4
mcbride,4
mazur,4
hunting,4
safari,4
2016,4
dan,4
nancy,4
shirley,4
clean,4
postal,4
purchases,4
lawson,4
doros,4
shaken,4
hopelessly,4
hazzard,4
produces,4
upset,4
lucie,4
darnay,4
oblivious,4
november,4
managed,4
fusiliers,4
selous,4
enormous,4
von,4
conglomerate,4
narrator,4
presentation,4
eddy,4
fed,4
library,4
surrounded,4
hire,4
achieve,4
griff,4
prep,4
subway,4
robber,4
interests,4
rainfall,4
interesting,4
protest,4
marked,4
weatherman,4
made-for-television,4
televised,4
belmont,4
1975,4
foolish,4
subsequently,4
confrontation,4
hunts,4
plead,4
fool,4
involves,4
yacht,4
debt,4
psychiatrist,4
seuss,4
edgar,4
upper,4
virus,4
multiplying,4
recover,4
ultravirus,4
statue,4
mole,4
cleaning,4
badger,4
dvd,4
brooks,4
1991,4
roe,4
sales,4
1974,4
reprised,4
1970,4
stitch,4
surrogate,4
pier,4
shushan,4
convention,4
combines,4
cocaine,4
talking,4
pierluigi,4
fascinating,4
commits,4
discoveries,4
'the,4
communist,4
citizen,4
critic,4
healthy,4
intelligence,4
bag,4
skip,4
marijuana,4
goodnight,4
jonesy,4
holy,4
hoober-bloob,4
argue,4
stiles,4
guilt,4
quit,4
sixteen,4
fateful,4
witness,4
ticking,4
ruined,4
aside,4
eliot,4
mill,4
harvester,4
tyrone,4
edmund,4
roosevelt,4
degas,4
pablo,4
boucher,4
schweitzer,4
woo,4
cantankerous,4
medal,4
bravery,4
weekly,4
delivered,4
futures,4
ensure,4
alexandre,4
two-part,4
jungles,4
betty,4
broderick,4
hector,4
ridge,4
handle,4
wilderness,4
shelby,4
paxton,4
diagnosis,4
whos,4
leonie,4
spell,4
likes,4
deadline,4
kidnapper,4
thursday,4
cruelty,4
ami,4
heathcliffe,4
irish,4
brooker,4
selection,4
evolved,4
communicate,4
wright,4
choking,4
regular,4
channels,4
zilic,4
1990s,4
uss,4
villainous,4
willa,4
adoption,4
zaharias,4
among,4
tormented,4
youthful,4
temporarily,4
prague,4
turbulent,4
bittersweet,4
surface,4
tuppence,4
self-defense,4
ones,4
arrested,4
harker,4
mars,4
anthony,4
lynn,4
closet,4
krapp,4
tape,4
conceived,4
intriguing,4
buddies,4
adamsberg,4
suzanne,4
emotionally,4
zoo,4
element,4
depths,4
damages,4
chapman,4
medicine,4
nadine,4
expensive,4
fisher,4
maclaine,4
collins,4
gavin,4
anti-social,4
behaviour,4
birmingham,4
hospitals,4
travelers,4
asakawa,4
stayed,4
gilles,4
fasting,4
adjacent,4
maxwell,4
locked,4
kathleen,4
bedtime,4
breanne,4
supposedly,4
pilar,4
chandos,4
vanity,4
odd,4
gallery,4
insists,4
1990,4
nyc,4
amulet,4
tlc,4
rangers,4
howling,4
hoodoo,4
curt,4
convict,4
drexler,4
jewels,4
bellator,4
105,4
vs.,4
mabo,4
alexander,4
premonitions,4
kaj,4
philadelphia,4
traveled,4
macklin,4
ken,4
finkleman,4
bryan,4
shocks,4
sean,4
simone,4
dolphin,4
basil,4
earl,4
beck,4
fisherman,4
finals,4
dino,4
pedro,4
winnipeg,4
winnie,4
hottest,3
packed,3
vanessa,3
kindly,3
passions,3
aviation,3
present-day,3
aids,3
slick,3
bridges,3
flashy,3
frances,3
double,3
heirloom,3
prehistoric,3
relaxing,3
overwhelming,3
frustrating,3
fails,3
a.k.a,3
focusing,3
farms,3
nearby,3
average,3
stops,3
detours,3
monk,3
perspective,3
ousted,3
dentist,3
d.c.,3
achieving,3
eventual,3
johnson,3
assassination,3
rights,3
spot,3
amanda,3
extends,3
abilities,3
accomplish,3
civilian,3
distress,3
aunts,3
stranded,3
customer,3
virtual,3
viewpoint,3
particularly,3
signature,3
danny,3
realizing,3
melt,3
refuge,3
palin,3
convenience,3
rapist,3
session,3
grey,3
dwindled,3
detour,3
page,3
tara,3
roped,3
items,3
jewelry,3
yes,3
brain,3
totally,3
heroine,3
unforgettable,3
adjust,3
discredited,3
warns,3
earthquake,3
therapist,3
app,3
reuniting,3
dangers,3
alexia,3
pull,3
destructive,3
introduces,3
d.a,3
showcase,3
servant,3
falsely,3
disguised,3
hunted,3
vigilante,3
postman,3
common,3
questions,3
mean,3
existed,3
centers,3
gossip,3
13-year-old,3
meg,3
moved,3
studies,3
typical,3
quarterback,3
sleepy,3
empress,3
overdose,3
hell,3
grief,3
2006,3
heavily,3
todd,3
span,3
olivia,3
invented,3
spray,3
removes,3
redding,3
manhunt,3
attempted,3
2002,3
scooby,3
scrappy,3
masters,3
hennessey,3
bonus,3
idiosyncratic,3
mccartney,3
contract,3
newborn,3
sleep,3
needed,3
investigative,3
cassies,3
stepdaughter,3
supported,3
rely,3
updated,3
bridal,3
exercises,3
brides,3
melissa,3
mario,3
lopez,3
dysfunctional,3
christmastime,3
dashing,3
resist,3
richardson,3
duties,3
samaritan,3
belgian,3
initiates,3
amos,3
lovable,3
reaction,3
counsel,3
ensue,3
colorado,3
buy,3
annoying,3
g-0,3
contains,3
architect,3
strong-willed,3
silver,3
stunning,3
renaissance,3
souls,3
specifically,3
thanksgiving,3
transsexual,3
rare,3
worn,3
unsolved,3
decades-old,3
clue,3
mogul,3
ghetto,3
joyful,3
missed,3
searched,3
opposites,3
placed,3
historic,3
jeopardy,3
relations,3
chilling,3
unorthodox,3
reclusive,3
universe,3
clutches,3
gorgeous,3
blaze,3
captivating,3
pursued,3
campbell,3
lacey,3
slow,3
evaluate,3
carlo,3
blogger,3
long-term,3
anguish,3
background,3
announces,3
sprawling,3
dalton,3
allison,3
sharp,3
frankie,3
caterer,3
touch,3
dishes,3
undeniable,3
remodel,3
roof,3
bills,3
jumps,3
deals,3
fading,3
2005,3
triumphant,3
firmly,3
lindsey,3
scenic,3
flame,3
sabrina,3
mermaid,3
ace,3
prospects,3
deception,3
leann,3
limelight,3
surviving,3
amid,3
skeletons,3
menacing,3
elizabeths,3
wasnt,3
eden,3
ruth,3
cancelled,3
introduced,3
floor,3
biologist,3
recipient,3
natasha,3
brothel,3
refusal,3
rises,3
mormon,3
sect,3
impulsive,3
direction,3
fancy,3
antonio,3
cartel,3
drained,3
tough,3
grisly,3
feisty,3
alamo,3
thatcher,3
outspoken,3
financial,3
one-hour,3
trademark,3
lifestyle,3
summary,3
chicago,3
deranged,3
willing,3
rightful,3
alfred,3
creative,3
hedren,3
peak,3
aspect,3
illness,3
collision,3
adopts,3
depicting,3
louis,3
mayer,3
pinnacle,3
rocky,3
valerie,3
renovating,3
orphaned,3
nativity,3
drum,3
intrusive,3
presumed,3
hastings,3
shake,3
unexplained,3
terrors,3
iii,3
elude,3
wisecracking,3
bitten,3
drunk,3
conspiracy,3
heart-wrenching,3
barry,3
misunderstood,3
valuable,3
circumstances,3
outbreak,3
alexandra,3
missiles,3
ingredients,3
marcus,3
spotlight,3
identical,3
assistance,3
sending,3
resistant,3
witnessed,3
grave,3
breakdown,3
implant,3
surgeon,3
covers,3
sixties,3
speak,3
trigger,3
displays,3
towards,3
corrine,3
exec,3
visiting,3
activities,3
advantage,3
caves,3
disturbed,3
flower,3
guillotine,3
percy,3
st.,3
policy,3
teammates,3
jos,3
1992,3
ably,3
ground-breaking,3
festivities,3
stunt,3
shambles,3
reservation,3
bought,3
demolition,3
integrate,3
fighter,3
constantly,3
gabriel,3
rebecca,3
adulthood,3
entirely,3
dilemma,3
lied,3
selfish,3
mischievous,3
pranks,3
adolf,3
bunker,3
dollar,3
instincts,3
replacement,3
basis,3
runaway,3
patrol,3
messages,3
rossi,3
bumps,3
humiliated,3
genetic,3
feared,3
distraught,3
aim,3
leg,3
circuit,3
bac,3
construction,3
workers,3
cops,3
tight-knit,3
tackles,3
volunteers,3
margo,3
winery,3
begrudgingly,3
length,3
cheer,3
surgery,3
sabotage,3
price,3
attracts,3
stalls,3
spontaneously,3
retreats,3
bonds,3
slain,3
substantial,3
cuba,3
1960,3
overthrow,3
brink,3
exhaustion,3
encouragement,3
hijacked,3
plutonium,3
smoke,3
screen,3
shelley,3
prior,3
possess,3
movie-length,3
filling,3
on-air,3
views,3
unemployed,3
shopper,3
uptight,3
importance,3
stern,3
adolescent,3
customs,3
heritage,3
repeatedly,3
pursuing,3
preacher,3
diego,3
plots,3
long-standing,3
finish,3
hops,3
profound,3
finland,3
invitation,3
banks,3
polygamous,3
drink,3
discipline,3
toughest,3
homage,3
similar,3
goemon,3
departure,3
announced,3
choosing,3
anonymously,3
leonard,3
trek,3
seduction,3
interplanetary,3
closest,3
o'connor,3
squadron,3
col.,3
arranged,3
deborah,3
height,3
worldwide,3
sheds,3
transylvania,3
asteroid,3
ex-con,3
bonnie,3
thwart,3
possessive,3
gulf,3
volcanologist,3
volcano,3
miami,3
caused,3
arresting,3
assassinate,3
freak,3
resources,3
physical,3
punishing,3
disgraced,3
bishop,3
nasty,3
prairie,3
relocated,3
taped,3
madison,3
blend,3
gordon,3
embittered,3
arizona,3
marshall,3
penchant,3
realities,3
hunters,3
doc,3
holliday,3
hardships,3
bridget,3
beth,3
angels,3
tunnels,3
baggage,3
dreamed,3
cornish,3
buckley,3
inheritance,3
continued,3
greed,3
steven,3
inspirations,3
arrive,3
freeman,3
salesman,3
ethan,3
lab,3
summoned,3
conditions,3
scrooge,3
1970s,3
complex,3
1994,3
mount,3
bunch,3
enrolls,3
idol,3
man-eating,3
kirk,3
absent,3
individuals,3
madam,3
cover,3
harvey,3
waning,3
saint,3
roman,3
eternal,3
creates,3
suspended,3
influence,3
scotland,3
appearance,3
heading,3
mistakes,3
heal,3
tunnel,3
landing,3
probably,3
performs,3
hello,3
bombards,3
unfolds,3
intelligent,3
sub,3
ensuing,3
models,3
maddie,3
tenant,3
emory,3
picturesque,3
archival,3
weaponry,3
basement,3
boring,3
crafting,3
producers,3
grandchildren,3
bay,3
terror,3
bid,3
greeted,3
firing,3
check,3
cynthia,3
stevie,3
developing,3
burden,3
harms,3
disappeared,3
surprisingly,3
knocked,3
barrister,3
asylum,3
motel,3
nbc,3
dickens,3
horrors,3
orphanage,3
pickpockets,3
exposed,3
tragically,3
hearing,3
smash,3
language,3
jeannie,3
nelson,3
ailing,3
alice,3
stealing,3
abruptly,3
blamed,3
squad,3
rugged,3
kidnap,3
evolution,3
walt,3
han,3
solo,3
developed,3
resorts,3
stands,3
unconditional,3
african-american,3
wrongly,3
overprotective,3
co-worker,3
pampered,3
hopeless,3
understands,3
prostitute,3
trading,3
brief,3
chemical,3
9-year-old,3
christine,3
remorse,3
locker,3
blaine,3
marshal,3
services,3
bail,3
rekindling,3
employ,3
cheating,3
rejoin,3
earths,3
murky,3
values,3
opinion,3
available,3
scam,3
digital,3
grieves,3
afterwards,3
reverend,3
main,3
pregnancy,3
tyler,3
stroke,3
intends,3
practice,3
quits,3
earned,3
racer,3
clearly,3
marriages,3
winston,3
rossman,3
employees,3
relic,3
unleashes,3
gamble,3
allows,3
hour-long,3
employee,3
artillery,3
verge,3
regret,3
sebastian,3
ability,3
corbett,3
sadistic,3
devious,3
contestant,3
dawn,3
1976,3
innocence,3
retrieve,3
newlyweds,3
conniving,3
narrative,3
frequent,3
big-city,3
outer,3
burglar,3
shared,3
forcing,3
kindhearted,3
roast,3
contemporary,3
prodigy,3
activist,3
opera,3
gaby,3
glory,3
high-society,3
belongs,3
blames,3
monty,3
gunslinger,3
buffalo,3
bold,3
illustrious,3
railroad,3
untimely,3
samuel,3
crumbling,3
clinic,3
25th,3
joining,3
clan,3
described,3
wreak,3
jarod,3
edd,3
denny,3
throne,3
attended,3
authors,3
promote,3
regrets,3
hills,3
ceo,3
takeo,3
shattered,3
rubs,3
deciding,3
cain,3
kilbourn,3
conveniences,3
derby,3
locations,3
talents,3
psychotic,3
converge,3
purchase,3
templer,3
covert,3
anjanette,3
brotherly,3
pirates,3
poisonous,3
playboy,3
patrick,3
mob,3
requires,3
base,3
fickle,3
attitudes,3
kennedy,3
right-hand,3
lucrative,3
attract,3
premise,3
viral,3
hood,3
related,3
heroic,3
intrigue,3
dallas,3
jules,3
nominated,3
institution,3
rent,3
targeted,3
largely,3
quentin,3
jill,3
tearing,3
intimate,3
portrayal,3
tutor,3
object,3
melanie,3
clients,3
zealand,3
programmer,3
loot,3
distrusts,3
extensive,3
forget,3
orson,3
hearst,3
roles,3
harm,3
possessions,3
rarely,3
nervous,3
tears,3
brimming,3
scandals,3
literary,3
disparate,3
reunites,3
respect,3
despair,3
ridden,3
interested,3
china,3
satire,3
1982,3
serving,3
wandering,3
pattern,3
wilcox,3
allied,3
triumphs,3
calvin,3
erupts,3
entertain,3
nicely,3
malice,3
crumbled,3
warmly,3
hallmark,3
supporting,3
spider,3
avenge,3
avery,3
rosemary,3
weird,3
deliberately,3
legends,3
deed,3
subsequent,3
kristofferson,3
awaited,3
material,3
shady,3
scenery,3
jobs,3
churchill,3
telephones,3
victory,3
conclusion,3
employed,3
vengeful,3
disco,3
fiction,3
ruins,3
mythical,3
justin,3
wheelchair,3
primetime,3
dempsey,3
quarrels,3
liquor,3
dropped,3
beneath,3
blossom,3
buttercup,3
russia,3
gently,3
luxury,3
directors,3
tokyo,3
warn,3
fearing,3
tail,3
cheated,3
colleen,3
asking,3
smoothly,3
saying,3
reason,3
tropical,3
sylt,3
hansen,3
ex-lover,3
performing,3
estrangement,3
coleman,3
formidable,3
leo,3
bear,3
delivering,3
neonatal,3
intensive,3
budget,3
energy,3
admirer,3
indians,3
vittorio,3
spanish,3
beginnings,3
wreck,3
disasters,3
flamboyant,3
controversy,3
respond,3
summons,3
committee,3
lyonya,3
devyatov,3
robin,3
alvirah,3
crying,3
takayanagi,3
agreed,3
misty,2
calhoun,2
consult,2
top-secret,2
subjects,2
wipeout,2
dazzled,2
novelty,2
reel,2
electrifying,2
fish-out-of-water,2
wackiness,2
wow-abunga,2
zac,2
efron,2
gabriella,2
hudgens,2
brainy,2
audition,2
tunes,2
explorer,2
orphans,2
pauline,2
petrova,2
posy,2
nurture,2
streatfield,2
caretta,2
rutledge,2
grapple,2
head-on,2
turtles,2
benevolent,2
belle,2
redemption,2
troublemaking,2
offspring,2
cruella,2
vil,2
maleficent,2
evvie,2
jafar,2
travelling,2
angers,2
rusty,2
mouse,2
gia,2
carangi,2
diner,2
attributed,2
downward,2
spiral,2
drummed,2
mdot,2
finley,2
dana,2
sensational,2
stake,2
over-the-top,2
antics,2
fourteen,2
reminds,2
ba'al,2
stargate,2
sg-1,2
catskills,2
memorable,2
additional,2
showcasing,2
trolls,2
calendar,2
branch,2
delightfully,2
sid,2
gomez,2
morticia,2
remedy,2
annabelle,2
annoyed,2
bothers,2
health-conscious,2
chain-smoking,2
know-it-all,2
edda,2
regularly,2
renovated,2
enthusiastically,2
doro,2
appalled,2
packs,2
promptly,2
lament,2
meal,2
creepy,2
spells,2
russo,2
complains,2
materialism,2
suggests,2
proper,2
forlorn,2
fir,2
linus,2
galleria,2
strut,2
amigas,2
nato,2
scale,2
missouri,2
situated,2
silos,2
unscheduled,2
unnecessary,2
shen,2
mold,2
kung,2
aspirations,2
jump,2
juggle,2
homework,2
inner,2
red-nosed,2
glowing,2
hermey,2
yukon,2
cornelius,2
prospector,2
abominable,2
misfit,2
rudoph,2
sleigh,2
fogged,2
rudolph,2
bite,2
sharknado,2
orlando,2
excuses,2
uncaring,2
leblanc,2
bollywood,2
cheetah,2
atop,2
snow-capped,2
adrenaline-fueled,2
cloud,2
inspiring,2
snowboarders,2
self-doubt,2
openness,2
sheffield,2
lyndon,2
11-month,2
jfk,2
lbj,2
isle,2
archenemy,2
uma,2
ursula,2
self-proclaimed,2
hale,2
phoebe,2
strole,2
prized,2
co-founded,2
courtney,2
thorne-smith,2
schull,2
rift,2
kappa,2
alumnae,2
association,2
savannah,2
kion,2
assembles,2
'lion,2
diverse,2
utilize,2
tasks,2
array,2
populate,2
prodigious,2
landscape,2
shuttlecraft,2
endor,2
jermitt,2
catarine,2
gorax,2
ewok,2
deej,2
transmitter,2
blaster,2
four-year,2
elder,2
towanis,2
bff,2
sixteenth,2
duncans,2
blankenhoopers,2
palm,2
springs,2
roswell,2
purchasing,2
clunker,2
yugo,2
zany,2
blankenhooper,2
long-time,2
rags-to-riches,2
garret,2
garrets,2
washed,2
pleads,2
strapped,2
seventh,2
eighth,2
ally,2
holloway,2
claimed,2
17,2
communists,2
investigations,2
hampered,2
incompetence,2
steward,2
transfers,2
rydell,2
contend,2
rizzo,2
pink,2
discarded,2
silk,2
top-hat,2
washed-up,2
schoolchildren,2
newly-living,2
colder,2
climate,2
stow,2
freight,2
heilemann,2
halperin,2
republican,2
kicks,2
gear,2
savvy,2
drain,2
strategists,2
roach,2
2012,2
indulge,2
scotch,2
inexperienced,2
onassis,2
dbutantes,2
withdrew,2
grasp,2
desert-like,2
awaits,2
leggat,2
pushes,2
martha,2
disher,2
chairing,2
silent,2
much-needed,2
botanical,2
pops,2
associate,2
pitches,2
organize,2
swirl,2
donated,2
conjure,2
clerk,2
bledel,2
levi,2
mystified,2
absent-minded,2
aneurysm,2
short-term,2
anew,2
represents,2
babysitters,2
luci,2
supervision,2
cowabunga,2
splashed,2
mckenzie,2
'60s,2
flick,2
full-blown,2
erupt,2
amidst,2
storyline,2
dreamy,2
overflowing,2
high-energy,2
endless,2
bennett,2
home-away-from-holiday-home,2
camryn,2
beings,2
twitches,2
comedy/sci-fi/adventure,2
invent,2
endured,2
mainland,2
multiple,2
hayley,2
bloom,2
anticipated,2
navigate,2
drakken,2
duff,2
monique,2
initiative,2
gina,2
obligations,2
scarecrow,2
hides,2
sombertown,2
warlock,2
humanity,2
chocolate,2
chip,2
mouthwatering,2
zenon,2
kar,2
domination,2
depends,2
sour,2
lance,2
jock,2
lancelot,2
clarkson,2
babysitter,2
jeffrey,2
clint,2
wooden,2
fill,2
fedoras,2
underpants,2
s**t,2
'mouthful,2
thelma,2
tenderness,2
fluidity,2
lyrical,2
heart-breaking,2
markle,2
airlines,2
january,2
re-broadcast,2
focused,2
beamer,2
bingham,2
burnett,2
glick,2
grandcolas,2
wainio,2
appearances,2
peterson,2
xchange,2
transference,2
instantaneous,2
corpie,2
xchanging,2
limited,2
cloned,2
ghost-infested,2
publicity-hound,2
bruttenholms,2
bloodbath,2
harpies,2
hellhounds,2
ferocious,2
goddess,2
hecate,2
mick,2
josie,2
bissett,2
hawaiian,2
surfer,2
slopes,2
folklore,2
thunder,2
bureau,2
paranormal,2
dispatches,2
samurai,2
dimension,2
feudal,2
pyrokinetic,2
fishboy,2
pissed-off,2
dragon,2
twitchell,2
wheeze,2
slush,2
melting,2
clashes,2
abuses,2
horses,2
crow,2
wilkins,2
complaint,2
wages,2
emaciated,2
'50s,2
rocker,2
knives,2
crowned,2
dead-set,2
vase,2
hardship,2
alana,2
boden,2
fanatic,2
skeet,2
ulrich,2
hilly,2
encampment,2
accomplice,2
wanda,2
barzee,2
deirdre,2
lovejoy,2
starved,2
drugged,2
subjected,2
rituals,2
enabled,2
followup,2
aponso,2
afford,2
ghostwrite,2
cookbook,2
tame,2
peeling,2
layers,2
tough-guy,2
persona,2
vulnerable,2
big-shot,2
dueling,2
complement,2
boil,2
neufund,2
brambach,2
aglaia,2
szyszkowitz,2
16-year-old,2
hip,2
hindu,2
roundabout,2
zayn,2
baig,2
urzendowsky,2
juggling,2
loyal,2
all-star,2
fitness,2
classes,2
thirty-something,2
affection,2
eldest,2
chemist,2
bike,2
lane,2
informs,2
gidget,2
smitten,2
pleasant,2
promotions,2
promotional,2
hunky,2
replace,2
milan,2
hauser,2
speaking,2
spoon,2
walter,2
refuse,2
confides,2
simultaneously,2
dumps,2
intent,2
jrgen,2
heute,2
wird,2
gelebt,2
resell,2
consignment,2
dani,2
puzzles,2
dresss,2
lynwood,2
long-missing,2
rags,2
acerbic,2
unloving,2
simple-minded,2
stepbrothers,2
vocally,2
reginald,2
phenomenon,2
jews,2
long-,2
carlton,2
ian,2
whitcomb,2
margarets,2
malick,2
hudson,2
bethany,2
lenz,2
jenner,2
polar,2
publication,2
shifts,2
lend,2
totalitarian,2
unethical,2
1892,2
stuff,2
governess,2
engage,2
abandon,2
humankind,2
icy,2
organizing,2
krug,2
orchestrating,2
exquisite,2
expect,2
feet,2
fools,2
whiz,2
marano,2
leigh-allyn,2
necklace,2
possessing,2
dogged,2
high-end,2
rangely,2
chabert,2
devises,2
laid-,2
curveball,2
harriet,2
welsch,2
hawthorne,2
vie,2
nicks,2
gingerbread,2
all-expenses-paid,2
halfway,2
bacon,2
sacramento,2
dame,2
cockney,2
dazzling,2
smile,2
1993,2
cheeky,2
chirpy,2
shaped,2
1993,2
contemplates,2
evacuation,2
deeks,2
doomed,2
ronnie,2
littlewood,2
bombshell,2
consummate,2
rapturous,2
applause,2
blue-collar,2
sovereign,2
disapproving,2
unaccepting,2
mother-in-lawthe,2
queenand,2
rehearsal,2
stalled,2
lita,2
bassist,2
taser,2
immobilize,2
skeptical,2
litas,2
dateless,2
baltania,2
mathematically,2
librarian,2
sleuth,2
fields,2
autumn,2
spite,2
dispute,2
performer,2
1920s,2
inns,2
pile,2
gathers,2
tumultuous,2
yagami,2
gods,2
dropping,2
aired,2
anime,2
alaska,2
rider,2
horseback,2
surfaces,2
implying,2
challenger,2
batter,2
stirs,2
thinspiration,2
follower,2
founder,2
butterflyana,2
fully,2
eat,2
exorcise,2
1961,2
yankees,2
hated,2
bang,2
nearing,2
competed,2
sculptor,2
reignites,2
swamps,2
callahan,2
floating,2
snake-heads,2
genetically,2
engineered,2
belong,2
predators,2
kingsford,2
olympic,2
severe,2
asthma,2
ceased,2
listening,2
burgeoning,2
sexuality,2
scares,2
nightly,2
escorts,2
prostitutes,2
clasp,2
aggressively,2
evident,2
implies,2
movement,2
parks,2
history-making,2
boycott,2
jeffs,2
polygamist,2
walton,2
kick-start,2
priscilla,2
ms.,2
incredibly,2
donovan,2
aristocratic,2
mangled,2
dea,2
seguin,2
chupacabras,2
predatory,2
wayward,2
beasts,2
premiership,2
mavis,2
revealing,2
ceremony,2
klaus,2
neil,2
valentine,2
welcomes,2
inspires,2
upheaval,2
minds,2
cinema,2
hitchcocks,2
shoot,2
copes,2
pays,2
companionship,2
provides,2
owen,2
michaels,2
hypothetical,2
forming,2
nicknamed,2
forgot,2
lorna,2
touching,2
jeanette,2
silicon,2
contractor,2
nobody,2
winchell,2
antiques,2
somebody,2
fooled,2
pure,2
blade,2
weaknesses,2
dramatisation,2
blair,2
sands,2
explains,2
attic,2
face-to-face,2
testimony,2
add,2
widely,2
bringing,2
rings,2
awkward,2
whenever,2
getaway,2
somewhat,2
doctors,2
surgical,2
flowers,2
dollanganger,2
rejected,2
pimpernel,2
jaws,2
closing,2
misunderstanding,2
boleyn,2
piccolo,2
francisca,2
snchez,2
del,2
craig,2
impress,2
chas,2
personalities,2
rental,2
lighthouse,2
corps,2
tuskegee,2
airman,2
airbase,2
endure,2
harassement,2
prejudice,2
combat,2
gabby,2
messinger,2
presumably,2
boothe,2
copilot,2
demornay,2
drill,2
table,2
highs,2
lows,2
afraid,2
truthful,2
infatuated,2
worming,2
manipulating,2
grip,2
radically,2
imaginary,2
banish,2
boogeyman,2
manipulative,2
increases,2
colliding,2
pedestrian,2
bicycle,2
too-good-to-be-true,2
24-jul,2
in-depth,2
highlights,2
tilky,2
nikki,2
dowdle,2
tobias,2
ill-prepared,2
jealousy,2
heartbreak,2
maven,2
webcam,2
multi-million,2
coincidental,2
keen,2
examines,2
corner,2
mis-hearing,2
canceling,2
handling,2
martini,2
penguin,2
tutors,2
materials,2
dastardly,2
villain,2
vlad,2
impaler,2
warlord,2
scarce,2
rescuer,2
brighten,2
reset,2
guigo,2
exchanges,2
tlio,2
fishery,2
roberto,2
paulo,2
unceremoniously,2
soon-to-be-published,2
leap,2
signs,2
scheduled,2
read,2
naturally,2
zone,2
plunges,2
nicholas,2
graduation,2
parallel,2
chronometer,2
navigation,2
gould,2
restoring,2
biographer,2
deteriorating,2
denied,2
quitting,2
mutants,2
variation,2
population,2
camping,2
jasper,2
smithee,2
facility,2
colonists,2
roanoke,2
1587,2
provisions,2
ananais,2
norse,2
enlisting,2
native,2
earthly,2
captivity,2
carstairs,2
unnerve,2
unravels,2
watcher,2
select,2
mode,2
pilgrimage,2
pau,2
monza,2
noticed,2
monaco,2
bugatti,2
lamborghini,2
cruising,2
canals,2
tarmac,2
ferrari,2
f12,2
berlinetta,2
mercedes,2
sls,2
throw,2
pagani,2
huayra,2
porsche,2
gt3,2
aston,2
vanquish,2
centenary,2
edition,2
bentley,2
convertible,2
rolls,2
royce,2
coupe,2
face-bending,2
mono,2
weddings,2
pastor,2
paperwork,2
airstrip,2
meteor,2
spirit-like,2
bulldozer,2
rampage,2
elijah,2
skilled,2
four-member,2
nikoli,2
putin,2
outskirts,2
ex-military,2
karate,2
influenced,2
headaches,2
edgy,2
batmans,2
bros.,2
logan,2
gulfport,2
mississippi,2
resurrecting,2
hurricane,2
struck,2
pitch,2
harshman,2
talley,2
hughs,2
furthermore,2
garritson,2
seths,2
shaky,2
window,2
torments,2
cat-and-mouse,2
fins,2
slimy,2
scales,2
thirteenth,2
ferris,2
wheel,2
relive,2
overwhelmed,2
webster,2
irreplaceable,2
mackenzie,2
newfound,2
fondness,2
lancaster,2
gladly,2
leaked,2
nathaniel,2
cambria,2
pearson,2
lemon,2
oaks,2
ism,2
punishment,2
suspension,2
never-ending,2
cement,2
injected,2
serum,2
heals,2
strength,2
reflexes,2
equips,2
gadgets,2
indestructible,2
shield,2
sentinel,2
insider,2
five-star,2
maggies,2
protests,2
decipher,2
franciscos,2
pros,2
daniels,2
certificate,2
lynette,2
eason,2
harlequin,2
suspense,2
falicia,2
blakely,2
fast-lane,2
pimp,2
predator,2
unwinding,2
controlling,2
lonesome,2
lift,2
kisses,2
psychologist,2
collapsed,2
barren,2
winfield,2
rain-slicker,2
cargo,2
hook,2
homicides,2
m.o,2
ensuring,2
portion,2
populace,2
plague,2
quarantines,2
camps,2
alternative,2
cautionary,2
tolkin,2
gutsy,2
torch,2
afflicted,2
humane,2
moira,2
co-stars,2
butterflies,2
mirabal,2
decade,2
ex-market,2
stall,2
liverpool,2
scripts,2
1969,2
'golden,2
optimistically,2
mcpartlin,2
coping,2
pushy,2
celeste,2
jeffers-johnson,2
kaitlin,2
doubleday,2
.now,2
stuck,2
non-boyfriend,2
sidelined,2
crushed,2
muster,2
playful,2
well-intentioned,2
amends,2
instills,2
hard-boiled,2
mystical,2
tome,2
farmhouse,2
renegade,2
hurtling,2
disarm,2
tons,2
ounce,2
roughshod,2
bullet-packed,2
assault,2
piloted,2
mercenary,2
browns,2
newswoman,2
britt,2
jaime,2
pressly,2
shockingly,2
jays,2
raley,2
gannon,2
currie,2
woke,2
britts,2
vindication,2
arson,2
demonic,2
amityville,2
300,2
uncertain,2
manipulates,2
manifesting,2
rbezahl,2
baroness,2
harrant,2
plunder,2
sawmill,2
hera,2
at-large,2
wichita,2
hone,2
btk,2
snafu,2
admits,2
hates,2
debacle,2
christmas-y,2
parisi,2
fine,2
american-born,2
uninterested,2
revaluate,2
1941,2
atrocities,2
fraisse,2
viciously,2
bullied,2
torontos,2
sony,2
50th,2
showcases,2
orchestra,2
spectacle,2
recreates,2
concept,2
mauro,2
ranallos,2
pay-per-view,2
relentless,2
ranallo,2
persevere,2
emperor,2
tiberius,2
bravest,2
subdue,2
cyclops,2
decimating,2
saddled,2
battalion,2
incompetents,2
colours,2
regimental,2
flag,2
regiment,2
standard,2
eagle,2
never-before-seen,2
1978,2
900,2
guyana,2
tainted,2
punch,2
teen-age,2
hobby,2
photography,2
backgrounds,2
leprechaun,2
lifeguard,2
catches,2
anomaly,2
misusing,2
mandy,2
irwin,2
lahana,2
attending,2
moms,2
dependence,2
phoenix,2
house-swap,2
cavanagh,2
solitude,2
gabrielle,2
gil,2
bellows,2
911,2
condo,2
calamities,2
romances,2
relocates,2
kingsbury,2
sweeping,2
callens,2
findlay,2
nash,2
semester,2
defining,2
curing,2
lapland,2
helsinki,2
railway,2
systems,2
laplander,2
jallu,2
1200,2
745,2
miles,2
bradley,2
celia,2
shed,2
mommy,2
mba,2
mistakenly,2
snotty,2
compound,2
freethinking,2
like-minded,2
ryder,2
compounds,2
prophet,2
ervil,2
cheerleaders,2
principal,2
amok,2
administrators,2
fab,2
disregard,2
suggestive,2
cheerleading,2
superiors,2
ask,2
resign,2
unconventional,2
kapahala,2
oahu,2
tsunami,2
kauai,2
12-year-old,2
step-grandmother,2
resents,2
boarding,2
caters,2
boarders,2
turf,2
melody,2
divorcee,2
clothing,2
record-breaking,2
raw,2
grossing,2
impressions,2
buckwheat,2
gumby,2
spike,2
composed,2
gained,2
attentions,2
henchman,2
shade,2
paired,2
mcfly,2
resource,2
worthy,2
prosecutor-turned-therapist,2
powerhouse,2
mensa,2
acutely,2
observant,2
thin,2
strict,2
horizon,2
bible,2
strictly,2
supervised,2
mandatory,2
sessions,2
fraternizing,2
foot,2
cling,2
covington,2
alabama,2
stows,2
tender,2
shrinking,2
hound,2
sixteen-year,2
absence,2
geniuses,2
cutting,2
nimoy,2
bloopers,2
progression,2
levar,2
burton,2
chad,2
deceptive,2
expenses,2
snacks,2
formulas,2
inquisitor,2
unnoticed,2
reached,2
trudi,2
miniseries,2
gino,2
bartali,2
fausto,2
coppi,2
unintended,2
leonardo,2
pages,2
handwritten,2
notes,2
comprehensive,2
inventor,2
writings,2
visual,2
re-create,2
mindscape,2
mankinds,2
polymath,2
mocking,2
peer,2
zettabytes,2
individuality,2
norma,2
capt,2
jovial,2
time-warped,2
1987,2
2491,2
global,2
piloting,2
starfighter,2
directorate,2
huer,2
wilma,2
deering,2
oh-so-foxy,2
voiced,2
cartoon,2
blanc,2
portable,2
computer-brain,2
theopolis,2
carried,2
oversized,2
bling-bling,2
journal,2
balls,2
widely-read,2
brazen,2
world-renowned,2
gianni,2
colantoni,2
ridiculed,2
critics,2
bankrupts,2
allegra,2
lucia,2
welch,2
santo,2
feore,2
rehab,2
re-ignite,2
vision,2
peninsular,2
saves,2
wellington,2
rothschild,2
command,2
platoon,2
riflemen,2
surly,2
irishman,2
hagman,2
'proper,2
mourned,2
treason,2
munster,2
ex-fianc,2
hallmarks,2
warnings,2
publicity,2
exploding,2
iceland,2
deflected,2
shift,2
rapid,2
heating,2
hopefully,2
mid-term,2
c.j,2
arctic,2
looting,2
abner,2
robots,2
laboratory,2
amusement,2
platform,2
unleash,2
rapes,2
horrifying,2
offshore-drilling,2
rig,2
bursts,2
vitrini,2
confirming,2
long-dormant,2
illegal,2
deep-sea,2
drilling,2
awakened,2
catastrophic,2
amounts,2
magma,2
pumped,2
1943-45,2
downed,2
diplomatic,2
catholic,2
kappler,2
openly,2
vogel,2
paulson,2
mabius,2
seams,2
populated,2
lengthy,2
strip,2
wynn,2
triathlete,2
peak-performance,2
rigorous,2
cutting-edge,2
experimental,2
hypnotherapy,2
render,2
limits,2
repressed,2
regimen,2
impressive,2
gains,2
glass,2
ceiling,2
suffer,2
satisfy,2
escalating,2
tyrant,2
knd,2
betrayed,2
citizombies,2
immortal,2
tapioca,2
refuel,2
k.n.d,2
booth,2
trauma,2
regains,2
consciousness,2
mcgrath,2
mosque,2
mcgillion,2
restaurant/catering,2
promoting,2
eatery,2
stay-home,2
3-year-old,2
vanishes,2
trusted,2
socialites,2
corridors,2
jammin,2
paramount,2
cableace,2
biting,2
gently-observed,2
observational,2
dack,2
rambo,2
elyssa,2
davalos,2
stuart,2
messed,2
kemschler,2
wheatley,2
brute,2
purging,2
recovers,2
pioneers,2
sympathize,2
comedy-adventure,2
twelve-year-olds,2
resting,2
skier,2
kats,2
teammate,2
maddy,2
connect,2
maddys,2
coaching,2
spark,2
coaches,2
rethink,2
push,2
palladino,2
e.r,2
infiltrate,2
choppers,2
pitted,2
reservoir,2
cutthroat,2
protecting,2
enlisted,2
steer,2
endings,2
koenigsberg,2
legions,2
physics,2
hid,2
eik,2
justus,2
great-granddaughter,2
mila,2
magnate,2
spares,2
ahold,2
monument,2
leipzig,2
dunes,2
peter-ording,2
berchtesgaden,2
alps,2
adventurous,2
dreamtool,2
immensely,2
warriors,2
life-altering,2
ivy,2
fortunately,2
big-time,2
messenger,2
wickedest,2
dodge,2
wyatt,2
earp,2
leahs,2
julies,2
eternity,2
wily,2
sheep,2
bluffs,2
dim-witted,2
bidding,2
chaotic,2
shaun,2
carefully,2
speed,2
rooftop,2
raising,2
turn-of-the-century,2
cloning,2
astronomer,2
sphinx,2
dynamic,2
jackies,2
wounds,2
survived,2
picture,2
hole,2
protection,2
noted,2
fraud,2
filmed,2
aidan,2
gatiss,2
sensation,2
iconic,2
benedict,2
dignity,2
porter,2
unwavering,2
meteorologist,2
tornadoes,2
addison,2
thoroughgood,2
industrial,2
strife,2
trainee,2
diplomat,2
viktor,2
fifth,2
bikini,2
sacred,2
certainly,2
lattimore,2
martians,2
expectations,2
enthusiasm,2
defend,2
dramatizes,2
teachings,2
accidently,2
gene,2
nasa,2
pax,2
remade,2
sidney,2
hattie,2
poisoning,2
merrishaw,2
cape,2
charts,2
transforms,2
abby,2
fugitives,2
submarine,2
annihilation,2
baxter,2
wear,2
backfires,2
altar,2
teaches,2
fran,2
weaves,2
vasili,2
arsenal,2
ralph,2
keeping,2
gave,2
grandparents,2
retitled,2
mercenaries,2
gather,2
outbid,2
coin,2
gone,2
ideals,2
assembled,2
administrative,2
vacant,2
persuasive,2
paralysed,2
walk,2
pathfinder,2
lovely,2
stepmother,2
f-16,2
harduvel,2
joint,2
astronaut,2
retire,2
teri,2
polo,2
bedside,2
responsibilities,2
dire,2
persuades,2
ginny,2
hallucinations,2
resigns,2
grueling,2
jumping,2
sustained,2
centuries,2
creator,2
disneyland,2
franchise,2
caring,2
hapless,2
harmony,2
1940,2
nevertheless,2
manipulate,2
denying,2
satanic,2
threatening,2
allie,2
desiree,2
passerby,2
remembering,2
oregon,2
pamela,2
terrorizes,2
encouraged,2
boldly,2
richie,2
entering,2
liaison,2
aka,2
crossed,2
murderess,2
penn,2
hangs,2
santaville,2
roll,2
crust,2
resulting,2
swamp,2
fit,2
well-meaning,2
candy,2
nay,2
kirby,2
rodriguez,2
narrates,2
mayfield,2
gann,2
joshua,2
stiller,2
thrilling,2
assisting,2
nurses,2
sr.,2
disastrous,2
forrest,2
ambitions,2
trailer,2
lahey,2
mcdougals,2
display,2
otherwise,2
structure,2
eerie,2
disillusioned,2
granted,2
valerio,2
irene,2
freddy,2
usual,2
i-5,2
howard,2
nim,2
demeanor,2
cottage,2
rickman,2
lunch,2
nostalgic,2
ogden,2
groundhogs,2
asset,2
mock,2
registration,2
economics,2
#NOMBRE?,2
again-,2
nerdy,2
shrew,2
simons,2
school-kids,2
invade,2
uncredited,2
saucer,2
conan,2
doyle,2
pitiless,2
dictator,2
theseus,2
hippolyta,2
hermia,2
mechanicals,2
rehearse,2
stirring,2
25-year,2
bronson,2
newspaperman,2
runway,2
theatrically,2
margery,2
penelope,2
cleaner,2
gladys,2
disturb,2
knock,2
panic,2
cleaners,2
wrecked,2
snowballs,2
spree,2
woolley,2
stringer,2
puzzling,2
net,2
tightens,2
propelled,2
closets,2
reflect,2
disappointed,2
first-ever,2
complicate,2
strongly,2
reconstructed,2
converted,2
step-sister,2
downing,2
hahn,2
lindbergh,2
namesake,2
hauptmann,2
pointe,2
reeves,2
gallagher,2
infusing,2
modernism,2
choreographers,2
radetsky,2
stiefel,2
wormald,2
winners,2
selected,2
bella,2
muoz,2
hugely,2
lukasiak,2
competes,2
denise,2
petski,2
philanderer,2
unwary,2
wexler,2
night-time,2
definitely,2
toast,2
blackmailed,2
daytime,2
marital,2
sabina,2
bestseller,2
danielle,2
fernando,2
mighty,2
freyja,2
mild,2
mannered,2
buyer,2
embraces,2
melbourne,2
1886,2
gentlemen,2
hansom,2
cab,2
climbs,2
kilda,2
shockwaves,2
flush,2
gold-rush,2
boom,2
shepherd,2
ruining,2
piranha,2
kirill,2
olga,2
liquidate,2
guise,2
taiga,2
prohor,2
leisure,2
hand-made,2
bone,2
knife,2
forests,2
targets,2
bohn,2
re-imagining,2
1979,2
python,2
debate,2
acceptable,2
comet,2
chronic,2
sleepwalker,2
miscarriage,2
sleepwalks,2
bedroom,2
madly,2
wasps,2
sprayed,2
pesticide,2
l.m,2
sinese,2
indescribable,2
revolving,2
quaker-like,2
inspectors,2
identities,2
falsify,2
boxes,2
obtains,2
maxed,2
minimum,2
balances,2
extortion,2
changer,2
presidency,2
leaders,2
optimism,2
replaced,2
cynicism,2
pivotal,2
woodward,2
bernstein,2
doggedly,2
investigated,2
exposing,2
martine,2
virginity,2
perilous,2
delaware,2
trenton,2
untamed,2
escapades,2
tough-talking,2
calamity,2
canary,2
cohorts,2
cowgirl,2
traverses,2
continents,2
dora,2
vivacious,2
gold-hearted,2
ozarks,2
sideways,2
fireworks,2
summerall,2
work-obsessed,2
westward,2
settlers,2
lahaye,2
planted,2
expanding,2
long-promised,2
offset,2
assume,2
close-knit,2
asunder,2
colette,2
swiss,2
mama,2
josephine,2
moonshine,2
clasping,2
rants,2
bonks,2
snow-covered,2
ole,2
aleksander,2
leker,2
gangen,2
forstyrrer,2
mor,2
som,2
vasker,2
ved,2
ringe,2
dren,2
sin,2
egen,2
nkkel,2
det,2
byr,2
bare,2
flere,2
forviklinger,2
forteller,2
anne-cath,2
vestly,2
bundy,2
dissolute,2
manette,2
undimmed,2
devotion,2
ensnared,2
condemned,2
concocts,2
baudouin,2
transfer,2
moshi,2
desprerate,2
frederick,2
trains,2
fluent,2
handy,2
carries,2
accomplishing,2
caper,2
strategist,2
lettow-vorbeck,2
lifeblood,2
infectious,2
near-death,2
voices,2
watkins,2
1746,2
resulted,2
jacobite,2
tore,2
highlands,2
credits,2
mishandled,2
hailed,2
breakthrough,2
cinematography,2
non-professional,2
prebble,2
opened,2
bed-and-breakfast,2
strands,2
roxy,2
wells,2
fargo,2
pasts,2
rated,2
article,2
keating,2
wolmans,2
teanna,2
fletcher,2
pound,2
deserves,2
assassins,2
eastman,2
rolling,2
two-month,2
retiring,2
deployment,2
separating,2
kristy,2
swanson,2
galadriel,2
stineman,2
ollie,2
alec,2
crewson,2
garber,2
gunned,2
shook,2
milton,2
2004-05,2
dimwitted,2
meaty,2
foils,2
invisible,2
hijack,2
demand,2
olthwaite,2
shovels,2
pudding,2
daring,2
raids,2
records,2
denley,2
moor,2
morstan,2
convicts,2
1857,2
mere,2
barbra,2
streisand,2
reagan-era,2
proliferation,2
diva,2
1972,2
automated,2
appliances,2
lights,2
miswired,2
boards,2
hippie-dippie,2
brooklynese,2
pronunciations,2
sexually,2
transmitted,2
hoipes,2
separation,2
feuds,2
foods,2
absurdity,2
camouflage,2
thoroughbred,2
filly,2
undefeated,2
nationally,2
kentucky,2
espn,2
yves,2
simoneau,2
shepard,2
whiteley,2
geldings,2
2007,2
downs,2
shreveport,2
elmont,2
songstress,2
fania,2
fnelon,2
plucked,2
auschwitz,2
musicians,2
soothe,2
gas,2
bona,2
fide,2
projects,2
threw,2
entangled,2
volatile,2
cardinal,2
demonstrate,2
stalking,2
lesson,2
nemo,2
ferrer,2
atlantis,2
fiendish,2
upstanding,2
embedded,2
matriarch,2
molested,2
abused,2
enslaved,2
rhode,2
morwitz,2
forgiveness,2
knit,2
tri-athlete,2
pours,2
headlines,2
scream,2
sting,2
unbelievable,2
berating,2
listens,2
accusing..,2
materialize,2
upgraded,2
positive,2
errand,2
impression,2
looked,2
assumed,2
terms,2
thats,2
peacemaker,2
images,2
seas,2
castaways,2
rockford,2
jackson,2
valentines,2
remorseful,2
riki,2
allegations,2
jody,2
hoover,2
clash,2
clyde,2
composer,2
acrimoniously,2
dissolved,2
comeback,2
catastrophes,2
atmosphere,2
phenomena,2
locatetv.com,2
snowden,2
forgets,2
recharge,2
seger,2
asia,2
scientific,2
retroviruses,2
erythrocytes,2
dna,2
retrovirus,2
replication,2
enzymatic,2
apparatus,2
nucleic,2
acids,2
ex-hockey,2
molesting,2
appointed,2
gathering,2
monitoring,2
erase,2
controls,2
biology,2
bats,2
ignore,2
picnic,2
riverbank,2
allegiance,2
curbing,2
profligate,2
20-year,2
magistrate,2
gross,2
impertinence,2
wiles,2
jailer,2
dressed,2
washer,2
machinations,2
weasels,2
ex-cop,2
mobsters,2
gangland,2
wrong-doings,2
reconnecting,2
boyd,2
charged,2
hydro,2
dam,2
advance,2
prolonging,2
african-americans,2
beau,2
rag-tag,2
recuperate,2
grounds,2
screams,2
underneath,2
snapped,2
entertainer,2
disc,2
garth,2
counting,2
excercises,2
giddings,2
coup,2
stop-motion,2
post-1973,2
rankin/bass,2
toronto-based,2
cuppa,2
2008,2
rooney,2
comin,2
irving,2
anderson,2
exception,2
miser/heat,2
maury,2
guzelian,2
lilo,2
glitch,2
barton,2
aborting,2
corruption,2
winslow,2
alyssa,2
milano,2
approved,2
connie,2
selleca,2
reasons,2
infant,2
out-of-work,2
tourists,2
massacred,2
1916,2
unbeknownst,2
drills,2
dozens,2
albino,2
complication,2
nookie,2
preppies,2
guidos,2
slaughter,2
mentally,2
physically,2
father-son,2
recounting,2
wracked,2
galvanized,2
carolina,2
1980,2
stalker,2
made-for-cable-tv,2
conspiring,2
protesters,2
riot,2
1968,2
democratic,2
manner,2
recreations,2
transcripts,2
defendants,2
addict,2
theories,2
tarantino,2
benz,2
lapsed,2
rents,2
inspirational,2
fundraising,2
healed,2
australian,2
sympathetic,2
frequentarsi,2
wonder,2
proceed,2
abides,2
batman,2
bullying,2
commemorative,2
brock,2
cattaneo,2
illustrates,2
cracks,2
marta,2
ushers,2
seminars,2
persuade,2
fraser,2
worry,2
drugs,2
doubts,2
plastic,2
fridel,2
brooding,2
grabs,2
carousel,2
grabbed,2
decking,2
trimming,2
avoid,2
observe,2
cookies,2
symbolizes,2
preserving,2
cecilia,2
screwed,2
triggering,2
ex-employee,2
guillermo,2
retaliate,2
unfaithful,2
acquired,2
venereal,2
gambling,2
riverboat,2
goalie,2
resistence,2
anders,2
endearing,2
brac,2
cullen,2
afghanistan,2
nurestan,2
nevada,2
spelman,2
parish,2
coincidentally,2
run-over,2
spellmans,2
invite,2
tide,2
logging,2
vietenam,2
vet,2
charmed,2
1999,2
millenium,2
enlightenment,2
entails,2
tenktonese,2
heretic,2
shortcut,2
easily,2
1925,2
lawyers,2
runner,2
sub-four,2
angelou,2
rydert,2
tailspin,2
cassidy,2
confinement,2
information,2
reprioritise,2
1819,2
continually,2
broke,2
rumours,2
novels,2
middlemarch,2
floss,2
silas,2
marner,2
wheat,2
hitch-hiking,2
reaping,2
stranding,2
guru,2
libby,2
fostering,2
30th,2
corwin,2
unlucky,2
environmentalist,2
weight,2
awestruckuntil,2
bernhard,2
eco-conscious,2
gardener,2
consistently,2
emerges,2
1912,2
matinee,2
grapples,2
morphine,2
alcoholism,2
debauchery,2
anger,2
twenty-something,2
diver,2
keys,2
breathe,2
1910,2
massai,2
meto,2
fringe-eared,2
oryx,2
rockwell,2
quarrel,2
painters,2
foreman,2
laid,2
unemployment,2
excuse,2
pre-med,2
pressured,2
disobeying,2
shipment,2
ubangan,2
sgt,2
barthelemy,2
succumb,2
picked,2
orderlies,2
treated,2
s.s.a..,2
babysit,2
swordsman-poet,2
elephant,2
conservationists,2
walsh,2
mangatiti,2
ordeal,2
garner,2
virtually,2
recluse,2
godchild,2
skaggs,2
cobbs,2
belatedly,2
congressional,2
veterinarians,2
wary,2
helpfulness,2
friendships,2
if/when,2
sealed,2
servants,2
lost-mail,2
undeliverable,2
packages,2
miraculously,2
recently-orphaned,2
mentor,2
off-beat,2
deposit,2
conventionality,2
bender,2
silvia,2
sabine,2
erfurt,2
allowed,2
romania,2
ransomed,2
draw,2
demonstrating,2
border,2
checkpoint,2
nerve,2
associates,2
draws,2
arduous,2
thailand,2
voyeuristic,2
orchestrates,2
risky,2
passion-charged,2
classy,2
erotic,2
zalman,2
scorned,2
nations,2
holland,2
luring,2
labyrinth,2
traps,2
defending,2
archeologist,2
seaburgh,2
aldeburgh,2
suffolk,2
crowns,2
anglia,2
legendarily,2
carla,2
loosely,2
midwife,2
marcel,2
core,2
aimlessly,2
motte,2
neo,2
orientation,2
layla,2
navid,2
expression,2
formulated,2
negatively,2
positively,2
powelz,2
maximises,2
interpretation,2
fullest,2
ohne,2
dich,2
sobering,2
comforting,2
certainty,2
rosenau,2
editor-in-chief,2
hardly,2
stressed-out,2
fainting,2
untraceable,2
triplet,2
jakob,2
buchmann,2
opposite,2
checking,2
tobin,2
gatherings,2
disrepair,2
looming,2
restores,2
rapport,2
harassment,2
weinstein,2
evers,2
marvin,2
ellison,2
poker,2
disagreement,2
voight,2
skipper,2
'rainbow,2
greenpeace,2
docks,2
auckland,2
1985,2
testing,2
vessel,2
superintendent,2
neill,2
terrorism,2
harbor,2
xii,2
regions,2
therefore,2
isanhart,2
laurin,2
continent,2
antagonistic,2
amelia,2
earhart,2
lackner,2
tragedies,2
katrinka,2
clive,2
iowa,2
practices,2
swimming,2
hindley,2
linton,2
sports,2
anthology,2
brenden,2
boost,2
sheriffs,2
rhonda,2
vengeance,2
gotten,2
ira,2
bombing,2
pong,2
significant,2
titles,2
atari,2
interactive,2
arcade,2
diversion,2
medium,2
dara,2
o'briain,2
gaming,2
romero,2
progressive,2
humorous,2
uninitiated,2
gamers,2
worked,2
instructors,2
bother,2
spoken,2
choke,2
gaining,2
much-desired,2
ever-present,2
self-control,2
grab,2
panama,2
'specialist,2
trough,2
'ricky,2
edmunds,2
edmonds,2
pulp,2
zoran,2
serbian,2
paramilitary,2
'order,2
'finish,2
coven,2
division,2
netforce,2
initiated,2
gates-type,2
loophole,2
browser,2
net-force,2
bakula,2
world-famous,2
skyfall,2
85th,2
february,2
23rd,2
self-esteem,2
sells,2
vintage,2
snob,2
francesca,2
unjustly,2
ironclads,2
tnt,2
css,2
merrimack,2
monitor,2
roads,2
1862-march,2
1862,2
chess,2
danson,2
eleanor,2
exploits,2
blue-eyed,2
conrad,2
digger,2
trusting,2
ventures,2
juvenile,2
delinquents,2
decided,2
confronts,2
stats,2
kobe,2
bryant,2
mentorships,2
18-year,2
tenure,2
sulliway,2
sleepaway,2
internship,2
kizzmit,2
prank,2
lancer,2
say,2
ignite,2
martz,2
unmarried,2
family-court,2
avoided,2
l.a,2
mystic,2
didrikson,2
athletes,2
tomboy,2
1932,2
olympics,2
golfer,2
fulfilling,2
wrestler,2
tougher,2
witty,2
six-year,2
miraz,2
spectacular,2
gallico,2
delicate,2
garland,2
goose,2
stark,2
hauntingly,2
striking,2
marshes,2
bearded,2
modest,2
philip,2
rhayader,2
misshapen,2
shunned,2
isnt,2
overly,2
expresses,2
paintings,2
waterfowl,2
waiflike,2
agutter,2
frith,2
radiates,2
requisite,2
naivety,2
cities,2
develop,2
1953,2
ferrell,2
positions,2
detectivesoliver,2
normanare,2
redirect,2
sunday,2
plea,2
joysomething,2
1917,2
counterparts,2
neutral,2
sergei,2
diaghilev,2
ballets,2
russes,2
devices,2
attach,2
countess,2
toledo,2
reassigned,2
unequipped,2
ministery,2
czech,2
londoners,2
inextricably,2
wartime,2
barriers,2
morality,2
kay,2
viv,2
maelstrom,2
blitz,2
losses,2
unravelled,2
margins,2
liberated,2
corbin,2
upscale,2
bits,2
convey,2
deceiving,2
necessarily,2
prudence,2
demobed,2
treaty,2
bolsheviks,2
kidnappings,2
ltd,2
consider,2
roller,2
round,2
geoffrey,2
germans,2
random,2
chavel,2
cammermeyer,2
ranking,2
wit,2
maren,2
stepford,2
hardy,2
henchard,2
closely,2
matts,2
van,2
sail,2
pajaro,2
rally,2
survivors,2
c.s,2
wardrobe,2
prophecy,2
rulers,2
betraying,2
noble,2
springtime,2
1958,2
reviews,2
assesses,2
predicament,2
69-year-old,2
chooses,2
'awful,2
habit,2
reviewing,2
'separating,2
grain,2
husks,2
isolates,2
value,2
fertility,2
nourishment,2
creeping,2
'when,2
derailed,2
fork,2
plateau,2
mongolia,2
staunch,2
coerce,2
avalanche,2
raul,2
aram,2
novicorp,2
mega-corporation,2
casablanca,2
desk,2
rehabilitation,2
doppling,2
misplaced,2
transferred,2
connolly,2
byrne,2
vettriano,2
maclean,2
yin,2
briny,2
turtle,2
brunette,2
swimmer,2
bermuda,2
riders,2
dramatized,2
vignettes,2
ensemble,2
beggar,2
provoking,2
onlookers,2
wrath,2
pity,2
skittish,2
trysts,2
sexpot,2
commuter,2
helplessly,2
affecting,2
segment,2
clumsy,2
shrinks,2
cousins,2
miniature,2
sizes,2
scooped,2
neighbour,2
hazards,2
con-man,2
fawcett,2
givens,2
all-natural,2
barn,2
cherie,2
'holy,2
bossy,2
resourceful,2
handfuls,2
father-potential,2
re-opens,2
trident,2
accusations,2
vargas,2
psycho-thriller,2
singers,2
competing,2
insecure,2
usually,2
competitions,2
hyper-competitive,2
grudge,2
destroying,2
examined,2
jackpot,2
zoologist,2
postwar,2
west-germany,2
mascot,2
meteorite,2
dispose,2
transit,2
releases,2
triggers,2
environment,2
gumshoe,2
jaclyn,2
kalember,2
claudia,2
circuitous,2
apple,2
beantown,2
dewhurst,2
o'quinn,2
co-star,2
programmed,2
dirty,2
method,2
brainwashed,2
udara,2
disrupted,2
enrols,2
roseanne,2
irritating,2
appalachia,2
intending,2
ill-educated,2
backwoods,2
remedies,2
sufficient,2
garcia,2
sucked,2
smuggle,2
contra,2
nicaragua,2
counterfeit,2
ex-football,2
resists,2
affections,2
daddy,2
jogs,2
broads,2
debbie,2
nestor,2
carbonell,2
grayson,2
westbourne,2
addie,2
1960s,2
re-released,2
beryl,2
mason,2
doorstep,2
fleeting,2
wyler,2
sullavan,2
contentment,2
leland,2
hayward,2
robards,2
rebelled,2
cochlear,2
dangerously,2
2015,2
assaulted,2
uks,2
cctv,2
colourful,2
mixture,2
ranging,2
ex-soldiers,2
bouncers,2
sportsmen,2
visitors,2
procedures,2
carver,2
jailed,2
threats,2
accomplices,2
whereabouts,2
bradlee,2
tracing,2
ascent,2
stricken,2
polio,2
consequential,2
journalistic,2
captivated,2
first-century,2
scriptures,2
sadness,2
emmaus,2
plymouth,2
mass.,2
great-aunt,2
historian,2
everett,2
mather,2
breuning,2
indicates,2
orginal,2
backpackers,2
iraq,2
ptsd,2
americans,2
reassemble,2
fragmented,2
kazuyuki,2
jean-marc,2
rocher,2
capacity,2
squire,2
ships,2
crews,2
cargoes,2
komalschek,2
cruelly,2
confessed,2
distrust,2
freed,2
russians,2
flees,2
unborn,2
historians,2
discussing,2
wilder,2
'double,2
indemnity,2
specializing,2
occult,2
gourmet,2
gnni,2
demmonget,2
smell,2
duel,2
scheffke,2
speedy,2
recovery,2
recommended,2
risto,2
isolation,2
combined,2
solid,2
sharpen,2
marit,2
desirous,2
criminology,2
coe,2
outwits,2
hard-nosed,2
big-money,2
motives,2
citizens,2
goings-on,2
itv,2
ainscow,2
timothy,2
spall,2
brenda,2
blethyn,2
middle-aged,2
32-year-old,2
rebekah,2
staton,2
culmination,2
unsuccessfully,2
obtain,2
asperger,2
syndrome,2
i.r.a,2
bomber,2
roche,2
detained,2
interrogation,2
coppers,2
predominantly,2
ulster,2
constabulary,2
bokolo,2
mamadou,2
sweepers,2
recipes,2
trash,2
participate,2
headmaster,2
reform,2
frequently,2
2-disc,2
chaplin,2
1921,2
2004,2
entertaining,2
clips,2
stills,2
paleontologists,2
voice-over,2
reeve,2
cass,2
hungarian-born,2
katya,2
davidov,2
kirkland,2
photograph,2
faberg,2
yankee-hungarian,2
womanizer,2
rostov,2
stubbornly,2
dodgy,2
gudrun,2
kuper,2
borodin,2
theo,2
kojak,2
jealousies,2
helpless,2
adopting,2
tella,2
landon,2
laos,2
extent,2
cheerful,2
grating,2
hard-edged,2
macho,2
plumber,2
repairs,2
intellectual,2
distracted,2
reader,2
sad,2
listener,2
knocks,2
response,2
photojournalist,2
cubitt,2
photographs,2
headline,2
dubs,2
mcallister,2
bertinelli,2
russ,2
falk,2
powerpuff,2
mojo,2
jojo,2
hostile,2
huey,2
nickname,2
kingfish,2
likable,2
freshman,2
whittendale,2
pledge-seeker,2
beta,2
sigma,2
eta,2
embraced,2
halstead,2
suffered,2
miscarriages,2
passenger,2
abortion,2
dayton,2
heavy,2
glib,2
stewart,2
bick,2
peta,2
randal,2
lemke,2
mounts,2
assuming,2
tresses,2
redheaded,2
seducing,2
frills,2
flat,2
concerning,2
neo-nazis,2
predominately,2
skokie,2
douglas,2
conceive,2
options,2
surrogacy,2
winwood,2
enthusiastic,2
pyrenees,2
1922,2
upright,2
malcolm,2
mcdowell,2
clockwork,2
orange,2
eileen,2
atkins,2
turreted,2
chateau,2
jezreel,2
motley,2
pitting,2
adversary,2
determines,2
trick,2
sleeve,2
trotting,2
1900s,2
clumsiness,2
greatly,2
displeased,2
haystack,2
tolstoy,2
agreement,2
simpler,2
encountering,2
colorful,2
gypsies,2
cossack,2
homesick,2
stubborn,2
pro,2
renee,2
descendant,2
amusing,2
pierre,2
exhausted,2
trench,2
thrse,2
therese,2
low-rent,2
izzy,2
stripped,2
mooney,2
mhlhausen,2
lina,2
saga,2
ancestors,2
android,2
milner,2
artifacts,2
independently,2
houston,2
relentlessly,2
crutches,2
sunken,2
galleons,2
contacted,2
ultra-secret,2
officials,2
efficient,2
invulnerable,2
reicker,2
agreeing,2
seo,2
smaller,2
trips,2
bends,2
queer,2
mask,2
sketching,2
tangly,2
barefoot,2
word,2
terrified,2
unprecedented,2
highest-selling,2
stamp,2
empowerment,2
chats,2
oren,2
nard,2
allowing,2
henchmen,2
beat,2
out-smart,2
keeper,2
strode,2
seasons,2
hensons,2
hollow,2
bigfoot-like,2
kooky,2
steenburgen,2
owes,2
secretary,2
cartier,2
rand,2
complicates,2
rep.,2
tammi,2
rachael,2
hershey,2
ecuadorean,2
rio,2
rancho,2
lightweight,2
tournament,2
semifinal,2
bouts,2
awaad,2
sarnavskiy,2
tirloni,2
januson,2
hitting,2
glimmer,2
shipwreck,2
caribbean,2
crashland,2
strewing,2
bluish-glowing,2
rocks,2
townfolk,2
amiss,2
temperatures,2
soar,2
koiki,2
torres,2
strait,2
islander,2
spearheaded,2
overthrew,2
terra,2
nullius,2
macedonian,2
tribes,2
persian,2
conquered,2
then-known,2
spanned,2
balkans,2
sterling,2
discrete,2
investor,2
wade,2
colton,2
ingrate,2
guest-house,2
partially,2
spiteful,2
alliterative,2
preferred,2
irate,2
reactions,2
indications,2
manipulation,2
inexplicable,2
unheeded,2
narrowly,2
unlock,2
mcmartin,2
molestation,2
infants,2
unqualified,2
videotapes,2
describing,2
trails,2
exposes,2
unprofessional,2
finger,2
pointers,2
deemed,2
unfit,2
sabotaging,2
crystallizes,2
concentrating,2
1931,2
helmut,2
hoffman,2
nighy,2
self-styled,2
opportunist,2
karl,2
shea,2
idealist,2
chauffeur,2
s.a.,2
troopers,2
earn,2
fees,2
erich,2
stroheim,2
epic,2
hot-dog,2
vendor,2
sklskr,2
denmark,2
emigration,2
polish,2
merrily,2
toyota,2
exchanged,2
eberlin,2
now-divorced,2
reflects,2
illustrate,2
autistic,2
reacted,2
re-evaluate,2
samson,2
delilah,2
ziggy,2
loser,2
friedman,2
copywriter,2
discontented,2
kenyon,2
rudameyer,2
rockies,2
argument,2
worried,2
evidences,2
impersonating,2
delusional,2
reilly,2
higgins,2
nora,2
flynn,2
guys,2
arne,2
calle,2
gunnar,2
chiddingfield,2
islands,2
kala,2
iraqi,2
marsh,2
hawk,2
absences,2
sanity,2
deteriorates,2
satiric,2
cait,2
hines,2
throwing,2
re-edited,2
sitcom,2
newsroom,2
handyman,2
strangely,2
accusing,2
alarmed,2
explodes,2
psych,2
preps,2
grad,2
entry,2
exams,2
jumped,2
emmas,2
positioning,2
publicly,2
announce,2
perfectly,2
polished,2
lucas,2
pretends,2
independent,2
majesty,2
mccready,2
desmond,2
cybernetic,2
crime-fighting,2
twenty-two,2
rap,2
breakin,2
dorothy,2
1950,2
lesbianism,2
roberts,2
closeted,2
wrestles,2
magus,2
birthplace,2
messiah,2
orontes,2
wasted,2
remembers,2
bedford,2
'itv,2
respective,2
'macneil,2
connery,2
'cornelius,2
caine,2
'emlyn,2
scofield,2
slam,2
partridge,2
collector,2
settings,2
enhance,2
engaging,2
racers,2
impersonates,2
establish,2
outposts,2
rob,2
eaton,2
reappears,2
renew,2
eddington,2
recruits,2
telepathically,2
1865,2
war-crimes,2
wirz,2
commandant,2
pow,2
andersonville,2
updating,2
businesswoman,2
ebenita,2
treats,2
poorly,2
visited,2
maude,2
marley,2
remind,2
bitterness,2
mourn,2
revelation,2
checkbook,2
liar,2
supervisor,2
ullerup,2
polaha,2
cfo,2
costs,2
loggerheads,2
bet,2
bets,2
cleveland,2
sordid,2
fling,2
type-a,2
smelting,2
antiquated,2
protects,2
leprechauns,2
blandings,2
emsworth,2
pig,2
wilfully,2
ignorant,2
publish,2
moreover,2
damage,2
terribly,2
unsuitable,2
chorus,2
p.g,2
wodehouse,2
profiler,2
terrorised,2
drifter,2
power-crazed,2
53-year-old,2
best-seller,2
blythe,2
danner,2
plate,2
catering,2
ex-beau,2
palance,2
riegert,2
faye,2
dunaway,2
ione,2
skye,2
prdelka,2
eels,2
coverage,2
monday,2
p.m.,2
talked,2
tvs,2
va.,2
georgetown,2
overall,2
1996,2
76ers,2
unapologetic,2
scoring,2
mentality,2
old-time,2
movie-star,2
singer/,2
hoofer,2
rebonds,2
granddaughter,2
preston,2
dated,2
suicid,2
drag-racer,2
arrangements,2
extinct,2
asteroids,2
thousandth,2
dinosaur,2
human-sized,2
solid-light,2
stoned,2
herbs,2
tarragon,2
velociraptor,2
rubio,2
triceratops,2
girlfriends,2
progress,2
dinokind,2
roughriders,2
beatrice,2
matchmake,2
benedick,2
independent-minded,2
bicycle-riding,2
suffragette,2
trickery,2
revolt,2
occurred,2
mini-submarine,2
fdr,2
l'amour,2
boxleitner,2
enroute,2
cub,2
ontario,2
namned,2
a.a.milne,2
pooh,2
culled,2
frost,2
1977,2
candid,2
pre-interview,2
preparation,2
screening,2