war,1015
world,405
story,315
army,299
one,295
german,291
film,277
soldiers,272
young,262
life,232
american,204
british,199
battle,196
group,190
two,190
men,184
soldier,165
mission,155
nazi,154
japanese,154
enemy,153
love,152
officer,144
based,143
first,141
man,137
back,135
camp,135
must,133
new,132
family,131
find,128
set,127
fight,126
time,125
way,123
lives,119
military,113
french,111
true,110
escape,107
forces,105
years,105
people,104
three,101
country,100
vietnam,99
...,99
finds,97
wife,92
resistance,92
sent,91
prisoners,91
troops,90
attack,90
fighting,89
behind,88
captain,88
village,88
home,87
nazis,84
takes,84
germany,83
wwii,83
woman,80
command,79
get,78
death,78
take,78
lines,77
history,77
commander,77
drama,77
island,77
second,76
make,74
soon,74
also,74
germans,74
become,74
general,74
n't,74
forced,73
u.s.,72
last,71
becomes,71
jewish,71
son,70
end,70
movie,69
events,69
major,69
help,68
russian,68
women,68
france,67
girl,67
local,66
together,66
force,66
ship,66
led,65
begins,65
old,65
soviet,65
great,64
tells,64
days,62
allied,62
city,62
follows,62
crew,61
falls,61
whose,61
navy,60
team,59
place,59
secret,59
rescue,58
invasion,58
father,57
unit,57
civil,57
action,57
captured,57
many,57
hitler,56
part,56
combat,56
comes,55
day,55
lieutenant,54
another,54
colonel,53
john,53
king,53
order,52
later,52
air,52
gets,52
special,50
training,50
front,50
face,49
epic,49
returns,49
friends,49
small,49
made,49
however,48
come,48
novel,48
italian,48
real,47
husband,47
four,47
survive,47
killed,47
may,46
boy,46
lead,46
paris,46
return,46
pilot,46
meets,46
even,46
1944,46
conflict,45
put,45
platoon,45
town,45
sergeant,44
destroy,44
attempt,44
leader,44
series,44
join,44
russia,44
daughter,44
struggle,43
work,43
japan,43
south,43
save,43
orders,43
company,43
england,43
could,42
keep,42
despite,41
goes,41
across,41
robert,41
europe,41
power,40
taken,40
america,40
mother,40
along,40
prison,40
century,40
named,39
called,39
lt.,39
never,39
fighter,39
friend,39
north,39
border,39
final,38
leave,38
brother,38
around,38
land,38
near,38
including,37
eventually,37
year,37
leads,37
submarine,37
tries,37
hope,37
assigned,37
best,37
spanish,37
duty,36
ever,36
occupation,36
squad,36
nurse,36
try,36
stop,36
left,36
different,36
night,36
1940,35
hero,35
dangerous,35
personal,35
english,35
ordered,35
middle,35
five,35
long,35
chinese,35
dead,34
former,34
wants,34
decides,34
well,34
joins,34
vietnamese,34
occupied,34
deadly,33
known,33
political,33
upon,33
living,33
united,33
ends,33
state,33
look,33
fall,33
1943,33
documentary,33
written,33
protect,32
red,32
members,32
beautiful,32
still,32
officers,32
doctor,32
would,32
away,32
like,32
trying,32
stars,32
heart,31
states,31
1942,31
afghanistan,31
attacks,31
operation,31
marine,31
partisans,31
britain,30
journey,30
leading,30
shot,30
defend,30
london,30
married,30
plan,30
band,30
change,30
working,30
point,30
held,30
little,30
revolution,30
division,29
attempts,29
government,29
brothers,29
kill,29
prisoner,29
know,29
von,29
concentration,29
survival,29
everything,29
taking,29
private,29
school,28
territory,28
bomb,28
brutal,28
poland,28
union,28
wounded,28
royal,28
told,28
pacific,28
spy,28
children,28
tale,28
following,28
party,28
couple,28
run,28
involved,28
agent,28
meet,28
took,28
fear,27
capture,27
plans,27
historical,27
house,27
friendship,27
1941,27
romance,27
top,27
close,27
start,27
discovers,27
director,27
rome,27
lost,27
among,27
foreign,27
armies,27
turn,27
short,27
turns,26
iraq,26
jews,26
ships,26
every,26
fellow,26
michael,26
name,26
caught,26
admiral,26
greatest,26
fire,26
sends,26
powerful,26
going,26
patrol,26
much,26
fights,26
italy,26
given,26
allies,25
seven,25
experiences,25
empire,25
naval,25
korean,25
base,25
situation,25
pow,25
bomber,25
stand,25
early,25
underground,25
emperor,25
leaves,25
main,25
wartime,25
sharpe,25
makes,24
begin,24
side,24
several,24
east,24
west,24
earth,24
discover,24
female,24
bridge,24
information,24
using,24
raid,24
decide,24
arrives,24
cross,23
good,23
late,23
able,23
recruits,23
paul,23
defeat,23
squadron,23
serbian,23
plot,23
sadistic,23
within,23
farm,23
without,23
chief,23
courage,23
shows,23
communist,23
families,23
veteran,23
flee,23
white,23
deep,23
difficult,23
scenes,23
months,22
brings,22
fate,22
june,22
head,22
heavy,22
nation,22
alone,22
job,22
though,22
others,22
battles,22
past,22
bring,22
towards,22
seen,22
service,22
evil,22
bombing,22
making,22
live,22
times,22
leaving,22
determined,22
wwi,22
finally,21
trapped,21
mysterious,21
berlin,21
wars,21
pilots,21
sea,21
charge,21
sides,21
australian,21
see,21
star,21
cast,21
survivors,21
eyes,21
hands,21
remote,21
child,21
depicts,21
forever,21
although,21
winter,21
ww2,21
serve,21
footage,21
odds,20
heroic,20
future,20
third,20
play,20
game,20
elite,20
bloody,20
black,20
americans,20
seems,20
hold,20
girlfriend,20
desert,20
escapes,20
breaks,20
fought,20
commanding,20
quickly,20
western,20
regiment,20
destruction,20
famous,20
efforts,20
high,20
police,20
knows,20
office,20
legendary,19
form,19
war-torn,19
age,19
czech,19
stationed,19
factory,19
hungarian,19
plane,19
victory,19
dutch,19
stay,19
blow,19
god,19
deal,19
armed,19
wealthy,19
d-day,19
meanwhile,19
african,19
thousands,19
move,19
norway,19
china,19
revenge,19
stories,19
nurses,19
lady,19
boys,18
honor,18
arrested,18
things,18
faces,18
horrors,18
india,18
role,18
plays,18
full,18
student,18
peace,18
feature,18
relationship,18
chance,18
george,18
isolated,18
freedom,18
coast,18
came,18
really,18
always,18
confederate,18
fighters,18
corps,18
summer,18
polish,18
unknown,18
gold,18
canadian,18
character,18
dark,17
refuses,17
nazi-occupied,17
killing,17
gestapo,17
dies,17
warrior,17
boat,17
rest,17
want,17
trouble,17
reconnaissance,17
prevent,17
encounters,17
weapons,17
possible,17
midst,17
give,17
refugees,17
villagers,17
joe,17
supply,17
since,17
journalist,17
refuge,17
superior,17
danish,17
free,17
december,17
dramatic,17
six,17
desperate,17
picture,17
norwegian,17
choice,17
offensive,17
jungle,17
guard,17
train,17
independence,17
directed,17
services,17
veterans,17
theater,16
cut,16
runs,16
chris,16
hiding,16
agents,16
sees,16
indian,16
martin,16
harbor,16
dreams,16
daring,16
inspired,16
owner,16
childhood,16
hand,16
arms,16
sister,16
struggles,16
bosnia,16
happy,16
u-boat,16
james,16
next,16
used,16
heroes,16
liberation,16
david,16
fact,16
martial,16
joseph,16
alive,16
stranded,16
hell,16
memories,16
backdrop,16
hours,16
became,16
send,16
aircraft,16
worker,16
hospital,16
youth,16
national,16
mexican,16
wild,16
campaign,16
outside,16
shortly,16
peter,16
raf,16
austrian,16
die,16
uprising,16
spies,16
charles,16
problems,16
executed,16
april,15
portrays,15
learns,15
needs,15
survived,15
nothing,15
assassinate,15
classic,15
affair,15
nuclear,15
right,15
africa,15
adolf,15
society,15
william,15
lord,15
rise,15
course,15
found,15
imperial,15
sub,15
girls,15
almost,15
human,15
instead,15
correspondent,15
tour,15
guns,15
worse,15
happened,15
civilians,15
legion,15
marines,15
mercenaries,15
napoleon,15
arrive,15
thomas,15
money,15
music,15
eastern,15
account,15
korea,15
suddenly,15
tell,15
invaders,15
convoy,15
cruel,15
partisan,15
race,14
enemies,14
reich,14
chaos,14
member,14
field,14
simple,14
open,14
feels,14
beginning,14
number,14
heroism,14
entire,14
1945,14
humanity,14
use,14
career,14
far,14
gundam,14
infiltrate,14
experience,14
eve,14
follow,14
search,14
effort,14
successful,14
priest,14
safety,14
comedy,14
patton,14
aristocratic,14
yet,14
superiors,14
nearly,14
july,14
waiting,14
especially,14
irish,14
commandant,14
brave,14
changed,14
spain,14
scientist,14
actual,14
actually,14
threat,14
died,14
romantic,14
sgt,14
coming,14
assault,14
capt,14
richard,14
book,14
show,14
enough,14
identity,14
van,14
movies,14
tank,13
strike,13
normandy,13
battlefield,13
danger,13
ghetto,13
ground,13
russians,13
recruit,13
confronted,13
cavalry,13
alexander,13
ace,13
enlist,13
warfare,13
rule,13
cause,13
mass,13
joined,13
surrender,13
style,13
travels,13
routine,13
running,13
risk,13
intelligence,13
poor,13
met,13
line,13
defenders,13
sam,13
mexico,13
popular,13
support,13
today,13
raging,13
realizes,13
learn,13
easy,13
murder,13
gives,13
court,13
execution,13
guards,13
massacre,13
remains,13
auschwitz,13
body,13
tom,13
half,13
steal,13
huge,13
provide,13
incident,13
infantry,13
case,13
continue,13
battalion,13
citizens,13
hard,13
maintain,13
san,13
mine,13
propaganda,13
tragic,13
traitor,13
meeting,13
letters,13
marry,13
due,13
israel,13
lose,13
troop,13
festival,13
valley,13
characters,13
marries,13
event,13
anne,13
area,13
mike,13
sailors,13
tanks,13
telling,13
report,13
water,13
garrison,13
francisco,13
uncle,13
actors,13
vital,13
important,13
films,13
o'brien,13
european,12
ruthless,12
tasked,12
locate,12
works,12
asks,12
farmer,12
moral,12
strange,12
pearl,12
modern,12
saved,12
wishes,12
becoming,12
col.,12
flashbacks,12
crash,12
hotel,12
patriotic,12
greek,12
released,12
control,12
security,12
countryside,12
hunt,12
documents,12
flying,12
winning,12
zeon,12
violent,12
terrorist,12
fascist,12
invade,12
younger,12
volunteer,12
ireland,12
dispatched,12
indians,12
station,12
beyond,12
corporal,12
rebels,12
filmed,12
success,12
born,12
single,12
animated,12
henry,12
adventures,12
flight,12
accused,12
torn,12
cao,12
forest,12
trial,12
abandoned,12
hopes,12
focuses,12
visit,12
invaded,12
peasant,12
prepare,12
returned,12
outbreak,12
effect,12
struggling,12
quiet,12
moscow,12
brutality,12
whether,12
marriage,12
bill,12
untold,12
tension,12
kills,12
period,12
mouse,12
hong,12
path,12
faith,12
stage,12
strategic,12
students,12
ferdinand,12
title,12
merchant,12
march,12
volunteers,12
lot,12
fuel,12
attacked,12
features,12
price,12
franz,12
abbott,12
overwhelming,11
height,11
missions,11
defeated,11
kidnap,11
enlists,11
legend,11
ultimate,11
pregnant,11
respect,11
tragedy,11
create,11
betrayal,11
frank,11
went,11
camps,11
international,11
managed,11
break,11
build,11
truth,11
art,11
hidden,11
something,11
machine,11
trench,11
amidst,11
returning,11
river,11
news,11
guy,11
pows,11
outpost,11
aided,11
assignment,11
regime,11
dictator,11
growing,11
castle,11
think,11
happiness,11
win,11
uses,11
uss,11
light,11
encounter,11
staff,11
horror,11
interviews,11
surviving,11
loyal,11
comrades,11
peaceful,11
sarah,11
raids,11
conflicts,11
double,11
teacher,11
grows,11
sicily,11
apart,11
someone,11
looking,11
class,11
civilian,11
1939,11
fort,11
bosnian,11
brought,11
process,11
loves,11
anna,11
dr.,11
ten,11
fortress,11
seek,11
getting,11
york,11
harsh,11
battleship,11
commando,11
widow,11
desperately,11
leaders,11
dramatization,11
collins,11
location,11
defense,11
decision,11
crucial,11
muslim,11
post-war,11
violence,11
murdered,11
talk,11
loss,11
lover,11
community,11
amongst,11
extraordinary,11
roberts,11
fathers,11
philippines,11
manage,11
adventure,11
visits,11
already,11
eric,11
sex,11
raiders,11
movement,11
care,11
commands,10
quest,10
kind,10
surrounded,10
okinawa,10
warsaw,10
aftermath,10
convinces,10
helen,10
queen,10
relentless,10
everyone,10
facing,10
intense,10
turbulent,10
aid,10
complete,10
native,10
central,10
politics,10
revealed,10
loosely,10
advancing,10
helped,10
albert,10
bond,10
impossible,10
weeks,10
closing,10
deeply,10
missing,10
investigate,10
witnesses,10
perspective,10
atrocities,10
stanley,10
crimes,10
subject,10
hostile,10
sight,10
brigade,10
awol,10
netherlands,10
christmas,10
iraqi,10
reporter,10
key,10
radio,10
iron,10
rather,10
lack,10
starring,10
1942,10
morning,10
plant,10
sets,10
mainly,10
northern,10
barracks,10
recent,10
innocent,10
academy,10
award,10
post,10
fiance,10
rebellion,10
continues,10
deals,10
czechoslovakia,10
november,10
hit,10
destroyed,10
acclaimed,10
chronicles,10
starts,10
beneath,10
question,10
ukrainian,10
blood,10
actions,10
bombed,10
jim,10
texas,10
loses,10
zealand,10
better,10
recently,10
pick,10
complicated,10
bound,10
hides,10
ford,10
operations,10
seeking,10
happens,10
mind,10
strength,10
giovanni,10
offers,10
involves,10
viet,10
cong,10
realize,10
version,10
boredom,10
business,10
proves,10
task,10
sinking,10
loved,10
often,10
stalin,10
ensuing,10
fonda,10
broadway,10
large,10
pair,10
newly,10
successfully,10
featuring,10
produced,10
figures,10
official,10
idealistic,10
voice,10
manila,10
passengers,10
're,10
atlantis,10
sank,10
cure,10
ward,10
vietcong,10
nero,10
organized,10
system,10
harry,10
olivier,10
laura,10
'shady,10
1945,9
suffer,9
avenge,9
planet,9
vows,9
turned,9
teenage,9
target,9
playing,9
cia,9
september,9
taliban,9
holding,9
greeks,9
fame,9
potential,9
failed,9
casualties,9
inside,9
immediately,9
carry,9
explores,9
claims,9
mostly,9
project,9
monastery,9
sense,9
recruited,9
rock,9
federation,9
suicide,9
random,9
looks,9
airmen,9
various,9
share,9
zone,9
road,9
jones,9
view,9
hundred,9
created,9
january,9
falling,9
liberate,9
receives,9
imprisoned,9
eye,9
giving,9
birthday,9
faced,9
feeling,9
jan,9
knight,9
hill,9
problem,9
duke,9
clear,9
animation,9
ira,9
rommel,9
stopped,9
pat,9
luftwaffe,9
winner,9
experiments,9
sabotage,9
criminal,9
switzerland,9
whole,9
medical,9
suffers,9
hatred,9
places,9
1941,9
completely,9
knew,9
need,9
crime,9
seemingly,9
appears,9
sarajevo,9
sometimes,9
beloved,9
supreme,9
montgomery,9
port,9
sort,9
photographer,9
serving,9
considered,9
mountain,9
zero,9
jean,9
alex,9
pay,9
mark,9
college,9
mediterranean,9
original,9
hardship,9
space,9
carrying,9
column,9
august,9
tradition,9
enter,9
breaking,9
gradually,9
reason,9
cold,9
prepared,9
actor,9
range,9
axis,9
edwards,9
exile,9
shown,9
reports,9
09-nov,9
activities,9
began,9
fleet,9
beau,9
ended,9
played,9
tribute,9
yugoslav,9
wounds,9
subsequent,9
2nd,8
alan,8
code,8
caesar,8
belgium,8
canada,8
agrees,8
seal,8
kyle,8
benjamin,8
exist,8
green,8
guerrilla,8
prince,8
rambo,8
law,8
guerilla,8
wing,8
crisis,8
persian,8
johnson,8
jack,8
samurai,8
revolt,8
thousand,8
destiny,8
tasks,8
accepted,8
dream,8
coup,8
said,8
horse,8
heads,8
stands,8
capital,8
lies,8
massive,8
invading,8
sons,8
travel,8
means,8
either,8
friendly,8
crack,8
divisions,8
complex,8
unable,8
captive,8
captures,8
fly,8
gulf,8
desire,8
ultimately,8
realistic,8
treacherous,8
powers,8
losing,8
kim,8
barker,8
lifestyle,8
rape,8
speak,8
castro,8
courageous,8
results,8
traces,8
increasingly,8
sand,8
leadership,8
hostage,8
religious,8
turmoil,8
servicemen,8
ranks,8
abandons,8
keeping,8
older,8
independent,8
situations,8
battling,8
israeli,8
atlantic,8
congo,8
finding,8
lovers,8
result,8
rises,8
vision,8
shattered,8
farmers,8
peasants,8
survivor,8
republican,8
strict,8
gripping,8
handful,8
mountains,8
thing,8
background,8
transported,8
kept,8
differences,8
assassination,8
october,8
washington,8
initial,8
happen,8
realities,8
accidentally,8
streets,8
slowly,8
haunted,8
opens,8
devastation,8
southern,8
matters,8
dynasty,8
ready,8
neutral,8
promise,8
status,8
board,8
interested,8
lone,8
denmark,8
commanded,8
trilogy,8
minor,8
impending,8
sino-japanese,8
fails,8
guilty,8
public,8
study,8
kong,8
needed,8
decorated,8
steve,8
daniel,8
believe,8
destroyer,8
thought,8
tunnel,8
committed,8
details,8
combined,8
recounts,8
understanding,8
big,8
material,8
1st,8
region,8
hiroshima,8
drop,8
provides,8
necessary,8
pavel,8
raised,8
alfred,8
keeps,8
unrest,8
costa,8
planned,8
present,8
prisoner-of-war,8
includes,8
costs,8
accepts,8
sweetheart,8
terror,8
mario,8
inhuman,8
namiki,8
injury,8
eva,8
data,8
cruisers,8
convinced,8
responsibility,8
sequences,8
act,8
changes,8
ordinary,8
units,8
ransom,8
juan,8
bob,8
airborne,8
launched,8
joining,8
mckee,8
anyone,8
discovered,8
owen,8
dance,8
recalls,8
raises,8
prostitute,8
evans,8
execute,8
aguinaldo,8
push,7
brilliant,7
beaches,7
storm,7
lie,7
ranger,7
miller,7
preparing,7
chosen,7
snipers,7
illegal,7
ruins,7
clash,7
hall,7
tactics,7
warlord,7
reluctantly,7
ambitious,7
prague,7
gone,7
center,7
reconstruction,7
nick,7
hired,7
ways,7
trade,7
arab,7
psychological,7
1930s,7
graphic,7
broken,7
sold,7
million,7
dedicated,7
bride,7
brink,7
promises,7
mutiny,7
bridges,7
bent,7
variety,7
torture,7
separated,7
voyage,7
homeland,7
singer,7
african-american,7
missionary,7
anthony,7
barry,7
existence,7
fierce,7
surprise,7
zulu,7
extreme,7
helicopter,7
mobilized,7
believes,7
petty,7
boris,7
authorities,7
saboteurs,7
steals,7
least,7
mcnamara,7
inmates,7
moment,7
helps,7
thrown,7
parachute,7
sisters,7
harrowing,7
atomic,7
avoid,7
consequences,7
trap,7
roman,7
flees,7
track,7
choose,7
disappears,7
thus,7
colony,7
discovery,7
dog,7
deployed,7
puts,7
causes,7
oscar,7
baby,7
progress,7
erupts,7
fears,7
revolves,7
despair,7
negotiations,7
refugee,7
hate,7
devoted,7
millions,7
wrong,7
tragedies,7
unexpected,7
exposed,7
similar,7
escaped,7
surrounding,7
victims,7
fascism,7
ring,7
holocaust,7
rivals,7
constant,7
lee,7
immigrant,7
slave,7
bravery,7
drawn,7
simon,7
split,7
factions,7
qing,7
sending,7
ray,7
eventual,7
civilization,7
gun,7
charlie,7
protecting,7
overthrow,7
vicious,7
mercenary,7
legs,7
basic,7
suspected,7
scouts,7
award-winning,7
waning,7
maria,7
pierre,7
philippe,7
fortunes,7
entry,7
renowned,7
invades,7
route,7
war-time,7
saigon,7
fortune,7
charts,7
1946,7
centers,7
jackson,7
allow,7
obey,7
headed,7
depot,7
evening,7
musical,7
escort,7
mitchum,7
franco,7
opening,7
decided,7
trains,7
australia,7
evacuated,7
risking,7
overrun,7
longer,7
bay,7
learned,7
songs,7
rifles,7
hide,7
adam,7
klein,7
wish,7
hook,7
fast,7
bus,7
jew,7
reluctant,7
vengeance,7
wanted,7
jeff,7
spend,7
corrupt,7
proper,7
commandos,7
goebbels,7
overcome,7
pursued,7
arrest,7
cruiser,7
sunk,7
household,7
experimental,7
master,7
planes,7
patrols,7
1916,7
murmansk,7
photos,7
examines,7
declared,7
stephen,7
backgrounds,7
challenge,7
date,7
anime,7
1993,7
9th,7
yugoslavia,7
commanders,7
radar,7
200,7
shipment,7
inspector,7
espionage,7
received,7
sweden,7
scene,7
blue,7
secrets,7
asch,7
vierbein,7
forests,7
claudia,7
communism,7
writes,7
traitors,7
brand,7
thailand,7
beat,7
revolutionary,7
youngest,7
traditional,7
top-secret,6
humans,6
evacuation,6
dunkirk,6
bringing,6
vlad,6
sultan,6
medal,6
throughout,6
sole,6
saves,6
prime,6
insurgents,6
goal,6
laborer,6
troy,6
militia,6
naive,6
person,6
befriends,6
room,6
working-class,6
lawrence,6
figure,6
surface,6
personally,6
count,6
bed,6
300,6
trenches,6
organize,6
scottish,6
attacking,6
fallen,6
helping,6
flyers,6
treasure,6
awarded,6
panzer,6
char,6
aznable,6
sentences,6
highly,6
trained,6
rages,6
disaster,6
mental,6
parents,6
knowing,6
names,6
bear,6
headquarters,6
eager,6
terrorists,6
engages,6
parisian,6
initially,6
frontline,6
roy,6
believed,6
might,6
1879,6
baker,6
siege,6
defended,6
militants,6
argentine,6
retreating,6
cynical,6
protagonists,6
perform,6
bavarian,6
amazing,6
planning,6
munitions,6
advanced,6
adults,6
pursuit,6
confront,6
anti-war,6
betrayed,6
confused,6
fourteen,6
depiction,6
worst,6
pvt,6
longest,6
thriller,6
wilderness,6
affected,6
resources,6
president,6
sniper,6
cowardice,6
branded,6
decade,6
1812,6
social,6
artillery,6
unnamed,6
fictional,6
cliff,6
bad,6
injured,6
hometown,6
historic,6
darkness,6
infamous,6
words,6
st.,6
journalists,6
woods,6
call,6
murders,6
johnny,6
attempting,6
reinforcements,6
unlikely,6
mayor,6
covers,6
skills,6
era,6
insanity,6
province,6
tide,6
moving,6
doug,6
idea,6
jail,6
screen,6
actress,6
bulge,6
food,6
bullets,6
cover,6
contact,6
shoots,6
drives,6
duties,6
prove,6
attempted,6
waits,6
conduct,6
exact,6
schoolteacher,6
brandon,6
gas,6
tensions,6
activity,6
pacifist,6
executive,6
guerrillas,6
corruption,6
passionate,6
bar,6
lands,6
susan,6
brief,6
docudrama,6
weapon,6
expert,6
resist,6
lake,6
disastrous,6
sabata,6
bitter,6
cat,6
bubble,6
hoping,6
boer,6
dashing,6
christians,6
monk,6
kirby,6
gang,6
ensure,6
false,6
awards,6
closer,6
serious,6
questions,6
workers,6
evidence,6
karan,6
romi,6
intimate,6
hms,6
ones,6
entering,6
singh,6
anything,6
fates,6
sequel,6
miraculously,6
sake,6
retake,6
stuck,6
aerial,6
depicting,6
margaret,6
elizabeth,6
orchestra,6
assumes,6
leo,6
patriotism,6
supplies,6
artist,6
universal,6
advance,6
population,6
fish,6
kalinin,6
firebase,6
poison,6
ninja,6
mumon,6
shin,6
cuts,6
favorite,6
choltitz,6
retaliation,6
gyrgy,6
illness,6
remarkable,6
fleeing,6
syria,6
cooney,6
13th,6
cmdr,6
seas,6
molly,6
determination,6
wedding,6
drafted,6
guilt,6
shooting,6
pass,6
approach,6
singing,6
retired,6
tarzan,6
disgraced,6
accounts,6
sympathetic,6
attention,6
involving,6
groups,6
hans,6
stolen,6
california,6
talented,6
vii,6
conversations,6
bridie,6
chase,6
slow,6
ruth,6
rocket,6
nightclub,6
finnish,6
bears,6
positions,6
con,6
subs,6
heading,6
spite,6
hondros,6
generation,6
cleef,6
lots,6
supplied,6
graf,6
shipping,6
inch,6
wellington,6
crossed,6
barely,6
started,6
trials,6
largest,6
raider,6
common,6
cooper,6
include,6
remain,6
building,6
badly,6
script,6
adds,6
rescued,6
oil,6
asked,6
swiftly,6
islands,6
sacha,6
ambushed,6
innocence,6
high-ranking,6
majority,6
feature-length,6
dialogue,6
release,6
joan,6
sells,6
2014,6
plotting,6
interest,6
nominee,6
machines,6
poet,6
rear,6
minutes,6
o'neill,6
mad,6
claudius,6
celebrate,6
operator,6
circumstances,6
edith,6
sir,6
wilfred,6
arthur,6
revolutionaries,6
dictatorship,6
stewart,6
prostitutes,6
entity,6
stress,6
digby,6
gingy,6
andrew,6
sacrifice,6
drake,6
kaini,6
scott,6
hostilities,6
goering,6
indy,6
marie,6
bataan,6
rika,6
alexei,6
phenomena,6
asylum,6
duyen,6
daily,6
russo,6
janosik,6
blake,6
esperanza,6
p-47,6
vienna,6
captains,6
de'medici,6
pepe,6
indochina,6
nancy,6
fourposter,6
cargill,6
falken,6
predicted,6
rick,6
austin,6
cavite,6
milan,6
beer,6
goemon,6
asakura,6
houston,6
outnumbered,5
wrestles,5
fourth,5
medic,5
congressional,5
lethal,5
countless,5
serves,5
beret,5
deported,5
11th,5
b.c,5
nations,5
sparta,5
opportunity,5
hills,5
sheriff,5
cat-and-mouse,5
effects,5
boot,5
street,5
moves,5
bruno,5
embarks,5
rivalry,5
devastating,5
generals,5
diplomat,5
honorable,5
ottoman,5
threatens,5
slaves,5
terrifying,5
claus,5
shadow,5
player,5
map,5
unfolds,5
greece,5
genocide,5
slaughter,5
advisers,5
lay,5
latest,5
saga,5
unite,5
louis,5
spring,5
write,5
toll,5
18th,5
walk,5
adopted,5
libya,5
adaptation,5
shakespeare,5
focusing,5
thieves,5
missile,5
holland,5
doomed,5
kidnapped,5
chilling,5
upper,5
position,5
physical,5
dignity,5
sleyman,5
truce,5
rifle,5
language,5
defending,5
expected,5
producer,5
amid,5
1971,5
hawaii,5
reach,5
toppled,5
animosity,5
colonial,5
thief,5
carl,5
message,5
enormous,5
braddock,5
remaining,5
surreal,5
yugoslavian,5
risky,5
scheme,5
nearby,5
grow,5
clients,5
imminent,5
biography,5
communications,5
kirk,5
shocked,5
gemma,5
mixed,5
feelings,5
willing,5
reveals,5
flag,5
established,5
wall,5
waters,5
hardened,5
borders,5
symbol,5
skies,5
winston,5
churchill,5
skipper,5
operatives,5
rex,5
nature,5
performance,5
frozen,5
stalingrad,5
wiped,5
secretly,5
ruling,5
saddam,5
hussein,5
dawn,5
1863,5
attitude,5
spirit,5
trust,5
driving,5
program,5
mutual,5
integrate,5
georg,5
1966,5
spot,5
deserted,5
italians,5
edge,5
donald,5
hilarious,5
seriously,5
founder,5
fields,5
real-life,5
conditions,5
covertly,5
assisting,5
paratroopers,5
entirely,5
shoot,5
santa,5
antonio,5
thinking,5
justice,5
freed,5
rules,5
pose,5
clan,5
appearing,5
crazy,5
prior,5
leg,5
jealousy,5
possesses,5
roots,5
adapted,5
warring,5
asian,5
mounts,5
bodies,5
magazine,5
danes,5
safe,5
informant,5
heavily,5
suffering,5
knowledge,5
scheming,5
trio,5
mortar,5
ghost,5
expedition,5
charged,5
chaotic,5
fog,5
secretary,5
helmand,5
disease,5
arturo,5
boss,5
permission,5
feared,5
endangered,5
shocking,5
princess,5
german-occupied,5
endure,5
mickey,5
let,5
soul,5
mercy,5
authority,5
ahead,5
industrial,5
normal,5
relations,5
guan,5
tokyo,5
socialist,5
obtain,5
locked,5
broke,5
car,5
oslo,5
circles,5
protection,5
picks,5
murphy,5
bandits,5
tracks,5
joseon,5
step,5
depression,5
maybe,5
grandson,5
grandpa,5
afghan,5
contemporary,5
feel,5
hundreds,5
catholic,5
angel,5
egyptian,5
inland,5
arrived,5
inflicted,5
stops,5
portugal,5
1943,5
mount,5
besieged,5
enjoys,5
ragtag,5
bruce,5
afraid,5
arrival,5
highest,5
pakistan,5
impact,5
smith,5
incidents,5
capturing,5
driven,5
newspaper,5
motherland,5
nun,5
sequence,5
arrogant,5
wealth,5
worth,5
governor,5
cruelty,5
budapest,5
asia,5
portrait,5
werner,5
ideals,5
constantly,5
widower,5
aryan,5
hierarchy,5
uniforms,5
whites,5
unravels,5
treatment,5
heard,5
complications,5
supernatural,5
appeal,5
awaits,5
relationships,5
pivotal,5
waging,5
affairs,5
mistress,5
valuable,5
bunker,5
saint,5
ambush,5
charges,5
1915,5
alien,5
biographical,5
wave,5
elliot,5
undercover,5
relatives,5
roles,5
camera,5
davis,5
designed,5
occupiers,5
oliver,5
presented,5
sure,5
flyer,5
recovering,5
close-knit,5
option,5
aeug,5
diamonds,5
filming,5
balkans,5
romania,5
blinded,5
counterattack,5
railway,5
austria,5
horses,5
whilst,5
refusing,5
ask,5
1944,5
critics,5
axanar,5
beautifully,5
sympathy,5
assisted,5
biggest,5
effectively,5
holds,5
watkins,5
unusual,5
alleged,5
ukraine,5
piece,5
feed,5
rank,5
everybody,5
edward,5
surgeon,5
invites,5
janet,5
television,5
loyalty,5
croatia,5
iran-iraq,5
freeing,5
pronounced,5
harris,5
criminals,5
sasha,5
operating,5
hunting,5
hess,5
defeats,5
movements,5
swords,5
michel,5
villa,5
renata,5
villain,5
conducting,5
revealing,5
cadet,5
subjected,5
presents,5
transfers,5
croatian,5
dying,5
falklands,5
rural,5
ww1,5
debut,5
experiment,5
autumn,5
paid,5
haber,5
particularly,5
jinnah,5
reunion,5
battle-hardened,4
armored,4
wardaddy,4
turing,4
park,4
apes,4
harbour,4
monster,4
conscientious,4
basterds,4
specifically,4
spread,4
officially,4
eliminate,4
walter,4
szpilman,4
stays,4
trojan,4
menelaus,4
trojans,4
enforcement,4
notorious,4
rangers,4
proving,4
heydrich,4
solution,4
giant,4
noble,4
steven,4
tyrannical,4
demons,4
threaten,4
sahara,4
democracy,4
1990s,4
escapees,4
chapter,4
jungles,4
savannah,4
retrieve,4
occurs,4
begun,4
inner,4
orphaned,4
joshua,4
compound,4
renegade,4
artists,4
worlds,4
mistake,4
filmmaker,4
phase,4
photographs,4
stages,4
tested,4
access,4
presence,4
failure,4
agree,4
uncovers,4
sexual,4
spirits,4
risks,4
ayla,4
orphanage,4
misfit,4
bank,4
bloodiest,4
numerous,4
unauthorized,4
nora,4
challenges,4
duel,4
wins,4
followed,4
refined,4
draws,4
guadalcanal,4
landing,4
site,4
burma,4
captors,4
messages,4
hordes,4
eleven,4
church,4
posing,4
cronauer,4
setting,4
plots,4
cuban,4
shore,4
coward,4
defiantly,4
deemed,4
mines,4
arts,4
sell,4
belgrade,4
shelter,4
16th,4
aim,4
activist,4
passes,4
philippine,4
gritty,4
totally,4
obvious,4
ride,4
perilous,4
february,4
perspectives,4
conscience,4
fiercely,4
organizes,4
forms,4
usa,4
volunteered,4
natural,4
elephant,4
belfast,4
disguises,4
iii,4
agu,4
county,4
deserter,4
signs,4
recon,4
conquest,4
writer,4
ending,4
estate,4
hatches,4
prepares,4
says,4
horrific,4
rich,4
ambiguous,4
mobile,4
gary,4
lyudmila,4
forcing,4
impressive,4
alike,4
cost,4
pulled,4
buffalo,4
miles,4
dangers,4
playboy,4
club,4
seeks,4
grisly,4
nose,4
acting,4
somehow,4
absurd,4
wait,4
alamo,4
poetic,4
filled,4
impersonate,4
cope,4
wake,4
lazy,4
guarding,4
dam,4
gallipoli,4
pit,4
ben,4
carolina,4
apparent,4
enigma,4
submarines,4
20th,4
starving,4
sword,4
belonging,4
spends,4
supposedly,4
countries,4
overseeing,4
points,4
direct,4
settle,4
doubt,4
marksmanship,4
warden,4
allowed,4
captivity,4
kate,4
ill,4
theme,4
disillusioned,4
strikes,4
passion,4
1937,4
grand,4
7th,4
nobody,4
archival,4
wehrmacht,4
enthusiasm,4
ideology,4
useless,4
everyday,4
flora,4
cellar,4
tortured,4
republic,4
standing,4
rejoin,4
endless,4
unlike,4
hermann,4
homosexual,4
romanian,4
selection,4
flier,4
karel,4
enjoy,4
silence,4
got,4
killings,4
heinous,4
1916,4
bergman,4
react,4
lovely,4
kit,4
develops,4
shaped,4
lasting,4
audie,4
snowy,4
myeongryang,4
total,4
warships,4
strait,4
pkk,4
militant,4
memorial,4
bud,4
frederic,4
decisions,4
mary,4
cpl,4
proposes,4
locals,4
visited,4
731,4
defies,4
engineering,4
technology,4
science,4
bother,4
focused,4
torrin,4
experienced,4
importantly,4
rudyard,4
kipling,4
fun,4
trick,4
drug,4
laxman,4
salman,4
nicknamed,4
zombie,4
unusually,4
leningrad,4
davies,4
lemmon,4
pulver,4
heggen,4
production,4
box,4
francis,4
archaeologists,4
1997,4
beresford,4
socialite,4
ability,4
aka,4
views,4
eponymous,4
tolstoy,4
intertwined,4
classes,4
conducted,4
souls,4
aviator,4
barefoot,4
gen,4
manga,4
nakazawa,4
author,4
responsible,4
1963,4
funeral,4
wiping,4
ridge,4
response,4
regain,4
zabi,4
amuro,4
zvezda,4
twenty-eight,4
issue,4
anti-tank,4
allison,4
intent,4
catastrophic,4
natives,4
contingent,4
chelmsford,4
suspicion,4
fiction,4
cabaret,4
entertaining,4
twenty,4
reign,4
decades,4
dramas,4
jazzy,4
soundtrack,4
dwight,4
eisenhower,4
convict,4
tung,4
lucky,4
buchenwald,4
labor,4
occupants,4
camaraderie,4
countrymen,4
glamorous,4
rose,4
fascinating,4
entertainment,4
borneo,4
dollars,4
param,4
vir,4
chakra,4
observation,4
posts,4
concerning,4
loose,4
josef,4
cold-war,4
bedford,4
sidney,4
poitier,4
pushing,4
seljuks,4
khan,4
debate,4
inexperienced,4
ashore,4
yamamoto,4
kids,4
recruitment,4
throw,4
plenty,4
thrilling,4
niece,4
challenged,4
conscript,4
greater,4
tests,4
lucien,4
opposing,4
townspeople,4
hunter,4
bavaria,4
flashback,4
entertain,4
detention,4
included,4
neighbors,4
sas,4
dropped,4
syrian,4
triumphs,4
belongs,4
suave,4
centres,4
airman,4
disturbed,4
sudden,4
granted,4
basque,4
tobias,4
anti-semitic,4
sexually,4
string,4
warn,4
everyman,4
employ,4
ruse,4
cadets,4
appreciate,4
acted,4
conan,4
warriors,4
dramatically,4
coming-of-age,4
torpedoes,4
'll,4
offer,4
deaths,4
egypt,4
passions,4
cinema,4
informed,4
finland,4
pursue,4
krast,4
concentrates,4
tortures,4
victim,4
bogdan,4
teenager,4
goya,4
liberal,4
stirred,4
ill-fated,4
mixture,4
severe,4
teammates,4
developed,4
magic,4
torpedo,4
1860s,4
maori,4
prefer,4
ann,4
occupying,4
erik,4
leda,4
partner,4
disappear,4
mystery,4
continuation,4
gilbert,4
lana,4
frontier,4
spinster,4
boxer,4
jewel,4
small-town,4
surprising,4
siegfried,4
romano,4
puppo,4
etc,4
sorts,4
bosses,4
routes,4
spee,4
cargo,4
primarily,4
heat,4
passage,4
originally,4
waterloo,4
seduce,4
trucks,4
reasons,4
derived,4
cappa,4
aggressors,4
decimated,4
degradation,4
comical,4
ghosts,4
ruler,4
collaborator,4
liberated,4
hungary,4
hugh,4
crossing,4
sink,4
engaged,4
guinea,4
read,4
tense,4
equally,4
scale,4
announced,4
treason,4
geste,4
inn,4
newman,4
accept,4
severely,4
built,4
somewhere,4
mainland,4
non-combatants,4
convert,4
suicidal,4
fully,4
cultures,4
besides,4
collaborate,4
reprisals,4
murderous,4
lived,4
editions,4
sunrise,4
volumes,4
condense,4
season,4
videos,4
partially,4
re-recorded,4
jenkins,4
orleans,4
antars,4
slade,4
mars,4
cameras,4
unprecedented,4
dan,4
gather,4
1970,4
backed,4
investigation,4
suspect,4
harassment,4
methods,4
sharkey,4
instructor,4
o'connell,4
mole,4
converted,4
rogge,4
1967,4
muc,4
landed,4
remembers,4
fishing,4
talking,4
aron,4
cited,4
anniversary,4
theatre,4
clever,4
caligula,4
agrippina,4
taxes,4
introduces,4
acte,4
explosives,4
stan,4
terrible,4
choi,4
myung-kil,4
sang-hun,4
insists,4
commune,4
thoughts,4
hilton,4
dealing,4
jane,4
gartner,4
manin,4
heir,4
enjoying,4
bored,4
saboteur,4
watching,4
concerns,4
subversive,4
hollywood,4
wales,4
convince,4
dirty,4
consists,4
difference,4
salih,4
searches,4
reflecting,4
decisive,4
shipwrecked,4
russo-japanese,4
'john,4
accompanied,4
titled,4
dewey,4
connors,4
d.c.,4
uncover,4
threatened,4
drinking,4
rafael,4
visiting,4
braun,4
courtney,4
active,4
invisible,4
stock,4
markoff,4
priesthood,4
zhenia,4
chang,4
documentaries,4
bombers,4
blowing,4
1917,4
gianni,4
doll,4
numbers,4
hellcats,4
competition,4
gift,4
dragon,4
extremely,4
pleasure,4
disappearing,4
fbi,4
investigates,4
pre-war,4
specific,4
himmler,4
ancestors,4
macross,4
u.n.,4
anti-u.n.,4
newest,4
shipments,4
basement,4
boucher,4
schweitzer,4
passing,4
perpetrators,4
alexey,4
toyotomi,4
mohei,4
seat,4
particular,4
friedrich,4
der,4
trenck,4
grivtsov,4
sacrificing,4
arise,4
carrier,4
shipyard,4
reds,4
treaty,4
wheke,4
williamson,4
transformation,4
lloyd,4
fearless,4
poses,4
basis,4
dnieper,4
mogilev,4
abroad,4
martian,4
1913,4
1986,4
testifies,4
welcome,4
cartoon,4
okabe,4
incredible,4
wards,4
burden,4
speer,4
onetime,4
saw,4
bernard,4
edouard,4
regularly,4
han,4
articles,4
attract,4
chavel,4
claiming,4
deliver,4
inherits,4
silver,4
imagines,4
imaginary,4
estonia,4
dizon,4
troubles,4
lionel,4
gustloff,4
zhang,4
charade,4
exploits,4
uso,4
1947,4
bunch,4
construct,4
example,4
forged,4
influence,4
fernandez,4
granddaughter,4
inability,4
nationalists,4
lonely,4
brits,4
explosive,4
jump,4
judith,4
jacobowsky,4
papers,4
1973,4
weinraub,4
glory,4
greg,4
kovpak,4
horrible,4
nude,4
kelu,4
kerala,4
doni,4
daughters,4
'white,4
list,4
jessica,4
harrison,4
heden,4
rogers,4
inga,4
ritter,4
research,4
rousing,4
flagship,4
torment,4
housing,4
experts,4
casey,4
economic,4
computer,4
thai,4
seksan,4
crouchback,4
excitement,4
condition,4
katipunan,4
roger,4
hunley,4
dzerzhinsky,4
christine,4
kantaylis,4
newcombe,4
mileta,4
naresuan,4
department,4
toungoo,4
kurokawa,4
appearance,4
bailey,4
uhland,4
hussars,4
seals,4
bin,4
laden,4
commandoes,4
gotenhafen,4
darkin,4
senator,4
barton,4
darkest,3
unimaginable,3
losses,3
mythological,3
served,3
objector,3
receive,3
brutally,3
paths,3
targeted,3
grave,3
tours,3
caf,3
hounded,3
employs,3
shake,3
object,3
delta,3
helicopters,3
gabriel,3
gates,3
2001,3
reinhardt,3
architect,3
contends,3
macedonia,3
persians,3
walls,3
lifelong,3
test,3
entangled,3
triangle,3
initiates,3
hellish,3
imagined,3
nathan,3
learning,3
instability,3
undermine,3
businessman,3
worked,3
guarded,3
pete,3
hunts,3
hunted,3
stretching,3
unfold,3
almsy,3
employed,3
enters,3
sobibor,3
enraged,3
achieve,3
breathtaking,3
visual,3
vengeful,3
covert,3
runner,3
week,3
ocean,3
overseas,3
topper,3
settler,3
1919,3
reported,3
ambassador,3
gain,3
coping,3
incompetent,3
selected,3
directors,3
historians,3
owners,3
reassigned,3
seemed,3
resnais,3
supposed,3
trail,3
launch,3
pressures,3
allowing,3
rhine,3
titular,3
episode,3
focus,3
codes,3
seize,3
mireau,3
demands,3
court-martial,3
poems,3
jamie,3
sailor,3
environment,3
youthful,3
maiden,3
smuggling,3
inseparable,3
turkish,3
belarus,3
roughly,3
tuskegee,3
elder,3
putting,3
possibility,3
carnage,3
gould,3
prejudices,3
cousin,3
1940,3
await,3
ignore,3
falk,3
handsome,3
staying,3
unopposed,3
departure,3
sean,3
explodes,3
heritage,3
unfolded,3
kingdom,3
warrant,3
chemical,3
purpose,3
lifetime,3
construction,3
relay,3
spoken,3
overwhelmed,3
guts,3
2002,3
partying,3
nanking,3
presumed,3
tommy,3
steps,3
grace,3
mayhem,3
funny,3
shop,3
g.i.s,3
broadcasts,3
progresses,3
che,3
madness,3
steiner,3
vastly,3
longs,3
algerian,3
organisation,3
1957,3
placed,3
victories,3
impregnable,3
marko,3
manufacture,3
dealer,3
've,3
wilhelm,3
motion,3
resolve,3
1924,3
pigeon,3
hears,3
intention,3
strong,3
violently,3
ron,3
reinhard,3
blitz,3
weary,3
maritime,3
sad,3
bravo,3
hamburger,3
meat,3
raw,3
fiercest,3
downed,3
blunders,3
whatever,3
stalag,3
sergeants,3
seem,3
straight,3
wheeler-dealer,3
denies,3
quite,3
comfort,3
beirut,3
bradley,3
retelling,3
canadians,3
defenses,3
beach,3
doctors,3
understand,3
idealism,3
hearts,3
dumped,3
waste,3
hot,3
industrialist,3
relief,3
heartbreak,3
ticking-clock,3
megan,3
100,3
corpses,3
match,3
greedy,3
remnants,3
mankind,3
cesira,3
loren,3
bombs,3
undergoes,3
heath,3
redeem,3
systems,3
gen.,3
exchange,3
escaping,3
teenagers,3
starting,3
opposed,3
runaway,3
alliance,3
embroiled,3
attraction,3
accompanies,3
accident,3
joint,3
headstrong,3
griff,3
vichy,3
spending,3
audacious,3
minister,3
1920s,3
honour,3
door,3
memory,3
courtroom,3
doubtful,3
tens,3
testament,3
memoir,3
vera,3
brittain,3
connection,3
brilliantly,3
skerritt,3
pavlichenko,3
skill,3
fades,3
audience,3
miracle,3
erupt,3
offbeat,3
proportions,3
takeover,3
cambodia,3
transferred,3
causing,3
vow,3
sky,3
patriots,3
fortunately,3
hangs,3
publisher,3
dispatches,3
walks,3
except,3
deprived,3
ago,3
friendships,3
bloom,3
diplomacy,3
tora,3
standoff,3
texan,3
bowie,3
billy,3
fired,3
ian,3
meaning,3
berg,3
writing,3
bid,3
raise,3
neighbours,3
weak,3
1988,3
shape,3
snow,3
max,3
australians,3
peninsula,3
casualty,3
tony,3
stone,3
morton,3
abolitionist,3
landowners,3
controversial,3
cameron,3
lynch,3
manus,3
disgruntled,3
talent,3
hes,3
grown,3
discovering,3
enduring,3
reforms,3
dowager,3
studied,3
1989,3
midway,3
turning,3
jobs,3
completed,3
upside,3
one-man,3
dozen,3
tow,3
winther,3
mere,3
protesting,3
spirals,3
conducts,3
hamilton,3
prequel,3
veronika,3
watch,3
misses,3
cult,3
lieut,3
wacky,3
misadventures,3
multinational,3
hires,3
performed,3
perfect,3
steam,3
express,3
amputee,3
conscious,3
dreaming,3
frustrated,3
resulting,3
cameraman,3
rescuing,3
interpreter,3
witness,3
document,3
crossfire,3
certain,3
nightmare,3
beckett,3
previous,3
statement,3
assistance,3
raiding,3
2010,3
prize,3
delivers,3
emotional,3
novelist,3
tiff,3
wanders,3
sharpshooter,3
objections,3
celebrated,3
interview,3
'the,3
kid,3
collapse,3
restaurant,3
cowardly,3
pretends,3
louise,3
poverty,3
guides,3
address,3
virunga,3
oldest,3
contested,3
ongoing,3
gentle,3
paranoia,3
rao,3
blame,3
attend,3
chain,3
georges,3
kosovo,3
deaf,3
s.a.s,3
threatening,3
simply,3
franta,3
farmhouse,3
worldly,3
gibson,3
assure,3
elderly,3
andrzej,3
temporary,3
ice,3
nanjing,3
ancient,3
lan,3
tatsuo,3
devises,3
separate,3
brian,3
acts,3
vain,3
greed,3
barbarians,3
estranged,3
chooses,3
teams,3
resolves,3
treats,3
professional,3
eccentric,3
rifleman,3
openly,3
grandfather,3
magical,3
evacuate,3
sorghum,3
narrator,3
armadillo,3
cynicism,3
addiction,3
tough,3
hairy,3
disillusion,3
tremendous,3
sound,3
1930,3
drifts,3
mature,3
nellie,3
rewarded,3
absence,3
repeatedly,3
flags,3
shepherd,3
prolonged,3
wits,3
eagerly,3
anti-fascist,3
skepticism,3
dismisses,3
notices,3
blind,3
check,3
confidant,3
luca,3
distress,3
21st,3
experimentation,3
armstrong,3
custer,3
sioux,3
treachery,3
valiantly,3
heroically,3
reclusive,3
idealist,3
kotov,3
mister,3
collection,3
sumatra,3
glenn,3
brash,3
damaged,3
fanatical,3
countess,3
natasha,3
unhappy,3
mothers,3
marching,3
advantage,3
intrigues,3
ussr,3
ivan,3
tirelessly,3
uncommon,3
unwavering,3
crude,3
bloodshed,3
opinion,3
resurrected,3
year-old,3
ambition,3
carefree,3
golden,3
tricks,3
mismatched,3
disguise,3
mood,3
hailed,3
rulers,3
spectacle,3
expensive,3
vehicle,3
forgot,3
kurdish,3
indo-pak,3
palance,3
eddie,3
stateside,3
mongols,3
hypothetical,3
qualifications,3
drunk,3
vacation,3
elude,3
pretty,3
buddhist,3
chandler,3
futile,3
soccer,3
bellicose,3
1939,3
tono,3
lise,3
starker,3
demonstrates,3
forget,3
hearing,3
surrendered,3
wear,3
robin,3
discipline,3
ptsd,3
colleagues,3
colonists,3
imdb,3
1940s,3
marcin,3
frenchman,3
abilities,3
inadvertently,3
moments,3
1954,3
slaughtered,3
propagandist,3
temperatures,3
unarmed,3
wagner,3
replacement,3
1935,3
yaqui,3
robs,3
lyedecker,3
flat,3
boston,3
smoothly,3
defence,3
tunisia,3
thanks,3
seductive,3
norbert,3
element,3
latter,3
duchy,3
frogman,3
japanese-held,3
spaceship,3
crash-landed,3
reveal,3
gifford,3
firing,3
memoirs,3
section,3
filmmakers,3
lucy,3
russell,3
stiff,3
lip,3
liberty,3
fugitive,3
examined,3
vincent,3
rejects,3
strangers,3
1962,3
well-known,3
appear,3
cameo,3
dalton,3
draft,3
equipment,3
terrain,3
strategies,3
carries,3
critical,3
800,3
fulfilling,3
unleashed,3
truly,3
taste,3
hid,3
tales,3
derring-do,3
betray,3
womenfolk,3
humiliation,3
fiendish,3
parts,3
orphans,3
depended,3
context,3
voluntary,3
bordeaux,3
oppressive,3
rosario,3
paint,3
englishmen,3
encouragement,3
diamond,3
ball,3
method,3
pivots,3
huston,3
university,3
helmut,3
fjord,3
gem,3
remember,3
safely,3
poignant,3
photojournalist,3
felt,3
lewis,3
halsey,3
manfred,3
crooked,3
isles,3
auxiliary,3
anywhere,3
attracted,3
diverse,3
mini-series,3
regent,3
titans,3
faction,3
suppress,3
kamille,3
infiltrated,3
sphere,3
suit,3
zeta,3
enhanced,3
gackt,3
rival,3
arriving,3
extract,3
karl,3
undisciplined,3
rebel,3
overview,3
images,3
satirical,3
japanese-occupied,3
accomplish,3
o'flaherty,3
vatican,3
kappler,3
destination,3
bullet,3
unseen,3
hunters,3
best-selling,3
jets,3
rookie,3
hornblower,3
1991,3
tiny,3
consolation,3
burnt,3
network,3
tyranny,3
immensely,3
bbc,3
laboratory,3
appeals,3
cox,3
repercussions,3
divisional,3
allows,3
splits,3
tribe,3
preston,3
feud,3
mate,3
draw,3
nazism,3
gladys,3
lin,3
asking,3
inventive,3
argentina,3
chronicled,3
starfleet,3
klingon,3
hear,3
tiger,3
jealous,3
graduate,3
financial,3
embark,3
caucasus,3
emerges,3
tribulations,3
preserve,3
sentiments,3
sits,3
deserters,3
narrative,3
spectacular,3
demanding,3
arc,3
heaven,3
gathers,3
withdrawal,3
mysteriously,3
par,3
rice,3
reminder,3
relative,3
ambushes,3
conventional,3
re-telling,3
replaced,3
gallantry,3
precision,3
hellmut,3
ago-15,3
commerce,3
bernhard,3
nato,3
multiple,3
6th,3
assaults,3
despise,3
stein,3
guide,3
engagement,3
respectable,3
grandiose,3
definitions,3
compared,3
somewhat,3
detained,3
phone,3
rarely,3
mechanic,3
blonde,3
teach,3
underwater,3
frogmen,3
kgb,3
tragically,3
involvement,3
firsthand,3
exciting,3
ensured,3
jerry,3
richest,3
u.s.s,3
wipers,3
spare,3
made-for-tv,3
impress,3
disappointed,3
welsh,3
nursing,3
swiss,3
milton,3
giorgio,3
culloden,3
1964,3
reporting,3
efficient,3
parachuted,3
resentment,3
wise,3
lyrics,3
politician,3
divided,3
ladd,3
weekend,3
charms,3
officials,3
destroys,3
webbe,3
flourishes,3
deepens,3
zoo,3
philippine-american,3
filipino,3
klaus,3
1960,3
stranger,3
2004,3
1911,3
mighty,3
reminds,3
opportunist,3
relates,3
terms,3
lithuania,3
smuggle,3
cairo,3
swedish,3
assist,3
surveying,3
kurt,3
exposes,3
speech,3
burmese,3
sandra,3
reconcile,3
storyline,3
clans,3
nationals,3
2000,3
mounted,3
taboo,3
1920,3
dellaplane,3
hesitates,3
sailing,3
outright,3
episodes,3
erroneously,3
lorna,3
screened,3
fifth,3
serviceman,3
directly,3
myra,3
aware,3
sweet,3
strategy,3
builds,3
cannon,3
books,3
contrast,3
iowa,3
hazardous,3
holed,3
flick,3
1901,3
recognize,3
kidnaps,3
latvian,3
practically,3
spills,3
steel,3
shipped,3
imdb.com,3
lex,3
gains,3
cigarettes,3
infighting,3
promoted,3
picked,3
disability,3
unruly,3
clutches,3
feuding,3
thick,3
presidential,3
recounting,3
expecting,3
1999,3
announces,3
wonderful,3
realism,3
viewed,3
impressionable,3
wanda,3
supports,3
possessions,3
bennett,3
ageing,3
appointed,3
charleston,3
maintaining,3
tried,3
dominated,3
provincial,3
clerk,3
assistant,3
tropical,3
zapata,3
pleads,3
lets,3
two-part,3
empty,3
recognized,3
collaborationist,3
trauma,3
del,3
rio,3
alec,3
word,3
caused,3
limited,3
corner,3
manages,3
separation,3
olga,3
weds,3
tullio,3
lords,3
skirmish,3
protagonist,3
comic,3
unfortunately,3
forrester,3
undertake,3
paco,3
saying,3
representative,3
dysfunctional,3
jr.,3
seaviper,3
describing,3
slide,3
reflect,3
opportunistic,3
nonoko,3
conspiracy,3
flooding,3
co-stars,3
corregidor,3
philip,3
herzegovina,3
creeping,3
hospitalized,3
searching,3
convincing,3
serb,3
kenan,3
sergei,3
harvey,3
trek,3
ojeda,3
threats,3
1956,3
sherman,2
fury,2
five-man,2
outgunned,2
cryptanalyst,2
nail-biting,2
code-breakers,2
cypher,2
bletchley,2
darker,2
instincts,2
mythic,2
pitted,2
determine,2
species,2
miraculous,2
26th,2
4th,2
penetrating,2
german-held,2
tepes,2
vampire,2
dracula,2
desmond,2
doss,2
jewish-american,2
scalping,2
aldo,2
raine,2
french-jewish,2
missionprotect,2
comradesto,2
pinpoint,2
accuracy,2
willard,2
kurtz,2
pianist,2
wladyslaw,2
dismantle,2
1250,2
bronze,2
emerging,2
sail,2
agamemnom,2
agamemnon,2
achilles,2
harassed,2
vagrancy,2
vet,2
snaps,2
rat-a-tat-tats,2
action-movie,2
heavy-handed,2
cops,2
tail,2
2005,2
ahmad,2
shah,2
pragmatic,2
observes,2
dehumanizing,2
u.s.-vietnam,2
hue,2
underlings,2
somali,2
hawk,2
preferring,2
jean-jacques,2
annaud,2
stalingard,2
taylor,2
farther,2
westerner,2
shmuel,2
unaware,2
imprisonment,2
intrigue,2
crusades,2
danny,2
manipulative,2
algren,2
instruct,2
tribes,2
flamboyant,2
oskar,2
ofelia,2
stauffenberg,2
fhrer,2
patient,2
vast,2
burned,2
joey,2
unnoticed,2
relocates,2
high-security,2
sit,2
pechersky,2
xerxes,2
fresh,2
themistokles,2
habitat,2
hostages,2
trautman,2
colonies,2
connor,2
turkey,2
landscape,2
urges,2
throne,2
museum,2
guys,2
notice,2
iwo,2
jima,2
alain,2
burnett,2
reunite,2
market,2
garden,2
meant,2
vacationing,2
operative,2
racing,2
wrecked,2
realise,2
subordinate,2
offering,2
round,2
aeneas,2
maintains,2
1950,2
verge,2
communicate,2
moon,2
joy,2
grip,2
rob,2
africas,2
face-off,2
warship,2
shield,2
arduous,2
increases,2
front-line,2
peacefully,2
precious,2
fleeting,2
brotherhood,2
all-black,2
alternative,2
lucile,2
mother-in-law,2
homes,2
woody,2
harrelson,2
answers,2
baghdad,2
booby-trapped,2
structure,2
acquired,2
foil,2
natal,2
rorke,2
drift,2
victoria,2
normally,2
cable,2
luckily,2
warlords,2
pakistani,2
sams,2
domestic,2
dickerson,2
pursues,2
insubordination,2
exiles,2
stransky,2
offered,2
ali,2
julie,2
subsequently,2
leopold,2
breach,2
skilled,2
untimely,2
blacky,2
exploitation,2
goods,2
fragile,2
visser,2
value,2
intellect,2
hypocrisy,2
homing,2
sign,2
letting,2
emotionally,2
1980,2
manoeuvres,2
enveloped,2
emerge,2
douglas,2
celebrating,2
resilience,2
indianapolis,2
delivering,2
endured,2
tormented,2
war-weary,2
manfredi,2
loud-mouthed,2
sefton,2
extend,2
folman,2
1982,2
lebanon,2
photographed,2
hayes,2
marshall,2
notes,2
1960s,2
tactical,2
specialists,2
ignoring,2
democratic,2
collapses,2
physician,2
latin,2
todd,2
breed,2
corners,2
aggressive,2
explosion,2
escadrille,2
entered,2
psychlos,2
aliens,2
profit,2
clean,2
belle,2
piloted,2
sophia,2
13-year-old,2
rosetta,2
skull,2
engage,2
symbolize,2
bonaparte,2
lieutenants,2
larger,2
deciding,2
earlier,2
beset,2
detail,2
mississippi,2
newt,2
swamps,2
kingdoms,2
stig,2
viola,2
gunnery,2
ex-wife,2
florya,2
massacred,2
damien,2
shatters,2
reality,2
succeeds,2
discrimination,2
aces,2
clara,2
bow,2
neighbor,2
radical,2
assassin,2
terribly,2
promising,2
mash,2
sally,2
tuscany,2
lillie,2
jude,2
1975,2
pot,2
boeldieu,2
formed,2
elements,2
laborers,2
600,2
awakens,2
dropping,2
banding,2
pinhead,2
sculpture,2
bought,2
owns,2
investigating,2
confederacy,2
converge,2
declares,2
neighboring,2
promptly,2
shady,2
freezing,2
famine,2
surprised,2
plunged,2
detroit,2
onto,2
deceit,2
tenement,2
ambitions,2
parody,2
trainees,2
secure,2
engineers,2
grande,2
duo,2
landmine,2
armys,2
husbands,2
elsie,2
horseman,2
2008,2
biographic,2
peacetime,2
tangled,2
touch,2
narcotics,2
grey,2
high-tech,2
firepower,2
cross-country,2
dmz,2
suspects,2
flame,2
jrgen,2
circle,2
evade,2
albright,2
embassy,2
video,2
games,2
muster,2
all-out,2
newfound,2
ilsa,2
walking,2
overhead,2
rendezvous,2
rochard,2
catherine,2
largely,2
opposition,2
critically,2
ryan,2
mouth,2
awake,2
unique,2
loaded,2
blocked,2
lvov,2
sewers,2
adolph,2
strings,2
deployment,2
politically,2
conversation,2
motor,2
truckloads,2
approaching,2
endurance,2
objective,2
sun,2
inhabitants,2
deportation,2
hairdresser,2
opponent,2
enlisted,2
bartle,2
murph,2
terrors,2
troubled,2
christopher,2
jenny,2
issues,2
gorillas,2
anchored,2
gerbier,2
torturous,2
marseilles,2
atmosphere,2
edmund,2
devices,2
mussolini,2
mastroianni,2
develop,2
tumultuous,2
boyfriend,2
apartment,2
hughes,2
chef,2
prefers,2
busters,2
maciek,2
salvador,2
hambleton,2
delay,2
uranium,2
liu,2
bei,2
persuade,2
jun-shik,2
colonized,2
marathon,2
maximilian,2
seor,2
ocao,2
wagonload,2
partners,2
escudo,2
ballantine,2
wagon,2
skimmel,2
redacted,2
palma,2
mahmudiyah,2
weed,2
post-world,2
kretschmann,2
malkovich,2
farmiga,2
oreste,2
jacovacci,2
busacca,2
youths,2
fluffy,2
gum,2
valentine,2
humiliated,2
wreckage,2
witlessly,2
ingmar,2
gotland,2
1974,2
chow,2
yun-fat,2
femme,2
fatale,2
underworld,2
endanger,2
haakon,2
gladiator,2
power-hungry,2
father-son,2
candy,2
out-of-touch,2
flashing,2
circularity,2
ethnic,2
albanian,2
photographic,2
editor,2
toney,2
berets,2
autobiography,2
yang,2
zirong,2
disguised,2
bandit,2
1597,2
1592-1598,2
iconic,2
sun-sin,2
133,2
southwest,2
intimidates,2
bettering,2
serenity,2
brutalized,2
raped,2
nonetheless,2
butler,2
kindly,2
stonewall,2
halfway,2
addi,2
senegalese,2
vosges,2
vogel,2
striking,2
parallel,2
leper,2
owned,2
winery,2
jiu'er,2
resists,2
mads,2
staged,2
cinematography,2
nominated,2
direction,2
gilda,2
shares,2
mia,2
toward,2
usmc,2
alyosha,2
homesick,2
devastated,2
battle-scarred,2
merrimette,2
importance,2
1936,2
communists,2
homage,2
typhus,2
patients,2
saving,2
interactions,2
folk,2
son-in-law,2
successor,2
anzio,2
dig,2
borrows,2
jeep,2
discounted,2
statue,2
seekers,2
biological,2
tail-end,2
ineffable,2
appeases,2
misunderstood,2
misrepresented,2
mystifying,2
claustrophobic,2
barbaric,2
tunnellers,2
good-for-nothing,2
generated,2
income,2
hang,2
buddies,2
watches,2
respecting,2
re-join,2
resilient,2
selfless,2
nobility,2
napoleons,2
1810,2
valeria,2
sarmientos,2
e.v,2
kinross,2
shipmates,2
poem,2
thuggee,2
loving,2
fine,2
confronting,2
vignettes,2
venice,2
armenian-born,2
missak,2
manouchian,2
woodworker,2
anti-immigrant,2
stunt,2
backfired,2
martyrs,2
bisht,2
tube,2
feeble-minded,2
life-lesson,2
sociological,2
suspecting,2
desolete,2
visitors,2
breeding,2
digs,2
fortified,2
stretches,2
punctuated,2
sharp,2
bursts,2
relevance,2
teresa,2
censors,2
nina,2
tsvetnova,2
marcio,2
eduardo,2
utomlyonnye,2
solntsem,2
1994,2
terrorizing,2
sentence,2
purge,2
front-lines,2
nadia,2
shelokhonov,2
barren,2
grinder,2
heartfelt,2
comedy-drama,2
co-directed,2
mervyn,2
leroy,2
yearning,2
backwaters,2
noncommissioned,2
bullying,2
cagney,2
star-making,2
freewheeling,2
ensign,2
powell,2
1948,2
logan,2
starred,2
warner,2
bros.,2
insisted,2
agreed,2
assisi,2
conversion,2
pope,2
clare,2
by-the-book,2
mayors,2
20s,2
day-to-day,2
arabs,2
offence,2
declare,2
jihad,2
inevitable,2
paradise,2
beatific,2
adrienne,2
pargiter,2
frances,2
mcdormand,2
verstak,2
pauline,2
drummond,2
dryburgh,2
julianna,2
margulies,2
topsy,2
merritt,2
jennifer,2
ehle,2
doyenne,2
model,2
rosemary,2
leighton,2
cate,2
blanchett,2
mccarthy,2
spriggs,2
imogene,2
basing,2
vocal,2
p.o.w,2
extolling,2
atrocity,2
perseverance,2
solidarity,2
creativity,2
victorious,2
protest,2
chambermaid,2
deceased,2
waiter,2
dunne,2
10th,2
tenth,2
participated,2
record,2
individual,2
nationalism,2
seven-hour,2
story-lines,2
rostova,2
bezukhov,2
piochar,2
swat,2
district,2
yalghaar,2
throbbing,2
heartbeat,2
reached,2
league,2
baseball,2
moe,2
keiji,2
dug,2
moved,2
radiation,2
portraying,2
portray,2
no-mans-land,2
79,2
principality,2
mobilize,2
sayla,2
whims,2
hamon,2
ramba,2
ral,2
fraw,2
loum,2
vasiliy,2
koroteev,2
appeared,2
krasnaya,2
panifilov,2
316th,2
panfilov,2
fifty-four,2
standard,2
mosin-nagant,2
pm-m1910,2
wholly,2
inadequate,2
rpg-40,2
grenades,2
ptrd-41,2
dedication,2
castaway,2
raft,2
tuasiva,2
angela,2
fiji,2
fruits,2
paradisiacal,2
cave,2
aground,2
tizzy,2
isandlwana,2
endfield,2
co-wrote,2
enormously,2
isandhlwana,2
16-to-1,2
tribesmen,2
ebullient,2
presided,2
cetshwayo,2
contrasted,2
artifice,2
o'toole,2
initiating,2
ultimatum,2
detached,2
manner,2
tver,2
fth,2
every-,2
happening,2
tokarev,2
hines,2
ever-deepening,2
web,2
dejected,2
sewer,2
prayers,2
answered,2
waif,2
entertainer-,2
impresario,2
magician,2
musician-loved,2
survives,2
julius,2
sulla,2
suckling,2
arrows,2
sparring,2
iga,2
satoshi,2
ohno,2
idol,2
arashi,2
16th-century,2
council,2
nobukatsu,2
oda,2
shoes,2
expand,2
jumps,2
fray,2
satisfy,2
okunis,2
satomi,2
ishihara,2
godzilla,2
titan,2
demand,2
longtime,2
yoshihiro,2
nakamura,2
slumber,2
jidaigeki,2
signature,2
fantastical,2
#NOMBRE?,2
seventh,2
true-story,2
1937-38,2
jodl,2
dietrich,2
undamaged,2
disobeyed.the,2
divert,2
leclerc,2
female-run,2
decoding,2
device,2
motley,2
missles,2
pull-out,2
lam,2
'rat,2
un-crossable,2
rat,2
bizarre,2
giggling,2
lightning,2
kves,2
brickyard,2
advice,2
preserving,2
self-esteem,2
sepia,2
color,2
alternate,2
shade,2
magnificent,2
burton,2
kings,2
356,2
educated,2
aristotle,2
fredric,2
conqueror,2
continents,2
rossen,2
claire,2
stunning,2
colossal,2
headhunters,2
conrad,2
urging,2
frightened,2
pas-de-calais,2
recommendations,2
prefecture,2
billion,2
devising,2
bfv,2
islamic,2
recipients,2
connections,2
doubts,2
reenforce,2
widmark,2
bargained,2
depths,2
on-screen,2
grandmother,2
alaeddin,2
keykubat,2
anatolian,2
allegiance,2
seljuk,2
statesmen,2
stronger,2
emir,2
celaleddin,2
karatay,2
vizier,2
sparkle,2
nationwide,2
predictable,2
ericson,2
compass,2
miserable,2
harden,2
seldom,2
traumatic,2
afloat,2
warm,2
isoroku,2
1884-1943,2
beliefs,2
low,2
wouldnt,2
listened,2
searched,2
ominous,2
presages,2
outcomes,2
dawes,2
borough,2
newham,2
eldest,2
part-time,2
nail,2
despondent,2
throws,2
doorway,2
booked,2
morale-building,2
ulcerated,2
conscience-driven,2
adopts,2
cavalry-versus-indians,2
recruiting,2
seminole,2
kiowa,2
ebrennac,2
billeted,2
refuse,2
warms,2
talks,2
bullied,2
convene,2
nationalist,2
beaten,2
carpenter,2
rozalie,2
dilemma,2
elba,2
lorenzo,2
singapore,2
starvation,2
lili,2
marleen,2
bolsheviks,2
julien,2
maillat,2
closing-in,2
directions,2
eight-man,2
scud,2
185-kilometer,2
konrad,2
lecki,2
paramilitaries,2
soviet-backed,2
ministry,2
lengths,2
wojciech,2
niemczyk,2
kwasny,2
wrzosek,2
janusz,2
chabior,2
geneva,2
right-wing,2
left-wing,2
ensue,2
tansy,2
parkinson,2
visions,2
upcoming,2
apocalypse,2
bounty,2
zandra,2
conquer,2
isolationist,2
cattleman,2
leon,2
uris,2
airbase,2
harassement,2
prejudice,2
vowed,2
poorly,2
partition,2
dien,2
bien,2
phu,2
minh,2
weakened,2
clairefons,2
pierre-noel,2
raspeguy,2
quinn,2
paras,2
intricate,2
marian,2
moretti,2
suss,2
cooperation,2
martina,2
gedeck,2
intensifies,2
wide,2
blizzard,2
pre-dawn,2
prospect,2
dorine,2
marks,2
epoch,2
mountie,2
catch,2
mounties,2
believing,2
sheltered,2
virginia,2
institute,2
adult,2
shenandoah,2
b-17,2
tight-knit,2
exiled,2
arizona,2
booming,2
attracts,2
trader,2
attractive,2
humorous,2
squads,2
augagneur,2
possession,2
awaiting,2
explode,2
fires,2
plain,2
compelling,2
encountering,2
terrify,2
brooks,2
understood,2
1789,2
xvi,2
dumps,2
masterpiece,2
viva,2
italia,2
blend,2
partly,2
ketola,2
eternal,2
fraulein,2
biologist,2
sex-crazed,2
half-man,2
half-beast,2
injections,2
rituals,2
embedded,2
controlled,2
impressively,2
naturalistic,2
low-budget,2
'charlie,2
producing,2
'84,2
mopic,2
titarenko,2
presidency,2
lyndon,2
minds,2
phrase,2
ironic,2
juxtaposing,2
westmoreland,2
1746-1828,2
leocadia,2
awful,2
headaches,2
befuddlement,2
relives,2
quilty,2
devils,2
pub,2
paralleled,2
internal,2
interaction,2
newcomer,2
psychotic,2
slitting,2
throats,2
orphan,2
cease-fire,2
resolution,2
somme,2
panic,2
restlessness,2
confined,2
bokhari,2
dell,2
koji,2
pitcher,2
basketball,2
championships,2
athletic,2
elbow,2
disheartening,2
diagnosis,2
comeback,2
christened,2
pitch,2
colonization,2
gordon,2
pretence,2
gracious,2
stensgard,2
brother-in-law,2
cannery,2
collaborates,2
karen,2
sheridan,2
gunnar,2
brogge,2
errol,2
flynn,2
influenced,2
nazi-sympathizer,2
koenig,2
dantine,2
fanatic,2
spoutings,2
invincibility,2
v-2,2
633,2
seemingly-impregnable,2
overhanging,2
narrow,2
lined,2
anti-aircraft,2
collapsing,2
gambler,2
'gloves,2
donahue,2
cheesecake,2
bakery,2
marty,2
accompanist,2
pepi,2
19411944,2
vin,2
linna,2
selling,2
tuntematon,2
sotilas,2
uncensored,2
sotaromaani,2
performers,2
gavin,2
lilo,2
claudette,2
colbert,2
rugged,2
settlement,2
edna,2
middle-aged,2
dirk,2
inflames,2
centre,2
rotterdam,2
eero,2
perkola,2
lieksa,2
defensive,2
two-minute,2
rumination,2
volatile,2
photo-montage,2
accompanying,2
text,2
theft,2
soft,2
wakes,2
farewell,2
rossi,2
halifax,2
crushed,2
exploring,2
best-known,2
commitment,2
photographers,2
complexities,2
inherent,2
covering,2
unknowable,2
calculus,2
split-second,2
2011,2
profession,2
strongman,2
performs,2
blond,2
school-mates,2
masuji,2
ibuse,2
southeast,2
brett,2
cop,2
robowar,2
monty,2
bobby,2
rhodes,2
alligator,2
anyway,2
disc,2
pleasence,2
mercenary-for-hire,2
lehman,2
tag,2
chances,2
expressive,2
double-crosses,2
twists,2
explosions,2
surface/commerce,2
slipped,2
battleships,2
bismarck,2
scharnhorst,2
gneissenau,2
prinz,2
eugen,2
tankers,2
everywhere,2
lightly,2
boldly,2
pocket,2
blown,2
truncated,2
crane,2
stuggles,2
arguing,2
german/jewish,2
jerusalem,2
mean,2
bean,2
swashbuckling,2
packed,2
rajasthan,2
crushes,2
maharaja,2
khande,2
interests,2
lair,2
madhuvanthi,2
wola,2
harz,2
87,2
dissident,2
forming,2
bidan,2
impulsively,2
curry,2
uncut,2
munk,2
recollections,2
overseer,2
junction,2
preliminaries,2
cup,2
ex-yugoslavia,2
football,2
adversaries,2
precipitate,2
amusing,2
alerted,2
strongest,2
jutland,2
bicycle-,2
motorcycle,2
companies,2
fatal,2
bicycle,2
tuur,2
lambert,2
tuurs,2
dad,2
lamberts,2
befriending,2
separates,2
victorio,2
bardone,2
vittorio,2
sica,2
gloria,2
tet,2
italian/austrian,2
denno,2
infantrymen,2
fills,2
ebb,2
flow,2
franciszek,2
dolas,2
coincidences,2
fronts,2
fliers,2
prone,2
excuses,2
root,2
'griff,2
griffin,2
harm,2
senior-level,2
preparations,2
appointment,2
establishment,2
beachhead,2
tribulation,2
ike,2
prima,2
donnas,2
gaulle,2
tact,2
amphibious,2
occult,2
giuliano,2
yuma,2
scoundrels,2
cahoots,2
slips,2
'precision,2
optical,2
instruments,2
persevere,2
arion,2
hades,2
zeus,2
olympus,2
dehousse,2
turin,2
oasis,2
saville,2
vickers,2
27th,2
c.s,2
forester,2
anglo-french,2
bougainville,2
dickens,2
expectations,2
tore,2
colt,2
rabb,2
preparation,2
remembered,2
stirring,2
wwii-era,2
forgotten,2
literally,2
education,2
risked,2
pays,2
rickson,2
transporting,2
winners,2
absolute,2
earn,2
catatonic,2
traumatized,2
valkyrie,2
thirty,2
prelude,2
viewers,2
klingons,2
mills,2
summoned,2
portman,2
imaginable,2
bigger,2
14th,2
libertine,2
degenerates,2
diverted,2
squander,2
airstrip,2
okinawan,2
vania,2
grandly,2
forbidding,2
bittersweet,2
ordeal,2
discharge,2
courtship,2
yeonpyeong,2
rearguard,2
protects,2
bridgehead,2
companionship,2
nez,2
perce,2
mile,2
westward,2
expansion,2
displace,2
predecessor,2
till,2
manual,2
inscrutable,2
g.i,2
ohayn,2
shiva,2
diaries,2
tolga,2
ornek,2
journeys,2
collides,2
annihilation,2
1813,2
obadiah,2
hakeswill,2
60th,2
newer,2
duclos,2
badajoz,2
captaincy,2
archive,2
coverage,2
thereof,2
augment,2
first-person,2
beaver,2
sienkiewicz,2
17th,2
gentlewoman,2
extras,2
costumes,2
cineman,2
nomination,2
baalsruds,2
vic,2
tough-girl,2
rosanna,2
boom,2
recapture,2
heroin-smuggling,2
fifteenth,2
ruined,2
voices,2
crowning,2
dauphin,2
conquerors,2
dismiss,2
burgundians,2
submitted,2
shameful,2
rouen,2
approaches,2
bonassieu,2
surveillance,2
wakhan,2
mens,2
secluded,2
f-16,2
according,2
edgar,2
burroughs,2
inexplicably,2
races,2
peabody,2
emmy,2
boettcher,2
carlos,2
aab-gamma,2
fafc,2
ufos,2
ufo,2
coats,2
hull,2
spores,2
specimens,2
chicken-lizard-alien,2
tramples,2
media,2
sport,2
grappling,2
krausss,2
absorbing,2
implicated,2
stark,2
1967/8,2
numbing,2
barrages,2
crippled,2
firefights,2
booby,2
traps,2
cede,2
bureaucracy,2
obstinacy,2
glad,2
remake,2
senate,2
charecter,2
romes,2
fickleness,2
cyborgs,2
donetsk,2
airport,2
battalions,2
242-days,2
airports,2
terminal,2
1945-46,2
eda,2
tonda,2
indisciplined,2
quits,2
igor,2
hnidzo,2
weakness,2
mattias,2
thuresson,2
puppetoon,2
cartoons,2
idyllic,2
unfeeling,2
unthinking,2
mechanical,2
culturally,2
historically,2
aesthetically,2
significant,2
preservation,2
registry,2
publically,2
complaining,2
dismissal,2
neglect,2
subedar,2
joginder,2
per,2
records,2
achieving,2
martyrdom,2
sino-indian,2
agency,2
nefa,2
arunachal,2
pradesh,2
motivation,2
serial,2
murderer,2
shoulder,2
knife,2
inscription,2
initiated,2
andrade,2
diego,2
botto,2
professionalism,2
estrada,2
carmelo,2
gmez,2
ola,2
jan.,2
dancer,2
drill,2
aschs,2
pranks,2
ingredients,2
kirsts,2
regulation,2
gunner,2
belong,2
contrary,2
instructors,2
bully,2
clumsy,2
erratic,2
platzek,2
extra,2
vierbeins,2
joachim,2
fuchsberger,2
adrien,2
shrapnel,2
val-de-grce,2
would-be,2
suspicious,2
batch,2
confirms,2
intend,2
auxilliary,2
camouflaged,2
cruised,2
amp,2
devonshire,2
ethical,2
exercised,2
spartans,2
1978,2
asa,2
counterparts,2
viet-cong,2
181,2
gliders,2
landings,2
pegasus,2
prewar,2
cotton,2
plantation,2
revolted,2
downgraded,2
disciplinary,2
detachment,2
brute,2
waco,2
grimes,2
privates,2
oppressors,2
brutalitt,2
kluge,2
architecture,2
dimensions,2
super-human,2
bolster,2
shots,2
neo-classical,2
architectural,2
structures,2
anti-human,2
national-socialist,2
voice-over,2
checkpoint,2
vrmland,2
thereafter,2
stenstrm,2
sven,2
stacked,2
pathfinders,2
zones,2
navigation,2
cocky,2
twice,2
25th,2
prudence,2
cathaway,2
convention,2
waafs,2
romantically,2
glencairn,2
transatlantic,2
eugene,2
one-act,2
probably,2
informing,2
requires,2
sworn,2
senior,2
organising,2
elise,2
recommends,2
speaks,2
nsa,2
sol,2
binder,2
satire,2
musicians,2
rubric,2
balkan,2
pontine,2
proposal,2
poisons,2
programs,2
brittania,2
throwing,2
octavia,2
heartbroken,2
ornithologist,2
mistaken,2
garbled,2
departing,2
cache,2
1938,2
patrolling,2
chum,2
paper,2
emmanuil,2
kazakevich,2
'viking,2
furie,2
straight-to-dvd,2
pleasant,2
category,2
self-destructing,2
out-of-the-blue,2
emmy-winning,2
producer/director,2
remained,2
thirty-eight,2
caves,2
eighteen,2
analogues,2
kursk,2
installation,2
banner,2
reichstag,2
1636,2
injo,2
retainers,2
namhansanseong,2
1871,2
versailles,2
soothing,2
stage-like,2
interpret,2
popincourt,2
neighbourhood,2
xith,2
arrondissement,2
consist,2
metered,2
subjugation,2
punishment,2
deviations,2
legal,2
earliest,2
realistically,2
tim,2
copes,2
homefront,2
lodger,2
smollett,2
shortages,2
rationing,2
inconveniences,2
commissar,2
anarchist,2
bandwagon,2
aspiring,2
rapist,2
self,2
cohesive,2
symbolic,2
heroine,2
decidedly,2
propaganda-drenched,2
specially,2
cannes,2
consternation,2
observe,2
merits,2
counter-intelligence,2
1946,2
zingaretti,2
schneider,2
camp.an,2
easter,2
story-arc,2
opera,2
juking,2
aptly,2
foci,2
interrelationships,2
communities,2
male,2
circumstantially,2
slighted,2
rampage,2
dangerously,2
urban,2
dubrovnik,2
origin,2
antique-store,2
carnivals,2
fencing,2
courts,2
parentage,2
leftist,2
leanings,2
roundup,2
indignities,2
suffered,2
orchestrate,2
jock,2
auto,2
sultry,2
spoof,2
terminally,2
obnoxious,2
villages,2
reeboir,2
demolition,2
sanchin,2
type,2
unsung,2
merely,2
alps,2
ushakov,2
byers,2
4-f,2
benson,2
retreat,2
montana,2
ypres,2
adversity,2
downfall,2
trip,2
midget,2
hideout,2
constantinople,2
fulvia,2
likes,2
credits,2
easily,2
explaining,2
protested,2
defected,2
approached,2
pyrenees,2
pettigrew,2
daisy,2
eight-teen,2
escalates,2
disquieting,2
wound,2
britten,2
requiem,2
englishman,2
angola,2
denominated,2
autonomous,2
outer,2
rudely,2
excuse,2
much-desired,2
heihachiro,2
togo,2
stun,2
genjiro,2
akashi,2
bolshevik,2
displacement,2
uganda,2
compete,2
culminating,2
election,2
parliament,2
laschen,2
palestinians,2
fdr,2
advocate,2
stalinism,2
nenad,2
christian,2
enclave,2
burial,2
crosses,2
bruneval,2
frost,2
c.w.h,2
paratrooper,2
distrusts,2
concept,2
puerto,2
santo,2
corsair,2
preying,2
connecticut,2
andrews,2
hewlett,2
baxter,2
neretva,2
rooting,2
fuhrer,2
hymn,2
hudson,2
establishes,2
sirk,2
mcgara,2
guerillas,2
considers,2
scotland,2
portrayal,2
sortie,2
foe,2
fedayeen,2
quarter,2
magda,2
bormann,2
traders,2
voodoo,2
accidently,2
39th,2
bullet-riddled,2
crates,2
rate,2
appalling,2
brass,2
hats,2
insubordinate,2
thorn,2
smile,2
rates,2
currently,2
urgent,2
drawing,2
psyches,2
asunder,2
lingering,2
post-traumatic,2
personnel,2
dentists,2
figaro,2
revue,2
thematic,2
bicentenary,2
culprit,2
ipu,2
madman,2
melody,2
precocious,2
seven-year,2
willful,2
saganne,2
dubreuilh,2
adventurous,2
uppercrust,2
tight,2
treasured,2
sapphire,2
lights,2
vanishes,2
confess,2
slip,2
isabel,2
legionaires,2
moliere,2
players,2
dressing,2
mentions,2
turncoat,2
dodging,2
ransacked,2
roving,2
observing,2
soundly,2
lust,2
touching,2
katusha,2
reactive,2
mortars,2
girl-telegraphist,2
1933,2
tou,2
lou,2
tzu,2
stationing,2
succumbing,2
cheh,2
recreated,2
lung,2
chiang,2
sheng,2
chen,2
kuan-tai,2
celluloid,2
nameless,2
mcanally,2
brophy,2
executes,2
ferris,2
cary,2
elwes,2
intimidating,2
timothy,2
agenda,2
vilna,2
annihilate,2
squeeze,2
blocks,2
twenty-two,2
kittel,2
administrate,2
gorgeous,2
hayyah,2
sneaking,2
kilo,2
beam,2
activate,2
promote,2
gens,2
sewing,2
describe,2
factors,2
brothel,2
gathering,2
unsuspecting,2
forwarding,2
22-23,2
convoys,2
supplying,2
marches,2
insurmountable,2
rehabilitation,2
sofie,2
affection,2
bush,2
bang,2
rajan,2
volterra,2
damage,2
excellently,2
jiri,2
bull,2
celebration,2
u-boats,2
hates,2
matches,2
irne,2
fishingboat,2
mill,2
gray,2
organise,2
garrett,2
professor,2
religion,2
helena,2
adjust,2
krger,2
tulse,2
luper,2
suitcases,2
crazed,2
metal,2
gear,2
solid,2
willem,2
confusion,2
maj.,2
harding,2
showing,2
kowalski,2
risen,2
snafu,2
mom,2
dolly,2
liquor,2
renard,2
german-american,2
bund,2
liangfeng,2
leung,2
fai,2
ghosting,2
guo,2
mingxiang,2
match-ups/duel,2
trailer,2
wus,2
possibly,2
insanely,2
stylish,2
fashion,2
evokes,2
hoess,2
descendants,2
legacy,2
indelibly,2
associates,2
abominations,2
weight,2
spacy,2
kudo,2
mayan,2
non-existent,2
heal,2
tranquility,2
vf-0,2
tino,2
struckmann,2
kearney,2
dishonorably,2
discharged,2
jayhawkers,2
clearing,2
sealed,2
'ours,2
hungry,2
disobeying,2
remy,2
weaponry,2
ubangan,2
barthelemy,2
ridden,2
succumb,2
orderlies,2
resistant,2
treated,2
fireteam,2
seizes,2
vietnamnese,2
consequence,2
convicted,2
reduce,2
significantly,2
reenacts,2
authentic,2
accent,2
directing,2
brechtian,2
distancing,2
martino,2
mountainous,2
brothels,2
albania,2
meresyev,2
knees,2
artificial,2
limps,2
tokugawa,2
swordsman,2
osaka,2
daredevil,2
texel,2
vivid,2
imagination,2
oppressed,2
narrow-minded,2
beachcombers,2
georgians,2
maries,2
outsiders,2
goga,2
prussian,2
freiherr,2
baron,2
bodyguard,2
stickler,2
jaschinsky,2
amalia,2
prussia,2
silesia,2
dubious,2
branch,2
janischky,2
cowboys,2
confedarate,2
unionist,2
crashes,2
katya,2
navigator,2
linko,2
ejected,2
take-off,2
aerodrome,2
honest,2
smersh,2
100th,2
flt,2
earl,2
hamburg,2
half-brothers,2
regular,2
newcastle,2
emasculated,2
needing,2
fact-based,2
predominantly,2
loading,2
court-martialed,2
load,2
nuremberg,2
cornered,2
colonials,2
guaranteed,2
utu,2
homestead,2
wiremu,2
trinell,2
relation,2
hopkins,2
employee,2
spiv,2
dodger,2
clinging,2
malta,2
reenactments,2
beseiged,2
proof,2
hampered,2
colour,2
complemented,2
eyewitness,2
replicates,2
rallies,2
moulin,2
martyr,2
vance,2
calhoun,2
p.o.w.s,2
darloc,2
motorcycles,2
cisterns,2
chained,2
wheels,2
governship,2
ss-lieutenant,2
nine,2
believability,2
hasek,2
redgrave,2
corresponds,2
episodically,2
thwarted,2
parting,2
zoe,2
sintsov,2
understands,2
doom,2
dnipro,2
brest,2
documentary-drama,2
1917,2
tenterhooks,2
crashed,2
aspects,2
h.g,2
wells,2
dramatisation,2
references,2
mons,2
isolationism,2
worldwide,2
flu,2
epidemic,2
cbs,2
jessup,2
subcommittee,2
idem,2
martians,2
crowds,2
terence,2
stevenson,2
donat,2
defusing,2
unexploded,2
fluent,2
assume,2
tartu,2
formula,2
manufactured,2
patroulling,2
civillions,2
blowhard,2
squirrels,2
explain,2
goodwill,2
sakura,2
nishi,2
hospitals,2
amputations,2
crowded,2
servicing,2
impotent,2
morphine,2
anita,2
bitterly,2
sexy,2
babs,2
neugent,2
buddy,2
imagine,2
rudolph,2
hss,2
ii-birkenau,2
lang,2
deliberate,2
automatically,2
demon,2
average,2
utmost,2
heinrich,2
extermination,2
consider,2
old-fashioned,2
manitoba,2
christianne,2
hirt,2
crowe,2
commonwealth,2
lachlan,2
surreptitiously,2
wooing,2
lill,2
betsy,2
bootlegging,2
zeek,2
kraft,2
1986,2
made-for-television,2
reprises,2
beatrice,2
disobedience,2
punishable,2
refine,2
mortal,2
waldemar,2
nods,2
suriname,2
lans,2
pre-wwii,2
meteoric,2
monograph,2
march-throw,2
schoolfriend,2
bac,2
bastard,2
pretext,2
describes,2
enjoyable,2
suitcase,2
downright,2
diabolical,2
comte,2
passavant,2
robson,2
armada,2
whence,2
1588,2
merchantmen,2
kiju,2
chinsu,2
pyon,2
randomly,2
geoffrey,2
'geoff'/'boy,2
wellum,2
spitfire,2
bonds,2
drinks,2
sports,2
geoff,2
grueling,2
lawyer,2
trades,2
traded,2
outset,2
lvova,2
reappears,2
expelled,2
sinks,2
alcoholism,2
improves,2
whip,2
dissent,2
slaughtering,2
bomb-maker,2
overtake,2
strategically,2
cigarette,2
connects,2
martins,2
tomo,2
compton,2
ballantrae,2
climactic,2
nazaire,2
trevor,2
howard,2
alginon,2
fraser,2
falkland,2
batten,2
islanders,2
nebeska,2
udica,2
ljubia,2
samardi,2
submission,2
73rd,2
thunder,2
lighthouse,2
michigan,2
cash,2
paychecks,2
monthly,2
19th,2
packet,2
editors,2
inevitability,2
listen,2
banished,2
unacceptable,2
1918-1920,2
schoolboys,2
clive,2
eger,2
dob,2
gergely,2
turk,2
liner,2
stir,2
quizz,2
roll-call,2
pigs,2
mock,2
sympathizes,2
yllana,2
motherless,2
breast,2
marshalled,2
'regeneration,2
sassoon,2
poets,2
chetwynd,2
hoa,2
infamously,2
hanoi,2
1975,2
moriarty,2
cathcart,2
pressman,2
dragged,2
vilsmaier,2
passenger,2
hellmuth,2
kehding,2
evacuating,2
danzig,2
less,2
hour,2
unfolding,2
extradionary,2
ailing,2
father-in-law,2
befriended,2
schoolmaster,2
fabricate,2
sorrow,2
intimacy,2
resonates,2
precepts,2
aesthetic,2
influences,2
centuries,2
tradional,2
poetry,2
literature,2
hickok,2
calamity,2
ellison,2
gunrunner,2
kramer,2
ww-ii,2
marvin,2
laid,2
otherwise,2
boring,2
pinned,2
brown,2
taiwanese,2
dreamed,2
stalemate,2
swap,2
double-cross,2
burt,2
16mm,2
weekends,2
indio,2
wally,2
campo,2
supervisor,2
joyce,2
amago,2
withdraw,2
tatara,2
suffice,2
ken,2
submerge,2
meaningless,2
assignments,2
downward,2
koren,2
unscrupulous,2
wives,2
internationally,2
conductor,2
70-piece,2
symphony,2
newly-liberated,2
chateau,2
luxembourg,2
schiller,2
avid,2
concert,2
hood,2
xviii,2
disappointment,2
brigands,2
popularity,2
huncaga,2
garko,2
fun-loving,2
oddball,2
acrobatic,2
kinski,2
farockis,2
intriguing,2
troubling,2
processes,2
perception,2
affect,2
reminiscent,2
writings,2
virilio,2
foucault,2
farocki,2
coastal,2
dtores,2
candles,2
parallels,2
increasing,2
entrapment,2
'le,2
blockhaus,2
clebert,2
pin,2
judges,2
spilt,2
sweat,2
tears,2
kwai,2
tanaka,2
harada,2
healthiest,2
railroads,2
clem,2
finishes,2
reflects,2
gravity,2
laying,2
delaney,2
exorcise,2
readjust,2
injures,2
nelson,2
growth,2
insurance,2
trafalgar,2
slightly,2
ex-cop,2
chet,2
shall,2
communication,2
accompany,2
rid,2
seargent,2
bangkok,2
anti-nazi,2
coronation,2
manoeuvrings,2
bulgarian,2
candelaria,2
emilio,2
flor,2
sylvestre,2
us-and,2
rogellio,2
torres,2
lion,2
dolores,2
jose,2
luis,2
pedro,2
armendariz,2
firebrand,2
landowner,2
disowned,2
loyally,2
outlaws,2
sacrifices,2
krasnodon,2
organizing,2
teens,2
outsmart,2
offices,2
lifts,2
school-friends,2
colombia,2
canvas,2
30s,2
onslaught,2
lvov-sandomierz,2
twist,2
avoiding,2
thunderbolt,2
narrated,2
spotz,2
genuine,2
strafe,2
blast,2
storehouses,2
recognition,2
gangs,2
hooligan,2
andras,2
kovacs,2
novi,2
sigificant,2
willingness,2
tracking,2
gottfried,2
1965,2
guinness,2
redford,2
diocese,2
preach,2
commissioned,2
sharing,2
slavic,2
action-packed,2
halts,2
briefly,2
lad,2
beg,2
silent,2
fabrication,2
constable,2
dancing,2
tune,2
tallinn,2
comintern,2
tanel,2
telephone,2
determines,2
alpine,2
cook,2
glider,2
jurgens,2
outwit,2
pursuers,2
retold,2
yom,2
kippur,2
sinai,2
golan,2
heights,2
ruso,2
awash,2
tranquil,2
desperation,2
overpowering,2
whir,2
blades,2
creating,2
hypnotic,2
pieces,2
life-changing,2
uncompromising,2
avoided,2
sour,2
unbeknownst,2
andrei,2
overlord,2
metcalfe,2
song,2
flack,2
sarsi,2
miguel,2
kobayashi,2
tribunal,2
gina,2
row,2
goings-on,2
revive,2
rub,2
corpse,2
1899,2
soudan,2
commandment,2
voulet,2
chanoine,2
rabah,2
cameroun,2
autority,2
emissaries,2
reaching,2
sarraounia,2
aznas,2
heared,2
exactions,2
witchcraft,2
1910,2
los,2
leones,2
pablo,2
pancho,2
hardships,2
drunken,2
happy-go-lucky,2
1905,2
penetrate,2
headquarter,2
tieling,2
1526,2
landsknechts,2
frundsberg,2
inferior,2
papal,2
nevertheless,2
rivers,2
cannons,2
maneuvers,2
falconet,2
fail,2
unassumingly,2
waged,2
straightforwardly,2
declaration,2
newsman,2
vasco,2
gama,2
vavvali,2
ayesha,2
millenium,2
cities,2
scorn,2
paratroop,2
advisor,2
peacenik,2
pogrom,2
cossacks,2
jeopardises,2
761st,2
desegregation,2
executing,2
unspecified,2
twenty-year-old,2
executions,2
gwen,2
terasaki,2
shimon,2
citizen,2
aunt,2
dona,2
perfecta,2
guests,2
strangely,2
pak,2
effective,2
feudal,2
re-creates,2
sacred,2
berenice,2
twohill,2
whyte,2
vunapope,2
rabaul,2
bishop,2
scharmach,2
msc,2
bluffed,2
conscripts,2
gregg,2
masterman,2
harvard,2
mastermans,2
cups,2
yacht,2
climbs,2
junior,2
aide,2
hartog,2
two-person,2
couples,2
hume,2
cronyn,2
tandy,2
featured,2
lilli,2
palmer,2
guessed,2
1890,2
boudoir,2
wittily,2
represented,2
transitional,2
upa,2
studios,2
opened,2
precedent,2
happily,2
hotshot,2
musa,2
thirteen-year-old,2
shoe,2
shiner,2
drama-documentary,2
foxley,2
1967,2
kibbutz,2
twentieth,2
obsessed,2
researchers,2
walt,2
hedges,2
pharmaceutical,2
produce,2
penicillium,2
mold,2
penicillin,2
investigator,2
admits,2
impatiently,2
ortiz,2
lyle,2
talbot,2
baratoff,2
aides,2
nesie,2
duprez,2
oberst,2
victor,2
varconi,2
betrays,2
overpower,2
informs,2
dalberg,2
quisling,2
stooge,2
eashwar,2
alert,2
renovation,2
condemned,2
unmarried,2
eshwar,2
zakir,2
mukesh,2
godfather,2
kung-fu,2
comprise,2
ivl,2
cared,2
issued,2
beyonce,2
sheldon,2
larry,2
vitin,2
dvd,2
cutter,2
subordinates,2
82nd,2
compilation,2
destroying,2
marcian,2
attila,2
theodosius,2
143,2
emotive,2
conservative,2
cholula,2
mistreat,2
riches,2
armendriz,2
beatriz,2
peafiel,2
economics,2
lesson,2
wrote,2
bestseller,2
teamed,2
schiff,2
marc,2
faber,2
stockman,2
bubbles,2
recession,2
economists,2
insight,2
programmer,2
internet,2
prauge,2
jewish-czech,2
silberstein,2
mr.,2
nicholas,2
winton,2
humanitarian,2
669,2
kindertransport,2
likely,2
stolper,2
zhivye,2
myortvye,2
woos,2
hapless,2
half-wits,2
continuous,2
mischief,2
attending,2
dances,2
morgan,2
rescorla,2
twin,2
towers,2
evaluating,2
posed,2
czechs,2
ultra-realistic,2
brig,2
awakened,2
submitting,2
abuse,2
moonhunter,2
prasertkul,2
demonstration,2
restored,2
chiranan,2
pitpreecha-a,2
campus,2
queen-,2
drastic,2
dictatorial,2
assassinations,2
activists,2
guerilla-style,2
redressing,2
grievances,2
strain,2
shared,2
samira,2
mountbatten,2
gandhi,2
nehru,2
tooth,2
bell,2
adams,2
opium,2
1830s,2
nationalistic,2
zexu,2
davidson,2
untested,2
honolulu,2
battle-weary,2
bombardments,2
dwindling,2
davey,2
entanglements,2
onboard,2
offshore,2
harkness,2
chaser,2
equipped,2
engine,2
teakettle,2
afford,2
goals,2
novice,2
diesel,2
engines,2
cowards,2
incompetents,2
reap,2
promotions,2
hopeless,2
righteousness,2
chhod,2
yaar,2
indias,2
india-pakistan,2
muggy,2
andr,2
jeopardized,2
barber,2
adjacent,2
wisconsin,2
frederick,2
funston,2
flashes,2
1886,2
candido,2
tirona,2
cryptic,2
prophecies,2
inducted,2
viejo,2
1896,2
non-interference,2
marshals,2
mobilizes,2
blackie,2
mutanda,2
chukueke,2
unscathed,2
trousers,2
1200s,2
arose,2
ruthlessness,2
emerged,2
builder,2
israelite,2
periodically,2
plunder,2
emotion,2
feliks,2
self-sacrifice,2
joanna,2
reflex,2
curse,2
girls-czynk,2
after-forgives,2
fulfills,2
loneliness,2
brittle,2
glass,2
css,2
aleksa,2
sajjan,2
egghead,2
ninety-day-wonder,2
relies,2
beleaguered,2
b-24,2
'liberator,2
darwin,2
friday,2
'doug,2
craig,2
refineries,2
balikpapan,2
thunderstorms,2
turbulence,2
antiaircraft,2
chased,2
ran,2
salt-pan,2
remotest,2
aborigines,2
amazingly,2
coincide,2
dermott,2
o'neil,2
1972,2
grips,2
us/mexican,2
nikolai,2
harper,2
reconciled,2
frankie,2
lower-class,2
nico,2
upper-class,2
high-living,2
playgirl,2
drowns,2
alcohol,2
sheds,2
decadent,2
pure-hearted,2
hawaiian,2
spine,2
emergency,2
consciousness,2
participation,2
engelchen,2
deprivations,2
heaped,2
exacting,2
matter,2
madrid,2
piano,2
pepita,2
on-stage,2
resorts,2
nobleman,2
cord,2
finish,2
blackman,2
fiancee,2
admitted,2
gold-digger,2
blockade,2
nationality,2
marital,2
unexpectedly,2
vadim,2
kozhevnikov,2
writers,2
travis,2
macintyre,2
442nd,2
grayson,2
desertor,2
bombardiers,2
semi-documentary,2
thinks,2
1957,2
dreamland,2
falluja,2
creatures,2
hetty,2
perfume,2
recognizes,2
iuthheete,2
ayodhya,2
enjoyed,2
counterweight,2
2135,2
yuthheete,2
vent,2
anger,2
viceroy,2
hongsa,2
suphankanlaya,2
stepped,2
bago,2
leveled,2
natshinnaung,2
forcibly,2
property,2
exhausted,2
astounded,2
confrontations,2
culminate,2
sargent,2
titles,2
attackers,2
paddles,2
over-matched,2
o'farrell,2
basics,2
torpedoed,2
males,2
ugly,2
krause,2
salvage,2
attorney,2
vietnam.the,2
stirs,2
painful,2
disturbing,2
honored,2
shigeko,2
'god,2
berated,2
barrenness,2
dutifully,2
attends,2
appreciation,2
fed,2
degraded,2
berate,2
deeds,2
1914,2
dushan,2
parade,2
archduke,2
geza,2
durng,2
pleasures,2
whipping,2
torturing,2
nubile,2
gaza,2
1969,2
cynic,2
quarter-century,2
wayne,2
a.r,2
kevin,2
downes,2
guided,2
handwritten,2
unforgettable,2
wall-the,2
assumed,2
intending,2
carole,2
landis,2
chester,2
morris,2
comprehend,2
beans,2
hawkins,2
graying,2
feisty,2
pastiche,2
1958,2
northwest,2
stitched,2
theatrically,2
amsterdam,2
margo,2
whispers,2
crematories,2
diary,2
breath,2
flowers,2
armoured,2
regiments,2
plutonium,2
a-bomb,2
rift,2
wanting,2
curvaceous,2
virginal,2
abare,2
brigand-like,2
achieved,2
prophetic,2
transport,2
partizans,2
vojvodina,2
illustrious,2
industrialists,2
negotiating,2
ferret,2
deceitful,2
dissidents,2
firmly,2
resolved,2
takedown,2
osama,2
clandestine,2
morphed,2
evolving,2
differently,2
never-before-seen,2
month,2
coldest,2
ostpreussen,2
minute,2
overloaded,2
'wilhelm,2
'kraft,2
durch,2
freude,2
1000,2
10.000.,2
trace,2
assassinated,2
czech-polish,2
ammar,2
abughoraib,2
1820,2
manto,2
mavrogenous,2
madonna,2
dowry,2
equip,2
dimitrios,2
ypsilanti,2
ioannis,2
kolettis,2
paintings,2
niki,2
lavish,2
yamato,2
trnka,2
chimney-cleaner,2
lounge-chair,2
kratkyfilm.cz,2
ronald,2
reagan,2
ronnie,2
blair,2
off-and-on,2
delicate,2
wes,2
lauter,2
second-in-command,2
landon,2
eduard,2
amorously,2
pursuing,2
episodic,2
identification,2
crowd,2
afterward,2
indeed,2
participates,2
swamp,2
collaborated,2
cares,2
obeying,2
sci-trilogy,2
visionary,2
single-handedly,2
g.d.,2
spradlin,2
beck,2
stephens,2
yniguez,2
lensed,2
sweeping,2
hal,2
erickson,2
rovi,2
kiplingesque,2
19th-century,2
elevator,2
ellen,2
robbery,2
melee,2
roadside,2
unleashes,2
seventeenth,2
kottayam,2
ruled,2
pazhassi,2
impose,2
thalassery,2