town,502
gang,276
man,274
western,253
west,244
two,241
one,235
gold,231
father,213
old,212
find,212
young,207
war,189
family,186
new,181
sheriff,177
men,173
outlaw,172
finds,171
ranch,168
help,157
take,154
indian,152
get,147
indians,145
outlaws,138
back,137
film,137
way,137
brother,136
life,136
daughter,136
land,135
john,133
woman,125
american,124
must,123
son,123
wife,121
texas,121
takes,121
mexican,119
murder,118
wild,118
story,117
cattle,114
local,113
friend,108
three,105
set,105
killed,105
money,105
marshal,103
rancher,100
cowboy,100
love,99
...,99
small,98
former,94
brothers,94
also,93
billy,93
years,92
bill,92
civil,91
revenge,91
home,90
army,89
time,89
gets,89
bank,89
group,88
n't,88
boy,87
trying,86
girl,83
returns,81
soon,80
train,80
mexico,80
death,80
white,77
railroad,77
territory,77
law,75
jack,74
arrives,74
become,74
fight,74
together,72
goes,72
horse,72
sam,72
named,71
friends,71
wants,70
bounty,69
owner,69
leader,69
make,69
california,69
kill,67
tries,66
city,66
dead,65
becomes,64
chief,64
murdered,64
jim,64
black,63
prison,63
along,62
last,60
kid,60
stagecoach,60
comes,60
hunter,59
killer,59
attack,59
gunslinger,58
george,58
fort,58
cavalry,58
james,58
stars,58
bring,57
save,57
bad,57
women,57
series,57
first,56
decides,56
people,56
gun,55
apache,55
killing,55
tom,55
try,55
stop,55
band,55
mine,55
begins,54
robbery,54
wagon,54
job,54
later,54
posse,53
led,53
whose,53
roy,53
jail,53
officer,53
battle,52
justice,52
across,52
meets,52
search,51
stolen,51
frontier,51
put,51
captain,51
robert,51
run,51
end,51
long,51
however,50
keep,50
upon,50
mysterious,49
order,49
leads,49
government,49
hired,48
gunfighter,48
sister,48
saloon,48
joe,48
husband,47
forced,47
away,47
good,46
bandit,46
come,46
desert,46
follows,46
place,46
trouble,46
lives,46
rescue,45
ben,45
partner,45
soldiers,45
journey,45
sends,45
head,45
heads,45
four,45
escape,45
johnny,45
settlers,45
apaches,45
based,45
frank,45
ruthless,44
stranger,44
arizona,44
learns,44
looking,44
tribe,43
hidden,43
border,43
work,43
sent,43
sets,42
mother,42
bandits,42
plan,42
left,41
mission,41
falls,41
little,41
another,41
kills,41
baron,41
want,41
crooked,41
directed,41
rich,41
jeff,40
confederate,40
big,40
known,39
union,39
joins,39
forces,39
real,39
return,39
rides,39
gambler,39
rob,39
plans,39
escapes,39
boss,39
lost,38
discovers,38
part,38
mary,38
starring,38
accused,38
steal,38
luke,38
turns,38
name,37
adventure,37
taken,37
hands,37
ranchers,37
like,37
evil,36
leading,36
taking,36
peace,36
movie,36
guns,36
agent,36
stage,36
red,36
written,36
beautiful,36
notorious,35
u.s.,35
caught,35
join,35
released,35
mountains,35
plays,35
instead,34
treasure,34
century,34
french,34
trail,34
steve,34
drive,34
judge,34
shot,34
may,34
range,34
william,33
valley,33
day,33
face,33
couple,33
well,33
lead,33
still,33
ranger,32
plot,32
gunman,32
henry,32
brown,32
leaves,32
learn,32
lawman,32
star,32
robber,32
start,32
innocent,32
helps,32
world,31
vengeance,31
hires,31
decide,31
turn,31
knows,31
without,31
rodeo,31
discover,31
seeking,31
famous,31
girlfriend,31
found,30
silver,30
wounded,30
makes,30
sioux,30
wanted,30
wyoming,30
nevada,30
wealthy,30
even,30
involved,30
claim,30
married,30
doctor,30
horses,30
martin,30
responsible,30
uncle,30
murphy,30
tim,30
pay,29
capture,29
kidnapped,29
ryan,29
show,29
crime,29
boys,29
tells,29
fighting,29
everyone,29
parents,29
president,29
settle,29
live,29
see,29
best,29
behind,29
prisoner,29
runs,29
buffalo,29
enemy,28
captured,28
farmer,28
legendary,28
dangerous,28
role,28
america,28
rush,28
leave,28
gives,28
foreman,28
doc,28
made,28
never,28
mountain,28
cowboys,27
soldier,27
true,27
major,27
violence,27
year,27
large,27
stay,27
great,27
early,27
meet,27
director,27
danger,26
younger,26
girls,26
general,26
rival,26
shoot,26
eventually,26
honest,26
brings,26
arrive,26
bob,26
jane,26
gene,26
past,25
chase,25
riding,25
middle,25
protect,25
native,25
guys,25
aging,25
tale,25
game,25
use,25
seeks,25
starts,25
spaghetti,25
days,25
secret,25
line,25
company,25
running,25
molly,25
around,24
rangers,24
corrupt,24
farm,24
widow,24
getting,24
coming,24
richard,24
stand,24
attempts,24
five,24
know,24
team,24
lone,24
lee,24
nothing,24
things,24
ride,24
attempt,24
films,24
identity,24
morgan,24
showdown,23
dan,23
sides,23
montana,23
finally,23
living,23
mining,23
murderer,23
cross,23
including,23
sees,23
grows,23
travel,23
free,23
track,23
governor,23
scout,23
framed,23
quest,23
area,23
actually,23
riders,23
seven,22
hero,22
southern,22
fall,22
given,22
east,22
miners,22
north,22
townspeople,22
unfortunately,22
sidekick,22
violent,22
passengers,22
making,22
rocky,22
bull,22
force,22
several,22
clear,22
determined,21
village,21
survive,21
classic,21
hand,21
aid,21
cheyenne,21
final,21
encounters,21
house,21
legend,21
chance,21
smith,21
matt,21
mike,21
would,21
much,21
called,21
saves,21
headed,21
child,21
lady,21
country,21
ray,21
robbing,21
northern,21
defend,20
camp,20
high,20
break,20
side,20
wayne,20
loot,20
fortune,20
property,20
drama,20
next,20
ghost,20
working,20
canada,20
catch,20
mason,20
stewart,20
michael,20
states,20
many,20
killers,20
taylor,20
buy,20
attacked,20
kansas,20
prove,20
dave,20
unlikely,19
others,19
reward,19
late,19
wade,19
trio,19
hunters,19
wilderness,19
map,19
colorado,19
intent,19
bloody,19
tommy,19
cooper,19
water,19
elliott,19
dog,19
conflict,19
ways,19
rider,19
going,19
ends,19
criminal,19
greedy,19
con,19
django,19
played,19
party,19
avenge,19
troops,19
jr.,19
rex,19
enemies,19
pretty,19
wolf,19
buck,19
king,19
jones,19
joined,18
san,18
character,18
reservation,18
hopes,18
pair,18
warren,18
preacher,18
reluctantly,18
arriving,18
guide,18
claims,18
chinese,18
confront,18
police,18
marry,18
care,18
form,18
though,18
dies,18
needs,18
rogers,18
latter,18
robbers,18
finding,18
shows,18
peaceful,18
hunt,18
rustlers,18
jake,18
adventures,18
orders,18
route,18
river,18
leaving,18
meanwhile,18
jesse,18
hostile,18
guy,18
canadian,18
lola,18
trap,18
baby,18
rod,18
mesquiteers,18
thieves,17
survivor,17
commit,17
remote,17
among,17
play,17
clint,17
events,17
better,17
prize,17
custer,17
characters,17
owns,17
close,17
military,17
hoping,17
effort,17
nearby,17
robbed,17
renegade,17
jimmy,17
romance,17
undercover,17
charge,17
deserted,17
tracks,17
alice,17
citizens,17
attention,17
flees,17
night,17
modern,17
sell,17
scott,17
cattleman,17
action,17
hayden,17
dusty,17
herd,17
poor,16
colonel,16
stallion,16
teams,16
alive,16
trial,16
frontiersman,16
retired,16
arrival,16
seek,16
history,16
different,16
holden,16
johnson,16
refuge,16
spanish,16
race,16
future,16
powerful,16
business,16
lynch,16
mob,16
oklahoma,16
poker,16
look,16
road,16
pat,16
farmers,16
heading,16
dakota,16
enlists,16
towards,16
rio,16
prospector,16
asks,16
lake,16
give,16
quickly,16
charles,16
monte,16
miner,16
rescues,16
brady,16
actor,16
trapper,16
waco,16
british,16
escaped,16
anything,16
sons,16
lawyer,16
harry,16
sally,16
holt,16
caldwell,16
desperate,15
south,15
agents,15
seen,15
steals,15
traveling,15
process,15
townsfolk,15
sheep,15
eddie,15
reputation,15
murders,15
hunting,15
rough,15
state,15
douglas,15
manages,15
ballard,15
van,15
revolution,15
shipment,15
title,15
cameron,15
lincoln,15
santa,15
follow,15
york,15
faces,15
every,15
citizen,15
spy,15
fargo,15
witnesses,15
mountie,15
carson,15
prevent,14
hit,14
health,14
assigned,14
post,14
dad,14
struggle,14
following,14
waiting,14
drifter,14
dying,14
hold,14
complicated,14
tough,14
boston,14
comedy,14
hud,14
everything,14
fellow,14
hard,14
alone,14
right,14
could,14
female,14
attacks,14
enough,14
hot,14
mitchum,14
posing,14
powers,14
die,14
fur,14
masked,14
united,14
1870s,14
arrest,14
build,14
heart,14
westerns,14
bit,14
half,14
'll,14
continue,14
banker,14
mayor,14
dawson,14
grant,14
personal,14
near,14
hides,14
eagle,14
fact,14
chris,14
allen,14
singing,14
ken,14
fred,14
kidnap,14
mail,14
cook,14
investigate,14
chito,14
crooks,14
hoppy,14
butch,13
vicious,13
evans,13
support,13
prostitute,13
escort,13
pursuit,13
accidentally,13
hope,13
guard,13
move,13
ensues,13
interest,13
murdering,13
thief,13
knowing,13
shooting,13
eastern,13
age,13
murderous,13
lover,13
destroy,13
partners,13
entire,13
gunfight,13
station,13
safe,13
secrets,13
original,13
ford,13
believes,13
americans,13
offers,13
marriage,13
community,13
reach,13
saved,13
rest,13
discovered,13
drunken,13
craig,13
valuable,13
armed,13
score,13
musical,13
ten,13
encounter,13
stevens,13
raise,13
colt,13
francisco,13
supplies,13
situation,13
members,13
prisoners,13
barker,13
joseph,13
control,13
although,13
rebel,13
second,13
ring,13
cast,13
episodes,13
puts,13
wire,13
dick,13
dreams,13
problems,13
proves,13
seems,13
tod,13
gambling,13
bringing,13
dale,13
crash,13
serial,13
epic,12
tonto,12
unscrupulous,12
bear,12
special,12
send,12
mad,12
pioneer,12
agrees,12
helping,12
held,12
missing,12
injured,12
broken,12
winner,12
kane,12
someone,12
learning,12
present,12
short,12
youngest,12
travis,12
able,12
ago,12
really,12
belle,12
works,12
reluctant,12
full,12
horn,12
hatton,12
kidnaps,12
remains,12
open,12
thus,12
hatred,12
easy,12
political,12
locals,12
lane,12
pursued,12
corruption,12
marries,12
feud,12
zorro,12
seminole,12
austin,12
novel,12
jason,12
searching,12
massacre,12
looks,12
wells,12
fleeing,12
hills,12
henchmen,12
price,12
peter,12
collins,12
wyatt,12
hickok,12
beaver,12
lance,12
ambush,12
rock,12
19th,12
mark,12
linda,12
ned,12
brant,12
toward,12
jacob,12
raped,12
assumes,12
moore,12
adams,12
tallon,12
joan,12
slave,11
brutal,11
walter,11
turned,11
selling,11
information,11
suddenly,11
cassidy,11
saving,11
threat,11
school,11
troubles,11
japanese,11
religious,11
heroes,11
hanging,11
carry,11
lucky,11
cole,11
fiance,11
caused,11
garrett,11
oregon,11
expedition,11
republic,11
used,11
villain,11
recently,11
returned,11
recover,11
neighboring,11
strike,11
fear,11
duel,11
gunmen,11
jackson,11
vigilante,11
homesteaders,11
whites,11
sold,11
buried,11
virginia,11
tell,11
pioneers,11
kennedy,11
joel,11
mccrea,11
lieutenant,11
stealing,11
cattlemen,11
despite,11
oil,11
owners,11
breaks,11
changes,11
daughters,11
freedom,11
becoming,11
happens,11
else,11
wandering,11
professional,11
complete,11
louis,11
orphaned,11
threatens,11
deputy,11
sergeant,11
dodge,11
gordon,11
woods,11
pal,11
elements,11
rid,11
henchman,11
arthur,11
arrested,11
far,11
crimes,11
cash,11
irish,11
mccord,11
phony,11
lose,11
sandy,11
anna,11
ryder,11
jean,11
dark,10
southwest,10
1800s,10
murderers,10
children,10
accepts,10
closer,10
toughest,10
cogburn,10
pursuers,10
giving,10
manage,10
gunfighters,10
possible,10
defeat,10
gone,10
accept,10
unaware,10
eyes,10
hide,10
keeps,10
lord,10
topo,10
dressed,10
drunk,10
presence,10
came,10
hangman,10
straight,10
something,10
lands,10
ransom,10
curly,10
hire,10
australian,10
safety,10
case,10
washington,10
point,10
supply,10
era,10
dude,10
raids,10
twin,10
construction,10
worse,10
since,10
hunts,10
reed,10
singer,10
rebellion,10
winnetou,10
businessman,10
hell,10
returning,10
beat,10
cleef,10
tragedy,10
efforts,10
collect,10
master,10
sequel,10
folk,10
luck,10
charlie,10
especially,10
carrying,10
've,10
remake,10
friendship,10
relationship,10
six,10
stephen,10
brought,10
anyone,10
hideout,10
offer,10
drew,10
need,10
hanged,10
stops,10
raiders,10
neither,10
pictures,10
fletcher,10
letter,10
course,10
changed,10
ahead,10
edited,10
bride,10
cruel,10
warn,10
raid,10
due,10
webb,10
sentence,10
abandoned,10
medicine,10
park,10
homestead,10
rescued,10
challenge,10
change,10
anthony,10
ambitious,10
means,10
success,10
riley,10
maria,10
pedro,10
hayes,10
starr,10
captures,10
kids,10
genre,10
patrol,10
tug,10
busters,10
hawk,10
autry,10
holds,9
fate,9
quiet,9
gradually,9
dream,9
deliver,9
path,9
scheme,9
weapons,9
false,9
desperado,9
accompanying,9
faith,9
shelter,9
stands,9
trinity,9
wang,9
bishop,9
thornton,9
minister,9
revealed,9
boyd,9
thing,9
unexpected,9
vengeful,9
elder,9
exact,9
wins,9
masters,9
raised,9
pony,9
travels,9
truth,9
evidence,9
apart,9
marshall,9
brand,9
rustler,9
teenage,9
involves,9
payroll,9
marston,9
crazy,9
julie,9
cost,9
dalton,9
always,9
steele,9
adopted,9
needed,9
planning,9
isolated,9
arms,9
australia,9
tribes,9
alaska,9
officers,9
revolutionary,9
victims,9
rule,9
emperor,9
unknown,9
deceased,9
trader,9
vera,9
mitchell,9
armstrong,9
spent,9
mistake,9
calls,9
cargo,9
rifles,9
using,9
romantic,9
whole,9
immediately,9
villains,9
befriends,9
bronson,9
baker,9
dollars,9
wedding,9
newly,9
remain,9
loses,9
rustling,9
times,9
career,9
hometown,9
belinda,9
county,9
wipe,9
criminals,9
ever,9
imprisoned,9
thrown,9
inheritance,9
slim,9
harvey,9
difficult,9
tin,9
version,9
hannah,9
period,9
debt,9
willing,9
quick,9
loves,9
strip,9
clay,9
st.,9
flee,9
complications,9
kelly,9
assistant,9
earlier,9
surprising,9
meeting,9
plains,9
location,9
weston,9
operation,9
exciting,9
source,9
rose,9
release,9
diego,9
suspicious,9
exchange,9
commanding,9
ask,9
nature,9
hall,9
pose,9
mistaken,9
robberies,9
larry,9
duke,9
universal,9
less,9
german,8
yuma,8
power,8
regiment,8
chaney,8
ross,8
grit,8
wall,8
trails,8
spring,8
earn,8
visit,8
pike,8
prepares,8
dutch,8
heist,8
edge,8
driven,8
task,8
wanting,8
god,8
fighter,8
towns,8
russian,8
uncover,8
goal,8
danny,8
ground,8
let,8
rifle,8
number,8
warrior,8
express,8
escaping,8
embark,8
filled,8
geronimo,8
vienna,8
recruits,8
separate,8
wealth,8
bound,8
butler,8
bonanza,8
quigley,8
owned,8
mcnally,8
searches,8
yellow,8
reveals,8
knowledge,8
russell,8
sacred,8
rather,8
unable,8
estranged,8
lewis,8
outfit,8
lawmen,8
fire,8
english,8
hill,8
hostage,8
20th,8
circus,8
paul,8
orphan,8
choice,8
robs,8
lot,8
action-packed,8
earth,8
hours,8
sadistic,8
says,8
trains,8
crosses,8
enter,8
missouri,8
forget,8
workers,8
result,8
defense,8
greed,8
cause,8
shoots,8
fernando,8
granger,8
fights,8
wilson,8
turner,8
houston,8
believe,8
guilty,8
squatters,8
cache,8
moon,8
rules,8
inhabitants,8
grab,8
sells,8
manager,8
sky,8
residents,8
historical,8
helped,8
convinces,8
refuses,8
persuades,8
logan,8
choose,8
theft,8
settlement,8
became,8
hates,8
forcing,8
thwart,8
sully,8
famed,8
tenderfoot,8
duncan,8
immigrant,8
buddy,8
innocence,8
cherokee,8
witness,8
newspaper,8
clash,8
loosely,8
trapped,8
dancer,8
raymond,8
reno,8
angela,8
opposite,8
joining,8
feelings,8
forest,8
victim,8
hale,8
body,8
territorial,8
convicts,8
provo,8
suspects,8
swdb,8
hood,8
population,8
whether,8
nearly,8
spirit,8
hoyt,8
shelby,8
sebastian,8
1965,8
brett,8
proceeds,8
reasons,8
plane,8
overrun,8
hiding,8
serving,8
trigger,8
song,8
hawkes,8
sundown,8
convict,8
millions,8
hollister,8
saunders,8
19th-century,8
hargis,8
tex,8
popular,8
match,8
lassiter,8
harmon,8
double,8
borax,8
fuzzy,8
gabby,8
osceola,8
durant,8
canasta,8
heath,8
pop,8
revere,8
pack,8
susan,8
lawson,8
roland,7
confederacy,7
loner,7
beauty,7
warriors,7
beyond,7
suicide,7
struggling,7
territories,7
companion,7
catches,7
sundance,7
bunch,7
experience,7
lyle,7
transporting,7
promise,7
successful,7
federal,7
strange,7
outpost,7
supposed,7
rogue,7
actors,7
roles,7
tension,7
badlands,7
kate,7
drug,7
disgraced,7
matters,7
region,7
pulled,7
results,7
devoted,7
mitch,7
scene,7
avenging,7
done,7
ship,7
crook,7
unit,7
lou,7
boyfriend,7
schemes,7
youth,7
bitter,7
highly,7
say,7
combat,7
deeds,7
object,7
fame,7
memories,7
clark,7
northwest,7
respected,7
strength,7
commander,7
uses,7
gangs,7
leaders,7
betrayed,7
begin,7
lived,7
low,7
aristocrat,7
already,7
expects,7
enforcement,7
deed,7
sabata,7
passion,7
skills,7
avoid,7
intention,7
cat,7
swears,7
suspected,7
holdup,7
public,7
ralph,7
possession,7
goodnight,7
load,7
brutally,7
struggles,7
self,7
pass,7
growing,7
'the,7
pursues,7
passage,7
senator,7
troop,7
thomas,7
martha,7
statehood,7
secretly,7
morning,7
blood,7
single,7
o'rourke,7
opposed,7
threatened,7
corbett,7
club,7
vows,7
retrieve,7
landowner,7
sitting,7
bickford,7
box,7
blue,7
yaqui,7
appears,7
montgomery,7
fiancee,7
drawn,7
attractive,7
fathers,7
expansion,7
central,7
manuel,7
sentenced,7
revolutionaries,7
clean,7
abandons,7
raises,7
flame,7
least,7
rugged,7
heroic,7
command,7
texan,7
barton,7
crockett,7
feature,7
edward,7
empire,7
jubal,7
yukon,7
slaves,7
silent,7
calamity,7
fast,7
bigoted,7
treacherous,7
profit,7
sullivan,7
cahoots,7
putting,7
rko,7
sierra,7
afoul,7
dirty,7
organized,7
schoolteacher,7
said,7
gatling,7
shipments,7
bart,7
sue,7
fields,7
win,7
might,7
member,7
max,7
teacher,7
ted,7
troupe,7
student,7
diablo,7
miles,7
inherits,7
tracking,7
bowie,7
studio,7
odd,7
blame,7
adventurers,7
helen,7
wrongly,7
starred,7
kept,7
roberts,7
shawnee,7
convinced,7
ward,7
locate,7
anne,7
saxon,7
manhood,7
buddies,7
detective,7
almost,7
cass,7
cisco,7
burned,7
italian,7
sings,7
stony,7
lovely,7
buyer,7
replaced,7
crawford,7
gary,7
fugitive,7
lust,7
kirby,7
casper,7
madden,7
filmed,7
entry,7
sunset,7
curtis,7
stanley,7
rawlins,7
terrorizing,7
mckenzie,7
freed,6
plantation,6
futuristic,6
nurses,6
mask,6
infamous,6
veteran,6
gentle,6
widower,6
test,6
player,6
mattie,6
rooster,6
trek,6
retirement,6
hole,6
evading,6
simple,6
nobody,6
benjamin,6
harsh,6
realizes,6
repeatedly,6
blake,6
hunted,6
eldest,6
nun,6
noon,6
mcadam,6
feared,6
long-lost,6
cripple,6
paths,6
quite,6
glen,6
vowing,6
shadow,6
proper,6
woolly,6
unbeknownst,6
sleeve,6
clerk,6
tied,6
operator,6
terrill,6
controlled,6
rights,6
discovering,6
adopts,6
plain,6
daisy,6
slowly,6
particular,6
promises,6
hopeless,6
reaches,6
davis,6
transport,6
realize,6
pacific,6
doomed,6
katherine,6
headstrong,6
causes,6
spot,6
moves,6
mysteriously,6
nemesis,6
augusta,6
shares,6
heavy,6
fianc,6
angel,6
busy,6
duty,6
news,6
convicted,6
opportunity,6
lightning,6
laura,6
challenges,6
carries,6
winter,6
neighbors,6
supposedly,6
animals,6
gemma,6
cool,6
passes,6
attracts,6
saga,6
janet,6
wily,6
nation,6
wagon-train,6
willie,6
bet,6
brennan,6
doretta,6
usher,6
demands,6
got,6
lawless,6
self-defense,6
third,6
lex,6
comanche,6
hostages,6
mostly,6
ann,6
honor,6
amnesty,6
none,6
backdrop,6
pete,6
cowhands,6
cabin,6
amp,6
fallen,6
store,6
pursuing,6
allows,6
100,6
fought,6
sole,6
devil,6
moved,6
forever,6
barry,6
stranded,6
frames,6
desperately,6
worth,6
decided,6
initial,6
agree,6
dance,6
adaptation,6
widows,6
professor,6
bennett,6
elderly,6
badge,6
torn,6
loyalty,6
preston,6
playing,6
opens,6
reason,6
starting,6
comic,6
sweetheart,6
gain,6
driving,6
within,6
populated,6
seem,6
overland,6
kidnapping,6
idea,6
nowhere,6
medical,6
creek,6
elected,6
inevitable,6
elliot,6
causing,6
older,6
decision,6
frame,6
recent,6
rape,6
barbara,6
thought,6
proud,6
claire,6
knew,6
coburn,6
hungarian,6
machine,6
sacramento,6
suitor,6
expected,6
nasty,6
pulls,6
originally,6
prince,6
england,6
embittered,6
everglades,6
earp,6
virginian,6
wrong,6
foot,6
tucson,6
arrow,6
pull,6
co-stars,6
cards,6
nancy,6
lynching,6
gentry,6
mayo,6
casino,6
interfere,6
continues,6
constantly,6
clothes,6
string,6
sisters,6
develop,6
skin,6
shootout,6
sarah,6
jay,6
salt,6
callaway,6
relief,6
suspect,6
mayhem,6
visions,6
promised,6
alcoholic,6
huron,6
wish,6
gant,6
sure,6
made-for-tv,6
deadly,6
rise,6
service,6
died,6
lets,6
numbers,6
burgade,6
mind,6
travelling,6
mickey,6
audie,6
assortment,6
protecting,6
investigator,6
bar,6
considers,6
nina,6
various,6
concerned,6
patsy,6
ethan,6
wing,6
randolph,6
unjustly,6
treaty,6
nick,6
forgotten,6
bells,6
wilke,6
boat,6
patch,6
adulthood,6
often,6
tenneray,6
fashion,6
hooker,6
narrative,6
contract,6
pinkerton,6
reality,6
land-grabbing,6
fails,6
fake,6
grandfather,6
thousand,6
b-western,6
becker,6
chuck,6
strong,6
spectacular,6
bruce,6
allison,6
typical,6
bret,6
rankin,6
florida,6
allan,6
problem,6
stooges,6
settles,6
cows,6
organize,6
ellison,6
fair,6
aided,6
roger,6
slaughter,6
aguila,6
beth,6
acres,6
donner,6
calhoun,6
absence,6
margarito,6
charged,6
charges,6
rance,6
editor,6
castle,6
training,6
tonka,6
mounted,6
fancy,6
nelson,6
jill,6
dade,6
fallon,6
saulters,6
franklin,6
daffy,6
cimarron,6
ramerez,6
seminoles,6
baptiste,6
hawken,6
cookie,6
banner,6
milan,6
gamblers,6
curt,6
mack,6
willington,6
beaufort,6
lobo,6
legal,6
summers,6
daly,6
crowley,6
locked,5
stake,5
ultimate,5
savage,5
seemingly,5
donning,5
hugh,5
cocky,5
resort,5
enters,5
courage,5
wishes,5
tested,5
assignment,5
gritty,5
welcomed,5
humor,5
peasant,5
princess,5
transported,5
captors,5
retire,5
glory,5
bargained,5
includes,5
resulting,5
offered,5
eastwood,5
origins,5
fun,5
spiritual,5
receiving,5
capt,5
recounts,5
provide,5
wounds,5
funeral,5
card,5
1930s,5
hogan,5
achieve,5
assassin,5
tony,5
gather,5
happen,5
settling,5
childhood,5
landscape,5
ancient,5
forcibly,5
demons,5
compete,5
sheriffs,5
pregnant,5
dissatisfied,5
1880,5
survives,5
deep,5
karl,5
lad,5
elaborate,5
insurance,5
passenger,5
notice,5
target,5
hits,5
spoiled,5
clan,5
averell,5
trailed,5
ordered,5
thursday,5
arrogant,5
ultimately,5
cheating,5
manner,5
biggest,5
jessie,5
respectable,5
donovan,5
fears,5
discovery,5
months,5
companions,5
inspired,5
advantage,5
calling,5
visits,5
haunted,5
told,5
races,5
confrontation,5
merchant,5
guardian,5
sean,5
rafferty,5
blacksmith,5
unusual,5
alliance,5
obtain,5
songs,5
broadway,5
officials,5
feuding,5
gallows,5
servant,5
traders,5
lam,5
believing,5
clashes,5
affections,5
develops,5
1967,5
brawls,5
gentleman,5
loyal,5
sidekicks,5
engages,5
inexperienced,5
trip,5
thugs,5
're,5
honorable,5
accident,5
step,5
faced,5
storms,5
modern-day,5
ranching,5
fresh,5
coach,5
ralston,5
sergio,5
leone,5
caravan,5
born,5
watch,5
pardon,5
execution,5
act,5
brothel,5
ulzana,5
experienced,5
position,5
terry,5
anyway,5
players,5
huerta,5
pretends,5
nicholson,5
cowpoke,5
hostility,5
somewhere,5
outback,5
surehand,5
faithful,5
comanches,5
superior,5
lynched,5
post-civil,5
dedicated,5
battling,5
passing,5
despot,5
walsh,5
albert,5
allow,5
psychotic,5
maid,5
persuade,5
mexicans,5
tracked,5
chaos,5
plague,5
thinks,5
sense,5
grave,5
blind,5
yet,5
todd,5
deal,5
agenda,5
zombies,5
cold,5
artist,5
righteous,5
bent,5
safely,5
empty,5
iron,5
overcomes,5
travers,5
fingers,5
parker,5
meaning,5
suffering,5
stroke,5
throughout,5
storyline,5
hold-up,5
brad,5
drinks,5
destined,5
gunned,5
onto,5
hears,5
troubleshooter,5
law-abiding,5
rin,5
ready,5
tensions,5
court,5
chasing,5
hank,5
colonial,5
gilbert,5
otherwise,5
mixed,5
daltons,5
add,5
sabotage,5
tyler,5
losing,5
ideas,5
settler,5
protection,5
reverend,5
grandmother,5
television,5
alamo,5
hardin,5
grizzly,5
opposes,5
appointed,5
heavily,5
travelers,5
storekeeper,5
file,5
gossett,5
jersey,5
educated,5
ruse,5
1880s,5
fastest,5
pays,5
eliminate,5
stays,5
london,5
payment,5
signed,5
engineer,5
hotel,5
harris,5
rescuing,5
except,5
destroying,5
ex-army,5
thereby,5
1971,5
l'amour,5
call,5
buster,5
opening,5
aunt,5
whenever,5
intrepid,5
tales,5
drifters,5
mormon,5
signs,5
alex,5
jonathan,5
davy,5
committed,5
truly,5
society,5
townsmen,5
pleased,5
flint,5
sorts,5
racist,5
wait,5
deeply,5
grief,5
glenn,5
terrorize,5
failed,5
depths,5
cut,5
delivery,5
driver,5
bars,5
mighty,5
establish,5
terrorized,5
niece,5
watching,5
dr.,5
lt.,5
chad,5
santee,5
angry,5
lopez,5
teenager,5
pickpocket,5
1947,5
radio,5
ranches,5
wagons,5
o'donnell,5
revolt,5
utah,5
kincaid,5
flashback,5
rachel,5
smuggling,5
private,5
cowardice,5
thinking,5
maurice,5
neck,5
hiring,5
abducted,5
abused,5
actual,5
rampaging,5
fueled,5
cloud,5
telegraph,5
previous,5
rumors,5
setting,5
stunning,5
bud,5
groups,5
farrell,5
mourret,5
gypsy,5
plummer,5
trees,5
somewhat,5
took,5
rebels,5
features,5
dew,5
survivors,5
carey,5
attracted,5
charming,5
gloria,5
ex-confederate,5
grande,5
corrigan,5
williams,5
santell,5
galt,5
keith,5
rustle,5
warner,5
graves,5
machinations,5
smuggled,5
ore,5
dam,5
richards,5
chapter,5
misfit,5
attacking,5
disparate,5
jonas,5
deaths,5
durango,5
hatcher,5
david,5
compassion,5
freight,5
saddle,5
year-old,5
alibi,5
circuit,5
boone,5
million,5
rudolph,5
visited,5
leo,5
screen,5
champion,5
countries,5
gibson,5
18th,5
investigating,5
overcome,5
spend,5
barcroft,5
fine,5
promptly,5
childbirth,5
theme,5
asked,5
williamson,5
1957,5
dexter,5
getaway,5
abilene,5
trading,5
island,5
frog,5
independence,5
cannonball,5
stone,5
hopkins,5
anchor,5
eternal,4
tower,4
stumbles,4
ella,4
survival,4
plagued,4
volunteers,4
motherless,4
ex-con,4
miguel,4
midst,4
rojo,4
baxter,4
betrayal,4
deception,4
1892,4
fugitives,4
rango,4
pet,4
winds,4
gun-slinging,4
hilt,4
clever,4
rapidly,4
chased,4
doggedly,4
peace-loving,4
mormons,4
bambino,4
pei,4
outcast,4
imprisonment,4
beauregard,4
robots,4
ernest,4
borgnine,4
fierce,4
gunfights,4
nebraska,4
psychological,4
peril,4
stick,4
tend,4
accountant,4
persons,4
fearing,4
worst,4
gruesome,4
sexual,4
didnt,4
dealings,4
hitman,4
development,4
sara,4
cody,4
easily,4
lin,4
competition,4
changing,4
scheming,4
totems,4
slaughtered,4
avenges,4
surreal,4
1890,4
hidalgo,4
massive,4
deputies,4
cantankerous,4
meantime,4
madrid,4
esmeralda,4
rallies,4
illegally,4
wrongfully,4
coyotes,4
investigation,4
robbins,4
vampire,4
nine,4
lefty,4
tomboy,4
restore,4
afterward,4
quick-drawing,4
ace,4
assaulted,4
answers,4
cora,4
mckay,4
approach,4
dislike,4
hannassey,4
traitor,4
revisit,4
hate,4
estevez,4
chavez,4
diamond,4
coates,4
1860s,4
conditions,4
defends,4
parched,4
owen,4
rightfully,4
obsessed,4
cochise,4
advice,4
necessary,4
actions,4
kicks,4
consequences,4
nephew,4
lon,4
cheat,4
appearance,4
las,4
vegas,4
adversaries,4
flynn,4
surly,4
trappers,4
alike,4
richest,4
awaits,4
lines,4
rail,4
nearest,4
sight,4
fires,4
relative,4
gangsters,4
attempted,4
louise,4
fend,4
feet,4
kirk,4
holy,4
shatterhand,4
accepted,4
romances,4
conway,4
mute,4
banks,4
stan,4
existence,4
shaken,4
simply,4
style,4
emiliano,4
zapata,4
oppressive,4
guerrilla,4
austrian,4
celebration,4
combines,4
timeless,4
ended,4
dealing,4
ambitions,4
mace,4
civilization,4
allies,4
comrades,4
1800,4
recovers,4
confusion,4
nurse,4
giuliano,4
enlisted,4
kindly,4
handsome,4
affection,4
troubled,4
aka,4
uomo,4
continually,4
occasionally,4
junior,4
participate,4
mercenaries,4
marquis,4
countess,4
gripping,4
triangle,4
7th,4
moose,4
rabbi,4
befriended,4
gangster,4
mckenna,4
retaliation,4
atrocities,4
companies,4
immigrants,4
precious,4
waning,4
anderson,4
influential,4
mrs.,4
happened,4
sometimes,4
kentucky,4
fleurette,4
aims,4
foil,4
elvis,4
followed,4
etc,4
faster,4
enormous,4
mestizo,4
stuart,4
gunslingers,4
ansara,4
rey,4
assist,4
fortress,4
hellcat,4
european,4
wanders,4
o'hara,4
madame,4
followers,4
debuin,4
mcintosh,4
gulch,4
tricks,4
winning,4
phoebe,4
flats,4
employer,4
wallace,4
arrived,4
province,4
human,4
jobs,4
forms,4
ridge,4
either,4
surviving,4
lonely,4
cold-blooded,4
chandler,4
arnold,4
divided,4
herbert,4
office,4
worker,4
tactics,4
drunkard,4
lies,4
clown,4
soul,4
inherit,4
confronted,4
raiding,4
convince,4
drifts,4
loose,4
appear,4
inciting,4
feisty,4
competing,4
naive,4
reese,4
oilprince,4
dry,4
saint,4
intends,4
hang,4
siege,4
focuses,4
culture,4
employees,4
belongs,4
worthless,4
rivers,4
falling,4
ruth,4
flagg,4
mckaye,4
considered,4
mackaye,4
amongst,4
increasingly,4
six-shooter,4
keaton,4
subsequently,4
burnett,4
ely,4
jealousy,4
college,4
shady,4
trick,4
concerns,4
embroiled,4
harassing,4
lack,4
chicago,4
guerilla,4
demanding,4
families,4
hear,4
receives,4
michaela,4
brian,4
katie,4
failing,4
neighbor,4
surveyor,4
right-hand,4
tombstone,4
interrupted,4
wars,4
thanks,4
crew,4
peg,4
jamie,4
garner,4
impending,4
motion,4
warpath,4
1955,4
wanderer,4
dee,4
draw,4
uprising,4
produced,4
real-life,4
event,4
barbed,4
fewer,4
available,4
o'connor,4
milian,4
gunning,4
lomax,4
foley,4
labor,4
practice,4
financial,4
barrows,4
campeau,4
push,4
reece,4
jeremy,4
jumpers,4
rounding,4
twelve,4
redeem,4
gaining,4
archie,4
iroquois,4
teach,4
naturalist,4
writer,4
anahareo,4
pieces,4
madison,4
escorting,4
holliday,4
1885,4
fur-trapper,4
battles,4
cheerful,4
beginning,4
perform,4
favors,4
movies,4
salvation,4
touch,4
greer,4
mackay,4
dora,4
burn,4
ohio,4
macedonian,4
duties,4
telling,4
hardworking,4
mild-mannered,4
theater,4
mabry,4
juan,4
kidnapper,4
relationships,4
expose,4
longmire,4
ex-gunslinger,4
nella,4
adventurous,4
hardships,4
allowed,4
anse,4
runaway,4
swedish,4
mccarthy,4
marketing,4
smoky,4
'jones,4
burlesque,4
blow,4
midnight,4
commandant,4
desire,4
regain,4
howard,4
zanti,4
alan,4
shown,4
served,4
note,4
lang,4
hickman,4
shall,4
hitting,4
2014,4
grand,4
prompts,4
holding,4
peggy,4
indonesia,4
2018,4
happy,4
infinite,4
screenplay,4
eric,4
core,4
ruler,4
carr,4
killings,4
culprits,4
kenneth,4
include,4
coward,4
lawrence,4
key,4
flat,4
jefferson,4
morrell,4
besides,4
switches,4
hombre,4
bradley,4
matthau,4
scala,4
charade,4
reveal,4
inside,4
barrett,4
cohorts,4
adventurer,4
ally,4
melgrove,4
incoming,4
reached,4
unique,4
con-man,4
sooner,4
yeller,4
residence,4
persuaded,4
elope,4
serve,4
lily,4
certain,4
gen.,4
blackwell,4
massacring,4
church,4
deranged,4
element,4
pistolero,4
orestes,4
folks,4
hazard,4
andrews,4
galena,4
zoe,4
magazine,4
old-style,4
afraid,4
scouts,4
classical,4
ferris,4
breathtaking,4
grazing,4
space,4
reminiscent,4
sympathy,4
cover,4
neighbour,4
shipping,4
fifth,4
entrenched,4
navajo,4
dennis,4
mathews,4
uncovers,4
terror,4
election,4
accomplice,4
gringo,4
ran,4
would-be,4
gridley,4
wonder,4
franco,4
girard,4
macdonald,4
carver,4
interesting,4
refuse,4
important,4
elopes,4
cowhand,4
chester,4
talking,4
stepfather,4
tokalah,4
blames,4
mill,4
talk,4
market,4
devises,4
killian,4
condemned,4
tracker,4
dynamite,4
throw,4
rumored,4
emissary,4
brock,4
marsh,4
small-town,4
ana,4
lanky,4
transports,4
kenneback,4
http,4
majestic,4
sign,4
avery,4
elaine,4
jeremiah,4
bus,4
mcewen,4
magnate,4
billings,4
street,4
kelton,4
sidewinder,4
phantom,4
ute,4
terrorizes,4
robertson,4
gang-rape,4
dow,4
aiming,4
stampede,4
statement,4
clusker,4
brooks,4
philip,4
blaine,4
dillon,4
flight,4
ada,4
mustang,4
beneath,4
footage,4
documentary,4
today,4
stereoscopic,4
eye,4
lessons,4
hating,4
ike,4
amounts,4
1840s,4
smitten,4
hays,4
opponent,4
santos,4
granddaughter,4
experiments,4
show-down,4
wake,4
witch,4
rosario,4
robin,4
reade,4
snooker,4
1840,4
allowing,4
aide,4
www.spaghetti-western.net,4
critics,4
culprit,4
pitted,4
billing,4
bestowed,4
phyllis,4
exploited,4
westgate,4
cooks,4
methods,4
names,4
cousin,4
whity,4
minor,4
directors,4
rode,4
shining,4
subjected,4
pretend,4
disguise,4
weber,4
mines,4
ciannelli,4
illegal,4
vow,4
disney,4
duchess,4
falsely,4
timber,4
legion,4
beau,4
sandoval,4
management,4
mckee,4
starrett,4
smiley,4
golden,4
belonging,4
whip,4
scam,4
stooge,4
smoking,4
ron,4
merlin,4
marlo,4
wrongs,4
interests,4
pate,4
teal,4
clifford,4
invention,4
monterey,4
claude,4
herds,4
effective,4
seize,4
provoking,4
halfbreed,4
les,4
stirling,4
nichols,4
principal,4
thumb,4
antelope,4
tackett,4
carlos,4
monogram,4
department,4
sovereign,4
marvin,4
jorth,4
socialite,4
tyrone,4
heroine,4
picture,4
duryea,4
quince,4
pals,4
fidencio,4
mariana,4
clearly,4
june,4
jeffers,4
invade,4
d'gajo,4
justin,4
pratt,4
gates,4
patricia,4
shots,4
viva,4
settled,4
mccleary,4
mcdonald,4
taggart,4
angelique,4
mississippi,3
universe,3
worlds,3
memory,3
ambushes,3
drought-plagued,3
bearing,3
intended,3
gun-slinger,3
generally,3
raging,3
1890s,3
civilized,3
homes,3
forbidden,3
europe,3
idolizes,3
oates,3
remaining,3
plenty,3
covered,3
pale,3
thieving,3
ropes,3
mistakenly,3
reports,3
investigates,3
genuine,3
shortly,3
riches,3
bury,3
mystical,3
massacred,3
courier,3
contest,3
sleepy,3
silverado,3
narrowly,3
colorful,3
outskirts,3
undesirables,3
proof,3
crossing,3
birthday,3
nevertheless,3
jed,3
dispensing,3
ridden,3
aboard,3
threatening,3
homicidal,3
indian-hating,3
sea,3
vast,3
mystery,3
question,3
loss,3
revealing,3
emilio,3
jose,3
kiefer,3
sutherland,3
unforgiving,3
luring,3
agreed,3
restless,3
represents,3
principled,3
aware,3
meant,3
manhunt,3
advertising,3
ill,3
blaze,3
redemption,3
solution,3
plotting,3
surprised,3
instant,3
double-crossed,3
cable,3
hogue,3
builds,3
duo,3
sword,3
samurai,3
exploits,3
southerner,3
pillage,3
assault,3
farmhouse,3
exacting,3
relentless,3
planned,3
contact,3
advances,3
shane,3
involving,3
ruling,3
teaching,3
quietly,3
haunt,3
books,3
militia,3
maximilian,3
wagonload,3
joyous,3
1900,3
arrests,3
regret,3
gregory,3
ringo,3
draws,3
exists,3
realm,3
hung,3
guerrero,3
zachary,3
graham,3
dorsey,3
amanda,3
myrl,3
abuses,3
crow,3
wilkins,3
throws,3
wages,3
escalates,3
infiltrate,3
roving,3
huge,3
facing,3
erin,3
marie,3
harbor,3
cruz,3
slater,3
blazing,3
tames,3
cow,3
raping,3
ones,3
questionable,3
pasts,3
forward,3
whereabouts,3
handful,3
idealistic,3
entangled,3
execute,3
hoffman,3
commercial,3
ferry,3
akira,3
kurosawa,3
fourth,3
tempestuous,3
braves,3
quarry,3
report,3
countryside,3
pick,3
befriend,3
loan,3
longtime,3
naturally,3
andrea,3
matter,3
eludes,3
celebrate,3
ongoing,3
bonney,3
poses,3
monk,3
prepared,3
bond,3
sweeping,3
granted,3
tree,3
horror,3
undetected,3
share,3
indigenous,3
amiable,3
gunrunner,3
villa,3
fierro,3
celebrating,3
stray,3
incident,3
chet,3
rollins,3
shorty,3
alfonso,3
quakers,3
strongly,3
fly,3
cynical,3
radical,3
banditry,3
treasures,3
attackers,3
disease,3
weakness,3
approaches,3
vampires,3
hilarious,3
antonio,3
tour,3
recuperating,3
complicating,3
colton,3
slips,3
confronts,3
abandon,3
mythical,3
twist,3
scandal,3
lucrative,3
exist,3
half-breed,3
dogged,3
lyedecker,3
intervene,3
disguised,3
blaxploitation,3
reluctance,3
mortgage,3
pardner,3
matthew,3
matthews,3
railroads,3
judy,3
carlo,3
oppression,3
1889,3
1867,3
latin,3
odds,3
producer,3
1940s,3
rosa,3
allegiance,3
contains,3
elite,3
papers,3
foundling,3
intending,3
tate,3
satire,3
lemonade,3
drink,3
ruthlessly,3
youngster,3
incompetent,3
garry,3
o'malley,3
dana,3
jurisdiction,3
amos,3
lots,3
introduction,3
rare,3
breed,3
fonda,3
oliver,3
halland,3
placing,3
pinned,3
bought,3
usual,3
seedy,3
reclaim,3
los,3
wide-screen,3
peterson,3
accompanied,3
obsession,3
shed,3
tadlock,3
heartbreak,3
narrator,3
bloodthirsty,3
kris,3
kristofferson,3
earl,3
solve,3
luscious,3
colleen,3
ex-gunfighter,3
rehabilitate,3
villainous,3
burial,3
victories,3
reformed,3
author,3
sagebrush,3
half-brother,3
springs,3
mr.,3
celebrates,3
guilt,3
condition,3
pinky,3
aids,3
reporter,3
traditional,3
injustice,3
dutchman,3
promising,3
1000,3
dozens,3
steady,3
rashomon,3
established,3
richer,3
split,3
increasing,3
yearns,3
drought,3
slavery,3
bidding,3
prudence,3
wide-open,3
assume,3
aim,3
barons,3
treats,3
trevor,3
pennsylvania,3
decade,3
options,3
grifter,3
carroll,3
tail,3
steps,3
casts,3
habit,3
bills,3
dress,3
saw,3
grey,3
writes,3
bow,3
keeping,3
ambushed,3
rivals,3
poem,3
music,3
sled,3
powell,3
negotiate,3
swear,3
garth,3
jeffrey,3
raising,3
intertwined,3
buys,3
arise,3
cutthroats,3
edwards,3
lacking,3
capturing,3
myrna,3
firearms,3
unto,3
romp,3
fictitious,3
slip,3
sort,3
glance,3
defence,3
untamed,3
spree,3
1830,3
idaho,3
ticket,3
chingachgook,3
trusted,3
deerslayer,3
crossed,3
field,3
arm,3
delaney,3
respect,3
confess,3
tobin,3
silverheels,3
marauding,3
cree,3
alien,3
newcomers,3
1950,3
coast,3
reid,3
arranged,3
cavendich,3
hostilities,3
rowdy,3
yates,3
round,3
prospecting,3
jericho,3
scenes,3
dolan,3
connors,3
joaquin,3
explosion,3
brazil,3
horseback,3
bay,3
chances,3
mare,3
latest,3
descent,3
escorted,3
destination,3
passive,3
francis,3
adoptive,3
building,3
stirring,3
hamilton,3
vega,3
avenger,3
gardner,3
lease,3
givens,3
civilian,3
klondike,3
unwanted,3
seton,3
mccloud,3
air,3
sharp,3
cantrell,3
husbands,3
trust,3
gus,3
cop,3
hardy,3
engage,3
notices,3
endless,3
embarrassment,3
desperadoes,3
kay,3
saddles,3
bold,3
cowgirl,3
badmen,3
brodie,3
dean,3
jeffreys,3
saloons,3
milquetoast,3
founder,3
1848,3
flirts,3
sudden,3
whore,3
rookie,3
coffin,3
message,3
furnace,3
wiped,3
treason,3
memoirs,3
cleans,3
vanauken,3
greek,3
mentor,3
patient,3
kitty,3
spain,3
moody,3
riverboat,3
entertainer,3
increase,3
disappointed,3
grow,3
obviously,3
restores,3
buying,3
surprise,3
nora,3
extended,3
defeated,3
harassed,3
jorge,3
infected,3
spreads,3
bounties,3
possess,3
figures,3
ulterior,3
freddie,3
blair,3
sterling,3
minds,3
paxton,3
closely,3
resembles,3
lay,3
reign,3
kickboxing,3
vote,3
priest,3
christian,3
easier,3
boyhood,3
colby,3
thwarted,3
hatch,3
remembers,3
despises,3
stages,3
recognized,3
carpetbaggers,3
josey,3
inmates,3
versus,3
hilton,3
francesco,3
masi,3
familiar,3
main,3
nero,3
lesley,3
selander,3
smash,3
carter,3
bullets,3
rawlings,3
badly,3
grudge,3
impoverished,3
sherman,3
lullaby,3
terhune,3
deckett,3
tired,3
practically,3
burning,3
bird,3
overjoyed,3
pin,3
polly,3
boxleitner,3
1954,3
gray,3
wakely,3
kimbrough,3
tragic,3
stored,3
gift,3
insane,3
grade,3
paradise,3
intrigue,3
painted,3
stir,3
fury,3
royal,3
misdeeds,3
lorn,3
grown,3
ordeal,3
tennessee,3
despotic,3
mercy,3
parrish,3
authority,3
undertaker,3
barlow,3
drawing,3
grabs,3
funny,3
jessup,3
intricate,3
payton,3
cure,3
bitterly,3
claimed,3
adam,3
backfires,3
chip,3
green,3
orleans,3
pursue,3
kind,3
responsibilities,3
identify,3
victor,3
according,3
thousands,3
presents,3
welcome,3
guts,3
debts,3
fleming,3
visiting,3
beck,3
marooned,3
actioner,3
realizing,3
brave,3
ancestors,3
comical,3
foran,3
perhaps,3
paid,3
interested,3
lundy,3
bravestarr,3
wild-west,3
ensure,3
weng,3
hollywood,3
confused,3
tasker,3
image,3
kong,3
clips,3
hoot,3
roden,3
chair,3
top,3
ladies,3
deaf,3
catching,3
gathers,3
homosexual,3
supporting,3
meteor,3
mediate,3
policies,3
prevails,3
baddies,3
fictionalized,3
enlistment,3
controls,3
texans,3
long-running,3
deposit,3
bragg,3
roper,3
value,3
redwood,3
spare,3
bat,3
rope,3
sims,3
del,3
mccall,3
deserter,3
forged,3
aside,3
meat,3
malone,3
smoke,3
gaucho,3
cheap,3
wooley,3
disposal,3
harvest,3
collective,3
last-minute,3
frozen,3
sloan,3
enroute,3
crusading,3
incognito,3
pleads,3
noel,3
rigby,3
extends,3
showboat,3
ireland,3
jess,3
carried,3
lumber,3
bard,3
law-and-order,3
lays,3
tyrell,3
inskip,3
madron,3
crying,3
abbott,3
pickford,3
employee,3
emerge,3
blamed,3
serb,3
kenan,3
clans,3
bid,3
rotten,3
sage,3
beloved,3
auction,3
femme,3
fatale,3
cordeen,3
purchase,3
1958,3
ritter,3
conniston,3
bell,3
airplanes,3
rockies,3
1952,3
seduce,3
lloyd,3
complicates,3
heritage,3
sonora,3
invited,3
vacation,3
probably,3
attorney,3
marshals,3
trask,3
imposter,3
deschain,2
odim,2
toppling,2
collide,2
rages,2
comb,2
strongbox,2
containing,2
absolution,2
shackle,2
wrist,2
iron-fisted,2
dolarhyde,2
common,2
cavendish,2
ilk,2
dunbar,2
junction,2
03:10,2
1820s,2
glass,2
mauling,2
munny,2
once-ruthless,2
hog,2
bounty-hunter,2
brutalized,2
greenhorn,2
divorced,2
waylaid,2
inserts,2
long-simmering,2
benefit,2
cowardly,2
new-found,2
announces,2
masterpiece,2
harmonica,2
14-year-old,2
reuben,2
insists,2
drinking,2
sloth,2
reprobate,2
augment,2
nations,2
laboeuf,2
purposes,2
blizzard,2
american-hating,2
nearing,2
indio,2
dirt,2
less-than-courageous,2
lizard,2
affable,2
talkative,2
closest,2
laconic,2
dead-shot,2
'sundance,2
land-hungry,2
harriman,2
bullies,2
harass,2
fertile,2
packing,2
slapstick,2
excessive,2
oppressed,2
chon,2
clumsy,2
imperial,2
o'bannon,2
greatest,2
arranges,2
150-man,2
patrons,2
recreations,2
periods,2
wildest,2
fantasies,2
life-like,2
opts,2
robot,2
berserk,2
engstrom,2
tector,2
gorch,2
setup,2
orchestrated,2
deke,2
casualties,2
pious,2
independent-minded,2
bee,2
cuddy,2
iowa,2
daunting,2
employs,2
low-life,2
briggs,2
traverse,2
marked,2
stark,2
constant,2
terrorised,2
praying,2
otherworldly,2
two-bit,2
demeanors,2
diminish,2
haul,2
selfsame,2
initially,2
identified,2
aforementioned,2
spencer,2
horrifying,2
verify,2
unemployed,2
invitation,2
replay,2
boarding,2
rivalries,2
taboos,2
menacing,2
inferno,2
liz,2
clearwater,2
wherever,2
gunsmith,2
elders,2
korean,2
manchuria,2
weird,2
1830s,2
reconnaissance,2
asian,2
dong-gun,2
jang,2
bosworth,2
huston,2
cox,2
academy,2
award,2
geoffrey,2
harlots,2
one-in-a-thousand,2
winchester,2
quarrel,2
touching,2
alvarez,2
trans-formative,2
mole,2
strewn,2
symbols,2
mara,2
self-reflective,2
musing,2
vanquish,2
knife,2
stockburn,2
adventure-filled,2
crabb,2
extreme,2
arabia,2
custody,2
muster,2
unwitting,2
reside,2
sharp-shooting,2
foursome,2
sensuous,2
unsavory,2
hard-nosed,2
frequented,2
dancin,2
patron,2
establishment,2
guitar,2
emma,2
wrongdoing,2
hard-working,2
miguels,2
departments,2
wifes,2
disturbing,2
familys,2
tear,2
anothers,2
40th,2
sofa,2
wonderful,2
birthday-night,2
phil,2
enterprise,2
thrives,2
corporation,2
rayne,2
half-human,2
half-vampire,2
vampired,2
dangling,2
oath,2
list,2
ugly,2
realities,2
kim,2
darby,2
boeuf,2
campbell,2
corey,2
odyssey,2
arkansas,2
roddy,2
mcdowall,2
suzanne,2
pleshette,2
malden,2
fish-out-of-water,2
stows,2
roads,2
nonstop,2
punch,2
belly,2
laughs,2
hijacks,2
stashes,2
hatches,2
lures,2
rigged,2
j.p.,2
hara,2
sharpshooter,2
dingoes,2
aborigines,2
expatriate,2
cat-and-mouse,2
rogues,2
jame,2
expanse,2
values,2
leech,2
immediate,2
selfish,2
watering,2
hewn,2
rufus,2
maragon,2
cord,2
perfidy,2
destructive,2
fully,2
phillips,2
scurlock,2
mongrel,2
uninvited,2
1845,2
punishing,2
astray,2
contend,2
scarce,2
rejuvenate,2
soil,2
fearless,2
sombre,2
exploration,2
mythology,2
posting,2
desolate,2
honour,2
self-destructive,2
subordinates,2
approved,2
adapt,2
corn,2
pushed,2
thirty,2
humiliates,2
whi,2
bannon,2
tarnishes,2
touches,2
perfect,2
embodiment,2
alienated,2
regard,2
callous,2
stern,2
homer,2
admires,2
reckless,2
amorality,2
anymore,2
takers,2
explains,2
interpreted,2
lenient,2
sacrificed,2
tyrant,2
smashing,2
alpes,2
midwest,2
homesteads,2
sonny,2
wearing,2
breakfast,2
kingpin,2
natives,2
reconcile,2
hell-bent,2
marty,2
clem,2
unexpectedly,2
food,2
double-cross,2
lovers,2
squad,2
ocean,2
grants,2
relocated,2
bolivia,2
shaggy,2
radically,2
reimagined,2
assailants,2
resourcefully,2
homeand,2
themselvesas,2
escalating,2
unpredictable,2
spoken,2
creates,2
railway,2
santer,2
located,2
influences,2
supervisor,2
re-rout,2
measurement,2
technician,2
avert,2
defiant,2
migrating,2
cheyennes,2
1825,2
understand/accept,2
lifestyles,2
seattle,2
relocating,2
nightmare,2
panic,2
terrifying,2
correct,2
longworth,2
bungled,2
picks,2
doyle,2
ollie,2
saloon-singer,2
retiring,2
nathaniel,2
maimed,2
dominion,2
stinky,2
gun-toting,2
alleged,2
subsequent,2
clarification,2
admits,2
eleven,2
unarmed,2
rajoo,2
itinerant,2
heart-of-gold,2
dictatorship,2
porfirio,2
diaz,2
honey,2
performers,2
seor,2
ocao,2
escudo,2
ballantine,2
sand,2
skimmel,2
tender,2
unforgettable,2
rodgers,2
hammerstein,2
leander,2
mcnelly,2
uphold,2
veterans,2
policing,2
marches,2
peck,2
sick,2
urges,2
chases,2
bessy,2
forgiven,2
machete,2
relic,2
bass,2
spends,2
starbuck,2
book,2
watches,2
mercenary,2
provided,2
bumbling,2
womanizer,2
quirt,2
quaker,2
giulio,2
petroni,2
luciano,2
vincenzoni,2
phillip,2
meceita,2
front,2
sparring,2
cooperating,2
lapsed,2
domain,2
mcqueen,2
bonner,2
champ,2
annual,2
trane,2
maximillian,2
henri,2
labordere,2
duvarre,2
grim,2
adored,2
johns,2
dawn,2
riveting,2
retribution,2
valor,2
compromised,2
leigh,2
disreputable,2
millard,2
union-officer,2
meeker,2
defies,2
appeases,2
curtiz,2
errol,2
southwestern,2
jeep,2
chestnut,2
piece,2
avram,2
philadelphia,2
poland,2
congregation,2
traveller,2
tricked,2
belongings,2
scattered,2
overruns,2
eula,2
hepburn,2
vein,2
glyn,2
mclyntock,2
weathered,2
lifetime,2
flooding,2
jeffords,2
stem,2
uncomfortably,2
martial,2
arts,2
treated,2
wong,2
afloat,2
shenandoah,2
lockhart,2
happenings,2
coronado,2
delivering,2
waggomans,2
employed,2
gunhand,2
lowe,2
banning,2
manhunts,2
1909,2
christopher,2
hitches,2
newlyweds,2
willard,2
mims,2
copper-mine,2
response,2
attachment,2
j.d,2
cahill,2
sound,2
moses,2
dogwood,2
realized,2
deceit,2
awaited,2
seed,2
seduction,2
planted,2
breen,2
militiaman,2
exile,2
marchand,2
exiles,2
prestley,2
courtney,2
unlike,2
houses,2
mushrooms,2
sissy,2
hankshaw,2
uma,2
thurman,2
thumbs,2
hitchhiking,2
model,2
hurt,2
background,2
mating,2
whooping,2
cranes,2
jellybean,2
rain,2
phoenix,2
cowgirls,2
beauty-,2
chato,2
deeper,2
penalty,2
classmates,2
graduating,2
j.e.b,2
2nd,2
stationed,2
leavenworth,2
abolitionist,2
harper,2
hugely,2
bernie,2
casey,2
markham,2
reni,2
santoni,2
liberate,2
fighters,2
1960s,2
anglo,2
#ÀNOMBRE?,2
maverick,2
elke,2
sommer,2
frontierswoman,2
attaining,2
alps,2
westerners,2
maureen,2
firehand,2
horrendous,2
jonah,2
hex,2
current,2
disfigured,2
compassionate,2
ke-ni-tay,2
massacres,2
rapes,2
loots,2
compelled,2
naivity,2
prejudices,2
quale,2
collateral,2
burke,2
andrew,2
establishing,2
craden,2
louisiana,2
hollis,2
moccasin,2
masquerades,2
slayton,2
sworn,2
intimate,2
prairie,2
dumb,2
minutes,2
snow,2
wabble,2
count,2
kiowa,2
pancho,2
march,2
hearts,2
bannock,2
sabbath,2
whatever,2
fitting,2
sanchez,2
swann,2
outfox,2
attitude,2
shaman,2
emerges,2
laramie,2
completely,2
mcintock,2
taxing,2
improvements,2
covington,2
word,2
doubts,2
integrity,2
paco,2
landowners,2
tempted,2
social,2
league,2
resentment,2
spread,2
betray,2
continuing,2
wear,2
sun,2
coirana,2
risen,2
plight,2
aimed,2
beset,2
emotional,2
broker,2
castro,2
renegades,2
whiskey,2
suave,2
drafted,2
post-apocalyptic,2
mouse,2
think,2
apparently,2
tiny,2
affair,2
plots,2
shelly,2
exchanges,2
minions,2
allegiances,2
outspoken,2
useless,2
obtained,2
decimated,2
lie,2
brigade,2
stretch,2
fist,2
strangers,2
kingsley,2
footsteps,2
generously,2
twenty,2
rural,2
marseilles,2
pastoral,2
eleanor,2
frees,2
forsythe,2
brazilian,2
explores,2
physical,2
succeeds,2
tomb,2
reads,2
reavis,2
infiltrates,2
gamble,2
accomplished,2
riling,2
exposed,2
gunfire,2
breckenridge,2
heels,2
stribling,2
missy,2
butterfly,2
collector,2
encampment,2
tycoons,2
paleface,2
hereford,2
enlist,2
newcomer,2
marcus,2
differences,2
bulls,2
lana,2
claudette,2
colbert,2
bears,2
shape,2
pinnacle,2
hospital,2
skill,2
swindled,2
assistance,2
alexander,2
jessica,2
naively,2
dispatched,2
graff,2
leadership,2
severe,2
wives,2
hackett,2
yolaf,2
sale,2
combination,2
xantos,2
daniel,2
tradition,2
walks,2
jerry,2
prospectors,2
crane,2
slain,2
dangers,2
rightful,2
potter,2
torch,2
delroy,2
graduation,2
legends,2
representatives,2
lakota,2
livestock,2
1876,2
recalling,2
cinematography,2
overview,2
occupation,2
weakened,2
accuses,2
fang,2
dishonest,2
imminent,2
guarded,2
annie,2
sharpshooting,2
foster,2
cravat,2
prominent,2
host,2
egan,2
circumstances,2
taza,2
naiche,2
lizzie,2
intelligence,2
suffers,2
profession,2
quincy,2
raider,2
scoundrels,2
strong-willed,2
estate,2
mutinous,2
dragged,2
linford,2
traded,2
grapple,2
painful,2
loretta,2
allegheny,2
1939,2
clad,2
buckskin,2
coonskin,2
cap,2
kentuckian,2
coping,2
1760s,2
part-time,2
firecreek,2
ending,2
railways,2
steadily,2
opportunities,2
prarie,2
goodbye,2
tomas,2
cuchillo,2
knife-throwing,2
hot-blooded,2
finance,2
receive,2
ex-lover,2
annoying,2
presumed,2
digs,2
liberation,2
theology,2
humphrey,2
bogart,2
philipp,2
stlzl,2
navigating,2
heartbeat,2
reproduction,2
pharmacist,2
britt,2
exacts,2
citizenry,2
poisoned,2
redeems,2
epidemic,2
authorizes,2
pushing,2
opportunist,2
asa,2
obstructing,2
sid,2
monahan,2
jilted,2
cattle-driving,2
smuggler,2
kidnaping,2
lookout,2
purgatory,2
holiday,2
admittance,2
heaven,2
screw,2
owl,2
appalled,2
kits,2
trapping,2
conserve,2
ajawaan,2
national,2
biography,2
invitations,2
lecture,2
sympathize,2
procession,2
wickedest,2
irresponsible,2
black-hatted,2
trampas,2
dispersed,2
pressure,2
recalled,2
retaliate,2
invented,2
arrows,2
urgent,2
boles,2
fateful,2
montez,2
falling-out,2
catlow,2
yul,2
brynner,2
crenna,2
leonard,2
nimoy,2
arbuckle,2
intertitles,2
gambler/saloon,2
bullhum,2
hickup,2
fatty,2
ticklishness,2
loud,2
whimsical,2
250,2
englishman,2
houlihan,2
addressee,2
800,2
nez,2
perce,2
mile,2
westward,2
displace,2
1933,2
birthplace,2
pestered,2
cougar,2
pivotal,2
burr,2
modocs,2
meek,2
modoc,2
one-on-one,2
knives,2
fists,2
ex-gunman,2
spills,2
eerie,2
dietrich,2
hanner,2
paw,2
lockup,2
foils,2
parallel,2
elijah,2
ottoman,2
sultan,2
impersonates,2
handling,2
drovers,2
scuffle,2
vision,2
animosity,2
thicken,2
evie,2
teale,2
conn,2
conagher,2
loneliness,2
nineteenth,2
healy,2
two-wagon,2
hounded,2
creditors,2
applause,2
awhile,2
likes,2
attentions,2
owed,2
peripatetic,2
hellion,2
pink,2
tights,2
geography,2
moral,2
speedy,2
pantoliano,2
no-nonsense,2
merciless,2
beltran,2
vietnam,2
whittmar,2
gleason,2
squeezing,2
cronies,2
olandt,2
tiflin,2
steinbeck,2
salinas,2
incompatible,2
city-loving,2
shepperd,2
strudwick,2
country-happy,2
loy,2
bickering,2
companionship,2
paternal,2
jade,2
expertise,2
westbound,2
batch,2
suckers,2
fiery,2
handcuffed,2
speakes,2
destinations,2
wanted-dead-or-alive,2
fiorentino,2
sheffer,2
shunned,2
ex-partner,2
importantly,2
ghosts,2
nicole,2
sheridan,2
beverly,2
lynne,2
richardson,2
adult,2
olen,2
brigham,2
kent,2
zina,2
traps,2
arapaho,2
re-claim,2
evict,2
harpoon,2
whaler,2
swede,2
lode,2
acquaintance,2
stall,2
smart,2
resurrect,2
demand,2
lookalike,2
photo,2
impersonate,2
sticky,2
patriots,2
overwhelming,2
forgive,2
shopgirl,2
rendezvous,2
samuel,2
ill-kempt,2
jabowski,2
birch,2
dandy,2
herald,2
electrical,2
sit,2
naked,2
neighborhood,2
pin-up,2
drunker,2
clock,2
ticks,2
chairs,2
'something,2
accomplish,2
marketeer,2
detachment,2
dover,2
mcbride,2
hernandez,2
chosen,2
pits,2
trailing,2
turnaround,2
blackfoot,2
entrance,2
prequel,2
forth,2
surrender,2
gomez,2
thoughts,2
feels,2
violet,2
roe,2
denbow,2
lear,2
regarding,2
loyalties,2
launch,2
crypt,2
stalked,2
satago,2
marauders,2
sections,2
medallions,2
carnage,2
liberated,2
similar,2
warned,2
warning,2
drags,2
flood,2
mint,2
1980,2
juliano,2
serra,2
pelada,2
bald,2
amazon,2
pollution,2
pot,2
shattered,2
cinema,2
zach,2
strap,2
sometime,2
prepare,2
befell,2
train-robbery,2
opportunistic,2
kehoe,2
ingratiates,2
entertainers,2
weather,2
shutting,2
corps,2
ballet,2
dancers,2
www,2
spaghetti-western.net,2
cantina,2
tango,2
minnie,2
ostrich,2
swordfight,2
skillfully,2
curiously,2
obliges,2
cummins,2
parallels,2
wiluan,2
acted,2
screenwriter,2
actresses,2
ario,2
bayu,2
donny,2
alamsyah,2
lucock,2
yoshi,2
sudarso,2
sunny,2
pang,2
zack,2
tio,2
pakusadewo,2
pevita,2
pearce,2
salma,2
mikha,2
tambayong,2
frameworks,2
zhao,2
wei,2
production,2
khoo,2
indonesian,2
theaters,2
july,2
javanese,2
voc,2
determine,2
poverty,2
mexican-american,2
hispanic,2
concernsin,2
parta,2
acquiescence,2
500,2
anglo-american,2
honorably,2
surrendered,2
plus,2
servants,2
mohicans,2
alec,2
salesman,2
lillian,2
oppose,2
dual,2
dashing,2
cathy,2
branded,2
drummed,2
discharged,2
crabbe,2
politics,2
prior,2
acting,2
uniforms,2
nest,2
destiny,2
gil,2
lucia,2
swaggering,2
carteret,2
witnessing,2
half-indian,2
unconscious,2
lohman,2
shelters,2
juanita,2
pursuer,2
unmasks,2
respectability,2
maintain,2
hurting,2
henrickson,2
hardened,2
telegram,2
lenz,2
requesting,2
mounts,2
happily,2
vestige,2
gan,2
falsly,2
chasers,2
loud-mouthed,2
cowpuncher,2
polo,2
floundering,2
keliher,2
ex-wife,2
guileless,2
ministers,2
earthly,2
striving,2
excellence,2
father-son,2
kilgore,2
remorseful,2
enabling,2
bar-girl,2
escapades,2
tough-talking,2
canary,2
illustrious,2
traverses,2
continents,2
answer,2
vivacious,2
gold-hearted,2
madam,2
seasoned,2
tender-foot,2
journeys,2
movement,2
overthrow,2
munro,2
tribesmen,2
magua,2
unkas,2
mohican,2
natty,2
bumppo,2
falkenauge,2
widowmaker,2
slue,2
disrupted,2
badman,2
prompted,2
assemble,2
rally,2
vance,2
inasmuch,2
virtually,2
converged,2
gallery,2
bray,2
formidable,2
villainy,2
fascinating,2
heroines,2
prim,2
madge,2
jacqueline,2
provisions,2
'death,2
'indians,2
hassard,2
breakers,2
eyrie,2
labors,2
hassards,2
prefer,2
cheap-labor,2
conspires,2
franchise,2
journalist,2
foment,2
lozoya,2
dmitri,2
vassilovich,2
orlowsky,2
mention,2
cloth,2
wallach,2
stakes,2
incites,2
valiant,2
suicidal,2
booted,2
mccomb,2
strikes,2
deciding,2
magnates,2
stubbornness,2
ungrateful,2
arliss,2
lisbeth,2
feature-length,2
'tales,2
city-bred,2
1868,2
goldfields,2
victoria,2
woodsman,2
uncanny,2
wildlife,2
cub,2
statue,2
sempler,2
skyscrapers,2
'girl,2
biographer,2
impulse,2
hampered,2
star-crossed,2
ages,2
dominance,2
01-may,2
roses,2
weight,2
reckoning,2
rodeo-cum-prison,2
ageing,2
bonding,2
wicked,2
fabian,2
trumbo,2
scatters,2
slaver,2
pharaoh,2
bleeding,2
inching,2
1880,2
cancel,2
poorly,2
manned,2
court-martial-led,2
poisonous,2
snakes,2
motley,2
stablehand,2
1854,2
shell,2
postponing,2
hated,2
shoshone,2
ceremonial,2
retelling,2
pylades,2
electra,2
baldis,2
rafael/pylades,2
recollection,2
tolling,2
announcing,2
ave,2
fragmented,2
re-united,2
isabella,2
confusing,2
over-complicated,2
attentive,2
viewers,2
rewarded,2
roberto,2
pregadios,2
awesome,2
isaih,2
hero-all,2
cruelly,2
cyrus,2
bloomington,2
isaiah,2
grew,2
1883,2
graduated,2
teddy,2
mainwarring,2
valencia,2
terence,2
close-mouthed,2
landlord,2
horribly,2
laborers,2
rns,2
opposing,2
hewitt,2
forewarn,2
chilly,2
reception,2
repel,2
jackie,2
back-shooting,2
fords,2
garson,2
mervyn,2
leroy,2
lois,2
hampden,2
gonzales-gonzales,2
holliman,2
adele,2
jergens,2
dekova,2
lorimer,2
flashy,2
letters,2
clearing,2
impersonating,2
nouveau,2
riche,2
refine,2
actor/butler,2
ear,2
roosevelt,2
jordan,2
donavan,2
photographer,2
match-making,2
via,2
candidacy,2
posted,2
turn-of-the,2
cottownwood,2
mills,2
resignation,2
basis,2
shiloh,2
jan.,2
1963,2
nobility,2
kings,2
nov.,2
peanut,2
vendors,2
great-nephew,2
1950s,2
rafts,2
automobiles,2
pianist,2
tuberculosis,2
socorro,2
rapp,2
couthen,2
waif-with-a-past,2
rannah,2
braden,2
unsentimental,2
elegy,2
sweetgrass,2
flocks,2
absaroka-beartooth,2
summer,2
pasture,2
astonishingly,2
humans,2
vulnerability,2
intimately,2
meshed,2
cattle-woman,2
blowhards,2
acceptance,2
whereas,2
disply,2
revulsion,2
mcandrew,2
pudge,2
chatto,2
sanity,2
wavering,2
tortured,2
abe,2
capitalizes,2
sucker,2
fools,2
liking,2
whatsoever.tenneray,2
bullfight,2
arena,2
low-key,2
unromanticised,2
seconds,2
fantasy,2
sequence,2
imagines,2
espionage,2
activities,2
powerfull,2
intimidate,2
santiago,2
jolly,2
bandito,2
hijacked,2
gipo,2
illustrating,2
risking,2
lulu,2
brewing,2
upstart,2
baits,2
keeper,2
bueno,2
malo,2
site,2
transformed,2
shirley,2
susannah,2
higgins,2
beery,2
claiming,2
motive,2
disguises,2
tyrannical,2
politician,2
weeks,2
met,2
converge,2
saul,2
shadows,2
1849,2
fallout,2
snowstorm,2
concept,2
turning,2
oater,2
quantrill,2
remy,2
barge,2
populace,2
chino,2
gold-rush,2
corral,2
tipton,2
bridger,2
telegrams,2
descend,2
captive,2
planet,2
christmas,2
automomy,2
expensive,2
stable,2
trainer,2
spies,2
addition,2
sweet,2
parnell,2
tow,2
attempting,2
wales,2
1942,2
resides,2
landry,2
confession,2
removed,2
relatives,2
flesh,2
walk,2
sandra,2
trade,2
mccoy,2
engineered,2
jealous,2
scared,2
blows,2
colleagues,2
accompanies,2
occupied,2
cohort,2
kimball,2
utilizing,2
devlin,2
poli,2
tycoon,2
bounce,2
colony,2
rancho,2
gaspar,2
melo,2
unclear,2
winters,2
smooth,2
divide,2
clu,2
gulager,2
terrified,2
noble,2
shoot-out,2
logging,2
lambert,2
rates,2
fox,2
clive,2
ex-foreman,2
teaches,2
clyde,2
moss,2
confederates,2
jaroo,2
billions,2
madsen,2
abraham,2
daugherty,2
highwayman,2
pinkertons,2
1901,2
genial,2
adjust,2
stagecoaches,2
cling,2
trussed-up,2
bride-to-be,2
tricky,2
dicky,2
asylums,2
klux,2
klan,2
everett,2
martn,2
land-related,2
observes,2
//www.spaghetti-western.net,2
brandt,2
bust,2
1893,2
smelted,2
plated,2
smelting,2
payoff,2
reply,2
inquiry,2
exposes,2
cardwell,2
phipps,2
shayne,2
veda,2
borg,2
fowley,2
whipple,2
taker,2
conspirators,2
soothe,2
riled,2
masquerading,2
interpreter,2
simpy,2
suitors,2
spirits,2
agreement,2
adapted,2
mustanger,2
web,2
abuse,2
landing,2
goldfield,2
trophy,2
jacques,2
merrick,2
wound,2
rises,2
1878,2
wahoo,2
spunky,2
rannie,2
chips,2
sackett,2
withdrawn,2
heifers,2
successfully,2
rowley,2
threats,2
regular,2
tramp,2
lionel,2
jeffries,2
transvaal,2
priss,2
dobbs,2
aubrey,2
ernie,2
uys,2
nabbing,2
valuables,2
approve,2
downhill,2
frankfob2,2
yahoo.com,2
clears,2
beaudine,2
1500,2
accidents,2
welsh,2
identifying,2
liked,2
outdraws,2
nash,2
lush,2
astaire,2
committing,2
hunger,2
peacekeeping,2
craven,2
clues,2
smallpox,2
winterhawk,2
mulieta,2
treatment,2
ousted,2
parson,2
josiah,2
arness,2
mcquade,2
importance,2
corner,2
bushwhackers,2
nevadas,2
anybody,2
denounce,2
beating,2
yoke,2
bands,2
thiefs,2
week,2
write,2
'warlock,2
disapproves,2
envisioning,2
hardship,2
steve..,2
maintaining,2
doubt,2
circa,2
visuals,2
effects,2
depicting,2
torrid,2
abduction,2
eroticism,2
savagely,2
virginity,2
exhibition,2
lesbianism,2
closes,2
orgy,2
long-abandoned,2
monolith,2
shapely,2
eyesight,2
re-appearance,2
mature,2
sixteen,2
siblings,2
ordinary,2
tourist,2
maps,2
sinister,2
dwells,2
psyche,2
dwindling,2
artful,2
blend,2
exquisite,2
character-driven,2
unfolds,2
hundreds,2
carved,2
subtle,2
choreography,2
evolved,2
captivated,2
battle-hardened,2
bellow,2
reconnect,2
24-film,2
gopher,2
rowell,2
gill,2
wanted-outlaw,2
breedon,2
school-teaching,2
weie,2
wlfe,2
1969,2
crusty,2
dorado,2
california-bound,2
snowbound,2
1846-1847,2
shunka,2
wakan,2
formerly,2
rushers,2
hartman,2
20-year,2
alope,2
devotes,2
worldwide,2
lafe,2
barstow,2
prowling,2
ranges,2
faltering,2
johanna,2
carterr,2
upheld,2
heesman,2
herrick,2
theorizes,2
sylvia,2
findley,2
contrived,2
distrusts,2
soften,2
abruptly,2
poster,2
quitting,2
runners,2
particularly,2
thorn,2
highhawk,2
claudia,2
simpleton,2
embezzled,2
standoff,2
kickboxer,2
frankenstein,2
frequent,2
intense,2
corpses,2
afterwards,2
soda,2
traditionally-animated,2
bruno,2
bozzetto,2
parody,2
ida,2
lupino,2
gig,2
earthquake,2
far-west,2
opponents,2
rory,2
dispenses,2
costarring,2
ruta,2
warns,2
tread,2
heims,2
misty,2
ludwig,2
50-year,2
spanned,2
shorts,2
seabees,2
mclain,2
destruction,2
handed,2
generates,2
situations,2
saturday,2
matinee,2
crowd,2
lavishly,2
budgeted,2
contributed,2
deadpan,2
proceedings,2
highest,2
extraordinarily,2
supported,2
carillo,2
jeanne,2
atmospheric,2
thriller,2
seventh,2
1943,2
endlessly,2
recycling,2
serials,2
b-westerns,2
snared,2
mayhew,2
cockney,2
maxwell,2
randall,2
baize,2
loser,2
russians,2
bases,2
arturo,2
bordega,2
banditos,2
fold,2
pecos,2
disabled,2
1929,2
barn,2
reservoir,2
prices,2
jailed,2
carnival,2
lorena,2
yvonne,2
audiences,2
tribute,2
liberal,2
lauter,2
participation,2
wind,2
horror-film,2
entrepreneur,2
warmed,2
juncture,2
petrie,2
ticonderoga,2
pedediah,2
boasts,2
vohs,2
fowler,2
gimmick,2
dealers,2
britton,2
domergue,2
bettger,2
watie,2
bootch,2
collum,2
lamar,2
bly,2
rockwell,2
drury,2
suggs,2
heretofore,2
pillar,2
privilege,2
rank,2
epitomized,2
confluence,2
mulatto,2
dysfunctional,2
1878,2
retarded,2
demeaning,2
time-honored,2
dolenz,2
elevated,2
speed,2
delivered,2
slap-dash,2
starlet,2
daun,2
impression,2
imperiled,2
wasted,2
subordinate,2
rondo,2
non-actor,2
grotesque,2
acromegaly,2
so-called,2
elephant,2
tastelessly,2
'40s,2
appeared,2
pardons,2
drudge,2
snowed,2
birth,2
redeath,2
robbery-murder,2
greiner,2
dresses,2
ostensibly,2
strayed,2
morsby,2
inclined,2
questions,2
ramirez,2
insurrection,2
federales,2
turn-of-the-century,2
bliss,2
spaces,2
dispossessed,2
stuffy,2
cheated,2
rays,2
teenaged,2
hairy,2
psychopathic,2
basement,2
brags,2
priests,2
julian,2
shay,2
strode,2
adulterous,2
fairchild,2
transformation,2
god-loving,2
haines,2
chatterton,2
etc.,2
framing,2
mcclendon,2
ardisson,2
giacomo,2
rossi-stuart,2
eduardo,2
dispute,2
helluva,2
color,2
scope,2
35mm,2
wrapped-up,2
oilmen,2
sheepmen,2
defective,2
switched,2
accuse,2
cyclone,2
chieftain,2
peacefully,2
railroader,2
aggravated,2
sabotaging,2
clashing,2
chum,2
resist,2
genocidal,2
costs,2
whereupon,2
court-martialed,2
jory,2
fifteen-year-old,2
horse-drive,2
likable,2
taught,2
expect,2
conners,2
'branded,2
fortunes,2
activity,2
closed,2
doors,2
rising,2
gorge,2
bugs,2
yosemite,2
roughest,2
he-man,2
stuffest,2
grounds,2
live-action,2
classics,2
snag,2
video,2
collection,2
mid-winter,2
rental,2
cabin-fever,2
outdoors,2
generic,2
covering,2
operational,2
deployment,2
shaughnessy,2
r.g,2
springsteen,2
60,2
dagger,2
armin,2
wayward,2
reagan,2
gallager,2
paired,2
expert,2
masterson,2
reaching,2
finish,2
oro,2
idol,2
alter-ego,2
carpetbagger,2
brolin,2
storm,2
motives,2
divorce,2
jenny,2
kirkland,2
rails,2
eaten,2
samson,2
grudgingly,2
milk,2
rampage,2
scientific,2
dust,2
'new,2
fright-fest,2
month,2
halloween,2
unravels,2
'spectacular,2
cave,2
scare,2
sampson,2
pistol-whipped,2
timmy,2
points,2
decisions,2
hateful,2
sympathizing,2
posts,2
alerted,2
dennison,2
sears,2
commission,2
shoemaker,2
burnette,2
instigated,2
cronin,2
regimental,2
roaring,2
godfathers,2
diggings,2
gambled,2
bulgarian,2
turkish,2
vicinity,2
ransacking,2
cabins,2
geezer,2
recalls,2
antics,2
hungry,2
practical,2
jokers,2
abound,2
strolls,2
proving,2
resistant,2
duds,2
cleaning,2
behest,2
troublesome,2
plundering,2
power-crazed,2
one-hour,2
isaach,2
bankol,2
outcasts,2
dreamlike,2
reverie,2
szabolcs,2
hajdu,2
resell,2
replaces,2
informs,2
soon-to-be-legendary,2
fatefully,2
entwined,2
shoot-'em-up,2
dedication,2
principles,2
earned,2
aversion,2
censures,2
foolhardy,2
joris,2
ivens,2
fond,2
stories,2
invent,2
script,2
camera,2
shop,2
wigwam,2
flaming,2
conclusion,2
pipe,2
corkle,2
loder,2
argentina,2
deserting,2
randell,2
seventeen,2
diner,2
instantly,2
duck,2
righter,2
doer,2
porky,2
pig,2
gag-stealing,2
square,2
dancing,2
flexes,2
hulky,2
muscles,2
entirely,2
rip,2
shirt,2
pound,2
stupor,2
1986,2
burt,2
pitiless,2
sheltered,2
twists,2
botched,2
tough-guy,2
perennial,2
blundering,2
pryor,2
slick,2
labour,2
greatly,2
goals,2
newborn,2
hospitable,2
talbott,2
nanny,2
lyon,2
verna,2
felton,2
esther,2
sheb,2
mimi,2
caruso,2
1885,2
shakespearian,2
michelito,2
loveless,2
deplicates,2
cleveland,2
scientist,2
wide,2
advanced,2
weapons-ranging,2
atomic,2
bombs,2
trinapreston3ao.com,2
roundtree,2
ex-cavalry,2
liars,2
happiness,2
apparent,2
seriously,2
brain,2
tumor,2
pains,2
attributes,2
imaginary,2
pregnancy,2
laredo,2
possessions,2
nice,2
lin-chu,2
responds,2
bets,2
planes,2
noted,2
secured,2
elusive,2
gems,2
toxic,2
devolves,2
date,2
langston,2
ensue,2
row,2
inhospitable,2
snowblind,2
barrels,2
ton,2
red-hot,2
moderately,2
couldee,2
sing,2
mass,2
officiated,2
sienna,2
dances,2
courts,2
mean-time,2
hondo,2
kelley,2
whit,2
bissell,2
dobson,2
home-steading,2
fortunately,2
sleep,2
gertrude,2
properties,2
polonius,2
peters,2
started,2
mackenzie,2
ingram,2
kathy,2
townsman,2
myron,2
healey,2
link,2
albord,2
frost,2
cultivated,2
tad,2
knight,2
produces,2
make-shift,2
bale,2
strands,2
festival,2
precipitates,2
evildoers,2
ruster,2
immigrates,2
laborer,2
second-youngest,2
homesickness,2
difficulties,2
accustoming,2
customs,2
resisted,2
reservations,2
retreated,2
horticultural,2
raynes,2
sawmill,2
unprofitable,2
1835,2
halfbreeds,2
riel,2
blasting,2
tunnel,2
bidwell,2
engineers,2
badly-wounded,2
ailing,2
down-on-their-luck,2
vaudevillians,2
girlie,2
all-male,2
latter-day,2
queen,2
well-made,2
specialist,2
mededith,2
sibling,2
righting,2
crescent,2
ancestor,2
detectives,2
litle,2
package,2
dwarf-like,2
disappears,2
christina,2
berndon,2
preteen,2
shaft,2
looms,2
horizon,2
tribal,2
ranks,2
racket,2
wwii,2
evacuating,2
scorched,2
policy,2
continent,2
wyndham,2
pastures,2
brisbane,2
queensland,2
deserving,2
1862,2
well-being,2
exiled,2
isolation,2
contempt,2
softens,2
sorrows,2
rouge,2
jeb,2
kline,2
narrates,2
b-movie,2
lester,2
orlebeck,2
systematically,2
supernatural,2
fenimore,2
talbot,2
reported,2
acoma,2
philippines,2
caf,2
heir,2
starlight,2
jimmyboy,2
persuading,2
dentist,2
jon,2
recruited,2
brazos,2
bannister,2
shy,2
jerusalem,2
destroyed,2
leslie,2
stopover,2
showing,2
offering,2
performance,2
doesnt,2
skoville,2
sarajevo,2
scroll,2
rita,2
moreno,2
strategy,2
paiute,2
ensuing,2
crippled,2
jockey,2
squaw,2
paper,2
wes,2
prolonged,2
teaming,2
opera,2
sgt,2
germany,2
proteus,2
navy,2
resemblance,2
pistoleros,2
balczar,2
hustle,2
repo,2
houseboat,2
sail,2
beam,2
sunshine,2
shingle,2
profile,2
personally,2
compatriots,2
chronicle,2
revolutions,2
featuring,2
deceive,2
stella,2
wiles,2
resourceful,2
foreign,2
light-hearted,2
opened,2
check,2
journeyman,2
install,2
informer,2
thunder,2
#ÀNOMBRE?,2
superstar,2
installments,2
eight,2
heel,2
dictator,2
capitan,2
monastario,2
dons,2
tyranny,2
bernardo,2
pueblo,2
chick,2
argued,2
ginger,2
o'neal,2
greenhow,2
crossfire,2
bystander,2
vesser,2
railroading,2
scrupulous,2
laid,2
infesting,2
ownership,2
undermanned,2
operations,2
extortion,2
cromwell,2
meanwhille,2
lightnin,2
recovering,2
opal,2
lacy,2
healthy,2
unless,2
drives,2
wedge,2
gunsmoke,2
ronson,2
explosive,2
brawley,2
separated,2
coins,2
dove,2
engaged,2
operating,2
besieged,2
1974,2
hagman,2
overzealous,2
cahiers,2
cinma,2
admired,2
authors,2
filmmakers,2
dared,2
overtly,2
alejandro,2
jodorowsky,2
premiered,2
fistful,2
moullet,2
steam,2
jean-pierre,2
laud,2
1882,2
savannah,2
macmurray,2
dekker,2
roam,2
betty,2
brewer,2
covetous,2
schildkraut,2
endeavoring,2
signatures,2
urging,2
petition,2
rochelle,2
hallie,2
borer,2
cantinflas,2
apothecary,2
intercepted,2
exaggerating,2
lying,2
toothache,2
heal,2
wheel,2
scully,2
garcia,2
jewels,2
collecting,2
janitor,2
auken,2
harte,2
relates,2
sutter,2
deserters,2
swamp,2
resolve,2
practices,2
boondocks,2
ignored,2
ill-considered,2
spiral,2
downward,2
difficulty,2
talked,2
saddling,2
mortal,2
staked,2
machine-guns,2
lend,2
filming,2
stand-in/stunt,2
egotistical,2
heroics,2
ren,2
demobilization,2
concerning,2
underway,2
endanger,2
mishaps,2
bombarded,2
triumph,2
contradictory,2
flashbacks,2
lengthy,2
spoilt,2
sartana,2
grudging,2
dvd,2
garbage,2
truck,2
boards,2
elizabeth,2
wrecks,2
clemson,2
barstowe,2
marlowe,2
chemist,2
horton,2
hartigan,2
jumper,2
pardners,2
emigrants,2
adjacent,2
olive,2
branch,2
venture,2
bitterness,2
campos,2
mounter,2
jumps,2
reunite,2
lady-friend,2
errand,2
paso,2
signature,2
document,2
laughing,2
stock,2
bert,2
farge,2
straightening,2
occur,2
system,2
adopt,2
o'brian,2
dolores,2
michaels,2
cristal,2
emile,2
meyer,2
hordes,2
lash,2
beavers,2
cats,2
taos,2
yearn,2
ufo,2
aliens,2
coexistence,2
generated,2
contenders,2
judges,2
executioners,2
everywhere,2
asking,2
nadja,2
roma,2
insatiable,2
vagabond,2
casually,2
filmaffinity,2
enraged,2
technology,2
radios,2
refrigerated,2
trucks,2
butcher,2
nyc,2
permanently,2
steven,2
heyes,2
taxes,2
culver,2
patriarch,2
meg,2
nardo,2
denning,2
emporia,2
mourners,2
rejects,2
suggestion,2
scotty,2
reaction,2
gore,2
jenner,2
eagerly,2
await,2
nazarro,2
3-d,2
joanne,2
dru,2
hickock,2
dub,2
daily,2
old-time,2
peaceable,2
trailcross,2
nevady,2
entrust,2
plants,2
escorts,2
intervention,2
dakotas,2
lespard,2
co.,2
kunga-sunga,2
wizard,2
lariat,2
hayseed,2
hoosier,2
switch,2
gender,2
rotund,2
kibbee,2
handyman,2
donnell,2
jerome,2
winston,2
stover,2
guinn,2
read,2
//www.allmovie.com/movie/cowboy-blues-v88020,2
s45hjwk4wc6cpu4t.99,2
fishing,2
cannery,2
prc,2
1972,2
operate,2
intend,2
coup,2
disappear,2
bennetts,2
frightens,2
fitzgerald,2
daly/morgan,2
deputizes,2
brands,2
retaliates,2
unequal,2
convent-raised,2
vickers,2
egypt,2
zalata,2
reminds,2
elia,2
kazan,2
egyptian,2
u.s..,2
depredations,2
nicol,2
picking,2
non-violence,2
deteriorates,2
basehart,2
handle,2
advertised,2
donald,2
gal,2
warde,2
lags,2
renault,2
credits,2
renaldo,2
explain,2
thinly,2
episode,2
grandson,2
crown,2
carrasco,2
loring,2
freezer,2
freeze,2
'rocky,2
'skeeter,2
chubby,2
jock,2
mahoney,2
rescuer,2
jagade,2
abide,2
i.e,2
saloon-keepers,2
faro,2
swiping,2
payrolls,2
courageous,2
denny,2
gallop,2
marks,2
hiatus,2
scavengers,2
thoroughly,2
disgusting,2
serious,2
freudian,2
resign,2
chuckawalla,2
testify,2
fatally,2
monogram-produced,2
featured,2
declined,2
full-fledged,2
druggist,2
recaptures,2
western-genre,2
woven,2
hopalong,2
roots,2
troublemaker,2
'shooter,2
controlling,2
beaten,2
suffered,2
desperados,2
shooter,2
solitary,2
deputized,2
sherif,2
weaves,2
heartfelt,2
storytelling,2
gruff,2
explorer,2
meriwether,2
waters,2
wise,2
sacagawea,2
surprises,2
'trinity'esque,2
bicycle,2
interracial,2
turbulent,2
stirs,2
ellen,2
mosely,2
chaco,2
1946,2
homeless,2
whittaker,2
1899,2
boot,2
laikon,2
overpower,2
cannon,2
1976,2
italian-israeli,2
co-productions,2
leif,2
gianfranco,2
parolini,2
pistola,2
dio,2
manduke,2
isaac,2
mcclain,2
rape-massacre,2
deals,2
maturation,2
terms,2
omnipresent,2
1970s,2
glynnis,2
marley,2
co-star,2
remarkable,2
anemic,2
candian,2
japs,2
nazis,2
falcon,2
gon,2
kig,2
fortuitous,2
fortune-teller,2
charlita,2
specializes,2
dire,2
predictions,2
tone,2
parking,2
amusement,2
stew,2
dinosaur,2
bones,2
attract,2
customers,2
fragment,2
poncho,2
bodies,2
milna,2
timberland,2
alderson,2
coveting,2
eco-unfriendly,2
naturama,2
spoilers,2
ransomed,2
langtry,2
alter,2
ego,2
introduce,2
riverboats,2
dureau,2
necklace,2
affects,2
despise,2
duelling,2
1915,2
revolutions.tyranny,2
captains,2
colonels,2
provincial,2
invaded,2
simone,2
rrbas,2
re-occupy,2
cart,2
amuse,2
convent,2
nuns,2
monogram/allied,2
artists,2
off-and-on,2
schedule,2
policeman,2
chinook,2
dash,2
novelty,2
baddie,2
marion,2
scripted,2
bailey,2
helmsman,2
jails,2
resumes,2
1968,2
ettore,2
fizzarotti,2
giovanni,2
simonelli,2
ex-soldier,2
quarrels,2
spots,2
ramiz,2
balists,2
ahmet,2
yager,2
goss,2
shipley,2
shipleys,2