find,404
world,366
must,295
take,273
young,250
friend,238
forc,219
life,206
becom,201
power,199
save,193
time,189
help,186
year,185
adventur,173
back,167
live,167
name,166
discov,164
evil,161
mysteri,160
father,159
famili,157
battl,150
make,147
stori,144
love,144
come,143
home,142
return,135
secret,129
land,129
fight,128
human,125
earth,124
team,124
escap,120
film,119
mission,118
turn,118
citi,117
king,113
stop,113
journey,113
group,113
girl,113
race,109
plan,107
face,107
lead,105
first,103
rescu,103
meet,102
danger,101
game,101
soon,99
search,96
kill,96
begin,95
agent,94
join,92
destroy,92
order,92
togeth,91
three,91
magic,91
island,91
follow,88
bring,88
gang,88
brother,86
travel,86
hero,85
fall,85
call,85
learn,83
decid,82
along,81
peopl,81
planet,80
armi,80
work,80
beauti,79
kidnap,78
warrior,77
town,77
crew,75
true,74
villag,74
death,74
protect,73
howev,73
littl,73
american,72
ancient,72
head,72
leader,71
surviv,71
daughter,71
arriv,70
alien,70
anim,69
woman,68
base,68
legendari,67
quest,67
ship,67
want,66
bond,65
captur,65
encount,65
threaten,64
teenag,64
space,64
left,64
dream,62
captain,62
seri,62
across,61
enemi,61
past,61
final,61
attack,61
attempt,61
also,61
hand,60
embark,60
best,60
creatur,59
hope,59
star,58
hunt,57
mother,57
lost,57
last,56
john,56
jack,56
sent,56
black,55
chang,55
dragon,55
murder,55
countri,54
thing,54
princess,54
leav,54
great,54
america,53
even,53
place,53
upon,53
known,52
former,52
school,52
hunter,52
epic,51
treasur,51
govern,51
plot,51
polic,50
unit,50
start,49
centuri,49
know,49
soldier,49
away,49
parent,48
train,48
pilot,48
event,47
dark,47
futur,47
queen,47
seek,47
realiz,47
real,46
master,46
defeat,46
anoth,46
ever,46
whose,46
action,45
pirat,45
jungl,45
movi,45
scientist,45
miss,45
villain,44
send,44
york,44
gener,44
kingdom,44
peac,44
wife,44
look,44
small,44
prison,44
threat,43
wild,43
form,43
includ,43
white,43
children,43
determin,42
like,42
caus,42
british,42
control,42
south,42
local,42
could,42
monster,42
fate,41
mountain,41
deadli,41
explor,41
jame,41
tell,41
break,40
keep,40
believ,40
struggl,40
reveng,40
right,40
trip,40
four,39
high,39
tale,39
oper,39
gold,39
crash,39
u.s.,39
destruct,38
civil,38
prove,38
experi,38
creat,38
dead,38
behind,38
skill,38
militari,38
special,38
around,38
track,38
detect,38
investig,38
everyth,37
peter,37
crime,37
rival,37
charact,37
state,37
heart,37
part,37
band,37
partner,36
fear,36
demon,36
play,36
hire,36
classic,36
taken,36
rule,36
money,36
ruthless,35
need,35
princ,35
desert,35
involv,35
giant,35
accident,35
assassin,35
crimin,35
releas,35
drug,35
well,34
sister,34
member,34
desper,34
test,34
show,34
disappear,34
would,34
prevent,33
univers,33
ultim,33
person,33
defend,33
weapon,33
reveal,33
orphan,33
steal,33
good,33
success,33
plane,33
chanc,32
recruit,32
reach,32
robot,32
dinosaur,32
alon,32
witch,32
night,32
differ,32
sword,32
carri,32
offic,31
case,31
machin,31
transform,31
move,31
chase,31
park,31
middl,31
much,31
give,31
transport,31
remain,31
tribe,31
book,31
killer,31
troubl,31
eventu,31
continu,30
challeng,30
sinc,30
north,30
intern,30
lord,30
long,30
noth,30
next,30
grow,30
still,30
convinc,30
wilder,30
command,30
aveng,29
within,29
develop,29
friendship,29
origin,29
rebel,29
rais,29
harri,29
russian,29
compani,29
free,29
strang,29
water,29
never,28
nation,28
secur,28
effort,28
meanwhil,28
peril,28
unlik,28
build,28
forest,28
deep,28
sever,28
french,28
found,28
lose,28
wealthi,28
alli,27
exist,27
mean,27
global,27
clan,27
terrorist,27
offer,27
cross,27
vampir,27
insid,27
open,27
storm,27
martial,27
someth,27
bear,27
assist,27
emerg,26
side,26
care,26
path,26
histori,26
pass,26
angel,26
thief,26
everyon,26
trap,26
hous,26
wizard,26
assign,26
everi,26
emperor,26
later,26
pair,26
spirit,26
drive,26
visit,26
marri,26
pursu,26
close,26
appear,26
summer,26
without,25
toni,25
luke,25
superman,25
happen,25
result,25
agre,25
caught,25
beast,25
complet,25
suddenli,25
hide,25
stay,25
indian,25
london,25
road,25
women,25
disast,24
restor,24
invad,24
conflict,24
doctor,24
superhero,24
marin,24
curs,24
hidden,24
galaxi,24
five,24
strand,24
made,24
flee,24
wish,24
befriend,24
street,24
think,24
chines,24
vacat,24
stolen,24
england,24
pokmon,24
target,23
share,23
music,23
prepar,23
rise,23
mercenari,23
professor,23
entir,23
nuclear,23
enlist,23
fantast,23
recov,23
retriev,23
knight,23
west,23
mani,23
africa,23
fail,23
unexpect,22
abil,22
strength,22
reunit,22
confront,22
ring,22
uncl,22
feel,22
uncov,22
adopt,22
hold,22
late,22
risk,22
import,22
roman,22
rest,22
christma,22
natur,22
safe,22
fairi,22
manag,22
terror,22
green,22
alway,22
hell,22
ranger,22
survivor,22
anyth,22
problem,22
accid,22
actual,22
boss,22
privat,22
stone,21
talent,21
program,21
among,21
arthur,21
report,21
task,21
child,21
beyond,21
locat,21
eccentr,21
abandon,21
cours,21
gain,21
bomb,21
presid,21
modern,21
stumbl,21
walk,21
ocean,21
sequel,21
violent,21
snow,21
imagin,21
notori,21
supernatur,21
incred,21
station,21
freedom,21
expedit,21
catch,21
nick,20
abduct,20
extraordinari,20
terribl,20
empir,20
royal,20
memori,20
mankind,20
childhood,20
justic,20
sinist,20
blood,20
suffer,20
wrong,20
process,20
given,20
castl,20
bodi,20
fire,20
research,20
husband,20
promis,20
kong,20
china,20
belov,20
possess,20
japanes,20
board,20
bill,20
throne,19
dare,19
popular,19
compet,19
forev,19
organ,19
inventor,19
super,19
realli,19
idea,19
seem,19
romanc,19
slave,19
million,19
combat,19
henri,19
obsess,19
lone,19
golden,19
inhabit,19
fantasi,19
novel,19
owner,19
japan,19
corrupt,19
project,19
realiti,18
technolog,18
girlfriend,18
gone,18
balanc,18
amazon,18
other,18
claim,18
iron,18
cave,18
teen,18
accompani,18
imposs,18
tarzan,18
might,18
mind,18
moon,18
truth,18
pick,18
trio,18
sorcer,18
greatest,18
second,18
remot,18
step,18
richard,18
instead,18
born,18
pari,18
enough,18
deliv,18
major,18
havoc,18
holiday,18
billi,18
santa,18
flight,18
collect,17
solv,17
georg,17
intellig,17
safeti,17
director,17
agenc,17
ruin,17
video,17
student,17
quickli,17
corpor,17
thrill,17
invent,17
betray,17
launch,17
enter,17
execut,17
discoveri,17
buri,17
valley,17
situat,17
though,17
brave,17
monkey,17
allow,17
thiev,17
produc,17
ladi,17
alex,17
farm,17
nativ,17
busi,17
europ,17
separ,17
conan,17
mous,17
sell,17
yang,17
imprison,16
rogu,16
matter,16
catastroph,16
pull,16
charm,16
anyon,16
aliv,16
destini,16
greater,16
english,16
author,16
center,16
featur,16
full,16
mystic,16
receiv,16
expert,16
unleash,16
companion,16
sail,16
robin,16
hors,16
frank,16
legend,16
coupl,16
half,16
near,16
award,16
recent,16
hawk,16
josh,16
vale,16
twist,15
prime,15
wors,15
alter,15
engin,15
fearsom,15
resist,15
inspir,15
ordinari,15
bent,15
apart,15
capt,15
interest,15
chao,15
trail,15
pacif,15
edward,15
deal,15
clue,15
fighter,15
massiv,15
retir,15
fellow,15
twin,15
vike,15
ident,15
grant,15
comic,15
sheriff,15
count,15
ride,15
area,15
vengeanc,15
secretli,15
instal,15
amaz,15
seal,15
farmer,15
adult,15
camp,15
present,15
invit,15
guard,15
ensu,15
respons,15
mexico,15
bank,15
light,14
genet,14
despit,14
allianc,14
jane,14
younger,14
answer,14
fortun,14
held,14
captiv,14
reluctantli,14
seemingli,14
devic,14
societi,14
winter,14
wind,14
nemesi,14
dynasti,14
voyag,14
avoid,14
businessman,14
career,14
aboard,14
nazi,14
disney,14
figur,14
trust,14
fierc,14
terrifi,14
victori,14
geniu,14
accept,14
whale,14
employ,14
coloni,14
summon,14
readi,14
rich,14
expect,14
troop,14
robert,14
perfect,14
role,14
buddi,14
squad,14
food,14
extrem,14
parti,14
toward,14
michael,14
franc,14
caesar,14
crocodil,14
asterix,14
danni,14
mile,14
bounti,14
tokyo,14
serv,13
thor,13
question,13
system,13
unknown,13
batman,13
torn,13
courag,13
adapt,13
loss,13
messag,13
servic,13
territori,13
knowledg,13
thousand,13
await,13
nearli,13
lover,13
latest,13
ventur,13
profession,13
line,13
high-tech,13
sport,13
hostil,13
stand,13
whole,13
perform,13
california,13
lion,13
inform,13
wolv,13
intent,13
german,13
competit,13
mortal,13
arrest,13
mine,13
steel,13
egypt,13
unfortun,13
david,13
hotel,13
escort,13
version,13
scheme,13
someon,13
wreak,13
tini,13
bell,13
mari,13
raid,13
hong,13
grandfath,13
direct,13
hijack,13
beat,13
leagu,13
drake,13
boat,13
earn,13
goal,12
advanc,12
african,12
jump,12
uniqu,12
sacrific,12
mighti,12
immedi,12
faith,12
assembl,12
design,12
speci,12
period,12
contest,12
settl,12
spectacular,12
domin,12
femal,12
realm,12
polit,12
youth,12
explos,12
intrigu,12
india,12
level,12
soul,12
hercul,12
comput,12
legion,12
immort,12
dealer,12
holm,12
cold,12
comedi,12
mask,12
tail,12
replac,12
transfer,12
invas,12
contain,12
trick,12
martin,12
talk,12
match,12
underground,12
mythic,12
commun,12
element,12
bumbl,12
scienc,12
famou,12
haunt,12
wendi,12
excit,12
variou,12
innoc,12
kirk,12
descend,12
wood,12
australian,12
foreign,12
rebelli,12
hole,12
somehow,12
episod,12
suspici,12
possibl,12
fact,12
rock,12
obelix,12
babi,12
monk,12
footbal,12
flash,12
reviv,12
shadow,11
crack,11
globe,11
chain,11
veng,11
activ,11
ninja,11
turtl,11
heist,11
rider,11
inherit,11
all-new,11
commit,11
attract,11
landscap,11
conquer,11
dash,11
piec,11
cultur,11
exploit,11
infant,11
sens,11
artist,11
happi,11
clear,11
colleagu,11
came,11
resourc,11
mount,11
opposit,11
season,11
enterpris,11
feder,11
surround,11
choos,11
pursuit,11
thought,11
hard,11
submarin,11
sophi,11
spell,11
kevin,11
trial,11
vietnam,11
seven,11
renegad,11
room,11
luthor,11
western,11
histor,11
main,11
overcom,11
convict,11
passion,11
huge,11
william,11
gift,11
except,11
current,11
bandit,11
champion,11
paradis,11
spend,11
hour,11
valuabl,11
circl,11
prize,11
gadget,11
jason,11
mafia,11
sign,11
mischiev,11
difficult,11
estrang,11
pack,11
fiction,11
overthrow,11
musket,11
swordsman,11
cartel,11
naruto,11
godzilla,11
cindel,11
faction,10
awri,10
newli,10
brink,10
color,10
hang,10
skywalk,10
plung,10
front,10
scott,10
parker,10
governor,10
ghost,10
formid,10
brilliant,10
word,10
number,10
heir,10
brown,10
choic,10
strike,10
suspect,10
independ,10
superpow,10
marcu,10
hundr,10
trilog,10
contact,10
surfac,10
mark,10
grown,10
obtain,10
unchart,10
victim,10
seattl,10
gather,10
luci,10
studi,10
heroic,10
thwart,10
soviet,10
shrek,10
chosen,10
short,10
fulfil,10
crisi,10
flynn,10
reign,10
fugit,10
normal,10
brought,10
sacr,10
wave,10
crusad,10
poor,10
frame,10
drawn,10
shipwreck,10
third,10
chief,10
poison,10
plagu,10
revolutionari,10
cousin,10
paul,10
grand,10
yellow,10
outwit,10
trade,10
resort,10
tough,10
covert,10
guid,10
wander,10
undercov,10
plant,10
teach,10
sentenc,10
diamond,10
relationship,10
televis,10
pole,10
charl,10
tradit,10
product,10
circu,10
elit,10
better,10
sight,10
told,10
cruis,10
simon,10
sara,10
east,10
daniel,10
matt,10
saiyan,10
ranch,10
earli,10
jacki,10
marek,10
unabl,10
term,10
robber,10
eagl,10
worst,10
written,10
luka,10
artifact,9
birth,9
rage,9
span,9
stark,9
cast,9
wayn,9
polar,9
thoma,9
virtual,9
unravel,9
outcast,9
fearless,9
intend,9
galact,9
sure,9
destin,9
inner,9
fallen,9
navi,9
wonder,9
watch,9
hostag,9
quit,9
public,9
jone,9
conclus,9
vanish,9
push,9
charg,9
undertak,9
mastermind,9
almost,9
prehistor,9
diego,9
humor,9
object,9
expos,9
field,9
code,9
although,9
ensur,9
market,9
evolv,9
astronaut,9
draw,9
relentless,9
charli,9
unexpectedli,9
invis,9
approach,9
duti,9
certain,9
marriag,9
desir,9
australia,9
tyrant,9
clone,9
jedi,9
apprentic,9
crystal,9
awaken,9
stronger,9
clash,9
opportun,9
savag,9
contend,9
kind,9
shark,9
ambiti,9
texa,9
bigger,9
hilari,9
thug,9
cure,9
knew,9
strong,9
exot,9
frustrat,9
miami,9
narcot,9
laugh,9
refug,9
forbidden,9
tournament,9
reluct,9
pictur,9
francisco,9
demand,9
brutal,9
herd,9
purpos,9
alongsid,9
mayor,9
canadian,9
date,9
construct,9
connect,9
montana,9
reli,9
burn,9
southern,9
20th,9
popul,9
cargo,9
sean,9
bird,9
store,9
spaceship,9
littlefoot,9
cash,9
nice,9
evid,9
boyfriend,9
potion,9
mobster,9
support,9
ticket,9
respect,9
ying,9
shot,9
sidekick,9
gear,9
built,9
jess,9
shadi,9
price,9
aspir,9
dollar,9
herman,9
feet,9
injur,9
rivalri,9
refus,9
loui,9
magician,9
combin,9
crown,9
celebi,9
cruel,9
documentari,9
court,9
luffi,9
kenshin,9
repres,9
handl,8
intergalact,8
accus,8
size,8
tear,8
unlock,8
bilbo,8
creator,8
mutant,8
katniss,8
symbol,8
steve,8
roger,8
skull,8
solo,8
kamen,8
etern,8
thrust,8
regain,8
implant,8
tabl,8
broken,8
homeland,8
limit,8
menac,8
defens,8
trek,8
ethan,8
archaeologist,8
damag,8
aunt,8
understand,8
voldemort,8
lethal,8
surpris,8
doubl,8
score,8
theme,8
widow,8
conspiraci,8
financi,8
felix,8
amus,8
bloodi,8
presenc,8
paid,8
hiccup,8
favorit,8
wait,8
hogwart,8
enthusiast,8
dictat,8
neighbor,8
ravag,8
decis,8
potenti,8
sibl,8
wise,8
mowgli,8
outsid,8
shock,8
johnni,8
annual,8
holi,8
easi,8
stage,8
showdown,8
devast,8
britain,8
museum,8
ahead,8
seiz,8
movement,8
insist,8
silver,8
vision,8
flood,8
divorc,8
rick,8
wildest,8
reward,8
swallow,8
willi,8
aristocrat,8
bullet,8
veteran,8
fourth,8
nephew,8
marshal,8
host,8
tyrann,8
suppos,8
banish,8
12-year-old,8
tragic,8
enslav,8
loos,8
thrown,8
said,8
writer,8
nightmar,8
card,8
sole,8
river,8
becam,8
effect,8
ditch,8
aircraft,8
hear,8
record,8
liter,8
wildlif,8
less,8
blue,8
luck,8
honor,8
site,8
brain,8
class,8
walter,8
barbarian,8
sebastian,8
persuad,8
cole,8
coast,8
properti,8
stray,8
shoot,8
pete,8
bargain,8
goku,8
adam,8
assault,8
region,8
civilian,8
travi,8
fend,8
contract,8
stake,8
older,8
d'artagnan,8
scene,8
jimmi,8
drama,8
notic,8
fish,8
took,8
apach,8
scroll,8
climb,8
harvey,8
influenc,8
singer,8
ahab,8
oliv,8
medic,8
towani,8
mace,8
ewok,8
dialga,8
goon,8
jeon,8
eindoak,8
victini,8
angu,8
larg,7
fought,7
reclus,7
assum,7
mutat,7
enorm,7
alpha,7
accomplish,7
musician,7
stun,7
hector,7
uneasi,7
arrog,7
punish,7
darkest,7
grip,7
dwarv,7
march,7
guardian,7
armor,7
shredder,7
mentor,7
somewher,7
modern-day,7
sort,7
doom,7
imperi,7
closer,7
pressur,7
unwil,7
tiger,7
highli,7
regim,7
romant,7
belong,7
collis,7
vanquish,7
bella,7
fatal,7
treacher,7
longer,7
embroil,7
establish,7
particip,7
palac,7
clock,7
twelv,7
bunch,7
began,7
divid,7
barney,7
decad,7
lightn,7
rout,7
spring,7
championship,7
central,7
graduat,7
susan,7
sadist,7
costum,7
ralph,7
physic,7
asid,7
gambler,7
tour,7
erupt,7
roam,7
moral,7
especi,7
nobl,7
anakin,7
larri,7
elus,7
smith,7
stranger,7
scottish,7
defi,7
patrol,7
enforc,7
hill,7
intrepid,7
volunt,7
ivan,7
unusu,7
oppress,7
hord,7
declar,7
outlaw,7
measur,7
border,7
gate,7
chest,7
action-pack,7
disguis,7
employe,7
admir,7
vega,7
data,7
collaps,7
resembl,7
dougla,7
quaid,7
dorothi,7
wick,7
climber,7
murtaugh,7
time-travel,7
bulli,7
straight,7
athlet,7
folklor,7
jake,7
enchant,7
peasant,7
titl,7
watson,7
neverland,7
biggest,7
sand,7
flower,7
bitter,7
thrill-seek,7
reason,7
lantern,7
wear,7
fast,7
aladdin,7
jail,7
fleet,7
harbor,7
citizen,7
horror,7
spot,7
horrif,7
conduct,7
missil,7
warlord,7
sorceress,7
puppi,7
jackson,7
month,7
news,7
sourc,7
ransom,7
altern,7
colleg,7
samurai,7
wake,7
oscar,7
itali,7
lesson,7
often,7
taylor,7
milo,7
pain,7
misfit,7
chri,7
unwittingli,7
anderson,7
attent,7
european,7
sarah,7
bodyguard,7
ador,7
flame,7
robinson,7
blind,7
shuttl,7
small-town,7
ragtag,7
dust,7
loyalti,7
hood,7
nest,7
outback,7
hale,7
rampag,7
massacr,7
miyagi,7
hungri,7
initi,7
winner,7
robberi,7
vessel,7
pikachu,7
lake,7
helicopt,7
song,7
chan,7
simpl,7
goblin,7
kidnapp,7
codi,7
rough,7
hospit,7
manipul,7
clau,7
impress,7
superstar,7
academi,7
chicago,7
ursula,7
wolf,7
player,7
cruso,7
filmmak,7
frieza,7
fund,7
entei,7
club,7
julia,7
check,7
forrest,7
unimagin,6
moment,6
t'challa,6
panther,6
drag,6
asgard,6
propheci,6
miguel,6
cosmo,6
foster,6
victor,6
deadliest,6
warfar,6
diabol,6
scale,6
increas,6
tower,6
spider-man,6
port,6
scientif,6
enigmat,6
wrestl,6
odyssey,6
deliveri,6
reindeer,6
sailor,6
espionag,6
funni,6
italian,6
dispatch,6
preciou,6
vast,6
relat,6
throughout,6
metropoli,6
manni,6
wing,6
affect,6
celebr,6
marti,6
inadvert,6
malefic,6
idyl,6
newborn,6
cullen,6
reloc,6
mole,6
driver,6
washington,6
schedul,6
cult,6
provid,6
spent,6
neither,6
russel,6
suppli,6
signal,6
type,6
birthday,6
kindli,6
blame,6
heavi,6
scout,6
coup,6
clutch,6
succeed,6
heat,6
insur,6
rush,6
khan,6
extinct,6
district,6
devot,6
fiona,6
footstep,6
trainer,6
comfort,6
cost,6
arctic,6
remark,6
motion,6
quiet,6
greed,6
dramat,6
whereabout,6
lifetim,6
fill,6
speak,6
thriller,6
highland,6
colonel,6
rambo,6
fame,6
unstopp,6
factori,6
everywher,6
bloodthirsti,6
environ,6
fortress,6
sworn,6
egyptian,6
drop,6
rumor,6
wound,6
anubi,6
handsom,6
extraterrestri,6
truli,6
engag,6
cover,6
motorcycl,6
wang,6
teacher,6
predict,6
unfold,6
mike,6
post-apocalypt,6
highest,6
rigg,6
homicid,6
prostitut,6
dave,6
stanley,6
physician,6
bore,6
sherlock,6
arab,6
hook,6
redempt,6
hatch,6
dump,6
revers,6
1930,6
wall,6
hollow,6
worri,6
cynic,6
exil,6
point,6
alic,6
wast,6
snake,6
mathayu,6
complic,6
style,6
pawn,6
matrix,6
stronghold,6
hollywood,6
chuck,6
kelli,6
distress,6
rank,6
violenc,6
fort,6
elimin,6
porn,6
knock,6
cinema,6
russia,6
leon,6
viru,6
rape,6
grandmoth,6
cyborg,6
picard,6
lili,6
industri,6
voic,6
juliu,6
druid,6
franchis,6
sing,6
shelter,6
underwat,6
squadron,6
slowli,6
matur,6
terrain,6
packag,6
promot,6
dodg,6
jonathan,6
recreat,6
dawn,6
wwii,6
formula,6
switch,6
dusti,6
gunfight,6
passeng,6
eleph,6
jacqu,6
jean,6
mutini,6
greedi,6
pokemon,6
campaign,6
negoti,6
addit,6
depth,6
usual,6
belief,6
disastr,6
went,6
delight,6
social,6
tobi,6
captor,6
missionari,6
honour,6
tommi,6
total,6
remov,6
moscow,6
airplan,6
martian,6
2013,6
confus,6
mail,6
suicun,6
ball,6
kermit,6
crook,6
serial,6
poacher,6
injuri,6
shaggi,6
germani,6
overprotect,6
lewi,6
halloweentown,6
warlock,6
mistak,6
infect,6
ghul,6
solbi,6
fascin,6
festiv,6
basebal,6
shaman,6
revolut,6
latim,6
darbi,6
nicola,6
megan,6
ming,6
chick,6
bizarro,6
rudolph,6
zoro,6
laura,6
woodi,6
gunn,6
clow,6
cosmic,5
inflict,5
wakanda,5
reserv,5
all-pow,5
judi,5
bunni,5
manhunt,5
gorilla,5
predat,5
battlefield,5
peacekeep,5
guidanc,5
bruce,5
diana,5
barri,5
superhuman,5
newfound,5
billionair,5
suit,5
mass,5
shrink,5
obstacl,5
sparrow,5
bound,5
gotham,5
fellowship,5
anna,5
elsa,5
devil,5
infiltr,5
consid,5
seen,5
sweet,5
puzzl,5
marvel,5
deceit,5
rhode,5
decepticon,5
hulk,5
mammoth,5
syndic,5
door,5
hermion,5
gareth,5
lara,5
maiden,5
attend,5
alreadi,5
annihil,5
corner,5
throw,5
capabl,5
deviou,5
gladiat,5
warm,5
similar,5
toothless,5
breach,5
monstrou,5
bridg,5
verg,5
ross,5
edmund,5
narnia,5
cage,5
attitud,5
reed,5
union,5
hunger,5
glori,5
donkey,5
dedic,5
kung,5
resid,5
ground,5
enjoy,5
swept,5
reclaim,5
closest,5
arena,5
heiress,5
gorgeou,5
sci-fi,5
constantli,5
spacecraft,5
custom,5
badger,5
insan,5
korean,5
energi,5
perseu,5
amelia,5
lincoln,5
gradual,5
smuggler,5
domest,5
jewel,5
expend,5
kuzco,5
squir,5
pact,5
ambush,5
stallion,5
wage,5
collid,5
mose,5
pharaoh,5
rare,5
abus,5
phil,5
countrysid,5
benjamin,5
intercept,5
elliott,5
radio,5
hawaii,5
fianc,5
duke,5
crash-land,5
henchman,5
carter,5
worker,5
sound,5
horribl,5
chill,5
occur,5
alexand,5
trusti,5
summit,5
balthazar,5
reliv,5
puss,5
boot,5
tall,5
mason,5
account,5
mayan,5
pretend,5
tire,5
spanish,5
foil,5
14-year-old,5
drink,5
steven,5
minion,5
eager,5
dagger,5
thailand,5
rumour,5
solitari,5
iraq,5
mere,5
long-lost,5
page,5
merchant,5
emot,5
begun,5
gwen,5
pixi,5
focu,5
policeman,5
saga,5
despair,5
austin,5
dastardli,5
whether,5
juli,5
orbit,5
bare,5
exchang,5
immens,5
16-year-old,5
strive,5
titan,5
troll,5
sorceri,5
depict,5
blossom,5
tinker,5
archenemi,5
blofeld,5
conneri,5
drunken,5
week,5
remak,5
moos,5
lush,5
vice,5
shut,5
nearbi,5
depart,5
lucki,5
inc.,5
mice,5
jealou,5
organis,5
vendetta,5
riddl,5
arch,5
rubi,5
suspicion,5
distant,5
unawar,5
gaul,5
gangster,5
asian,5
counterfeit,5
settler,5
focus,5
ryan,5
courier,5
adversari,5
regular,5
hate,5
spark,5
done,5
array,5
cheng,5
grace,5
geni,5
rag-tag,5
rejoin,5
clumsi,5
harvest,5
jeopardi,5
simpli,5
affair,5
sergeant,5
compel,5
canyon,5
dive,5
dolphin,5
hawkin,5
routin,5
alan,5
bizarr,5
wheel,5
mate,5
empress,5
infam,5
cutter,5
damon,5
lifestyl,5
dislik,5
maggi,5
multipl,5
circa,5
navig,5
dant,5
fake,5
dick,5
boog,5
norman,5
vehicl,5
sink,5
babysit,5
tame,5
cattl,5
shop,5
homeless,5
crazi,5
cross-countri,5
19th,5
link,5
portray,5
slaughter,5
rancher,5
file,5
weak,5
illeg,5
chon,5
strong-wil,5
luca,5
cell,5
clean,5
truck,5
inspector,5
rocket,5
elabor,5
rachel,5
onlin,5
tourist,5
traffick,5
templar,5
household,5
minut,5
kurt,5
seriou,5
cool,5
railroad,5
outpost,5
singl,5
wealth,5
shepard,5
safari,5
hover,5
sammi,5
quirki,5
bomber,5
medicin,5
tuesday,5
tina,5
kingpin,5
lulu,5
allegedli,5
oppon,5
turbul,5
eastern,5
advertis,5
sleep,5
critic,5
bottl,5
daisi,5
tunnel,5
allan,5
miner,5
21st,5
request,5
jessica,5
amazonian,5
laboratori,5
forget,5
scenario,5
patriot,5
darkspor,5
urchin,5
wield,5
upsid,5
marcel,5
diseas,5
footag,5
appar,5
maraud,5
korea,5
craig,5
lassi,5
giratina,5
sakura,5
perrin,5
priest,5
wakandan,4
ragnarok,4
quill,4
davi,4
okoy,4
gentl,4
discredit,4
antidot,4
furi,4
trickster,4
dormant,4
ultron,4
enact,4
odin,4
desol,4
smaug,4
erebor,4
sauron,4
consist,4
curri,4
glader,4
maze,4
connor,4
grim,4
rebellion,4
hank,4
weaponri,4
untold,4
optimist,4
curios,4
aris,4
blow,4
poseidon,4
forg,4
male,4
counterpart,4
endless,4
aftermath,4
achiev,4
interstellar,4
briefcas,4
autobot,4
boundari,4
minist,4
impend,4
wade,4
subject,4
surgeon,4
rabbit,4
feud,4
height,4
indiana,4
disrupt,4
successor,4
swan,4
northwest,4
endang,4
posit,4
motiv,4
access,4
fulli,4
cataclysm,4
silenc,4
top-secret,4
ambassador,4
oppos,4
absolut,4
invinc,4
brock,4
trader,4
renam,4
audienc,4
adrift,4
torment,4
jaeger,4
kaiju,4
beneath,4
consum,4
devis,4
lock,4
specialist,4
melt,4
warn,4
mcqueen,4
driven,4
detour,4
sleepi,4
radiat,4
commando,4
mouth,4
werewolf,4
casino,4
blackmail,4
fals,4
magnific,4
fifth,4
ignor,4
exactli,4
dire,4
free-spirit,4
equal,4
grimm,4
underworld,4
warship,4
feroci,4
volcan,4
clair,4
furiou,4
thirteen,4
gale,4
increasingli,4
spain,4
lego,4
republ,4
crumbl,4
grasp,4
mrida,4
hall,4
hound,4
screen,4
pose,4
procedur,4
solar,4
hade,4
hapless,4
termin,4
cobra,4
leadership,4
orangutan,4
grizzl,4
partnership,4
facil,4
nurs,4
deton,4
o'connel,4
frontier,4
scorpion,4
resurrect,4
offici,4
suburban,4
glass,4
beam,4
craft,4
naval,4
gonzo,4
rocki,4
evad,4
inexplic,4
rediscov,4
tomb,4
relic,4
welcom,4
metal,4
explod,4
sexi,4
common,4
philipp,4
persian,4
clara,4
tangl,4
lurk,4
tintin,4
loyal,4
sunken,4
blockbust,4
thank,4
averag,4
prone,4
perci,4
smart,4
kitti,4
deputi,4
samuel,4
gave,4
hitchhik,4
slaveri,4
jesu,4
lawrenc,4
catapult,4
lawyer,4
racer,4
technician,4
canin,4
beach,4
tropic,4
bull,4
deterior,4
ancestor,4
hugo,4
maintain,4
embitt,4
spock,4
slay,4
corp,4
nobleman,4
istanbul,4
sometim,4
stoner,4
wisdom,4
sneak,4
lamp,4
propel,4
compound,4
greec,4
prophet,4
humankind,4
viciou,4
custodi,4
cohort,4
honey,4
skipper,4
rico,4
real-lif,4
lovabl,4
supervillain,4
clark,4
unpreced,4
parallel,4
spiritu,4
revel,4
demigod,4
aaron,4
unless,4
subsequ,4
fashion,4
core,4
proper,4
zion,4
speed,4
triniti,4
anymor,4
media,4
incid,4
unforgiv,4
entrepreneur,4
spin,4
entertain,4
intimid,4
shepherd,4
insect,4
largo,4
atom,4
small-tim,4
benevol,4
respond,4
thrive,4
retreat,4
gabriel,4
julian,4
valu,4
actor,4
mexican,4
observ,4
succe,4
elliot,4
alley,4
diplomat,4
cooper,4
smuggl,4
promin,4
redeem,4
chamber,4
brew,4
block,4
larger,4
smurf,4
tumbl,4
orphanag,4
getafix,4
high-societi,4
hi-tech,4
chip,4
planetari,4
silent,4
inject,4
endor,4
carmen,4
juni,4
cortez,4
prequel,4
explain,4
dimwit,4
henchmen,4
detroit,4
nowher,4
13-year-old,4
kitai,4
howard,4
arnold,4
consider,4
fred,4
guest,4
sabotag,4
saddl,4
atlant,4
2003,4
sandi,4
squirrel,4
murphi,4
ritual,4
somewhat,4
slow,4
traffic,4
arrang,4
deeper,4
loot,4
cook,4
niec,4
portland,4
propos,4
stalk,4
estat,4
irish,4
millionair,4
lesli,4
starship,4
hair,4
war-torn,4
serious,4
view,4
terri,4
glow,4
lust,4
brook,4
prosper,4
shrewd,4
whilst,4
caribbean,4
high-spirit,4
upcom,4
billion,4
rather,4
tragedi,4
largest,4
melvil,4
hibern,4
resolv,4
'the,4
resign,4
congo,4
berserk,4
senior,4
disturb,4
airport,4
practic,4
profit,4
caravan,4
mistaken,4
ashor,4
ruler,4
frog,4
cruelti,4
zone,4
teela,4
scotland,4
heritag,4
bishop,4
finn,4
bedroom,4
nerv,4
timeless,4
dunde,4
burden,4
turf,4
arabian,4
nesib,4
emir,4
bless,4
ninth,4
maid,4
marian,4
karat,4
method,4
evict,4
concern,4
christian,4
goofi,4
princip,4
albert,4
discharg,4
religi,4
swordplay,4
swashbuckl,4
1999,4
phantom,4
strip,4
sinbad,4
babe,4
tank,4
spare,4
dynam,4
charlott,4
wive,4
novelist,4
solomon,4
joan,4
mickey,4
sg-1,4
supposedli,4
zombi,4
strict,4
elric,4
vegeta,4
repress,4
baron,4
drew,4
creation,4
outfit,4
afterlif,4
babylon,4
nomad,4
reckless,4
stealth,4
zatichi,4
heaven,4
masterpiec,4
straw,4
scooby-doo,4
daphn,4
yuki,4
unforgett,4
cloth,4
brand,4
topo,4
coma,4
stephen,4
budderbal,4
sheep,4
fantma,4
darkseid,4
alphons,4
bold,4
wreck,4
floor,4
surf,4
simpson,4
ecosystem,4
kaoru,4
nine,4
bubbl,4
jill,4
amnesia,4
griffith,4
shion,4
financ,4
cardin,4
richelieu,4
norway,4
loop,4
molli,4
forward,4
frighten,4
bone,4
scoobi,4
damm,4
cheech,4
letter,4
harsh,4
v-cinema,4
quigley,4
kirik,4
uzumaki,4
1860,4
ruka,4
quixot,4
bardock,4
yugi,4
pleasur,4
earl,4
scholar,4
shazam,4
sensat,4
shinichi,4
andersen,4
spoil,4
rapunzel,4
holt,4
shaymin,4
zero,4
roland,4
kinetech,4
yann,4
railway,4
angliqu,4
jeoffray,4
balam,4
jami,4
tang,4
taskmast,4
dodger,4
fagin,4
hexx,4
ancestr,4
philadelphia,4
gaspard,4
pearl,4
zoroark,4
zorua,4
raikou,4
dedham,4
crime-solv,4
inde,4
o'gil,4
harm,4
medallion,4
salling,4
ruslan,4
niehu,4
icemen,4
guild,4
harleen,4
rajveer,4
mayhem,4
cilan,4
elsewher,4
weaker,4
abel,4
milit,4
cant,4
rene,4
kokon,4
eric,4
depend,4
kendig,4
roadsid,4
gunboat,4
hann,4
bombardi,4
cmdr,4
saucer,4
zatoichi,4
marlon,4
fever,4
sentai,4
dekarang,4
shurik,4
hemingway,4
seunghe,4
iolau,4
ayla,4
homosexu,4
timm,4
sudanes,4
fanfan,4
rainsford,4
zaroff,4
erni,4
tyra,4
flicka,4
viewer,4
noblewoman,4
colorado,4
annoy,4
stallon,4
kitchen,4
brotherhood,4
amuro,4
ryann,4
despot,3
uncertain,3
reignit,3
fuel,3
middle-earth,3
allen,3
x-men,3
ensembl,3
labyrinth,3
offens,3
foot,3
sewer,3
lang,3
embrac,3
hitler,3
17th-centuri,3
ex-aid,3
jade,3
unearth,3
vigilant,3
frodo,3
beatric,3
prior,3
kristoff,3
olaf,3
triangl,3
astronom,3
1990,3
genr,3
languag,3
varieti,3
apocalypt,3
pandora,3
materi,3
maneuv,3
chronicl,3
culmin,3
cinemat,3
headquart,3
leia,3
1926,3
gandalf,3
spectr,3
elizabeth,3
awar,3
pott,3
debt,3
ingeni,3
sloth,3
merri,3
nefari,3
deadpool,3
heal,3
erad,3
fabl,3
blackbeard,3
repair,3
rekindl,3
1985,3
icon,3
harmoni,3
today,3
directli,3
shape,3
classmat,3
mallori,3
hendrick,3
croft,3
jurass,3
quietli,3
d.c.,3
adjust,3
otherworldli,3
monitor,3
chiffr,3
poker,3
vesper,3
toughest,3
avert,3
expertis,3
maximu,3
fourteen,3
solac,3
reput,3
ingenu,3
diverg,3
potter,3
headmast,3
church,3
engulf,3
freez,3
huntsman,3
hotshot,3
finish,3
dutch,3
down,3
moodi,3
midst,3
jacob,3
complex,3
wardrob,3
climact,3
owen,3
parr,3
suburbia,3
xander,3
junki,3
self,3
lack,3
teleport,3
upset,3
chewbacca,3
tribut,3
panem,3
tension,3
brodi,3
lazi,3
slacker,3
centuries-old,3
pyramid,3
pregnant,3
council,3
mistakenli,3
wisecrack,3
unveil,3
seduc,3
darth,3
vader,3
decim,3
offspr,3
mettl,3
coerc,3
peru,3
tech-savvi,3
grid,3
shield,3
rememb,3
daley,3
stir,3
exhibit,3
tablet,3
vital,3
unruli,3
ill-fat,3
relief,3
surli,3
pevensi,3
dwarf,3
braveri,3
trojan,3
helen,3
beret,3
tactic,3
undergo,3
satellit,3
breath,3
institut,3
earhart,3
maker,3
senat,3
padm,3
happili,3
linda,3
troup,3
hopper,3
self-cent,3
pacha,3
round,3
lancelot,3
smitten,3
frozen,3
hutt,3
nasa,3
renown,3
otherwis,3
weekend,3
touch,3
bestow,3
embed,3
suicid,3
bearer,3
introduc,3
circumst,3
lieuten,3
sixth,3
convert,3
legal,3
bing,3
blade,3
dracula,3
brash,3
nottingham,3
marion,3
worship,3
moonlight,3
antiqu,3
octob,3
1957,3
amid,3
schoolteach,3
misti,3
lupin,3
everest,3
lifelong,3
lapd,3
distraught,3
snowi,3
priceless,3
thompson,3
wacki,3
malfunct,3
1986,3
myth,3
chemic,3
gen.,3
wipe,3
christoph,3
alaska,3
harrow,3
rice,3
instantli,3
collector,3
requir,3
genuin,3
revolt,3
flamboy,3
drift,3
scrat,3
acorn,3
spill,3
twenti,3
alejandro,3
chaney,3
workahol,3
stuart,3
fabul,3
outbreak,3
garbag,3
col.,3
ferdinand,3
prefer,3
tree,3
versu,3
fastest,3
leaf,3
portal,3
homer,3
automaton,3
reject,3
fieri,3
instinct,3
calm,3
avatar,3
forgotten,3
harold,3
kumar,3
hamburg,3
jersey,3
rumpelstiltskin,3
jasmin,3
jafar,3
advis,3
earthl,3
cocki,3
miller,3
tibet,3
friendli,3
tribal,3
liquid,3
covet,3
jamaica,3
obliter,3
issu,3
betroth,3
garden,3
surreal,3
deploy,3
remaind,3
mild-mann,3
daili,3
lane,3
sought,3
startl,3
exact,3
theater,3
paddington,3
100th,3
anger,3
stonebank,3
elud,3
oasi,3
unstabl,3
bolt,3
penni,3
wash,3
ordeal,3
seventh,3
clari,3
swarm,3
fleec,3
benson,3
disillus,3
mogul,3
tornado,3
seasid,3
candid,3
maltazard,3
warhead,3
whisk,3
spartacu,3
sold,3
folk,3
clerk,3
equip,3
rambuncti,3
primit,3
mountaintop,3
traci,3
ulyss,3
spoken,3
groceri,3
tycoon,3
best-sel,3
tast,3
progress,3
backdrop,3
awesom,3
cassi,3
sullivan,3
wili,3
guilti,3
premier,3
spread,3
18th,3
kaulder,3
valiant,3
yearn,3
scandal,3
flat,3
paper,3
appl,3
stuck,3
assail,3
mainland,3
afghanistan,3
fantasia,3
pride,3
kiara,3
express,3
jude,3
jordan,3
cleopatra,3
architect,3
orlean,3
madcap,3
spike,3
sunk,3
conceal,3
boomer,3
coastal,3
rainforest,3
clyde,3
a.d.,3
nigel,3
freak,3
beard,3
broke,3
templ,3
eight,3
merci,3
probe,3
biker,3
lycan,3
feisti,3
extend,3
horn,3
internet,3
dobb,3
prospector,3
prospect,3
rayn,3
half-human,3
detail,3
write,3
shakespear,3
meteor,3
outer,3
robocop,3
hopelessli,3
morgan,3
virgil,3
14th,3
suprem,3
victorian,3
walker,3
isol,3
utah,3
swat,3
payn,3
elev,3
speck,3
fantasy-adventur,3
fledgl,3
deed,3
upriv,3
afflict,3
benefactor,3
quinn,3
tahiti,3
awkward,3
newcom,3
outrun,3
elixir,3
charismat,3
barren,3
examin,3
envelop,3
timid,3
photo,3
blart,3
trooper,3
mall,3
himalaya,3
cane,3
prototyp,3
juggl,3
deakin,3
deliber,3
blond,3
jule,3
xife,3
broadway,3
pooch,3
cougar,3
majest,3
victoria,3
copper,3
theodor,3
logan,3
consequ,3
brief,3
scamp,3
instant,3
dungeon,3
midwif,3
entrust,3
alik,3
pace,3
runaway,3
nobodi,3
dock,3
miser,3
mobi,3
unthink,3
grizzli,3
mule,3
besid,3
neil,3
insight,3
theyr,3
krypton,3
awak,3
brad,3
previous,3
trucker,3
fiance,3
beck,3
disciplin,3
harder,3
orca,3
goddess,3
fievel,3
migrat,3
1980,3
rath,3
saloon,3
gigant,3
olymp,3
alain,3
beaumont,3
recount,3
good-natur,3
carlo,3
comet,3
drago,3
counti,3
garrett,3
archaeolog,3
atmospher,3
melissa,3
sweep,3
neighborhood,3
elder,3
phone,3
talisman,3
hometown,3
arami,3
atho,3
portho,3
pupil,3
opera,3
gunsling,3
outskirt,3
patient,3
geoff,3
ricki,3
ernest,3
plenti,3
iraqi,3
gallon,3
chloe,3
gulf,3
electr,3
annabel,3
attach,3
yakuza,3
mrs.,3
ember,3
option,3
cyru,3
barn,3
elvi,3
convent,3
witwicki,3
stitch,3
saleeh,3
auda,3
guarante,3
re-engag,3
curiou,3
fun-fil,3
cliff,3
blaster,3
pois,3
ella,3
storybook,3
tide,3
1000,3
anni,3
rescuer,3
embarrass,3
prank,3
mansion,3
1969,3
liber,3
loser,3
highway,3
drifter,3
sled,3
pleas,3
rosco,3
avail,3
deepli,3
note,3
typic,3
armstrong,3
shaw,3
bink,3
photograph,3
pigeon,3
cheat,3
beij,3
morphin,3
argument,3
t-rex,3
jerri,3
brood,3
gene,3
shun,3
vortex,3
would-b,3
administr,3
humili,3
pant,3
constabl,3
appoint,3
daredevil,3
auto,3
harrison,3
archeologist,3
stargat,3
luxuri,3
swindl,3
scroog,3
hike,3
bligh,3
ronal,3
muppet,3
lunat,3
prey,3
shipment,3
disappoint,3
allur,3
skydiv,3
snipe,3
appalachian,3
sahara,3
mental,3
luckili,3
hazel,3
martial-art,3
aquarium,3
angri,3
mediev,3
suspens,3
angelina,3
industrialist,3
jack-jack,3
ownership,3
item,3
irrit,3
judg,3
2009,3
taiwan,3
cleo,3
bail,3
volcano,3
pakistan,3
amadeo,3
masseur,3
humbl,3
ginzo,3
raucou,3
gambl,3
shaft,3
confid,3
gordon,3
commission,3
charger,3
shiki,3
upheav,3
nami,3
scare,3
wheelchair,3
unhappi,3
patema,3
regiment,3
awoken,3
2008,3
brainiac,3
android,3
proud,3
b-dawg,3
buddha,3
mudbud,3
hair-rais,3
ball-play,3
cinderella,3
berk,3
cloud,3
lagaan,3
champan,3
rain,3
retali,3
radic,3
mummi,3
goos,3
burmes,3
whaler,3
bride,3
brazil,3
predica,3
suppress,3
detach,3
sake,3
granddaught,3
1943,3
morn,3
pipe,3
joker,3
meiji,3
shishio,3
divis,3
philo,3
attain,3
tokugawa,3
shogun,3
aborigin,3
overjoy,3
wrote,3
oldest,3
middle-school,3
state-of-the-art,3
sacrif,3
duel,3
tribesman,3
narrat,3
bastian,3
raft,3
canal,3
alleyway,3
capit,3
croc,3
unnam,3
suzuki,3
mariah,3
coltan,3
psychic,3
neighbour,3
kalabar,3
17th,3
grandpa,3
techniqu,3
liam,3
ishmael,3
hobo,3
2048,3
condit,3
gunman,3
unlucki,3
frantic,3
shanghai,3
tongan,3
southwestern,3
casper,3
kindr,3
homework,3
seagal,3
bayi,3
exit,3
dino,3
assort,3
pagnol,3
memoir,3
taiga,3
lovelica,3
kuroto,3
split,3
loch,3
ness,3
restaur,3
marston,3
youngster,3
role-play,3
bigfoot,3
foundl,3
virgin,3
sixteen,3
electron,3
damian,3
recollect,3
purchas,3
conjur,3
eighth,3
wagon,3
re-establish,3
overdos,3
salvag,3
archeolog,3
chile,3
gamer,3
thunderbird,3
conspir,3
melvin,3
sour,3
brian,3
durant,3
render,3
danc,3
treatment,3
kakashi,3
genm,3
lazer,3
kull,3
toppl,3
immers,3
grew,3
updat,3
wolverin,3
naughti,3
naiv,3
natsu,3
realis,3
crossov,3
friday,3
whatev,3
stow,3
sydney,3
deport,3
whirl,3
provoc,3
lawmen,3
twain,3
unorthodox,3
wright,3
jacquou,3
bibi,3
minbari,3
shatterhand,3
peyrac,3
coolest,3
alcohol,3
wong,3
leung,3
hedgehog,3
connecticut,3
colt,3
espaniola,3
cute,3
tulip,3
marg,3
buck,3
thano,2
infami,2
infin,2
mantel,2
nakia,2
queen-moth,2
princess-kid,2
dora,2
milaj,2
'special,2
homeworld,2
asgardian,2
hela,2
hopp,2
zootopia,2
scam-artist,2
ronan,2
primatologist,2
unshak,2
extraordinarili,2
silverback,2
similarli,2
ever-chang,2
halt,2
s.h.i.e.l.d.,2
baffl,2
generations-old,2
idol,2
ernesto,2
cruz,2
jumpstart,2
mightiest,2
pave,2
unsettl,2
malekith,2
withstand,2
recklessli,2
laketown,2
mirkwood,2
azog,2
defil,2
fuell,2
selfless,2
metahuman,2
steppenwolf,2
parademon,2
regul,2
opinion,2
amongst,2
selv,2
wckd-control,2
parentag,2
wise-crack,2
cameraman,2
vern,2
everdeen,2
capitol,2
astonish,2
ant-man,2
brooklyn,2
adolf,2
quarrel,2
bright,2
god-lik,2
rever,2
savior,2
hobbit,2
baggin,2
snowman,2
strongli,2
headstrong,2
subconsci,2
rosa,2
chemistri,2
sparkl,2
slightli,2
suck,2
furthest,2
necess,2
strateg,2
r2-d2,2
c-3po,2
newt,2
strain,2
aragorn,2
mordor,2
cryptic,2
press,2
pepper,2
valerian,2
laurelin,2
identifi,2
safeguard,2
scour,2
woolli,2
saber-tooth,2
wilson,2
leas,2
fountain,2
coven,2
eighti,2
mcfli,2
1955,2
fiercest,2
protector,2
aurora,2
curt,2
lizard,2
hopeless,2
caution,2
grave,2
chairman,2
committe,2
ferret,2
isla,2
nublar,2
envis,2
taxi,2
scope,2
falcon,2
high-stak,2
leiter,2
statement,2
crop,2
eddi,2
advisor,2
ascend,2
contin,2
world-weari,2
experienc,2
persist,2
chapter,2
astrid,2
chart,2
unmap,2
restless,2
watney,2
presum,2
meager,2
simultan,2
washed-up,2
untest,2
traine,2
apocalyps,2
11th,2
witchcraft,2
sniper,2
commiss,2
prompt,2
rooki,2
piston,2
airmen,2
guerilla,2
occasion,2
string,2
malici,2
ignit,2
renesme,2
volturi,2
glacial,2
arcad,2
titular,2
candi,2
bagheera,2
baloo,2
intellectu,2
advantag,2
upend,2
daunt,2
super-strong,2
fragil,2
napoleon,2
copilot,2
peeta,2
quell,2
weigh,2
grail,2
schneider,2
viper,2
bliss,2
childbirth,2
all-out,2
grey,2
luther,2
albeit,2
smelli,2
fire-breath,2
separatist,2
sith,2
obi-wan,2
kenobi,2
yoda,2
haddock,2
irina,2
indi,2
self-indulg,2
crood,2
outlook,2
dori,2
nemo,2
marlin,2
watchman,2
trigger,2
archer,2
turmoil,2
stripe,2
mist,2
bronz,2
sparta,2
menelau,2
troy,2
agamemnon,2
greek,2
harass,2
surfer,2
johnson,2
unholi,2
smithsonian,2
chocol,2
presidenti,2
naboo,2
hatchl,2
janeiro,2
zebra,2
behalf,2
bustl,2
paycheck,2
townspeopl,2
amiti,2
pure,2
limb,2
camelot,2
silli,2
tech,2
hellboy,2
encamp,2
utopian,2
1933,2
butch,2
tonto,2
unscrupul,2
strategi,2
cavern,2
jabba,2
asteroid,2
truman,2
defiant,2
rams,2
monument,2
dockwork,2
ex-wif,2
pegasu,2
stash,2
franklin,2
post,2
sioux,2
evelyn,2
bracelet,2
imhotep,2
valentina,2
marseil,2
peski,2
eustac,2
scrubb,2
paint,2
1820,2
hugh,2
maul,2
profoundli,2
shane,2
raoul,2
suitcas,2
alarm,2
rate,2
ashitaka,2
boar,2
mater,2
nightstalk,2
abigail,2
hannib,2
mikey,2
attic,2
one-ey,2
barsoom,2
chancellor,2
cohaagen,2
blur,2
nine-year-old,2
prejudic,2
capsul,2
rodent,2
triumph,2
playboy,2
spectacl,2
spur,2
tannen,2
swamp,2
document,2
awe-inspir,2
breathtak,2
unnecessari,2
legionnair,2
undead,2
cantanker,2
unicorn,2
2015,2
last-ditch,2
manhattan,2
arch-nemesi,2
sidelin,2
optimu,2
bloom,2
appetit,2
intric,2
urgent,2
patrick,2
hummel,2
slain,2
servicemen,2
1992,2
christ,2
jumper,2
zealot,2
townsfolk,2
motley,2
peculiar,2
ottoman,2
psycholog,2
laughter,2
zorro,2
matti,2
grit,2
cogburn,2
augment,2
granni,2
porter,2
super-villain,2
hudson,2
murdock,2
demolish,2
ford,2
edit,2
smell,2
mellow,2
colon,2
riley,2
stack,2
booth,2
lawman,2
goddaught,2
beowulf,2
grendel,2
impetu,2
crossroad,2
snatch,2
tatiana,2
roommat,2
dupe,2
gray,2
evacu,2
unbeliev,2
norwegian,2
cabin,2
madison,2
wachati,2
welfar,2
futurist,2
float,2
enola,2
megalomaniac,2
saban,2
rango,2
dirt,2
individu,2
crowd,2
mothership,2
dozen,2
louie,2
asset,2
commut,2
high-secur,2
crush,2
alter-ego,2
cassandra,2
trajectori,2
kraken,2
fisherman,2
supremaci,2
poppi,2
branch,2
cruella,2
worldwid,2
curti,2
earthquak,2
co-star,2
bahama,2
spook,2
ghoul,2
manner,2
shadowhunt,2
vanessa,2
adrenaline-charg,2
pandemonium,2
crypt,2
unjustli,2
piggi,2
grandchildren,2
anxiou,2
kubo,2
mesmer,2
doubt,2
nurseri,2
cube,2
troublemak,2
willem,2
dafo,2
burton,2
selenia,2
florida,2
credit,2
next-gener,2
stewart,2
morocco,2
kenai,2
koda,2
2000,2
supernova,2
brontosauru,2
veget,2
rapidli,2
sausag,2
transylvania,2
valeri,2
bloodlin,2
frankenstein,2
hell-bent,2
artifici,2
economi,2
actress,2
heroin,2
satisfi,2
bottom,2
netherland,2
misadventur,2
jumbl,2
weeni,2
pamper,2
kung-fu,2
spooki,2
visitor,2
madam,2
bonfamil,2
butler,2
bernard,2
rufu,2
impact,2
trace,2
chevali,2
provinc,2
gateway,2
provok,2
sting,2
heavyweight,2
sweetwat,2
maximum,2
disput,2
minimoy,2
gargamel,2
borg,2
assimil,2
monasteri,2
trautman,2
declin,2
zorin,2
atreyu,2
simba,2
distract,2
kovu,2
carrey,2
poorli,2
carefre,2
either,2
edifi,2
roddi,2
toilet,2
bowel,2
maverick,2
neck,2
butter,2
cora,2
panic,2
tens,2
cat-and-mous,2
peruvian,2
urban,2
endear,2
unwillingli,2
blaze,2
lava,2
hurtl,2
rapid,2
alert,2
reaper,2
headmistress,2
mytholog,2
promptli,2
single-handedli,2
genesi,2
sonja,2
lucian,2
fawn,2
afraid,2
punk,2
nova,2
cypher,2
beacon,2
fast-pac,2
schwarzenegg,2
olivia,2
mako,2
inept,2
tracey,2
stork,2
least,2
junior,2
atop,2
outrag,2
difficulti,2
engrav,2
smash,2
stowaway,2
overs,2
romania,2
dhampir,2
follow-up,2
recip,2
wrongli,2
stardom,2
confin,2
encod,2
delta,2
aerial,2
trunk,2
immun,2
earp,2
weari,2
badg,2
comrad,2
scarc,2
overturn,2
peak,2
pocahonta,2
horton,2
enzo,2
reno,2
diver,2
galleon,2
mermaid,2
suzann,2
particularli,2
oregon,2
haru,2
schoolgirl,2
orchid,2
pharmaceut,2
voraci,2
breed,2
endur,2
ronin,2
keanu,2
reev,2
overlord,2
necessari,2
absorb,2
jare,2
13th,2
ireland,2
fraught,2
hustler,2
idaho,2
sexual,2
starfleet,2
mida,2
runner,2
b.c.,2
channel,2
loner,2
resum,2
firm,2
sensit,2
unemploy,2
harrer,2
constant,2
occup,2
radar,2
travers,2
taught,2
digit,2
laser,2
emerald,2
wanda,2
reynold,2
darkli,2
cutthroat,2
succumb,2
hardship,2
crete,2
okinawa,2
getaway,2
gari,2
moor,2
alec,2
1940,2
guerrilla,2
zambezia,2
nave,2
roll,2
badli,2
spinster,2
pizza,2
restrict,2
impos,2
junkyard,2
buster,2
nockmaar,2
elora,2
prophesi,2
oncom,2
kryptonit,2
10-year-old,2
11-year-old,2
mill,2
competitor,2
enhanc,2
strongest,2
1950,2
unman,2
technic,2
parisian,2
arsen,2
porco,2
rosso,2
mare,2
nobil,2
szalinski,2
upris,2
essex,2
starvat,2
fast-talk,2
deer,2
ralli,2
blith,2
condemn,2
accord,2
detent,2
self-esteem,2
disabl,2
unknowingli,2
bison,2
crime-fight,2
unexplor,2
honeymoon,2
jean-luc,2
romulan,2
shinzon,2
wallac,2
gromit,2
chees,2
mechan,2
ridicul,2
brenda,2
northern,2
darwin,2
brazilian,2
raccoon,2
dial,2
fawcett,2
indigen,2
shaun,2
loneli,2
funer,2
grisli,2
horrifi,2
ex-girlfriend,2
polli,2
perkin,2
astrix,2
supermodel,2
systemat,2
andrea,2
fractur,2
timelin,2
atlantean,2
conquest,2
barbar,2
flesh,2
shift,2
firefight,2
all-terrain,2
elena,2
armand,2
load,2
irresist,2
emmi,2
zugor,2
spiral,2
star-cross,2
brent,2
magnet,2
reactiv,2
stepbroth,2
o'bannon,2
thane,2
dagen,2
half-elf,2
man-eat,2
weatherman,2
intens,2
oklahoma,2
insert,2
1700,2
borrow,2
anthil,2
yard,2
gedren,2
keeper,2
overrun,2
tango,2
perret,2
incom,2
high-fli,2
handler,2
none,2
patron,2
life-lik,2
nitroglycerin,2
stabl,2
zealand,2
bush,2
lyle,2
warren,2
thornton,2
tess,2
booby-trap,2
beverli,2
wherev,2
harmless,2
pluck,2
boxcar,2
epidem,2
network,2
exhaust,2
geologist,2
grandios,2
tretiak,2
emma,2
aggi,2
ostens,2
brainwash,2
imperson,2
zane,2
bulldoz,2
lilo,2
jumba,2
peninsula,2
amar,2
belt,2
nineti,2
skeptic,2
non-stop,2
warmth,2
growth,2
guinea,2
applianc,2
smersh,2
krees,2
stepmoth,2
halfway,2
adolesc,2
enrol,2
philosoph,2
mute,2
nors,2
chieftain,2
bard,2
amiabl,2
high-school,2
longtim,2
roxann,2
thunder,2
dazzl,2
gizmo,2
pioneer,2
2005,2
tanguy,2
laverdur,2
1967,2
wasteland,2
stood,2
untim,2
fanat,2
patterson,2
corps,2
firefox,2
fell,2
godlik,2
newspap,2
smarter,2
someday,2
kate,2
huston,2
gobi,2
mongolia,2
read,2
roller,2
portion,2
hot-head,2
hoggett,2
zephyr,2
carnivor,2
chimp,2
degrad,2
barabba,2
pardon,2
centurion,2
inman,2
tend,2
gwendolyn,2
asuna,2
reconcil,2
emil,2
blonski,2
zodiac,2
sack,2
parol,2
warden,2
drumgool,2
audaci,2
samir,2
jeremi,2
adulthood,2
arren,2
hatr,2
duma,2
donald,2
duck,2
minni,2
sale,2
gavilan,2
calden,2
tinseltown,2
instructor,2
mordon,2
liner,2
palomino,2
fruitless,2
reinhardt,2
dorado,2
worth,2
lich,2
double-cross,2
colli,2
randal,2
self-sacrific,2
fletcher,2
bergen,2
shoulder,2
volcazar,2
hattori,2
elli,2
texan,2
navarr,2
norm,2
parrot,2
ex-speci,2
michel,2
stella,2
nerd,2
finni,2
nestrian,2
involuntari,2
leah,2
colton,2
occupi,2
charter,2
keen,2
decommiss,2
deveraux,2
electrifi,2
dirti,2
saint,2
dubai,2
rope,2
duplic,2
impass,2
proce,2
hogg,2
tape,2
kickbox,2
starfight,2
shawn,2
scam,2
normal-s,2
lender,2
scrap,2
georgia,2
nolan,2
ussr,2
russo,2
cydney,2
disgruntl,2
scenic,2
acquaint,2
kidman,2
1893,2
boxer,2
beaten,2
slim,2
dispos,2
convoy,2
wukong,2
buddhism,2
norton,2
latter,2
estrada,2
eternia,2
skeletor,2
grayskul,2
align,2
loveless,2
antic,2
scrambl,2
reappear,2
polynesia,2
heidi,2
eight-year-old,2
swedish,2
balto,2
dress,2
mara,2
muse,2
plastic,2
sharpshoot,2
plumber,2
untam,2
beset,2
drought,2
bhuvan,2
plight,2
blackthorn,2
cricket,2
lift,2
half-broth,2
slug,2
environment,2
weather,2
cartoon,2
bautista,2
arizona,2
blunt,2
cornwal,2
picnic,2
slum,2
midnight,2
platoon,2
cartoonist,2
sauc,2
bermuda,2
mongol,2
soran,2
simmon,2
theresa,2
miniatur,2
clot,2
bitch,2
brigad,2
disband,2
beer,2
bride-to-b,2
serpent,2
tuareg,2
ajar,2
behavior,2
squint,2
clint,2
madman,2
yacht,2
reincarn,2
nightw,2
commerci,2
rewrit,2
kyoto,2
brawler,2
caldwel,2
length,2
onto,2
pine,2
trevor,2
schoolboy,2
savageri,2
visionari,2
makeshift,2
1996,2
hokkaido,2
sayuri,2
ex-soldi,2
flea,2
tien,2
fraud,2
hedg,2
savanna,2
cheetah,2
meier,2
audit,2
maniac,2
kishkumen,2
szorlok,2
usurp,2
gou'ald,2
justforkix,2
treat,2
cartograph,2
cowboy,2
mutt,2
tasmanian,2
monkeybon,2
rous,2
keat,2
archi,2
bust,2
quatermain,2
dane,2
cromwel,2
witch-hunt,2
redfern,2
jodhaa,2
akbar,2
toxic,2
vitalstatistix,2
tuscani,2
jeffrey,2
mori,2
sigurd,2
pee-we,2
bike,2
shekhar,2
traumat,2
goodhu,2
genji,2
heik,2
scar,2
everyday,2
claw,2
abort,2
bauer,2
plata,2
salud,2
groberg,2
popey,2
homecom,2
taggart,2
lebrac,2
shirley,2
kasukab,2
amidst,2
slip,2
everybodi,2
necromanc,2
lotteri,2
pterano,2
edinburgh,2
strasser,2
housewif,2
hiiro,2
magnat,2
afro,2
maddi,2
mimi-siku,2
deranian,2
karaba,2
mage,2
septemb,2
cooler,2
evolut,2
miroslava,2
scari,2
mario,2
ronni,2
konoha,2
hokag,2
minato,2
namikaz,2
pedal,2
pinwheel,2
kobayashi,2
casella,2
marni,2
carolina,2
year-old,2
tania,2
russof,2
abu-sir,2
coat,2
mongrel,2
uninvit,2
self-proclaim,2
blood-suck,2
charley,2
15-year-old,2
lean,2
racehors,2
pre-teen,2
talia,2
deathstrok,2
righteou,2
acknowledg,2
pill,2
shuttlecraft,2
jermitt,2
catarin,2
gorax,2
deej,2
transmitt,2
four-year,2
ironclad,2
masteri,2
future-world,2
self-mutil,2
casual,2
demograph,2
samurai-sword-wield,2
chateau,2
gloir,2
pere,2
predecessor,2
julien,2
ciamaca,2
provenc,2
roleplay,2
reenact,2
dragons-lik,2
prop,2
spellbook,2
grimoir,2
blood-lust,2
succubu,2
forth,2
mancha,2
sancho,2
panza,2
itchi,2
spin-off,2
millennium,2
mitcho,2
harbour,2
pear,2
reverse-flash,2
againwith,2
apprehend,2
flashand,2
statu,2
innkeep,2
maracaibo,2
fist,2
imdb,2
bronson,2
abomin,2
malakian,2
anton,2
steampunk,2
luchan,2
tibetan,2
costillo,2
chavez,2
darkman,2
aura,2
wide-ey,2
journal,2
kiriya,2
akivasha,2
that,2
pell,2
bitten,2
antboy,2
ocelot,2
effi,2
tsunami,2
uphold,2
ivori,2
arlington,2
spice,2
distort,2
bullwinkl,2
curv,2
forebod,2
dogsl,2
plucki,2
michiru,2
dunston,2
homunculu,2
joanna,2
turbo,2
beanstalk,2
andi,2
terak,2
charal,2
teek,2
gannon,2
letha,2
eliza,2
debbi,2
rudi,2
low-budget,2
cecilia,2
altera,2
dina,2
haeunda,2
cape,2
moussa,2
mukad,2
leylin,2
rundown,2
huck,2
multi-million,2
nansac,2
adea,2
falkenstein,2
irwin,2
elgin,2
cypru,2
previously-unknown,2
snoop,2
santer,2
supervisor,2
re-rout,2
next-level,2
realism,2
exhilar,2
michl,2
mercier,2
hossein,2
conveni,2
serg,2
golon,2
it.now,2
on-the-lam,2
squabbl,2
cobain,2
sideshow,2
overdog,2
wolff,2
niki,2
ixchel,2
1937,2
woochi,2
chosun,2
1509,2
taoist,2
commit.jump,2
entrap,2
anti-superhero,2
sight-se,2
1825,2
understand/accept,2
boorish,2
insensit,2
twentysometh,2
shamanist,2
hallucinogen,2
pedro,2
cactu,2
womana,2
fairyto,2
anti-communist,2
cuban,2
botch,2
idiosyncrat,2
burrow,2
fetch,2
scriptur,2
gong,2
multitud,2
cardboard,2
9-year-old,2
gruel,2
dismal,2
brownlow,2
sike,2
gibson,2
breakthrough,2
psi-comp,2
hardwir,2
kaena,2
burglari,2
brandel,2
knive,2
campu,2
cloak,2
eldridg,2
ullerup,2
trapper,2
draft,2
peasi,2
mcconnahay,2
large-scal,2
grandeur,2
melchior,2
bethlehem,2
homag,2
macha,2
messiah,2
sidney,2
ruff-diamond,2
khybar,2
kilt,2
khazi,2
skirted-devil,2
underneath,2
thirteenth,2
overal,2
long-run,2
pre-evolv,2
baccer,2
asleep,2
gratitud,2
itiner,2
heart-of-gold,2
'gun,2
donovan,2
carous,2
'boat,2
gilhooley,2
midget,2
sleuth,2
friski,2
storytel,2
proverbi,2
21-inch,2
leprechaun,2
mirth,2
nonstop,2
shenanigan,2
farley,2
mowat,2
tundra,2
grievou,2
carib,2
furthermor,2
zemon,2
umpteenth,2
margaret,2
infuri,2
profess,2
post-earthquak,2
merg,2
abobo,2
antonio,2
chaotic,2
pugilist,2
warshawski,2
denni,2
trapez,2
fifti,2
jean-philipp,2
duvivi,2
higher,2
spudnick,2
graviti,2
kane,2
herbert,2
fluffi,2
valentin,2
wreckag,2
witlessli,2
vain,2
yuanlong,2
taoyuan,2
sindu,2
forese,2
defrost,2
xilian,2
unreal,2
boyhood,2
sandlot,2
revolv,2
imper,2
phoenix,2
loung,2
moroccan,2
ishtar,2
unassum,2
receptionist,2
sahni,2
nanda,2
on-rush,2
shoot-out,2
transcontinent,2
hurt,2
withdrawn,2
first-born,2
interven,2
companionship,2
deni,2
athenian,2
dario,2
rhodian,2
phoenician,2
depress,2
ex-convict,2
tyres,2
martel,2
liandra,2
20-year,2
fourteen-year-old,2
mackenzi,2
juneau,2
lonesom,2
backpack,2
tranquil,2
zenon,2
2049,2
tito,2
wiro,2
pencak,2
silat,2
indonesian,2
angga,2
dwima,2
sasongko,2
searchlight,2
lifelik,2
hirun,2
hime,2
kojima,2
okayama,2
prefectur,2
2020,2
modifi,2
joint,2
dismantl,2
scorpion-attack,2
stoller,2
bert,2
rhine,2
notabl,2
uh60,2
ah64,2
maneuver,2
firepow,2
tirant,2
turk,2
constantinopl,2
reliev,2
carmesina,2
byzantin,2
drakken,2
hotti,2
middleton,2
bueno,2
nacho,2
bombard,2
yaskov,2
austria,2
frenet,2
darryl,2
childlik,2
junk,2
bulletproof,2
lowest,2
budget,2
haditha,2
kilo,2
insurg,2
vatican,2
unfreez,2
rhedosauru,2
venic,2
aunti,2
holman,2
pablo,2
tributari,2
yangtz,2
revolution-torn,2
iconoclasm,2
rice-bowl,2
symbiosi,2
climax,2
river-boom,2
ten-year-old,2
vorstadtkrokodil,2
entri,2
dont,2
handicap,2
telescop,2
grafton,2
constraint,2
camparelli,2
court-marti,2
orga,2
yakuza-control,2
smaller,2
satchel,2
frontera,2
radioman,2
lifeboat,2
himon,2
backward,2
regret,2
comanchero,2
aurocastro,2
apulia,2
elect,2
brancaleon,2
norcia,2
occurr,2
omin,2
reflect,2
kilimanjaro,2
bosporu,2
peebl,2
beseig,2
steranko,2
shannon,2
reconnaiss,2
zangaro,2
tortur,2
allbright,2
out-of-this-world,2
elspeth,2
freestyl,2
rear,2
horizon,2
provinci,2
struck,2
hartmann,2
19th-centuri,2
toei,2
tokus,2
prologu,2
gavan,2
gaea,2
hitomi,2
kanzaki,2
escaflown,2
vertigo,2
bestsel,2
angela,2
sommer-bodenburg,2
graveyard,2
nerdi,2
cauca,2
intox,2
caucasian,2
ptah,2
hoteb,2
paint-on-glass-anim,2
aleksandr,2
petrov,2
montreal,2
english-languag,2
soundtrack,2
concurr,2
imax,2
benji,2
csar,2
borgnoli,2
unsuccess,2
salesman,2
triad,2
self-defens,2
anti-hero,2
samson,2
delilah,2
cecil,2
demil,2
tedium,2
permiss,2
andr,2
1962,2
asuka,2
hyunjun,2
sawoo,2
profil,2
hera,2
movie-length,2
enron-typ,2
jeep,2
chestnut,2
deathstalk,2
reena,2
seer,2
solicit,2
1968,2
grudgingli,2
jink,2
prevail,2
cahil,2
montagnard,2
doyl,2
jumbo-s,2
headach,2
dull,2
marko,2
transvestit,2
snuff,2
clientel,2
badder,2
reimagin,2
xena,2
alum,2
oconnor,2
mammal,2
maim,2
garoni,2
shapiro,2
wittington,2
indulg,2
absentee-fath,2
overboard,2
transatlant,2
steamship,2
low-paid,2
nelson,2
buccan,2
karl,2
nangijala,2
strng,2
chivalr,2
ivanho,2
locksley,2
lionheart,2
rucio,2
vinni,2
thyler,2
richest,2
dubiou,2
frenchman,2
libyan,2
tobruk,2
tambul,2
barter,2
desert-weari,2
reinforc,2
variat,2
yanke,2
laptop,2
1952,2
adelin,2
1918,2
lower-class,2
unchivalr,2
medal,2
viral,2
gatl,2
shenandoah,2
virginia,2
youngest,2
hirat,2
much-admir,2
retain,2
flesh-and-blood,2
kilogram,2
guyana,2
cyberbowl,2
hangov,2
ex-u,2
shortli,2
ruse,2
1982,2
1977,2
centr,2
rowf,2
snitter,2
highlight,2
vivisect,2
horu,2
scandinavian/eastern,2
moog,2
grundewald,2
warlord/ic,2
hilda,2
reef,2
graciou,2
towbridg,2
highwayman,2
workshop,2
time-machin,2
embassi,2
brain-swap,2
nardol,2
pei-pei,2
fighter-for-hir,2
inebri,2
yueh,2
shaki,2
renmei,2
yeli,2
yuan,2
shao,2
big-citi,2
wyom,2
jet-black,2
mustang,2
ghota,2
tammi,2
diner,2
waitress,2
sprinkl,2
phenomen,2
show-stop,2
extravag,2
zadan,2
meron,2
soar,2
luftwaff,2
burma,2
nightmare-haunt,2
english-speak,2
refuge,2
columbia,2
capsiz,2
relentlessli,2
roxi,2
deem,2
lena,2
holoway,2
gram,2
parson,2
influenti,2
tequila,2
1973,2
hears,2
petrol,2
hot-temp,2
rojar,2
banansistan,2
vivaci,2
ellianna,2
olli,2
closur,2
dissolut,2
kinomoto,2
tomoyo,2
syaoran,2
ten-day,2
'entir,2
seat,2
deceas,2
dana,2
malibu,2
jefferi,2
sylvest,2
carboni,2
1946,2
sleazi,2
floorshow,2
purs,2
directori,2
debut,2
dish,2
piochar,2
yalghaar,2
throb,2
heartbeat,2
natalia,2
defect,2
leverag,2
condorman,2
krokov,2
triggerman,2
hydra,2
brute,2
live-act,2
bide,2
gentleman,2
emerald-encrust,2
mehm,2
topkapi,2
fong,2
manchurian,2
conform,2
rigid,2
presumpt,2
belogory,2
integr,2
root,2
big-tim,2
beatl,2
frampton,2
aerosmith,2
chun,2
moresh,2
shell,2
conductor,2
rail,2
eunuch,2
decrepit,2
ex-doctor,2
booksel,2
harlow,2
battra,2
mothra,2
agenciessuch,2
ciaa,2
tooru,2
shuichi,2
akai,2
rifl,2
roadway,2
newly-remodel,2
ferri,2
status-consci,2
down-to-earth,2
wolf-dog,2
dogsledd,2