find,387
world,387
friend,352
anim,336
take,268
must,264
film,264
time,239
young,234
life,222
stori,220
adventur,210
name,208
help,204
mysteri,203
save,203
come,201
live,199
make,182
year,176
becom,175
power,175
back,175
famili,167
girl,165
human,160
evil,154
love,151
meet,149
citi,148
home,148
magic,144
first,143
discov,141
littl,135
begin,128
forc,121
decid,121
learn,121
turn,121
earth,117
howev,116
follow,115
stop,115
togeth,114
plan,113
call,111
land,110
journey,109
battl,109
seri,108
monster,107
want,107
place,103
secret,103
dream,102
school,101
hero,100
return,99
dragon,99
island,98
father,97
three,97
king,97
away,96
christma,95
fight,94
show,94
along,93
true,92
team,92
group,92
like,91
lead,91
destroy,91
face,89
princess,88
donald,88
work,87
order,86
movi,86
final,86
search,86
star,86
gang,85
fall,85
known,85
race,84
children,84
play,84
also,84
peopl,83
rescu,82
tell,82
join,82
travel,81
villag,81
base,81
short,81
danger,80
music,79
planet,79
leav,78
start,77
high,77
creat,77
best,76
escap,76
creatur,75
quest,74
town,74
attack,72
bring,72
space,72
around,71
game,71
thing,70
featur,69
even,68
charact,68
head,68
includ,67
protect,67
real,66
mission,66
tale,66
hous,65
great,65
soon,64
heart,63
plot,63
special,62
mani,62
princ,62
warrior,62
beauti,61
look,61
night,61
kingdom,60
dark,60
chang,60
kidnap,59
lost,59
nobita,57
pirat,56
fairi,56
death,56
black,56
lupin,56
event,55
good,55
alien,55
everyth,55
univers,55
giant,54
doraemon,54
sister,53
struggl,53
queen,53
long,53
villain,52
forest,52
give,52
book,52
hunter,52
attempt,51
ever,51
anoth,51
encount,51
know,51
everyon,51
captur,51
defeat,51
friendship,50
past,50
hope,50
origin,50
brother,50
steal,49
caus,49
hunt,49
visit,49
parent,48
differ,48
spirit,48
seek,48
strang,48
much,48
daughter,48
legendari,48
part,48
mous,48
mean,47
behind,47
form,47
band,47
across,47
rule,47
dinosaur,47
arriv,47
well,47
wish,46
armi,46
would,46
classic,46
upon,45
embark,45
transform,45
babi,45
explor,44
rest,44
peac,44
need,44
happen,44
crew,44
jerri,44
batman,43
ship,43
never,43
woman,43
still,43
member,43
troubl,43
chase,43
barbi,43
releas,43
prove,42
robot,42
train,42
master,42
right,42
treasur,42
bear,42
disney,42
surviv,42
mickey,42
determin,41
fate,41
countri,41
mother,41
last,41
witch,41
investig,41
rabbit,40
machin,40
enter,40
threaten,40
small,40
everi,40
santa,40
vampir,40
excit,40
side,40
hand,40
super,39
could,39
rais,39
continu,39
kill,39
futur,39
parti,39
destruct,39
cartoon,39
japan,38
seem,38
build,38
park,38
happi,38
demon,38
ultim,38
holiday,38
action,38
pokmon,38
favorit,37
accident,37
made,37
ancient,37
believ,37
japanes,37
appear,37
ghost,37
control,36
entir,36
trap,36
child,36
break,36
comic,36
meanwhil,36
tokyo,36
wild,35
insid,35
left,35
threat,35
alway,35
bird,35
danc,35
fear,34
moon,34
second,34
epic,34
later,34
suddenli,34
season,34
found,34
penguin,34
leader,34
realiz,34
detect,34
sinc,34
gener,34
food,34
trip,34
episod,34
voic,34
desper,33
histori,33
winter,33
grow,33
taken,33
version,33
four,33
present,33
reach,33
famou,33
blue,33
scientist,33
goku,33
conan,33
unlik,32
lose,32
think,32
walk,32
surpris,32
disappear,32
agent,32
miss,32
fire,32
duck,32
student,32
polic,31
among,31
castl,31
within,31
song,31
bodi,31
person,31
other,31
legend,31
belov,31
perfect,31
collect,31
prevent,31
keep,30
orphan,30
care,30
deal,30
imagin,30
captain,30
send,30
govern,30
manag,30
involv,30
cours,30
bunni,29
dead,29
move,29
brave,29
whose,29
without,29
murder,29
street,29
rock,29
open,29
offic,28
talent,28
fish,28
develop,28
complet,28
reveng,28
reveal,28
deadli,28
possess,28
experi,28
wolf,28
light,28
assassin,28
import,27
eventu,27
free,27
pair,27
beast,27
york,27
snow,27
convinc,27
seen,27
sever,27
exist,27
teenag,27
america,27
gold,27
civil,27
pluto,27
chanc,26
solv,26
realli,26
owner,26
pass,26
fantast,26
hide,26
whole,26
alon,26
white,26
summer,26
intern,26
someon,26
realiti,26
local,26
remain,26
wake,26
popular,26
relationship,26
success,26
sing,26
childhood,26
crime,26
celebr,26
produc,26
natur,26
perform,26
adapt,26
mind,25
conflict,25
enemi,25
rival,25
five,25
sequel,25
valley,25
spring,25
invad,25
track,25
american,25
test,25
royal,25
watch,25
ride,25
terror,25
memori,25
prepar,25
goofi,25
scooby-doo,25
saint,25
next,24
superhero,24
fill,24
forev,24
answer,24
compani,24
kind,24
feel,24
hidden,24
outsid,24
ball,24
organ,24
allow,24
soul,24
someth,24
centuri,24
vacat,24
crash,24
center,23
leagu,23
restor,23
tree,23
inhabit,23
bell,23
though,23
deep,23
serv,23
femal,23
strength,23
altern,23
late,23
ocean,23
retel,23
wood,23
coupl,23
problem,23
actual,23
littlefoot,23
tini,23
catch,23
amaz,23
enjoy,23
sound,23
close,23
scoobi,23
sword,23
main,22
stay,22
door,22
challeng,22
discoveri,22
busi,22
enough,22
water,22
trick,22
cross,22
unit,22
north,22
stand,22
role,22
pictur,22
truth,22
readi,22
greatest,22
superman,22
respons,22
pooh,22
novel,22
hulk,22
shaggi,22
partner,21
peter,21
turtl,21
transport,21
knight,21
golden,21
hors,21
match,21
jungl,21
seven,21
curs,21
figur,21
wonder,21
fellow,21
invit,21
wing,21
stolen,21
beyond,21
former,21
grandfath,21
bulli,21
justic,21
talk,21
naruto,21
luffi,21
uncov,20
strike,20
destini,20
monkey,20
green,20
lone,20
offer,20
hilari,20
quickli,20
full,20
sent,20
state,20
bomb,20
competit,20
product,20
ruin,20
drive,20
militari,20
desert,20
accid,20
ring,20
written,20
result,20
iron,20
charm,19
accompani,19
road,19
lord,19
gotham,19
lesson,19
shrek,19
companion,19
pick,19
defend,19
ladi,19
mater,19
deliv,19
robin,19
possibl,19
gather,19
saiyan,19
ident,19
violent,19
variou,19
case,18
ensu,18
task,18
trio,18
recruit,18
birthday,18
scene,18
uncl,18
noth,18
ninja,18
immedi,18
scare,18
reunit,18
lightn,18
line,18
instead,18
wizard,18
caught,18
studio,18
jack,18
fortun,18
fighter,18
scheme,18
wander,18
storm,18
all-new,18
john,18
born,18
comput,18
apart,18
project,18
festiv,18
soldier,18
inherit,18
path,18
usual,18
tail,18
wors,18
daffi,18
galaxi,18
shadow,18
third,18
ghoul,18
despit,17
color,17
reindeer,17
emot,17
hatch,17
crimin,17
thrill,17
hiccup,17
mike,17
teen,17
given,17
wife,17
receiv,17
assign,17
video,17
marriag,17
ordinari,17
grant,17
invent,17
gift,17
lure,17
hold,17
share,17
inspir,17
unexpect,17
stage,17
wind,17
fashion,17
accept,17
arthur,17
charli,17
design,17
pull,17
confront,17
impress,17
assist,17
bounti,17
spend,17
haunt,17
pete,17
mountain,17
suffer,17
stone,17
near,17
academi,17
courag,16
although,16
alli,16
forget,16
room,16
surround,16
warn,16
marri,16
befriend,16
spell,16
coloni,16
summon,16
might,16
tribe,16
suspect,16
step,16
decis,16
minion,16
fulfil,16
russian,16
weapon,16
conquer,16
bizarr,16
overcom,16
hollywood,16
hear,16
popul,16
pole,16
guard,16
sleep,16
normal,16
hood,16
anyth,16
middl,16
rise,16
sight,16
adult,16
pack,16
claim,16
artist,16
pilot,16
nation,16
fail,16
point,16
notic,16
cousin,16
prison,16
luke,16
extraordinari,15
etern,15
guid,15
lover,15
wait,15
joker,15
rather,15
interest,15
thought,15
incred,15
rememb,15
peril,15
hire,15
farm,15
current,15
beach,15
pari,15
flower,15
strong,15
descend,15
clock,15
teach,15
abduct,15
oper,15
cast,15
chao,15
sinist,15
avoid,15
safe,15
smurf,15
award,15
blood,15
garfield,15
abil,15
connect,15
skill,15
fantasi,15
effort,15
walt,15
theme,15
unfortun,15
ruler,15
fred,15
energi,15
direct,15
fast,15
process,15
shoot,15
level,15
terrorist,15
link,15
system,15
manga,15
friendli,14
bond,14
twist,14
enchant,14
better,14
donkey,14
especi,14
jewel,14
africa,14
tire,14
halloween,14
girlfriend,14
commun,14
farmer,14
tarzan,14
warm,14
emerg,14
mice,14
brown,14
cloud,14
moment,14
least,14
crown,14
plane,14
thousand,14
recov,14
simpl,14
million,14
engin,14
empir,14
havoc,14
director,14
record,14
blow,14
amus,14
nightmar,14
matter,14
audienc,14
ruthless,14
minni,14
told,14
attent,14
shiki,14
depict,14
area,14
dimens,14
brought,14
titan,14
came,14
cold,14
rudolph,14
fujiko,14
franki,14
earli,14
toward,14
jonni,14
prehistor,13
woodi,13
onto,13
afraid,13
separ,13
asid,13
lion,13
titl,13
tradit,13
hundr,13
curiou,13
attract,13
captiv,13
wick,13
eccentr,13
wise,13
circu,13
emperor,13
balanc,13
gone,13
champion,13
grandmoth,13
mankind,13
adopt,13
choic,13
nearbi,13
hole,13
huge,13
professor,13
launch,13
diamond,13
terrifi,13
program,13
cyborg,13
anyon,13
larg,13
sens,13
expect,13
annual,13
combin,13
sure,13
underground,13
goal,13
easter,13
matrix,13
hell,13
secretli,13
clan,13
incid,13
sail,13
kari,13
number,13
adam,13
straw,13
spot,13
total,13
marvel,13
loki,13
crazi,13
bowl,13
musician,12
except,12
andi,12
happili,12
buzz,12
high-tech,12
older,12
earn,12
conspiraci,12
disast,12
tower,12
thief,12
neighbor,12
provid,12
lego,12
speci,12
guardian,12
often,12
west,12
grand,12
roger,12
worri,12
clau,12
morn,12
intent,12
doom,12
carri,12
half,12
notori,12
bull,12
faith,12
modern,12
rain,12
regain,12
polar,12
wayn,12
awaken,12
alic,12
wrong,12
thoma,12
crystal,12
societi,12
enlist,12
spread,12
viru,12
risk,12
fact,12
pursu,12
london,12
pikachu,12
makoto,12
roman,12
horror,12
georg,12
angel,12
luthor,12
tabl,12
plant,12
killer,12
mercenari,12
took,12
paint,12
loos,12
charg,12
unknown,12
request,12
south,12
mechan,12
potion,12
idea,12
period,12
evangelion,12
victori,12
concern,12
televis,12
survivor,12
uniqu,12
corner,12
concert,12
rocket,12
suit,12
women,12
raoh,12
yuria,12
fallen,11
heroic,11
outer,11
clean,11
camp,11
truli,11
mermaid,11
chosen,11
retriev,11
clutch,11
comedi,11
freedom,11
stake,11
held,11
bore,11
refus,11
biggest,11
choos,11
sneak,11
corrupt,11
supernatur,11
obstacl,11
puppi,11
technolog,11
sidekick,11
chipmunk,11
terribl,11
kiss,11
seal,11
liter,11
resid,11
style,11
unleash,11
rampag,11
patch,11
stuck,11
spike,11
ventur,11
squirrel,11
harvest,11
seemingli,11
imposs,11
agre,11
routin,11
gain,11
upcom,11
tigger,11
element,11
feder,11
consid,11
scienc,11
werewolf,11
promis,11
aliv,11
imprison,11
throughout,11
odett,11
meicoomon,11
suicid,11
valentin,11
frankenstein,11
sometim,11
intend,11
abandon,11
rich,11
warner,11
humor,11
nearli,11
sudden,11
recent,11
author,11
johnni,11
cost,11
limit,11
await,11
seiya,11
bronz,11
kenshiro,11
buri,11
piano,11
statu,11
feature-length,11
asgard,11
elmer,11
western,11
crusher,11
accomplish,10
riley,10
unexpectedli,10
reef,10
hungri,10
worst,10
toothless,10
contact,10
cave,10
rout,10
compet,10
mighti,10
sweet,10
obsess,10
easi,10
landscap,10
airplan,10
whisk,10
heir,10
certain,10
loyal,10
boot,10
push,10
goddess,10
mayor,10
reward,10
grown,10
palac,10
broken,10
stranger,10
troll,10
puppet,10
achiev,10
alvin,10
unfold,10
merri,10
card,10
board,10
pumbaa,10
thank,10
money,10
float,10
industri,10
sign,10
romanc,10
greedi,10
heaven,10
target,10
object,10
brilliant,10
station,10
apprentic,10
romant,10
spark,10
junior,10
explod,10
pokemon,10
dust,10
anywher,10
quit,10
propos,10
built,10
scari,10
surf,10
piglet,10
throw,10
magician,10
comet,10
evolv,10
class,10
sammi,10
illustr,10
shop,10
chief,10
luca,10
wreak,10
creator,10
reason,10
drag,10
screen,10
player,10
respect,10
metropoli,10
gromit,10
mythic,10
flood,10
asterix,10
week,10
explain,10
android,10
becam,10
understand,10
daisi,10
ballet,10
major,10
julia,10
replac,10
spider,10
sanctuari,10
bartok,10
viewer,10
digimon,10
stole,10
sell,10
devil,10
monk,10
breakfast,10
hyga,10
gumbi,10
idol,9
anger,9
tough,9
almost,9
manni,9
tiger,9
extend,9
wilder,9
trilog,9
sport,9
jame,9
feet,9
lock,9
mcqueen,9
finish,9
rush,9
devic,9
belong,9
central,9
suppli,9
declar,9
memor,9
jealou,9
slacker,9
speak,9
french,9
african,9
immort,9
oscar,9
cure,9
underworld,9
throne,9
approach,9
chicken,9
acorn,9
pixi,9
hollow,9
china,9
reclaim,9
privat,9
lovabl,9
garden,9
appar,9
honey,9
mischiev,9
paradis,9
dracula,9
stumbl,9
introduc,9
store,9
support,9
corpor,9
lack,9
resourc,9
clue,9
unless,9
hang,9
england,9
mari,9
servic,9
entertain,9
massiv,9
lucki,9
march,9
sourc,9
sorcer,9
flight,9
fame,9
zeon,9
gundam,9
singer,9
maintain,9
initi,9
desir,9
classmat,9
invas,9
size,9
ground,9
winner,9
neighborhood,9
mark,9
digit,9
squad,9
infiltr,9
merliah,9
inc.,9
gadget,9
ensur,9
less,9
radio,9
cover,9
documentari,9
question,9
hour,9
tour,9
obelix,9
angri,9
frieza,9
agenc,9
trail,9
letter,9
nami,9
sparkl,9
injur,9
brainiac,9
sheep,9
extra,9
research,9
alter,9
contest,9
perspect,9
mask,9
particip,9
split,9
floor,9
rugrat,9
treat,9
kogoro,9
market,9
futurist,9
fascin,9
cult,9
doctor,9
portal,9
arena,9
draculaura,9
athena,9
miguel,8
escal,8
greater,8
affect,8
simba,8
gorilla,8
divid,8
action-pack,8
succeed,8
california,8
costum,8
stow,8
duti,8
dare,8
alex,8
fiona,8
hard,8
colleg,8
lifetim,8
mystic,8
europ,8
word,8
poison,8
imperi,8
chines,8
outcast,8
nemesi,8
purpos,8
intrigu,8
quiet,8
fearsom,8
vast,8
scrat,8
exot,8
host,8
inventor,8
banish,8
russia,8
thrown,8
undercov,8
welcom,8
panther,8
hotel,8
aunt,8
opposit,8
motion,8
domin,8
career,8
hive,8
dave,8
samurai,8
destin,8
menac,8
drop,8
steel,8
zombi,8
timon,8
prequel,8
intergalact,8
birth,8
rebelli,8
lewi,8
'the,8
polit,8
shelter,8
adversari,8
mirror,8
surfac,8
akira,8
basketbal,8
tune,8
nephew,8
scout,8
stork,8
outrag,8
funni,8
lantern,8
nobl,8
formula,8
cruel,8
dusti,8
somewhat,8
nativ,8
vision,8
punish,8
felt,8
wipe,8
cultur,8
glow,8
burst,8
torment,8
latest,8
teas,8
elementari,8
jigen,8
pose,8
lake,8
damag,8
ranger,8
laugh,8
delight,8
arrest,8
front,8
opera,8
studi,8
truck,8
news,8
magnific,8
unravel,8
nuclear,8
client,8
instrument,8
elit,8
view,8
wallac,8
remot,8
raid,8
fabl,8
franc,8
clown,8
monstrou,8
clear,8
addit,8
silli,8
annoy,8
genet,8
trace,8
furri,8
grinch,8
dash,8
tunnel,8
brand,8
reviv,8
shut,8
derek,8
aftermath,8
contain,8
deeper,8
underwat,8
behavior,8
duel,8
billi,8
midst,8
phone,8
individu,8
agumon,8
omnitrix,8
distant,8
defens,8
sakura,8
exactli,8
feroci,8
obtain,8
exil,8
realm,8
madoka,8
piec,8
vale,8
locat,8
thor,8
stanley,8
went,8
ghoulfriend,8
practic,8
window,8
diaboromon,8
shizuka,8
suneo,8
symphoni,8
chip,8
yobi,8
kaori,8
zufu,8
stun,7
deliveri,7
snowman,7
navig,7
impend,7
diego,7
shark,7
prodigi,7
catwoman,7
closer,7
hospit,7
astrid,7
bright,7
situat,7
championship,7
mount,7
meal,7
content,7
furiou,7
longer,7
enorm,7
bank,7
everywher,7
repair,7
superhuman,7
olympu,7
disguis,7
bumbl,7
corps,7
prime,7
parallel,7
pursuit,7
elus,7
herd,7
fabul,7
orphanag,7
smell,7
singl,7
switch,7
louie,7
canadian,7
wage,7
cool,7
pink,7
branch,7
diabol,7
appl,7
worker,7
tinker,7
cape,7
faraway,7
distress,7
frog,7
rambuncti,7
respond,7
reign,7
began,7
confid,7
buddi,7
there,7
prize,7
clone,7
cooper,7
block,7
paper,7
pride,7
veng,7
eight,7
thiev,7
promot,7
mewtwo,7
write,7
clumsi,7
blind,7
beat,7
boss,7
silver,7
caesar,7
absorb,7
flee,7
aboard,7
oliv,7
crush,7
fantasia,7
shin-chan,7
stray,7
execut,7
alreadi,7
fake,7
bill,7
strand,7
accord,7
horrif,7
voyag,7
messag,7
youth,7
field,7
bunch,7
wolv,7
complic,7
granni,7
tall,7
electr,7
roll,7
fuse,7
graphic,7
background,7
devast,7
newest,7
note,7
eeyor,7
geniu,7
opportun,7
horn,7
knock,7
code,7
drink,7
scroog,7
bros.,7
secur,7
celebi,7
advanc,7
enslav,7
virtual,7
southern,7
compil,7
techniqu,7
humankind,7
inform,7
homeland,7
spaceship,7
innoc,7
english,7
charl,7
dicken,7
flock,7
linu,7
marin,7
younger,7
sacrific,7
duke,7
storybook,7
self,7
1999,7
embrac,7
edward,7
presenc,7
pumpkin,7
combat,7
amidst,7
resurrect,7
crash-land,7
satan,7
transfer,7
unearth,7
date,7
seriou,7
daphn,7
skunk,7
signal,7
butterfli,7
cancel,7
kirik,7
goemon,7
blame,7
stripe,7
naiv,7
templ,7
observ,7
assembl,7
focus,7
read,7
infect,7
rodent,7
complex,7
portray,7
violenc,7
toni,7
willi,7
yuki,7
attend,7
factori,7
christian,7
pianist,7
shinichi,7
mariposa,7
casper,7
done,7
dive,7
poor,7
month,7
forgotten,7
intellig,7
baron,7
overview,7
effect,7
interrupt,7
gandahar,7
elabor,7
mobil,7
toto,7
occur,7
boyfriend,7
blast,7
honor,7
inuyasha,7
zenigata,7
johann,7
pororo,7
shovel,7
unlock,6
anna,6
elsa,6
posit,6
reput,6
barrier,6
reli,6
youngest,6
spent,6
persist,6
chapter,6
freez,6
hostag,6
driven,6
radiat,6
titular,6
inadvert,6
shift,6
barn,6
marti,6
public,6
kung,6
vike,6
nefari,6
sophi,6
domest,6
mortal,6
guess,6
rebel,6
tintin,6
explos,6
ahead,6
outlaw,6
heist,6
cosmic,6
jane,6
alongsid,6
husband,6
sailor,6
draw,6
wave,6
canin,6
ferdinand,6
forbidden,6
unstopp,6
aladdin,6
cinderella,6
citizen,6
gnome,6
remi,6
fine,6
wooden,6
whistl,6
lilo,6
blossom,6
simon,6
theodor,6
vengeanc,6
bruce,6
global,6
insect,6
wonderland,6
buster,6
theater,6
mayb,6
crusad,6
fought,6
tragedi,6
madam,6
alley,6
diplomat,6
foreign,6
ratchet,6
allianc,6
gargamel,6
fierc,6
circl,6
distract,6
wilbur,6
cybernet,6
section,6
enhanc,6
rare,6
independ,6
melodi,6
bike,6
stardom,6
internet,6
ador,6
flame,6
flash,6
bottom,6
command,6
susan,6
preciou,6
shell,6
shape,6
naughti,6
frighten,6
sara,6
creation,6
christoph,6
kitten,6
fair,6
wealthi,6
focu,6
char,6
slowli,6
hawk,6
price,6
comfort,6
misfit,6
strongest,6
theyr,6
newborn,6
swan,6
speed,6
fearless,6
bandit,6
frustrat,6
sparki,6
twain,6
begun,6
digidestin,6
unabl,6
fend,6
straight,6
highway,6
bigger,6
mamoru,6
emma,6
winni,6
vincent,6
reluct,6
fourth,6
turkey,6
shun,6
teacher,6
loss,6
twin,6
betray,6
massacr,6
martian,6
harmoni,6
histor,6
capit,6
resist,6
rumor,6
ignor,6
decor,6
requir,6
touch,6
pain,6
amuro,6
direct-to-video,6
trust,6
theatric,6
barrel,6
nose,6
momo,6
creepi,6
soundtrack,6
narrat,6
pump,6
dread,6
imag,6
laboratori,6
patema,6
suppos,6
sleuth,6
berk,6
modern-day,6
fairytal,6
reminisc,6
slow,6
detail,6
satir,6
live-act,6
vanish,6
capabl,6
martial,6
assault,6
decad,6
doubl,6
instal,6
union,6
gladiat,6
maiden,6
guest,6
chocol,6
strict,6
constantli,6
revel,6
natsuki,6
hijack,6
fiction,6
david,6
gerda,6
greed,6
sequenc,6
commit,6
mistak,6
shin,6
inner,6
brutal,6
tear,6
dinner,6
stewi,6
confus,6
upset,6
holi,6
saori,6
ghul,6
cell,6
parrotmon,6
sphere,6
plain,6
lamb,6
kakashi,6
arnold,6
writer,6
immigr,6
recess,6
boil,6
apollo,6
snack,6
storylin,6
zoro,6
gruffalo,6
lanni,6
velma,6
scarecrow,6
emerald,6
victim,6
collid,6
tournament,6
motoko,6
cinema,6
said,6
kusanagi,6
odin,6
banner,6
heiji,6
languag,6
german,6
layton,6
mexican,6
behav,6
equal,6
simul,6
golgo,6
fort,6
mass,6
wataru,6
hadji,6
benton,6
animatrix,6
soviet,6
household,6
jesu,6
titeuf,6
metru,6
omnimon,6
kuramon,6
gian,6
recap,6
mikiya,6
teamwork,6
belldandi,6
badiyanu,6
souther,6
tadashi,6
sonic,6
rodrigo,6
iblard,6
siddhartha,6
catsello,6
clayboy,6
ichir,6
jump,5
crack,5
coron,5
headquart,5
infant,5
feud,5
height,5
nemo,5
vegetarian,5
hypnot,5
lightyear,5
circumst,5
feudal,5
iceberg,5
globe,5
experienc,5
rider,5
staff,5
melt,5
rapunzel,5
wall,5
overrun,5
garbag,5
ralph,5
cowboy,5
urban,5
pollut,5
refug,5
lazi,5
panda,5
crane,5
defi,5
sacr,5
ill-fat,5
surli,5
troup,5
kuzco,5
aspir,5
oversea,5
european,5
victor,5
bride,5
octob,5
metal,5
foil,5
british,5
report,5
thrust,5
puss,5
myth,5
spill,5
eager,5
hornet,5
dump,5
prefer,5
raccoon,5
awesom,5
lamp,5
snake,5
enabl,5
transylvania,5
flint,5
feed,5
scrambl,5
weather,5
outdoor,5
penni,5
mutant,5
beneath,5
cook,5
pinocchio,5
worthi,5
jumba,5
graduat,5
braini,5
safeti,5
michael,5
koala,5
maltazard,5
resort,5
richard,5
elliot,5
eleph,5
relat,5
duchess,5
tooth,5
item,5
tink,5
fulli,5
common,5
earthquak,5
henri,5
alexa,5
muse,5
mentor,5
hate,5
retir,5
chipett,5
fawn,5
geni,5
darkseid,5
consist,5
showdown,5
mate,5
krab,5
crowd,5
smurfett,5
ragtag,5
jeopardi,5
enthusiast,5
arrang,5
horton,5
unusu,5
shine,5
improv,5
ambiti,5
hill,5
tropic,5
carefre,5
isol,5
timeless,5
aznabl,5
actress,5
graham,5
presid,5
frame,5
alik,5
remark,5
multipl,5
amount,5
boog,5
norman,5
vehicl,5
hideou,5
folk,5
renown,5
weak,5
deviou,5
counterpart,5
asteroid,5
primit,5
blend,5
wherev,5
henchmen,5
epidem,5
cash,5
acclaim,5
cyber,5
thriller,5
benefit,5
particular,5
missil,5
depth,5
woodland,5
daydream,5
basic,5
suitabl,5
argument,5
bite,5
construct,5
comrad,5
baba,5
thwart,5
facil,5
employ,5
tuesday,5
savag,5
crocodil,5
legion,5
battlefield,5
sand,5
shepherd,5
poacher,5
juliu,5
shoe,5
rainbow,5
erad,5
shinji,5
unawar,5
infam,5
anniversari,5
carol,5
materi,5
confess,5
mischief,5
visual,5
galact,5
impact,5
shipwreck,5
knowledg,5
chopper,5
express,5
mecha,5
cloth,5
frank,5
2008,5
physic,5
colour,5
peasant,5
strip,5
nurs,5
asmar,5
stubborn,5
nobodi,5
crook,5
longtim,5
suburb,5
22nd,5
yellow,5
vessel,5
mine,5
bath,5
loneli,5
wound,5
stick,5
dress,5
entei,5
typic,5
varieti,5
fianc,5
riddl,5
tommi,5
frozen,5
frost,5
abomin,5
aveng,5
depart,5
outwit,5
uzumaki,5
offens,5
darth,5
vader,5
wagon,5
whenev,5
moscow,5
volunt,5
normi,5
protagonist,5
philosoph,5
issu,5
grab,5
broadcast,5
parodi,5
elena,5
harsh,5
display,5
swept,5
eden,5
sole,5
clash,5
render,5
civilian,5
sacrif,5
sorceress,5
ocelot,5
indian,5
nine,5
alis,5
lowli,5
manner,5
outcom,5
dollar,5
kara,5
miracl,5
nasti,5
brigad,5
announc,5
club,5
fist,5
runner,5
offici,5
jetson,5
arceu,5
term,5
favourit,5
bound,5
full-length,5
ghostli,5
premier,5
higher,5
previou,5
remind,5
akemi,5
2003,5
crossov,5
driver,5
fun-fil,5
pearl,5
kyoto,5
region,5
kaito,5
headless,5
valu,5
otherwis,5
mauric,5
embarrass,5
footag,5
1980,5
aegi,5
fresh,5
labor,5
panic,5
saga,5
timo,5
forward,5
hellboy,5
asleep,5
paul,5
acquir,5
either,5
will,5
marcu,5
badli,5
associ,5
howl,5
surreal,5
flute,5
sadli,5
oppos,5
werner,5
count,5
reincarn,5
attach,5
solitud,5
seiz,5
daria,5
rage,5
awar,5
nazi,5
chronicl,5
trailer,5
toaster,5
humanoid,5
neither,5
fals,5
devot,5
viciou,5
barber,5
orchestra,5
sylvest,5
seat,5
mega,5
upstair,5
meiko,5
handl,5
vega,5
reina,5
dale,5
sabotag,5
fridg,5
chees,5
humphrey,5
condit,5
edit,5
abel,5
breast,5
chain,4
trickster,4
hector,4
kristoff,4
uproot,4
francisco,4
disgust,4
everyday,4
adjust,4
critter,4
mammoth,4
saber-tooth,4
sloth,4
aquarium,4
dori,4
surfer,4
seagul,4
weaponri,4
exhaust,4
carl,4
undergo,4
knew,4
territori,4
prompt,4
flynn,4
thug,4
detour,4
sleepi,4
heat,4
parr,4
mess,4
gear,4
collector,4
zebra,4
melman,4
gloria,4
curios,4
godmoth,4
dwarf,4
mistakenli,4
spectacular,4
whale,4
mrida,4
chimp,4
scent,4
smuggler,4
oppress,4
bustl,4
hord,4
grasshopp,4
madagascar,4
wreck,4
craft,4
llama,4
hercul,4
stop-mot,4
post-apocalypt,4
extinct,4
rooster,4
mrs.,4
brick,4
snowi,4
drawn,4
ivan,4
drift,4
catapult,4
laughter,4
expedit,4
stuart,4
cliff,4
ponyo,4
sorceri,4
romanov,4
empress,4
fool,4
vanquish,4
jasmin,4
jail,4
wand,4
gloriou,4
midnight,4
sheriff,4
collis,4
settl,4
luci,4
quasi,4
corp,4
sewer,4
restaur,4
august,4
kitchen,4
passion,4
social,4
wacki,4
sulley,4
barri,4
subsequ,4
sevil,4
spin,4
fade,4
wendi,4
hook,4
ravag,4
engag,4
tumbl,4
weekend,4
valuabl,4
astronaut,4
milo,4
submarin,4
wili,4
leon,4
rogu,4
reloc,4
butler,4
republ,4
chri,4
larger,4
anonym,4
snoopi,4
toad,4
difficult,4
kaneda,4
jordan,4
sort,4
tobi,4
activ,4
all-pow,4
atop,4
dodg,4
debut,4
none,4
endang,4
unwittingli,4
newli,4
covet,4
victorian,4
smith,4
cabin,4
deed,4
mistaken,4
look-alik,4
stalk,4
bamboo,4
leap,4
endless,4
computer-anim,4
kronk,4
turf,4
escort,4
masterpiec,4
shaken,4
danni,4
high-spirit,4
falcon,4
hound,4
span,4
impos,4
instant,4
washington,4
deem,4
dawn,4
sixth,4
frontier,4
shouya,4
goat,4
grizzli,4
resolv,4
fleet,4
environment,4
imaginari,4
blade,4
brad,4
disturb,4
extermin,4
round,4
immens,4
annihil,4
homeless,4
groundbreak,4
osiri,4
kind-heart,4
oshii,4
batou,4
aggi,4
malfunct,4
dispatch,4
profession,4
genesi,4
joseph,4
fell,4
itchi,4
prep,4
retali,4
bounc,4
suggest,4
migrat,4
carnivor,4
drama,4
increasingli,4
musket,4
reject,4
curtain,4
ernest,4
forg,4
mexico,4
merci,4
familiar,4
shadi,4
dimwit,4
egypt,4
suicun,4
barbarian,4
elric,4
norm,4
cruso,4
baker,4
vegeta,4
disappoint,4
self-proclaim,4
file,4
bent,4
luckili,4
shuttl,4
u.s.,4
tourist,4
annabel,4
somehow,4
brian,4
jack-jack,4
takao,4
skip,4
elina,4
option,4
gentl,4
conduct,4
elud,4
entitl,4
minut,4
proper,4
footbal,4
superstar,4
icon,4
tranquil,4
governor,4
flintston,4
fortress,4
wildli,4
long-lost,4
examin,4
fuel,4
enrag,4
twilight,4
unforgett,4
preserv,4
wear,4
zone,4
lumier,4
antholog,4
pastim,4
remnant,4
filmmak,4
batgirl,4
dazzl,4
claviu,4
curri,4
aquat,4
doesnt,4
judg,4
slug,4
radic,4
sick,4
revolv,4
eaten,4
insist,4
alphons,4
resembl,4
bold,4
lighthous,4
climb,4
broker,4
creativ,4
convent,4
billionair,4
laid,4
enigmat,4
penelop,4
simpli,4
griffith,4
border,4
brink,4
coma,4
thunder,4
religi,4
artifact,4
shion,4
reluctantli,4
applianc,4
spoil,4
charlott,4
heal,4
alter-ego,4
contend,4
misti,4
mansion,4
rang,4
yokohama,4
would-b,4
flutterfield,4
theatr,4
berat,4
exploit,4
kasukab,4
erupt,4
horribl,4
dino,4
sleigh,4
lane,4
wakanda,4
instantli,4
extrem,4
pool,4
chair,4
spooki,4
tyrann,4
antic,4
guidanc,4
shroud,4
conspir,4
kido,4
yaga,4
basebal,4
serious,4
armor,4
discuss,4
weav,4
blackout,4
divers,4
digi-egg,4
koromon,4
greymon,4
tetrax,4
maggi,4
altera,4
sandler,4
cheer,4
minu,4
norimichi,4
yuusuk,4
firework,4
occas,4
solut,4
dreamwork,4
cake,4
sheen,4
employe,4
sale,4
kanto,4
aaron,4
aura,4
elimin,4
lorenzo,4
autom,4
equip,4
wide-ey,4
canari,4
deck,4
peanut,4
bachelor,4
kristyn,4
drip,4
stabl,4
michiru,4
whatev,4
februari,4
benedict,4
beanstalk,4
novelist,4
scar,4
two-head,4
plung,4
bought,4
sled,4
pleasant,4
kyon,4
dormant,4
print,4
failur,4
trade,4
daili,4
repeat,4
horrifi,4
museum,4
phantom,4
woonan,4
minist,4
2009,4
apprehend,4
pure,4
archenemi,4
dorothi,4
strive,4
nickelodeon,4
primarili,4
backyard,4
modifi,4
youngster,4
pacif,4
luck,4
remov,4
inspector,4
mouri,4
homura,4
favor,4
horseman,4
mafia,4
eindoak,4
victini,4
elsewher,4
expert,4
porki,4
actor,4
tekken,4
progress,4
immers,4
self-defens,4
hemingway,4
blackwolf,4
enchantress,4
australia,4
counti,4
tetsuzo,4
scrappi,4
maya,4
eleven,4
conclus,4
fun-lov,4
shortli,4
squeez,4
string,4
mytholog,4
nutcrack,4
portrait,4
dispos,4
shepherdess,4
drown,4
lunar,4
sniper,4
plagu,4
erni,4
clow,4
male,4
lucif,4
psychic,4
laloux,4
miniatur,4
stein,4
wash,4
mage,4
advantag,4
mardock,4
balot,4
duncan,4
kaiju,4
mii-san,4
deni,4
smile,4
bannon,4
genesect,4
properti,4
krash,4
kikoriki,4
calcul,4
aircraft,4
similar,4
nohara,4
terkel,4
coup,4
koya,4
satomi,4
cycl,4
sasha,4
arsen,4
feather,4
auction,4
journalist,4
camel,4
narr,4
foot,4
dim-wit,4
nazaldorf,4
burt,4
ward,4
broom,4
nessi,4
pond,4
rubber,4
emilio,4
jupit,4
wrap,4
impli,4
strki,4
successor,4
skrm,4
gotten,4
illeg,4
boogi,4
hancock,4
watson,4
geum,4
pycal,4
puss'n,4
kshir,4
pepe,4
comment,4
re-evalu,4
zero-x,4
agatha,4
ceremoni,4
kamil,4
riddick,4
clam,4
countrysid,4
shinko,4
wile,4
findu,4
figaro,4
jock,4
dolbar,4
mbiu,4
ataru,4
claw,4
headhunt,4
miyori,4
sancho,4
flair,4
naomi,4
renton,4
eureka,4
coconut,4
walter,4
kosala,4
orson,4
stan,4
mayana,4
lowbelli,4
blockhead,4
satou,4
kouga,4
ryouko,4
bastion,4
nick,3
sven,3
olaf,3
turmoil,3
despic,3
downright,3
mismatch,3
woolli,3
dentist,3
marlin,3
dude,3
crave,3
faction,3
present-day,3
totoro,3
contin,3
russel,3
feisti,3
captor,3
ticket,3
handsom,3
chameleon,3
rooki,3
qualiti,3
type,3
arcad,3
candi,3
dire,3
giraff,3
admir,3
regular,3
tension,3
gigant,3
simpson,3
fugit,3
ariel,3
eric,3
surpass,3
shifu,3
tigress,3
albeit,3
horrend,3
passag,3
insecur,3
shield,3
unruli,3
archer,3
custom,3
hatchl,3
linda,3
janeiro,3
pacha,3
advisor,3
pitch,3
phil,3
trainer,3
hade,3
mulan,3
supervillain,3
boar,3
rocki,3
espionag,3
victoria,3
valiant,3
cozi,3
ghoulish,3
roam,3
repress,3
everybodi,3
priceless,3
unicorn,3
smart,3
continent,3
scarlet,3
racer,3
bottl,3
outbreak,3
granddaught,3
quietli,3
versu,3
leaf,3
debt,3
suburban,3
hibern,3
formid,3
rumpelstiltskin,3
embroil,3
glass,3
schooler,3
taki,3
occurr,3
skipper,3
octaviu,3
mowgli,3
impromptu,3
paddington,3
proport,3
namesak,3
plastic,3
litter,3
bolt,3
disastr,3
chef,3
culinari,3
certainli,3
unwant,3
upsid,3
toymak,3
hawaiian,3
stitch,3
necessarili,3
balthazar,3
songwrit,3
chubbi,3
wheel,3
bambi,3
burrow,3
highlight,3
drum,3
selenia,3
impuls,3
footstep,3
zani,3
moos,3
gene,3
emoji,3
highli,3
worldwid,3
brew,3
vigilant,3
reunion,3
kennedi,3
smash,3
gisel,3
slight,3
overs,3
suprem,3
boov,3
promptli,3
accomplic,3
hutt,3
alexand,3
institut,3
merchant,3
torn,3
flat,3
minimoy,3
somewher,3
mainland,3
kiara,3
recollect,3
rita,3
hacker,3
puppetmast,3
amazon,3
darkest,3
bloodi,3
looney,3
ignit,3
squar,3
packag,3
rag-tag,3
rarest,3
beard,3
patti,3
bikini,3
spongebob,3
patrick,3
recip,3
parad,3
murphi,3
meteor,3
confin,3
heartwarm,3
grace,3
educ,3
aerial,3
bitter,3
speck,3
loot,3
shock,3
rapidli,3
exquisit,3
papa,3
skull,3
jone,3
distribut,3
bridg,3
whether,3
kanga,3
wedg,3
disrupt,3
mutt,3
scotland,3
1950,3
lasagna,3
high-school,3
trek,3
reduc,3
afflict,3
dedic,3
dictat,3
helen,3
matt,3
damon,3
majest,3
nave,3
poem,3
copper,3
scamp,3
hall,3
mole,3
badger,3
ichabod,3
katrina,3
invinc,3
crimson,3
miyazaki,3
italian,3
freelanc,3
shouko,3
akari,3
distanc,3
besid,3
crisi,3
free-spirit,3
good-natur,3
rivalri,3
lumberjack,3
chop,3
widow,3
crow,3
rosetta,3
load,3
woodsman,3
elixir,3
syndic,3
camelot,3
evolut,3
ballerina,3
leela,3
drummer,3
princip,3
misunderstand,3
boundari,3
revolt,3
overwork,3
mummi,3
liberti,3
jimmi,3
rice,3
brilliantli,3
coat,3
deton,3
mumbl,3
pigeon,3
mainli,3
exuber,3
notion,3
ridicul,3
proud,3
unbeknownst,3
hokag,3
solitari,3
listen,3
alfr,3
transit,3
distinct,3
middle-ag,3
depend,3
triniti,3
score,3
real-lif,3
interview,3
1982,3
worship,3
vice,3
kate,3
contract,3
instruct,3
quirki,3
ronal,3
burn,3
hattori,3
arctic,3
list,3
exclus,3
parrot,3
babel,3
rooftop,3
involuntari,3
hazel,3
unman,3
occupi,3
druid,3
east,3
patient,3
kingpin,3
cleopatra,3
gordon,3
babysit,3
smallest,3
shoemak,3
raini,3
u.n.,3
nerv,3
retitl,3
feast,3
solo,3
precis,3
townsfolk,3
bureau,3
zero,3
site,3
kogor,3
ebenez,3
follow-up,3
neon,3
bearer,3
recoveri,3
sticki,3
overwhelm,3
amadeo,3
consum,3
previous,3
merman,3
reproduc,3
1995,3
numer,3
gohan,3
garlic,3
krillin,3
superpow,3
rosella,3
impel,3
reappear,3
seclus,3
insult,3
1996,3
core,3
prohibit,3
scold,3
fifi,3
passageway,3
balto,3
boom,3
bread,3
krypton,3
ever-evolv,3
supergirl,3
yogi,3
uberta,3
manta,3
planetari,3
heritag,3
medicin,3
award-win,3
swing,3
lend,3
azur,3
stuf,3
stock,3
ladybug,3
elliott,3
keeper,3
tyler,3
librari,3
colin,3
hometown,3
doorstep,3
implement,3
sewashi,3
rewrit,3
spiral,3
servant,3
kept,3
forbid,3
decept,3
deathstrok,3
roshi,3
bulma,3
cube,3
untold,3
saiyajin,3
infinit,3
sake,3
draag,3
influenc,3
length,3
trunk,3
broli,3
shirakawa,3
croc,3
slaver,3
proof,3
harmless,3
predict,3
tame,3
clara,3
sold,3
whim,3
canal,3
sibl,3
protector,3
increas,3
gradual,3
coin,3
shall,3
deunan,3
riot,3
molli,3
year-old,3
flag,3
tugboat,3
getafix,3
disgrac,3
absenc,3
heroin,3
network,3
sprung,3
tendenc,3
selfish,3
unseen,3
sweep,3
thick,3
rebellion,3
twosom,3
boat,3
slaveri,3
yukon,3
enact,3
cooler,3
flip,3
griffin,3
thirti,3
clay,3
spider-man,3
petri,3
sixteen,3
konoha,3
cream,3
jedi,3
overlord,3
australian,3
manhattan,3
babe,3
industrialist,3
revolutionari,3
savannah,3
util,3
kamiya,3
utopian,3
prospect,3
deplet,3
predecessor,3
whoever,3
prosthet,3
diva,3
applaus,3
structur,3
access,3
safeguard,3
termin,3
rebirth,3
helpless,3
riddler,3
miner,3
maraud,3
domain,3
nekron,3
timid,3
fievel,3
plucki,3
injuri,3
face-to-fac,3
niko,3
soccer,3
pauper,3
nationwid,3
auditorium,3
insidi,3
inanim,3
carrol,3
massachusett,3
ancestor,3
spree,3
clawdeen,3
voltag,3
mail,3
greet,3
haruhi,3
heard,3
stir,3
lambert,3
werewolv,3
perhap,3
envelop,3
devour,3
persuad,3
tide,3
finest,3
conclud,3
cybertron,3
ranch,3
tinni,3
dealer,3
devis,3
grew,3
hunger,3
juli,3
sparrow,3
getaway,3
drago,3
volcanion,3
magearna,3
sanji,3
usopp,3
clearli,3
subplot,3
court,3
donaldson,3
scheffler,3
bison,3
ugli,3
aris,3
kansa,3
jester,3
pace,3
choujin,3
nagumo,3
entiti,3
endur,3
daredevil,3
glori,3
encourag,3
ancestr,3
top-secret,3
appreci,3
treatment,3
canterlot,3
autobot,3
bloom,3
halo,3
dianci,3
argu,3
asia,3
grail,3
magi,3
harvi,3
struck,3
alzheim,3
troop,3
transcend,3
theft,3
nicola,3
abyss,3
latin,3
cilan,3
doll,3
gutsi,3
rough,3
olymp,3
symbol,3
mediev,3
phrase,3
cafe,3
interspers,3
blanc,3
robert,3
kibosh,3
root,3
shake,3
bizarro,3
storytel,3
maki,3
hassan,3
skeleton,3
till,3
ecoban,3
evad,3
mishima,3
that,3
maze,3
thirteen,3
sophist,3
fire-start,3
shadowi,3
hedgehog,3
supremaci,3
method,3
warfar,3
whirlpool,3
henchman,3
raft,3
darl,3
fanci,3
boast,3
grain,3
brush,3
buddha,3
sought,3
meadow,3
port,3
upside-down,3
snurk,3
'minion,3
mini-movi,3
impi,3
urmel,3
2006,3
laura,3
stuff,3
out-of-this-world,3
rome,3
sibyl,3
slip,3
averag,3
mata,3
somebodi,3
fritz,3
mayhem,3
hanna-barbera,3
candid,3
saito,3
spiritu,3
cosmo,3
droid,3
workshop,3
time-machin,3
hydra,3
spare,3
rifl,3
bullet,3
unhappi,3
larri,3
treati,3
abus,3
anthropomorph,3
hiroshima,3
spanish,3
kamui,3
kurapika,3
environ,3
deform,3
william,3
hybrid,3
silent,3
succe,3
tangl,3
matoran,3
portion,3
colleagu,3
scream,3
appropri,3
lumpi,3
gobloon,3
hyde,3
health,3
zabi,3
made-for-tv,3
agil,3
breath,3
seclud,3
mitsuru,3
bump,3
world-class,3
bodyguard,3
suspens,3
shrunk,3
importantli,3
tragic,3
earlier,3
galli,3
wisdom,3
kiev,3
therefor,3
moral,3
council,3
dialogu,3
balloon,3
caterpillar,3
lili,3
matthesen,3
harm,3
northern,3
aphrodit,3
luxuri,3
summari,3
juana,3
vermin,3
prokofiev,3
repres,3
hamaji,3
noah,3
2000,3
b.o.o,3
shame,3
wrinkl,3
aida,3
rehabilit,3
aoyama,3
accus,3
carniv,3
outback,3
swashbuckl,3
entrust,3
seoul,3
porcupin,3
metaphys,3
toki,3
propaganda,3
river,3
dinkenstein,3
beetl,3
fudd,3
harri,3
autopilot,3
oblivi,3
figurin,3
repeatedli,3
gusuk,3
dirti,3
nowher,3
celesti,3
scope,3
troubadour,3
devilish,3
subject,3
karaok,3
taichi,3
innov,3
recogn,3
teeth,3
awak,3
demand,3
two-part,3
haikyuu,3
artemi,3
jabberwock,3
kick,3
select,3
thunderbolt,3
christina,3
weigh,3
grief,3
platform,3
sergio,3
buddhism,3
'dragon,3
furnitur,3
consequ,3
azaka,3
kokut,3
ryougi,3
hostess,3
blacki,3
third-year,3
dispens,3
skyscrap,3
shanghai,3
nanto,3
dalton,3
dote,3
sita,3
takizawa,3
bing,3
jazz,3
tablet,3
hikari,3
swedish,3
roof,3
reader,3
thought-provok,3
livi,3
headmast,3
brazil,3
rumbl,3
kagom,3
grim,3
bulldog,3
aeug,3
scarafoni,3
conjur,3
affection,3
nest,3
elev,3
mammi,3
thrash,3
tank,3
shero,3
gabu,3
northpia,3
jeremiah,3
minti,3
cowardli,3
coyot,3
snowflak,3
amulet,3
slave,3
alpha,3
herman,3
caveman,3
jacob,3
arisa,3
beaver,3
heimlich,3
dieter,3
chin,3
shiri,3
mikura,3
heavili,3
laird,3
caruso,3
specimen,3
aquariu,3
grandma,3
miseri,3
pushok,3
heathcliff,3
mirai,3
bethlehem,3
psychot,3
soft,3
crewmemb,3
subterranean,3
riverbank,3
popcorn,3
ceil,3
prey,3
jong-seok,3
runt,3
sebastian,3
fuuko,3
shatter,3
react,3
maelstrom,3
inquisit,3
shot,3
tsunami,3
gaurdian,3
daemon,3
slag,3
judi,2
hopp,2
zootopia,2
scam-artist,2
baffl,2
generations-old,2
ernesto,2
cruz,2
arendel,2
bumpi,2
midwest,2
advis,2
deplor,2
nobler,2
mcgregor,2
warm-heart,2
anti-villain,2
clownfish,2
worrisom,2
jellyfish,2
plus-siz,2
inflat,2
baymax,2
hiro,2
hamada,2
grodd,2
displac,2
intellect,2
bat-famili,2
adrift,2
fredricksen,2
fullest,2
8-year,2
leas,2
chihiro,2
snotlout,2
insepar,2
chart,2
unmap,2
sullivan,2
wazowski,2
hair,2
escapad,2
piston,2
motor,2
mouth,2
formerli,2
fled,2
human-lik,2
sleek,2
felix,2
cooki,2
bliss,2
impetu,2
stepmoth,2
manti,2
viper,2
tyrant,2
smelli,2
gorgeou,2
fire-breath,2
haddock,2
mettl,2
spite,2
self-indulg,2
crood,2
outlook,2
highland,2
broke,2
casino,2
behalf,2
precari,2
partnership,2
belief,2
pegasu,2
mushu,2
shang,2
lenni,2
ashitaka,2
nine-year-old,2
prejudic,2
eddi,2
snoop,2
marvin,2
swamp,2
hopelessli,2
ginger,2
coralin,2
button,2
cantanker,2
kitti,2
mastermind,2
humpti,2
dumpti,2
super-villain,2
sosuk,2
goldfish,2
steadili,2
12-year-old,2
rasputin,2
anastasia,2
maria,2
skeptic,2
pact,2
jafar,2
fairy-tal,2
mitsuha,2
rico,2
rango,2
dirt,2
lizard,2
hilt,2
bare,2
lorax,2
grumpi,2
r-rate,2
gargantuan,2
gnomeo,2
juliet,2
poppi,2
optimist,2
statement,2
decidedli,2
ideal,2
visitor,2
geppetto,2
vanessa,2
speedi,2
volatil,2
piggi,2
kubo,2
mesmer,2
self-discoveri,2
breed,2
seasid,2
stronghold,2
finger,2
afternoon,2
whimsic,2
madcap,2
lavish,2
supernova,2
brontosauru,2
lush,2
veget,2
thrive,2
thatch,2
irrever,2
phenomenon,2
big-screen,2
hostil,2
sausag,2
airport,2
redfield,2
mutat,2
tramp,2
weeni,2
pamper,2
pint-siz,2
pachyderm,2
bonfamil,2
jabba,2
oneself,2
bernard,2
bianca,2
rodney,2
weld,2
chamber,2
arch,2
descent,2
pile,2
rubi,2
beckon,2
lurk,2
14-year-old,2
arrietti,2
stallion,2
kovu,2
scanner,2
earliest,2
gave,2
robinson,2
roddi,2
2029,2
highly-w,2
rainforest,2
hurtl,2
teresa,2
ross,2
tetsuo,2
motorcycl,2
covert,2
carpet,2
last-minut,2
brittani,2
time-travel,2
misadventur,2
unauthor,2
lava,2
bio-engin,2
superior,2
dreamt,2
ambit,2
page,2
krabbi,2
plankton,2
frollo,2
esmeralda,2
renam,2
ginormica,2
regal,2
amnesiac,2
mere,2
needless,2
shore,2
pocahonta,2
culprit,2
treacher,2
haru,2
17-year-old,2
backward,2
realis,2
grouchi,2
necessari,2
estat,2
zarina,2
awkward,2
millionair,2
codi,2
mockumentari,2
snail,2
meat,2
timelin,2
cruis,2
dodger,2
illusionist,2
adolesc,2
extravaganza,2
prosper,2
reconstruct,2
fledgl,2
gari,2
samuel,2
jackson,2
sean,2
moor,2
1940,2
zambezia,2
restrict,2
lifestyl,2
junkyard,2
dislik,2
hunchback,2
kenneth,2
bone,2
oncom,2
trajectori,2
kryptonit,2
relentless,2
porco,2
rosso,2
mare,2
compass,2
wiser,2
takaki,2
robberi,2
ralli,2
blith,2
estrang,2
ritual,2
1959,2
crab,2
shelli,2
kyuta,2
kumatetsu,2
foray,2
jean-bob,2
shrink,2
ferngulli,2
sherlock,2
plow,2
transplant,2
veteran,2
helicopt,2
wildfir,2
chloe,2
streak,2
irresist,2
emmi,2
misstep,2
zugor,2
goodi,2
anthil,2
re-tel,2
kayley,2
collaps,2
ordinemon,2
entangl,2
rural,2
bonni,2
ecologically-mind,2
feminist,2
violet,2
remaind,2
terra,2
mala,2
terrian,2
'fantasia,2
betamech,2
pipework,2
bedroom,2
darko,2
e.b.,2
out-of-work,2
renaiss,2
matricul,2
elastic-band,2
underp,2
half-wolf,2
nome,2
alaska,2
2071,2
tanker,2
biochem,2
astronom,2
bebop,2
spiegel,2
annika,2
brietta,2
2032,2
bend,2
wishbon,2
bookshop,2
misunderstood,2
soren,2
ostens,2
owlet,2
brainwash,2
ga'hool,2
oakton,2
bulldoz,2
misinterpret,2
backson,2
gogh,2
oil-paint,2
1945,2
upper,2
mile,2
atlant,2
perman,2
someday,2
pebbl,2
carfac,2
damn,2
phoebu,2
zephyr,2
t-rex,2
plenti,2
traumat,2
divis,2
sasuk,2
1970,2
iran,2
idealist,2
revolut,2
tyranni,2
asuna,2
eman,2
cruelti,2
nightw,2
celestin,2
dental,2
crumbl,2
oscar-win,2
runaway,2
heart-warm,2
deterior,2
arren,2
hatr,2
appoint,2
maneuv,2
rose,2
mordon,2
chicago,2
folman,2
usag,2
not-too-dist,2
drug,2
dorado,2
worth,2
mcduck,2
huey,2
dewey,2
fiddl,2
stunt,2
stronger,2
bergen,2
muscular,2
volcazar,2
anew,2
directli,2
poss,2
scale,2
oblig,2
finni,2
nestrian,2
leah,2
predat,2
definit,2
smooth,2
gaul,2
therapist,2
ricki,2
ella,2
jimbo,2
blob,2
octopu,2
narrow,2
nile,2
geri,2
chess,2
alan,2
babysitt,2
sketch,2
deepen,2
laverna,2
constant,2
tokyo-3,2
intens,2
asuka,2
ikari,2
proceed,2
dvd/blu-ray,2
soup,2
jade,2
habitat,2
interfer,2
overflow,2
vegita,2
obnoxi,2
impostor,2
critic,2
trusti,2
prank,2
olivia,2
ponder,2
re-releas,2
compris,2
pascal,2
maximu,2
underway,2
church,2
complain,2
amongst,2
effici,2
loser,2
unfinish,2
deceas,2
crop,2
fairytopia,2
nori,2
pleakley,2
cena,2
dragonbal,2
bigfoot,2
scientif,2
derbi,2
starship,2
irrit,2
remak,2
gainax,2
ponyvil,2
mane,2
pinki,2
hideaway,2
kenichi,2
cogsworth,2
forgiv,2
folli,2
randolph,2
rowena,2
geneviev,2
dancing.think,2
aleu,2
bakeri,2
'disappear,2
piella,2
bakewel,2
sorbet,2
tagoma,2
geoff,2
johns/gari,2
unbound,2
kandor,2
all-know,2
intellectu,2
newly-arriv,2
life-lik,2
photo-r,2
miniseri,2
evergreen,2
2013,2
elastigirl,2
jellyston,2
boo-boo,2
barbara,2
donor,2
utopia,2
untam,2
furi,2
sequin,2
flairi,2
sparkle-mag,2
runway,2
knuckl,2
apokoliptian-tyr,2
atlanna,2
half-broth,2
half-human,2
atlantean,2
teammat,2
beavi,2
butt-head,2
clueless,2
namekian,2
wonder-fil,2
newcom,2
pleasantri,2
mist,2
now-familiar,2
cobol,2
germani,2
skin,2
djinn-fairi,2
chiyoko,2
vile,2
picnic,2
perri,2
invis,2
salesmen,2
treehous,2
carv,2
fiendish,2
wright,2
miramount,2
healthi,2
expir,2
caretak,2
inevit,2
zucchini,2
newfound,2
tara,2
kochin,2
wheelo,2
rebuild,2
atlanti,2
diana,2
steve,2
trevor,2
adulthood,2
charismat,2
prophesi,2
unprepar,2
jaga,2
bada,2
grudg,2
postwar,2
hokkaido,2
middle-school,2
sayuri,2
relic,2
glimps,2
emil,2
shrine,2
exclud,2
tchaikovski,2
thumbelina,2
wildflow,2
gobber,2
snowstorm,2
satellit,2
meier,2
justforkix,2
norway,2
stephen,2
tibetan,2
zelda,2
lust,2
absolut,2
never-before-seen,2
shower,2
meteorit,2
slide,2
interact,2
luxo,2
cartoonist,2
monkeybon,2
horni,2
fountain,2
veil,2
mean-spirit,2
deploy,2
unknowingli,2
brock,2
humour,2
cope,2
1963,2
vitalstatistix,2
kenji,2
math,2
email,2
armageddon,2
loom,2
horizon,2
saya,2
katana,2
makiho,2
amano,2
bane,2
chanticl,2
volcano,2
powerpuff,2
scam,2
hack,2
bender,2
incompet,2
injustic,2
pixar,2
cheetah,2
deject,2
kobayashi,2
neutral,2
tonight,2
grandpa,2
opinion,2
macabr,2
kotaro,2
pterano,2
hermey,2
corneliu,2
prospector,2
solar,2
hone,2
demis,2
decre,2
midwif,2
delici,2
karaba,2
virgin,2
circuit,2
harbor,2
ghastli,2
grip,2
overprotect,2
s.h.i.e.l.d,2
madli,2
cera,2
ducki,2
minato,2
namikaz,2
skywalk,2
sci-fi,2
collabor,2
daft,2
punk,2
matsumoto,2
horac,2
horsecollar,2
clarabel,2
peg-leg,2
pope,2
albino,2
ludmilla,2
eight-year-old,2
melbourn,2
forty-four-year,2
obes,2
mid-1970,2
friendless,2
20-year,2
correspond,2
ruth,2
1932,2
cocki,2
thicknos,2
okay,2
lucid,2
dream-lik,2
flashback,2
pre-teen,2
talia,2
damian,2
righteou,2
acknowledg,2
kion,2
'lion,2
array,2
policeman,2
pill,2
botamon,2
unintent,2
digivolv,2
gwen,2
gabriel,2
pluck,2
badland,2
facad,2
rand,2
minim,2
daycar,2
escape,2
mindless,2
recast,2
elven,2
liya,2
holder,2
alteran,2
no-holds-bar,2
davey,2
33-year,2
reserv,2
rock-lik,2
holocaust,2
savior,2
risen,2
livabl,2
grand-grandson,2
schoolchildren,2
junichi,2
nazuna,2
snoggletog,2
ineffectu,2
salvag,2
forthcom,2
'evolut,2
eject,2
gelata,2
bake,2
mini-short,2
dessert,2
sensibl,2
volleybug,2
terroris,2
wool,2
high-steppin,2
lustrou,2
jackalop,2
horn-adorn,2
mope,2
wooli,2
rebound,2
kelli,2
starl,2
glamour,2
self-centr,2
frequent,2
snooti,2
chuzzlewit,2
clearanc,2
eben,2
unicycl,2
juggl,2
rainfal,2
resign,2
preoccupi,2
aura-guid,2
lucario,2
cameron,2
houndoom,2
cameroon,2
resolut,2
bloodlin,2
tsunad,2
two-hour,2
craig,2
bartlett,2
journal,2
describ,2
michel,2
replic,2
dwindl,2
cyberina,2
re-work,2
wolverin,2
buck,2
fruit,2
orchestr,2
nice,2
consider,2
aquaman,2
manaphi,2
afoot,2
pretti,2
gluttoni,2
surg,2
larn,2
jarol,2
tens,2
steamboat,2
passeng,2
shini,2
akko,2
ichigo,2
rukia,2
senna,2
toponi,2
prejud,2
high-fli,2
saddl,2
re-marri,2
stepbroth,2
hailey,2
commut,2
pipe,2
gurgl,2
gutter,2
timeglob,2
twice,2
hatak,2
haruno,2
poorli,2
tend,2
materialist,2
worldview,2
hikaru,2
deciph,2
hideo,2
akagi,2
ryusuk,2
higo,2
osaka,2
far-futur,2
bitten,2
'initi,2
midland,2
campaign,2
doldrey,2
2001,2
2001.it,2
boredom,2
detweil,2
ex-princip,2
phillium,2
newly-acquir,2
tractor,2
beam,2
harp,2
jedi-in-train,2
death-star-blower-upp,2
double-edg,2
lightsab,2
naboo,2
craze,2
imperil,2
maul,2
nightmare-,2
oakhaven,2
district,2
attorney,2
harvey,2
dent,2
acid,2
defac,2
beer,2
mint,2
sauc,2
encyclopaediu,2
britannicu,2
declin,2
eliza,2
debbi,2
stinger,2
quick,2
suzumiya,2
mikuru,2
koizumi,2
literatur,2
hindu,2
disclos,2
coffin,2
press,2
mukad,2
leylin,2
housecat,2
financi,2
humili,2
chick,2
fragment,2
redeem,2
uncertain,2
sink,2
superbeasto,2
sexi,2
booklet,2
snatch,2
exact,2
fright,2
hardli,2
apocalypt,2
tender,2
reckless,2
bind,2
cant,2
relax,2
theif,2
trump,2
yeti,2
elisabeth,2
sissi,2
guil,2
chun,2
cherri,2
rabbi,2
felin,2
concret,2
trapper,2
grandpar,2
mikako,2
makai,2
thornberri,2
june,2
ceas,2
podium,2
addict,2
flyer,2
exhibit,2
compel,2
useless,2
zoroark,2
zorua,2
raikou,2
gymnast,2
burglar,2
glam,2
cute,2
duckl,2
profit,2
indiffer,2
absurd,2
violin,2
rothbart,2
decepticon,2
megatron,2
shirou,2
fuyuki,2
perpetu,2
diseas,2
suspici,2
on-board,2
temujin,2
suck,2
assail,2
1969,2
licens,2
entranc,2
swordsman,2
puella,2
magica,2
shimmerval,2
catania,2
cargo,2
kame-sen'nin,2
ribbon,2
nishi,2
improvis,2
strain,2
drakken,2
unforeseen,2
calculu,2
postman,2
kringl,2
sombertown,2
warlock,2
o'bannon,2
hime,2
schedul,2
kokon,2
builder,2
hurt,2
peep,2
mazing,2
roller-sk,2
automat,2
1979,2
shown,2
showcas,2
maltes,2
compos,2
stall,2
surprisingli,2
zarafa,2
hand-drawn,2
nomad,2
hallow,2
otherworldli,2
1981,2
forgot,2
tomorrow,2
suzuki,2
zaibatsu,2
kaido,2
mustafa,2
incit,2
xiaoyu,2
katsuhiro,2
tomo,2
gaea,2
hitomi,2
kanzaki,2
escaflown,2
vertigo,2
bestsel,2
angela,2
sommer-bodenburg,2
graveyard,2
state-of-th,2
ministri,2
maritim,2
paint-on-glass-anim,2
aleksandr,2
petrov,2
montreal,2
fund,2
assort,2
english-languag,2
concurr,2
imax,2
prolong,2
ghost-infect,2
delv,2
all-too-familiar,2
pyrophor,2
ambigu,2
netherworld,2
re-emerg,2
avatar,2
all-fath,2
asgardian,2
amora,2
sea-quel,2
splash,2
oceana,2
farquaad,2
theloni,2
waterfal,2
mariah,2
dog-sit,2
scraggli,2
rascal,2
publicli,2
inde,2
beaten,2
slyli,2
poten,2
andersen,2
envis,2
fieri,2
1814,2
mid-fifti,2
tirelessli,2
garbage-load,2
house-ateli,2
astound,2
giant-siz,2
bodhidharma,2
meter-wid,2
sheet,2
outspoken,2
23-year-old,2
o-ei,2
uncredit,2
chopstick,2
mang,2
singled-handedli,2
airshow,2
jelli,2
refuge,2
invited-refuge,2
intensifi,2
kuze,2
dock,2
monster-s,2
smaller,2
immin,2
third-gener,2
nois,2
neighbour,2
angelino,2
prowl,2
garzooka,2
model,2
oblivion,2
kappa,2
miracul,2
koichi,2
valour,2
gaspard,2
tool,2
antarctica,2
belt,2
seaun,2
shambala,2
puzzl,2
mimiko,2
papapanda,2
insan,2
15-year-old,2
sofia,2
royalti,2
quak,2
cheeki,2
mockingbird,2
barren,2
sherman,2
sapien,2
steam,2
albuquerqu,2
yosemit,2
kildren,2
day-to-day,2
homemad,2
genocid,2
departur,2
coral,2
pissed-off,2
lagoona,2
farnum,2
businessman,2
nake,2
distrust,2
matut,2
dibbl,2
artilleri,2
1977,2
sodor,2
medic,2
coach,2
overtak,2
reliv,2
street-smart,2
enforc,2
tyra,2
kinomoto,2
syaoran,2
reed,2
prostitut,2
taboo,2
godzilla,2
tasmanian,2
mistress,2
boost,2
stare,2
veggietal,2
cucumb,2
sunni,2
easili,2
untim,2
pastor,2
barefoot,2
nakazawa,2
rediscov,2
destino,2
painter,2
fuma,2
commiss,2
reflect,2
breakdown,2
vesparand,2
unveil,2
hufa,2
dystopian,2
ecolog,2
countless,2
braveri,2
bush,2
zzzax,2
philipp,2
poverti,2
sylvain,2
brain,2
hurrican,2
measur,2
morri,2
lessmor,2
cage,2
creeperiff,2
pelican,2
boiler,2
coal,2
jasper,2
gulliv,2
blefiscu,2
indestruct,2
nameless,2
arabian,2
chupacabra,2
terri,2
chapman,2
trick-or-tr,2
cockroach,2
dishonest,2
talbot,2
jekyl,2
pioneer,2
saloon,2
lawless,2
kindergarten,2
sayla,2
ramba,2
fraw,2
swim,2
oeufcoqu,2
firebreath,2
eponym,2
homework,2
120-foot-tal,2
okamura,2
solac,2
kiwi,2
ecosystem,2
singlehandedli,2
cultiv,2
abandond,2
blowout,2
vibe,2
despair,2
manifest,2
action-adventur,2
heart-stop,2
tussl,2
carrer,2
matheson,2
bombay,2
charmand,2
cock,2
rancher,2
cockfight,2
dejavu,2
cataclysm,2
scatter,2
ruptur,2
space-tim,2
continuum,2
sentient,2
melon,2
upstag,2
synopsi,2
furthermor,2
conan`,2
kudo,2
1600th,2
clawd,2
heartthrob,2
oddli,2
kurumi,2
tibet,2
heap,2
gothic,2
tsar,2
sounga,2
unimagin,2
johnson,2
guitar,2
cannon,2
wast,2
prevail,2
rank,2
parker,2
morgendorff,2
lower,2
yagami,2
notebook,2
logic,2
spook,2
yoda,2
youngl,2
classifi,2
foremost,2
boro,2
grass,2
conductor,2
napl,2
stretch,2
warship,2
kyoya,2
yatsushiro,2
traffic,2
mufasa,2
levamm,2
amatsukami,2
marguerit,2
serenad,2
ration,2
morina,2
iwerk,2
1929,2
hakkenden,2
fixi,2
patlabor,2
hata,2
aristocrat,2
alarm,2
sentinel,2
zion,2
dozen,2
wannab,2
profil,2
loner,2
globe-trot,2
quint,2
eagl,2
bacteria,2
supposedli,2
alborea,2
ramad,2
jean,2
mewsett,2
on-san,2
residenti,2
choru,2
kite,2
advic,2
kayla,2
hamish,2
photograph,2
fold,2
macross,2
exorcist,2
stowaway,2
wasteland,2
suppress,2
suk-gyu,2
cannib,2
a.c.o.r.n.,2
state-of-the-art,2
lola,2
perdid,2
piel,2
jaffar,2
matr,2
temp,2
dobrinya,2
niec,2
zmey,2
appeal,2
canon,2
strider,2
essenti,2
fangtast,2
columbu,2
alma,2
batti,2
bean,2
10-year,2
savva,2
hyena,2
fest,2
ramon,2
g-man,2
partner-in-fun,2
arlen,2
backstag,2
groom,2
newmar,2
lhikan,2
axel,2
gratitud,2
belka,2
hurdl,2
streetwis,2
strelka,2
irredeem,2
venya,2
program-train,2
macquack,2
golf,2
gamemast,2
ensnar,2
gambl,2
thano,2
spoof,2
beagl,2
dear,2
irrepress,2
steel-driv,2
novelti,2
capitol,2
character,2
tweeti,2
unhook,2
malomyotismon,2
swarm,2
angemon,2
angewomon,2
merg,2
armageddemon,2
evolutionari,2
imperialdramon,2
korugar,2
lena,2
clever,2
paco,2
pour,2
becki,2
huck,2
gauch,2
rehears,2
mill,2
discord,2
simplest,2
rick,2
integr,2
darker,2
retreat,2
reckon,2
exposur,2
a-law,2
convert,2
raichii,2
exchang,2
yellowbird,2
miller,2
bash,2
roronoa,2
sworn,2
kagami,2
kuroko,2
junpei,2
zentradi,2
blinki,2
guilt,2
raichi,2
tuffl,2
evenli,2
alfredo,2
nicknam,2
briefli,2
thanksgiv,2
imperson,2
revers,2
anina,2
clifford,2
jungo,2
analyz,2
roller,2
granit,2
freaki,2
admit,2
bequeath,2
apocalyps,2
starvat,2
yugi,2
krad,2
expens,2
morgana,2
hungarian,2
hammer,2
wire,2
concerto,2
koyomi,2
propheci,2
dougla,2
vault,2
75th,2
disregard,2
corto,2
raspoutin,2
banjo,2
caitlin,2
gloomi,2
stash,2
ramayana,2
rama,2
biograph,2
light-heart,2
ussr-mad,2
loui,2
stevenson,2
saki,2
selecao,2
popovich,2
rover,2
showgirl,2
idyl,2
empathi,2
1980,2
remad,2
crosbi,2
accumul,2
cart,2
monsieur,2
pierr,2
honest,2
insert,2
claus,2
blackmail,2
shorten,2
sure-,2
skazka,2
skazok,2
27-minut,2
influenti,2
yuri,2
norstein,2
non-narr,2
cut-out,2
19th,2
agent-,2
re-purpos,2
laborers-,2
adept,2
liber,2
presidenti,2
penetr,2
babylon,2
drunken,2
handcuff,2
spring-tim,2
keiichi,2
skuld,2
five-tail,2
maladjust,2
grabowski,2
leak,2
cat-catch,2
rust,2
ball-lik,2
blink,2
pulsat,2
countdown,2
out-of-control,2
mediterranean,2
wbfe,2
intact,2
perrault,2
1877,2
fyodor,2
dostoyevski,2
pacifi,2
distort,2
quarantin,2
patamon,2
millenni,2
soga,2
bart,2
orlean,2
fabrett,2
interf,2
unequ,2
gladitori,2
abound,2
prowess,2
nors,2
german-languag,2
cg-anim,2
voll,2
fahrt,2
loveabl,2
yacht,2
jurass,2
aria,2
prickli,2
farm-girl,2
pixel,2
lumpennerd,2
grenzfurthn,2
ideotain,2
cinemat,2
revu,2
concept,2
privaci,2
yike,2
toler,2
topic,2
anymor,2
ishan,2
raval,2
calv,2
discours,2
conscious,2
silicone-bas,2
lubric,2
untyp,2
malysh,2
acut,2
karlson,2
welfar,2
lindgren,2
tremend,2
nowaday,2
versa,2
user,2
grownup,2
lift-off,2
committe,2
overse,2
hazard,2
thunderbird,2
macleod,2
slain,2
okinawa,2
numb,2
stench,2
portend,2
videograph,2
tutli-putli,2
earthli,2
nocti,2
otokoyo,2
hoverboard,2
twinkl,2
1978,2
bratz,2
magazin,2
coincid,2
18th,2
mcdull,2
outsmart,2
usagi,2
menomaru,2
sango,2
miroku,2
shippou,2
dictatorship,2
boogey,2
flow,2
abstract,2
zeta,2
gackt,2
liver,2
walker,2
moshimo-box,2
check,2
moomin,2
franchis,2
dish,2
slingshot,2
vendor,2
swatter,2
bzzz,2
unconvent,2
gruesom,2
super-pow,2
tilli,2
beset,2
miser,2
backdrop,2
sphinx,2
christ,2
maliss,2
galvez,2
helmeth,2
cylind,2
shade,2
dwell,2
paid,2
istanbul,2
sleazi,2
occasion,2
econom,2
manivald,2
persecut,2
robotnik,2
nomin,2
henson,2
karen,2
chamii,2
substanc,2
hitch,2
robbi,2
wealth,2
clerk,2
condor,2
regret,2
mama,2
pettson,2
stda,2
kungen,2
faktiskt,2
svar,2
gena,2
kukuru,2
arjun,2
sponsor,2
mock,2
goos,2
photographi,2
sergeant,2
shitoushin,2
contrapt,2
polish,2
2002,2
index,2
stiyl,2
wallet,2
bushveld,2
today,2
hapless,2
juan,2
nando,2
nahuala,2
crulic,2
romanian,2
tchalla,2
fudo,2
bebe,2
groundhog,2
exam,2
midgard,2
taker,2
beremon,2
momokichi,2
yusei,2
jonathan,2
jall,2
lectur,2
bolar,2
denguil,2
player-piano,2
fukuin,2
gospel,2
kyoukai,2
estevez,2
martin,2
jaci,2
velasquez,2
family-friendli,2
melchior,2
gaspar,2
birthplac,2
six-year-old,2
shadow-tag,2
rumiko,2
takahashi,2
rematch,2
slayer,2
lina,2
invers,2
firebal,2
seafood,2
compar,2
naga,2
mousetrap,2
cavort,2
present-laden,2
plush,2
mistleto,2
popcycl,2
expans,2
ryuuga,2
notabl,2
safe-keep,2
super-intellig,2
d'etat,2
oland,2
million-dollar,2
11-year,2
unbeliev,2
animalymp,2
marathon,2
humid,2
gouldman,2
drama-comedi,2
plump,2
reel,2
fish-less,2
sleepless,2
candl,2
arrow,2
tireless,2
insouci,2
viaduct,2
irrig,2
stepp,2
cistern,2
chilli,2
ymir,2
groot,2
dumb-waiter-styl,2
befal,2
lunch,2
waiter,2
diner,2
unsuccess,2
jimena,2
gormaz,2
fernando,2
alfonso,2
unjustli,2
castil,2
derelict,2
cruiser,2
mine-world,2
zygon,2
orin,2
avalor,2
proce,2
corona,2
revisit,2
mombi,2
lass,2
liza,2
minnelli,2
ethel,2
powerless,2
jikan,2
naohisa,2
inou,2
seren,2
eisenhow,2
brooklyn,2
rotter,2
grope,2
barman,2
bychoic,2
matilda,2
madg,2
reignit,2
equilibrium,2
shakya,2
migaila,2
chapra,2
babbitt,2
telephon,2
gullibl,2
loud,2
gull,2
casual,2
wartim,2
anti-aircraft,2
amateur,2
burton,2
pest,2
disturbingli,2
assassinoid,2
quotient,2
ex-speci,2
jessi,2
4-dac,2
corn,2
averi,2
variat,2
1943,2
rudiment,2
nightclub,2
tube,2
adhes,2
hassl,2
zill,2
oriana,2
kyeong-min,2
outbid,2
wallpap,2
pajama,2
charro,2
mazinkais,2
grandpappi,2
taegon,2
sensit,2
rollo,2
eukariah,2
nook,2
correct,2
rikka,2
mayan,2
thio,2
interchang,2
infern,2
ledina,2
perci,2
horsemanship,2
keiand,2
forty-six,2
othersimmort,2
nastiest,2
feat,2
lifea,2
demi-human,2
dognap,2
toyland,2
pegleg,2
trombon,2
vulcan,2
temer,2
casbah,2
amor,2
rendit,2
chariti,2
dignitari,2
scour,2
microchip,2
infight,2
swirl,2
nina,2
klau,2
grenad,2
jeep,2
tinkl,2
ivori,2
magnum,2
'maryuuin,2
cosplay,2
maryuuin,2
sneaker-wear,2
hairi,2
automaton,2
reactiv,2
unfamiliar,2
omnic,2
dignifi,2
bellboy,2
buggsvil,2
populac,2
coloss,2
sex-stuf,2
lalapipo,2
diverg,2
seedi,2
sexual,2
spaghetti,2
masturb,2
self-loath,2
amoeba,2
seduc,2
ladder,2
massag,2
sorri,2
pimp,2
wail,2
munchausen,2
scrabbl,2
keith,2
moomintrol,2
zoom,2
gamba,2
noroi,2
surgeon,2
impecc,2
nam-woo,2
nestor,2
vesperia,2
apatheia,2