find,363
life,297
friend,283
love,243
famili,236
world,234
take,223
live,222
becom,207
young,186
must,182
make,177
help,172
turn,164
school,163
meet,153
discov,150
back,144
time,144
fall,144
year,142
home,136
stori,134
woman,134
come,133
work,132
decid,131
father,129
team,120
girl,120
name,119
togeth,115
three,112
want,110
first,105
best,104
forc,103
learn,101
town,101
film,101
plan,100
citi,97
high,97
dream,96
save,95
york,93
return,92
daughter,92
soon,90
mother,89
wife,88
thing,87
show,86
parent,85
move,85
marri,84
coupl,84
beauti,80
star,79
night,78
leav,78
begin,78
order,78
brother,77
start,77
girlfriend,77
comedi,74
like,73
head,73
relationship,73
follow,72
mysteri,71
american,71
hous,70
chang,70
adventur,69
parti,69
colleg,69
howev,69
busi,69
sister,69
attempt,68
true,67
jack,67
look,66
even,65
agent,65
lead,65
secret,65
keep,64
everyth,64
stop,64
group,64
local,63
along,62
face,62
know,61
polic,60
evil,60
small,60
also,60
play,59
money,59
problem,59
lose,58
need,57
game,57
anoth,57
think,57
teenag,56
former,56
romanc,56
children,56
struggl,55
bring,55
arriv,54
away,54
peopl,54
success,54
kill,54
differ,53
call,53
christma,53
tell,52
deal,52
involv,52
final,52
good,52
last,52
littl,52
fight,51
escap,51
seem,51
marriag,51
travel,51
join,51
whose,51
around,51
break,51
realiz,51
real,50
hero,50
anim,50
event,49
student,49
hope,49
power,49
believ,49
angel,49
apart,49
never,49
women,49
gang,48
date,48
movi,48
place,47
accident,47
murder,47
plot,47
spend,47
ever,47
romant,46
person,46
singl,46
music,45
crimin,45
alien,45
give,45
great,45
chanc,44
boss,44
realli,44
perfect,44
trip,44
journey,43
still,43
happen,43
includ,43
island,43
determin,42
charact,42
band,42
next,42
steal,42
partner,41
unlik,41
base,41
everyon,41
danger,41
rescu,41
offic,40
land,40
destroy,40
heart,40
past,40
magic,40
suddenli,40
experi,39
could,39
detect,39
compani,39
prove,38
career,38
human,38
happi,38
left,38
visit,38
four,37
popular,37
battl,37
mission,37
form,37
death,37
gener,37
book,37
futur,36
queen,36
feel,36
friendship,36
search,36
summer,36
action,36
countri,36
troubl,36
complic,36
french,36
case,35
earth,35
close,35
jame,35
rule,35
race,35
much,35
behind,34
report,34
crime,34
road,34
known,34
part,34
owner,34
hotel,34
made,34
threaten,34
embark,34
reunit,34
buddi,34
husband,34
dead,33
recruit,33
hire,33
right,33
neighbor,33
divorc,33
competit,33
celebr,33
nick,32
america,32
seek,32
grow,32
quest,32
kidnap,32
creat,32
state,32
babi,32
five,32
wealthi,32
rock,32
convinc,32
wild,31
street,31
andi,31
miss,31
king,31
lost,31
across,31
investig,31
would,31
without,31
stay,31
store,31
georg,31
long,31
control,30
upon,30
cours,30
famou,30
princess,30
class,30
pair,30
produc,30
strang,30
tale,30
drug,30
anyth,30
execut,30
hollywood,30
avoid,30
charli,30
park,30
professor,30
black,29
alway,29
london,29
white,29
seri,29
scheme,29
build,29
allow,29
ident,29
manag,29
mani,29
rais,29
lover,29
mean,28
charm,28
open,28
expect,28
sent,28
bank,28
fortun,28
assign,28
question,28
develop,28
paul,28
pari,28
killer,28
ordinari,27
track,27
spirit,27
everi,27
quit,27
caus,27
protect,27
though,27
talent,26
histori,26
peter,26
emot,26
import,26
appear,26
eventu,26
middl,26
unit,26
better,26
villag,26
teacher,26
hilari,26
john,26
jess,26
wish,26
stand,26
stumbl,26
vacat,26
shop,26
social,26
well,26
sinc,26
rich,26
oper,25
teen,25
separ,25
scientist,25
employe,25
biggest,25
wrong,25
rival,25
aspir,25
catch,25
machin,25
seemingli,25
caught,25
boyfriend,25
crew,25
might,25
prison,25
camp,25
despit,24
desper,24
legendari,24
interest,24
unexpect,24
retir,24
teach,24
pursu,24
writer,24
entir,24
encount,24
classic,24
pass,24
figur,24
exist,24
child,24
commun,24
actual,24
coach,24
kate,24
armi,24
agre,24
special,23
eccentr,23
complet,23
chase,23
instead,23
train,23
prepar,23
creatur,23
offer,23
mike,23
privat,23
second,23
remain,23
hand,23
bodi,23
taken,23
week,23
holiday,23
releas,23
surviv,22
center,22
actor,22
thought,22
attract,22
scene,22
princ,22
univers,22
harri,22
jane,22
enlist,22
enough,22
manhattan,22
player,22
drive,22
food,22
continu,22
fail,22
presid,22
invit,22
news,22
crush,22
share,22
danc,22
engag,22
british,21
attack,21
origin,21
hunt,21
easi,21
u.s.,21
weekend,21
found,21
forev,21
accid,21
ladi,21
assist,21
crash,21
pose,21
strike,21
unfortun,21
doctor,21
situat,21
upsid,21
connect,21
ultim,21
academi,21
uncl,21
someth,21
nation,21
fear,20
enter,20
room,20
birthday,20
million,20
rest,20
accept,20
stolen,20
thief,20
uncov,20
belov,20
planet,20
cast,20
quickli,20
widow,20
billi,20
given,20
england,20
sexual,20
jimmi,20
captur,20
childhood,20
eddi,20
compet,20
south,20
send,20
profession,20
settl,19
insid,19
secur,19
master,19
care,19
watch,19
stuck,19
video,19
later,19
miami,19
pull,19
reveal,19
test,19
dump,19
major,19
wake,19
member,19
guest,19
noth,19
hide,19
side,19
televis,19
fianc,19
comic,19
businessman,19
villain,18
assassin,18
huge,18
transform,18
fairi,18
retriev,18
gorgeou,18
mistak,18
kong,18
carter,18
other,18
surpris,18
secretli,18
mayb,18
grown,18
variou,18
promot,18
author,18
attend,18
opportun,18
receiv,18
undercov,18
befriend,18
fire,18
sheriff,18
bond,18
recent,18
opposit,18
fate,18
monster,18
frank,18
shot,18
basketbal,18
east,18
talk,18
mansion,18
wind,17
mind,17
although,17
adopt,17
inventor,17
corpor,17
shrek,17
hard,17
truth,17
hong,17
gift,17
adult,17
matter,17
task,17
west,17
role,17
hunter,17
clear,17
respons,17
wait,17
process,17
leader,17
possibl,17
footbal,17
curs,17
david,17
greatest,17
disappear,17
path,17
write,17
affair,17
treasur,17
santa,17
season,17
richard,17
perform,17
dark,16
captain,16
giant,16
collect,16
score,16
senior,16
super,16
larg,16
fake,16
organ,16
intern,16
slacker,16
present,16
program,16
artist,16
unexpectedli,16
bumbl,16
pretend,16
result,16
full,16
farm,16
fellow,16
ring,16
pregnant,16
inspir,16
older,16
driver,16
scott,16
respect,16
disast,16
hear,16
bore,16
california,16
greg,16
cash,16
vampir,16
step,16
suffer,16
alon,16
wonder,16
effort,16
pirat,16
henri,16
guard,16
sever,16
walk,16
dave,16
record,16
mark,16
wors,16
twin,16
reveng,16
solv,15
ensu,15
launch,15
refus,15
veteran,15
client,15
peac,15
challeng,15
whole,15
mari,15
answer,15
reach,15
decis,15
drink,15
mistaken,15
fish,15
meanwhil,15
purpos,15
overcom,15
free,15
zombi,15
epic,15
soldier,15
seven,15
younger,15
exactli,15
excit,15
readi,15
femal,15
graduat,15
longtim,15
restaur,15
whether,15
skill,15
resid,15
robot,15
inherit,15
michael,15
born,15
sign,15
franc,15
director,15
lawyer,15
bill,15
govern,15
cousin,15
turtl,14
alter,14
deadli,14
ghost,14
brilliant,14
except,14
approach,14
enemi,14
europ,14
doug,14
remot,14
wood,14
imagin,14
green,14
especi,14
journalist,14
fashion,14
magazin,14
target,14
passion,14
polit,14
daniel,14
marcu,14
station,14
heist,14
strand,14
pretti,14
brought,14
supernatur,14
martin,14
risk,14
adam,14
kevin,14
late,14
commit,14
impress,14
advic,14
hidden,14
version,14
newli,14
confront,14
contest,14
shock,14
crazi,14
north,14
morn,14
obsess,14
storm,14
statu,14
featur,14
modern,14
cool,14
sara,14
notori,14
robberi,14
bear,14
gold,14
project,14
vega,14
moment,14
ancient,14
realiti,14
hill,14
worst,14
servic,14
loos,14
matt,14
estrang,14
accomplish,13
outcast,13
rise,13
emerg,13
nemesi,13
orphan,13
abil,13
twist,13
corrupt,13
happili,13
hold,13
industri,13
invent,13
month,13
inspector,13
ador,13
trick,13
tour,13
often,13
militari,13
matthew,13
routin,13
playboy,13
public,13
number,13
eager,13
recov,13
ride,13
josh,13
chicago,13
will,13
luci,13
short,13
cross,13
gather,13
johnni,13
english,13
latest,13
convict,13
common,13
someon,13
robber,13
freedom,13
cultur,13
nightmar,13
deliv,13
neighborhood,13
soul,13
club,13
support,13
sight,13
idea,13
bizarr,13
pictur,13
basebal,13
hell,13
diamond,13
extraordinari,12
diabol,12
riley,12
agenc,12
reconnect,12
sens,12
humor,12
virgin,12
prom,12
marti,12
inadvert,12
anni,12
arrang,12
mexico,12
german,12
global,12
centuri,12
fiona,12
court,12
water,12
anyon,12
rose,12
extrem,12
demand,12
lifetim,12
defend,12
partnership,12
accompani,12
promis,12
mental,12
ex-wif,12
defeat,12
quiet,12
russian,12
nicki,12
hour,12
lord,12
initi,12
holli,12
singer,12
lesson,12
sport,12
japanes,12
blue,12
total,12
marshal,12
thiev,12
sure,12
harold,12
fast,12
plane,12
jail,12
rebelli,12
point,12
wilder,12
voic,12
hockey,12
antic,12
prize,12
crisi,12
convent,12
drama,12
hometown,12
lovabl,12
door,12
ship,12
sing,12
resort,12
behavior,12
drop,12
reput,12
jason,12
fact,12
suburban,12
small-town,12
piec,12
longer,12
southern,12
outrag,12
sentenc,12
seriou,12
lola,12
sweetheart,12
jacki,12
nanni,12
radio,12
lifestyl,12
jump,11
toni,11
superhero,11
trap,11
brown,11
onto,11
asid,11
dealer,11
european,11
chosen,11
mistakenli,11
beach,11
seen,11
fantast,11
outsid,11
tini,11
handsom,11
simpl,11
expert,11
throw,11
ambiti,11
unusu,11
sexi,11
kingdom,11
petti,11
clerk,11
mask,11
contain,11
confid,11
rebel,11
mrs.,11
straight,11
hatch,11
stage,11
arrest,11
canin,11
gone,11
desir,11
deep,11
tree,11
choos,11
billionair,11
crook,11
thrown,11
male,11
pack,11
explor,11
kind,11
'the,11
sarah,11
snow,11
friendli,11
demon,11
jerri,11
contract,11
interview,11
flint,11
choic,11
andrew,11
lifelong,11
alex,11
remi,11
normal,11
lone,11
uptight,11
inform,11
transport,11
word,11
spring,11
luck,11
victim,11
space,11
style,11
term,11
count,11
tough,11
caesar,11
horror,11
transfer,11
italian,11
terribl,11
entertain,11
funni,11
match,11
clash,11
intent,11
finish,11
least,11
youth,11
penguin,11
seduc,11
estat,11
comfort,11
claim,11
steve,11
newspap,11
annual,11
sell,11
delight,11
fred,11
murphi,11
dylan,11
idol,10
shredder,10
mentor,10
capt,10
tabl,10
jungl,10
francisco,10
navig,10
pact,10
kick,10
top-secret,10
terrorist,10
weapon,10
union,10
fill,10
rememb,10
kuzco,10
arthur,10
pain,10
stranger,10
bachelor,10
bella,10
oscar,10
wing,10
trade,10
instal,10
alongsid,10
foster,10
employ,10
simon,10
anonym,10
classmat,10
devot,10
hawaii,10
focu,10
worri,10
harbor,10
hate,10
mischiev,10
roll,10
coast,10
pick,10
editor,10
baker,10
awkward,10
chao,10
visitor,10
cook,10
host,10
pilot,10
chines,10
societi,10
grandfath,10
haunt,10
safe,10
command,10
jewel,10
desert,10
cross-countri,10
edward,10
roman,10
within,10
faith,10
third,10
vincent,10
fame,10
moon,10
among,10
spark,10
direct,10
beat,10
discoveri,10
companion,10
written,10
sidekick,10
loui,10
complex,10
quick,10
glori,10
less,10
line,10
ex-girlfriend,10
smoke,10
clau,10
debt,10
molli,10
attent,10
washington,10
waitress,10
cult,10
ahead,10
craig,10
actress,10
crack,9
color,9
guardian,9
civil,9
balanc,9
threat,9
blow,9
triangl,9
guid,9
difficult,9
almost,9
trio,9
wilson,9
leagu,9
thug,9
woodi,9
buzz,9
activ,9
nuclear,9
trust,9
kung,9
warrior,9
histor,9
courag,9
dragon,9
speak,9
knight,9
robin,9
wick,9
prospect,9
potenti,9
dash,9
nose,9
laugh,9
heir,9
upcom,9
1970,9
chicken,9
held,9
farmer,9
murtaugh,9
attach,9
sequel,9
bitter,9
cover,9
advertis,9
luxuri,9
staff,9
worker,9
emili,9
product,9
sometim,9
roommat,9
castl,9
flight,9
custom,9
jackson,9
done,9
empir,9
royal,9
crown,9
rachel,9
medic,9
kelli,9
princip,9
violent,9
welcom,9
real-lif,9
funer,9
beyond,9
puppi,9
albert,9
mild-mann,9
bandit,9
financi,9
nerdi,9
resourc,9
unemploy,9
altern,9
massiv,9
terror,9
misadventur,9
misfit,9
introduc,9
carri,9
thrill,9
ruin,9
architect,9
either,9
hansel,9
model,9
design,9
grew,9
victor,9
announc,9
nazi,9
flee,9
concert,9
forest,9
switch,9
charg,9
suspect,9
trail,9
plant,9
screen,9
danni,9
juli,9
attitud,9
oliv,9
hook,9
howard,9
pink,9
clouseau,9
confus,9
gari,9
susan,9
quirki,9
abandon,9
samantha,9
dare,9
chri,9
effect,9
jackass,9
natur,9
dinner,9
aliv,9
gangster,9
resist,9
gain,9
unravel,8
mutant,8
headquart,8
advis,8
posit,8
fade,8
portray,8
high-school,8
rekindl,8
fraud,8
brook,8
suppos,8
chaotic,8
height,8
technolog,8
soviet,8
church,8
suppli,8
cabin,8
brave,8
closer,8
wear,8
oppress,8
emperor,8
geniu,8
distract,8
collid,8
weaponri,8
millionair,8
lenni,8
jersey,8
porn,8
revolv,8
outwit,8
conspiraci,8
junior,8
hopelessli,8
rocki,8
brain,8
rigg,8
fling,8
bulli,8
innoc,8
banish,8
flower,8
iraq,8
research,8
dale,8
perman,8
fallen,8
linda,8
plastic,8
loyal,8
darci,8
transit,8
domest,8
tire,8
sneak,8
disguis,8
christoph,8
gambl,8
touch,8
nice,8
heroic,8
draw,8
letter,8
internet,8
finn,8
brew,8
granni,8
revers,8
humili,8
front,8
imposs,8
witch,8
unknown,8
system,8
glamor,8
cole,8
account,8
clean,8
appl,8
foil,8
cliqu,8
1980,8
reject,8
amus,8
relat,8
butler,8
elizabeth,8
smurf,8
dysfunct,8
adapt,8
circl,8
consid,8
memori,8
juliu,8
asterix,8
song,8
axel,8
derek,8
mobster,8
bird,8
destin,8
havoc,8
light,8
market,8
suburb,8
novel,8
ticket,8
depress,8
immedi,8
serial,8
jake,8
jone,8
reluctantli,8
worth,8
maggi,8
larri,8
chief,8
hapless,8
reli,8
hannah,8
naiv,8
helen,8
dancer,8
mile,8
card,8
bounti,8
deceas,8
sweet,8
hall,8
goofi,8
calvin,8
wallac,8
geek,8
method,8
toward,8
factori,8
texa,8
babe,8
doorstep,8
burn,8
propos,8
ella,8
chip,8
strip,8
middle-ag,8
buri,8
bunni,7
musician,7
newfound,7
clan,7
politician,7
sewer,7
parker,7
varieti,7
mount,7
comeback,7
alli,7
nearli,7
disrupt,7
cooper,7
wall,7
neither,7
circumst,7
cold,7
grand,7
half,7
justic,7
bargain,7
lazi,7
furiou,7
succeed,7
summon,7
eight,7
bliss,7
smith,7
lethal,7
explos,7
high-tech,7
drag,7
dedic,7
goal,7
aris,7
scare,7
evolv,7
audit,7
certain,7
hospit,7
roger,7
emma,7
wacki,7
push,7
champion,7
alcohol,7
deliveri,7
frame,7
construct,7
ex-con,7
ferdinand,7
bull,7
prefer,7
strong,7
allen,7
becam,7
sleazi,7
affect,7
took,7
airport,7
nobodi,7
counterfeit,7
domin,7
co-work,7
dictat,7
whovil,7
grinch,7
cindi,7
berlin,7
unleash,7
grant,7
independ,7
handl,7
typic,7
regain,7
amaz,7
aunt,7
polar,7
abduct,7
camera,7
traci,7
co-star,7
beast,7
kitchen,7
minist,7
britain,7
dracula,7
issu,7
irrever,7
advantag,7
stake,7
dick,7
jeopardi,7
stalk,7
dollar,7
central,7
award,7
unknowingli,7
hostag,7
spot,7
fratern,7
honor,7
potion,7
mous,7
tape,7
invas,7
urban,7
minut,7
earn,7
brad,7
honeymoon,7
nephew,7
dean,7
knock,7
museum,7
mate,7
lake,7
pool,7
winner,7
campu,7
bobbi,7
sergeant,7
studio,7
enthusiast,7
blind,7
exploit,7
denni,7
fantasi,7
fiction,7
spell,7
documentari,7
beverli,7
tropic,7
paradis,7
china,7
pierr,7
athlet,7
embarrass,7
intellig,7
enjoy,7
sherman,7
favorit,7
duck,7
comput,7
notic,7
harvard,7
read,7
moor,7
salesman,7
unpredict,7
messag,7
ashley,7
rather,7
sibl,7
wreak,7
groom,7
ocean,7
clueless,7
grandmoth,7
elliot,7
norman,7
expos,7
tommi,7
homeless,7
incid,7
gromit,7
servant,7
uniqu,7
prank,7
bunch,7
underground,7
profit,7
drawn,7
reluct,7
descend,7
panic,7
itali,7
annoy,7
detail,7
phantom,7
hundr,7
marin,7
elli,7
adulthood,7
jean,7
gordon,7
joel,7
miguel,6
chain,6
destini,6
cameraman,6
devil,6
allianc,6
endless,6
anger,6
adjust,6
conflict,6
broadway,6
prehistor,6
deadpool,6
subject,6
rogu,6
repair,6
establish,6
intergalact,6
weed,6
catastroph,6
theft,6
nasti,6
donkey,6
tension,6
lego,6
elud,6
incred,6
pacha,6
lapd,6
paranorm,6
mortal,6
organis,6
mouth,6
shaun,6
size,6
reclaim,6
explod,6
terrifi,6
throne,6
ipkiss,6
prostitut,6
string,6
awri,6
thank,6
stuart,6
racer,6
fabul,6
hudson,6
outbreak,6
patrick,6
ambit,6
canadian,6
mere,6
ford,6
daili,6
dust,6
benefit,6
shake,6
enabl,6
stoner,6
restor,6
bomb,6
johnson,6
citizen,6
pageant,6
aldou,6
cope,6
unawar,6
post,6
prestigi,6
stripe,6
tournament,6
none,6
pressur,6
overwhelm,6
rome,6
safeti,6
aboard,6
allegra,6
progress,6
bolt,6
culinari,6
marisa,6
florida,6
credit,6
barri,6
martial,6
benjamin,6
boov,6
promptli,6
reloc,6
austen,6
upper,6
rural,6
theme,6
knowledg,6
amount,6
sinist,6
loot,6
possess,6
thirti,6
mechan,6
druid,6
hang,6
scari,6
long-lost,6
depart,6
alic,6
colleagu,6
dusti,6
shoe,6
sensat,6
ryan,6
taylor,6
flood,6
william,6
jonathan,6
unabl,6
obtain,6
down,6
formula,6
clumsi,6
vanessa,6
stripper,6
amidst,6
magician,6
year-old,6
smuggl,6
comed,6
hood,6
robert,6
near,6
favourit,6
civilian,6
yorker,6
naughti,6
adolesc,6
inner,6
casino,6
cher,6
insur,6
cruis,6
governor,6
spoil,6
fund,6
harvey,6
thousand,6
tast,6
unwittingli,6
carefre,6
policeman,6
thwart,6
ragtag,6
blond,6
shadi,6
understand,6
contemporari,6
greedi,6
phillip,6
board,6
journal,6
fresh,6
verg,6
stunt,6
ruthless,6
wayn,6
highli,6
gambler,6
stitch,6
wolf,6
columnist,6
bride,6
free-spirit,6
spent,6
whatev,6
ernest,6
physic,6
rebecca,6
chan,6
increasingli,6
renown,6
illeg,6
intrigu,6
charl,6
swindl,6
miranda,6
stand-up,6
block,6
brooklyn,6
secretari,6
phone,6
manipul,6
network,6
prime,6
treat,6
outlaw,6
amanda,6
laura,6
addict,6
nurs,6
consequ,6
therapist,6
exam,6
redneck,6
pete,6
focus,6
elvi,6
nearbi,6
truli,6
malcolm,6
lilo,6
jumba,6
broadcast,6
mexican,6
passeng,6
enrol,6
tail,6
reason,6
coffe,6
communist,6
associ,6
broken,6
reunion,6
manner,6
forget,6
stone,6
claud,6
anna,6
lesli,6
jennif,6
marion,6
awaken,6
cruchot,6
momo,6
berni,6
foot,5
thrust,5
all-new,5
down-on-his-luck,5
forg,5
midwest,5
tiger,5
infant,5
wade,5
covert,5
one-night,5
seal,5
damag,5
1985,5
feder,5
galaxi,5
priceless,5
enorm,5
sudden,5
closet,5
knot,5
frantic,5
godmoth,5
bodyguard,5
valley,5
wisecrack,5
nefari,5
doesnt,5
eleg,5
lloyd,5
spectacular,5
hord,5
poison,5
wise,5
insist,5
institut,5
cocki,5
strength,5
repeat,5
awesom,5
uncomfort,5
schooler,5
jeopard,5
triumph,5
habit,5
suicid,5
captiv,5
bloom,5
timid,5
stanley,5
nightclub,5
influenc,5
minion,5
daydream,5
territori,5
mayor,5
12-year-old,5
arab,5
demolish,5
grad,5
grind,5
option,5
leaf,5
carl,5
onlin,5
lifeguard,5
suitor,5
reed,5
fast-talk,5
theyr,5
jacob,5
silent,5
kumar,5
homeland,5
provid,5
terri,5
background,5
laid,5
hopeless,5
poor,5
jewish,5
regim,5
formid,5
bend,5
critic,5
plenti,5
matur,5
ensur,5
lock,5
duti,5
mutat,5
equal,5
suggest,5
drunk,5
iren,5
13-year-old,5
grown-up,5
academ,5
campaign,5
hard-nos,5
suspici,5
doubt,5
publicist,5
imag,5
dirt,5
biolog,5
monument,5
canada,5
schedul,5
exclus,5
beam,5
coincid,5
troll,5
branch,5
cruella,5
misanthrop,5
hitch,5
tabloid,5
collin,5
chef,5
motion,5
breakup,5
lavish,5
cater,5
candid,5
jealou,5
strain,5
distress,5
india,5
indian,5
ex-boyfriend,5
alpha,5
logan,5
elabor,5
motor,5
groceri,5
soccer,5
miner,5
popul,5
bottom,5
hair,5
media,5
inc.,5
wili,5
thoma,5
heroin,5
entrepreneur,5
injuri,5
firm,5
straight-lac,5
roof,5
expel,5
ransom,5
went,5
climb,5
serious,5
addam,5
youngest,5
insight,5
distant,5
inde,5
lewi,5
gave,5
obelix,5
surf,5
mitchel,5
mastermind,5
campbel,5
niec,5
addit,5
veng,5
daphn,5
bohemian,5
blart,5
spoof,5
definit,5
carmen,5
regular,5
destruct,5
fend,5
reflect,5
custodi,5
audienc,5
heiress,5
charismat,5
costum,5
type,5
victoria,5
recip,5
winter,5
absurd,5
floor,5
jule,5
tradit,5
1950,5
hole,5
exot,5
blood,5
intend,5
grace,5
disturb,5
scam,5
garfield,5
maintain,5
built,5
warn,5
extend,5
schmidt,5
admit,5
guru,5
sharp,5
disapprov,5
mall,5
stick,5
serv,5
environ,5
alreadi,5
stock,5
walter,5
scout,5
persuad,5
sleep,5
jenni,5
lesbian,5
mine,5
imperson,5
mahoney,5
realis,5
japan,5
hugh,5
getaway,5
lust,5
extraterrestri,5
blackmail,5
mafia,5
panther,5
peer,5
thanksgiv,5
invad,5
orphanag,5
tear,5
unpopular,5
requir,5
peasant,5
prompt,5
turner,5
remark,5
saiyan,5
mcphee,5
shift,5
speed,5
anderson,5
shrink,5
boog,5
resolv,5
relax,5
unfold,5
entangl,5
inhabit,5
motorcycl,5
wang,5
jessica,5
playwright,5
workahol,5
titl,5
shoot,5
noah,5
olymp,5
rivalri,5
midwestern,5
loser,5
abus,5
linu,5
household,5
engin,5
perpetu,5
earli,5
sophi,5
lionel,5
proud,5
fascin,5
pawn,5
fertil,5
foreign,5
chon,5
wildli,5
deed,5
robbi,5
achiev,5
1920,5
period,5
boat,5
nativ,5
everybodi,5
episod,5
examin,5
todd,5
occur,5
superstar,5
grade,5
nathan,5
halloween,5
concern,5
therefor,5
alfi,5
hitler,5
belong,5
superior,5
spencer,5
shut,5
fanat,5
russel,5
scholarship,5
wander,5
angri,5
wrestl,5
blossom,5
salli,5
brand,5
greek,5
ranch,5
newton,5
photograph,5
woodland,5
dirti,5
drew,5
heaven,5
betray,5
birth,5
liter,5
immigr,5
bare,5
sale,5
appoint,5
judg,5
joke,5
bruce,5
moral,5
proper,5
ursula,5
slowli,5
licens,5
religi,5
tuesday,5
golden,5
conrad,5
melani,5
steven,5
willi,5
link,5
gabe,5
ball,5
sylvia,5
presenc,5
carmilla,5
judi,4
stun,4
iron,4
grim,4
fearless,4
stark,4
sailor,4
suck,4
disgust,4
everyday,4
turmoil,4
mismatch,4
critter,4
manni,4
mammoth,4
diego,4
motiv,4
mcfli,4
1955,4
infiltr,4
jordan,4
weekli,4
competitor,4
oppos,4
shipment,4
upset,4
solo,4
hostil,4
evildo,4
econom,4
raucou,4
locat,4
trial,4
gigant,4
fugit,4
tyrant,4
likabl,4
clutch,4
stifler,4
finch,4
cruel,4
stupid,4
suitcas,4
aspen,4
crood,4
landscap,4
bustl,4
coloni,4
silli,4
reconcil,4
content,4
sidelin,4
parisian,4
audrey,4
matchmak,4
ghostbust,4
superhuman,4
hercul,4
hors,4
phil,4
weatherman,4
suburbanit,4
unbeknownst,4
championship,4
split,4
nerd,4
jeffrey,4
dude,4
lebowski,4
shark,4
guess,4
fatal,4
afford,4
bright,4
suprem,4
gentl,4
amid,4
burnett,4
lowri,4
policemen,4
sole,4
trusti,4
schoolteach,4
tangl,4
buford,4
tannen,4
overrun,4
swamp,4
appar,4
insan,4
diplomat,4
golightli,4
ginger,4
cute,4
said,4
blockbust,4
scarlet,4
bianca,4
joey,4
edit,4
madrid,4
embrac,4
memoir,4
analyst,4
life-chang,4
surgeon,4
fulli,4
chauvinist,4
infatu,4
fletcher,4
attorney,4
amateur,4
palmer,4
1927,4
sound,4
hamburg,4
crossroad,4
viktor,4
recogn,4
rumpelstiltskin,4
fist,4
jasmin,4
palac,4
aladdin,4
danson,4
highsmith,4
tattoo,4
hoitz,4
photo,4
kingpin,4
hynkel,4
byrn,4
lighten,4
area,4
genovia,4
earlier,4
sort,4
trooper,4
multipl,4
overnight,4
extermin,4
skip,4
commiss,4
rango,4
brink,4
sisterhood,4
r-rate,4
wage,4
transylvania,4
paddington,4
rain,4
scrambl,4
avert,4
15-year-old,4
sci-fi,4
poppi,4
litter,4
platon,4
previous,4
setback,4
turnblad,4
penni,4
disastr,4
hungri,4
profess,4
beneath,4
august,4
fine,4
drum,4
cameron,4
meddl,4
brennan,4
gene,4
emoji,4
astronaut,4
spiritu,4
aaron,4
worldwid,4
clyde,4
solitari,4
sausag,4
keeper,4
nev.,4
shell,4
dani,4
bonfamil,4
19th,4
lili,4
fierc,4
pride,4
conquer,4
undead,4
rodney,4
high-pow,4
gadget,4
evid,4
gummer,4
newest,4
frat,4
conveni,4
randal,4
jockey,4
overbear,4
gargamel,4
lassard,4
ditch,4
patriarch,4
fester,4
pedro,4
beatric,4
robinson,4
gaul,4
fish-out-of-wat,4
detroit,4
foley,4
toilet,4
franchis,4
maverick,4
squar,4
rooki,4
crop,4
cheerlead,4
shelter,4
rare,4
carla,4
frankenstein,4
elderli,4
describ,4
cutthroat,4
miser,4
tune,4
juni,4
comedian,4
griswold,4
coolest,4
disput,4
lynn,4
particular,4
40-year-old,4
lila,4
african-american,4
skeptic,4
suspicion,4
stardom,4
chipmunk,4
wildcat,4
cathol,4
dimwit,4
similar,4
joanna,4
yacht,4
contact,4
fulfil,4
excus,4
shine,4
swim,4
page,4
sandi,4
surli,4
lucki,4
cancer,4
stan,4
inept,4
smurfett,4
neurot,4
march,4
ricki,4
remak,4
strict,4
somehow,4
breakdown,4
incompet,4
admir,4
somewhat,4
immort,4
julia,4
ensembl,4
suzann,4
oblig,4
walt,4
disney,4
culprit,4
speck,4
volunt,4
look-alik,4
mutual,4
absorb,4
tourist,4
werewolf,4
distribut,4
jeff,4
rosi,4
concoct,4
mighti,4
coax,4
spiral,4
kronk,4
minor,4
raid,4
temporarili,4
poetri,4
escort,4
kiss,4
punish,4
deviou,4
view,4
maker,4
fair,4
freddi,4
africa,4
entrust,4
chuck,4
capabl,4
georgia,4
felin,4
casual,4
mikey,4
steel,4
empress,4
resurrect,4
surround,4
trek,4
drunken,4
correct,4
drake,4
expens,4
dreyfu,4
replac,4
moonlight,4
fighter,4
damon,4
hawk,4
obnoxi,4
nave,4
torn,4
price,4
creation,4
lisa,4
level,4
idealist,4
advanc,4
honey,4
bigger,4
reminisc,4
mystic,4
disciplin,4
pitch,4
frustrat,4
prep,4
filmmak,4
stuf,4
knew,4
elect,4
repres,4
etern,4
violet,4
cheat,4
ralli,4
freak,4
regard,4
kept,4
l.a.,4
rick,4
strive,4
freewheel,4
surprisingli,4
presidenti,4
coyot,4
ugli,4
affection,4
pole,4
contend,4
pledg,4
mason,4
beta,4
clark,4
health,4
interfer,4
blunder,4
stiff,4
kung-fu,4
retreat,4
object,4
flat,4
wash,4
pivert,4
jill,4
garden,4
ranger,4
alan,4
salon,4
bite,4
tripp,4
triniti,4
violenc,4
current,4
appreci,4
valu,4
poet,4
drummer,4
anthoni,4
festiv,4
lion,4
spin,4
wound,4
practic,4
godefroy,4
sacr,4
tess,4
feminist,4
afterlif,4
told,4
unmarri,4
nobl,4
barcelona,4
sheep,4
acquaint,4
knoxvil,4
chloe,4
chili,4
supposedli,4
dunde,4
australian,4
retel,4
scroog,4
languag,4
beth,4
text,4
1930,4
psychic,4
spanish,4
luckili,4
western,4
germani,4
cronauer,4
vietnam,4
legend,4
corner,4
louna,4
prey,4
regardless,4
check,4
evict,4
hitman,4
flintston,4
ruse,4
plagu,4
satir,4
novelist,4
rubi,4
regularli,4
superpow,4
garrett,4
mountain,4
priest,4
deepli,4
rascal,4
escal,4
furri,4
tycoon,4
acquir,4
unhappi,4
1960,4
slightli,4
marcel,4
miley,4
horribl,4
psychiatrist,4
ronni,4
countrysid,4
satisfi,4
await,4
beethoven,4
masetto,4
cannonbal,4
trophi,4
window,4
compos,4
elit,4
joan,4
violetta,4
element,4
instant,4
bail,4
flynn,4
quentin,4
mccall,4
studi,4
daffi,4
circu,4
lang,4
cruso,4
jade,4
mail,4
maid,4
lorelei,4
termin,4
boyl,4
counti,4
11-year-old,4
franoi,4
rediscov,4
potter,4
wright,4
decent,4
aram,4
bigfoot,4
bubbl,4
brussel,4
debo,4
aidan,4
clair,4
beer,4
becca,4
berk,4
perri,4
marc,4
franck,4
felix,4
banana,4
luce,4
ernesto,3
cruz,3
unlock,3
grip,3
ninja,3
wise-crack,3
vern,3
strongli,3
uneasi,3
astronom,3
navi,3
main,3
altruist,3
impend,3
woolli,3
heal,3
lightyear,3
afraid,3
otherworldli,3
monitor,3
ambassador,3
fragil,3
napoleon,3
prevent,3
recoveri,3
paint,3
upheav,3
meltdown,3
bathroom,3
hangov,3
testifi,3
pollut,3
declar,3
panda,3
crane,3
viper,3
monkey,3
signific,3
smelli,3
wont,3
indescrib,3
outlook,3
whale,3
behalf,3
everywher,3
troup,3
freeload,3
self-cent,3
advisor,3
round,3
pure,3
bump,3
dana,3
trainer,3
hothead,3
address,3
coolli,3
bowl,3
vegetarian,3
improb,3
intimaci,3
supervillain,3
metro,3
re-evalu,3
unev,3
westley,3
stagger,3
fanci,3
out-of-control,3
narcot,3
bullet,3
resurfac,3
trilog,3
perfectli,3
cozi,3
loki,3
tina,3
carlyl,3
goon,3
repress,3
rooster,3
unhing,3
distraught,3
time-travel,3
2015,3
last-ditch,3
bound,3
lightn,3
bureaucrat,3
monotoni,3
day-to-day,3
recur,3
virtuou,3
damsel,3
bureaucraci,3
anxieti,3
hairstylist,3
rockstar,3
howl,3
murdock,3
peck,3
swept,3
hitchhik,3
toler,3
hustl,3
devis,3
convolut,3
foolproof,3
smell,3
mellow,3
fastest,3
bullfight,3
dead-end,3
disc,3
chad,3
cosmet,3
whirl,3
mitch,3
brash,3
backfir,3
liabil,3
condo,3
slide,3
unfaith,3
adrift,3
coup,3
dupe,3
meth,3
triad,3
embassi,3
neck,3
embroil,3
lamp,3
jafar,3
desk,3
ferrel,3
stuff,3
discuss,3
previou,3
stamp,3
bother,3
focker,3
humorless,3
graci,3
hart,3
dwarv,3
gizmo,3
gremlin,3
rhode,3
disord,3
skipper,3
rico,3
magnat,3
pest,3
squad,3
swanki,3
sick,3
dewey,3
rightli,3
1965,3
twelve-year-old,3
whiz,3
unconvent,3
grass,3
gritti,3
lizard,3
30-someth,3
o'donnel,3
strengthen,3
100th,3
asleep,3
bradley,3
regal,3
down-and-out,3
proport,3
weather,3
spite,3
document,3
psychologist,3
perhap,3
optimist,3
dalmatian,3
statement,3
hedonist,3
plump,3
corni,3
tussl,3
facebook,3
lure,3
espionag,3
chester,3
corp,3
mankind,3
pickl,3
obviou,3
ideal,3
unwant,3
defens,3
kidnapp,3
theater,3
diaz,3
swap,3
jude,3
immin,3
posh,3
socialit,3
enchant,3
folk,3
nemes,3
veer,3
rapidli,3
pepper,3
a-list,3
samuel,3
regina,3
phenomenon,3
takeov,3
coca-cola,3
charlott,3
rottweil,3
cartel,3
supermarket,3
purchas,3
renov,3
prequel,3
spook,3
reorgan,3
madam,3
adelaid,3
alley,3
reimagin,3
feisti,3
bennet,3
prejudic,3
swallow,3
blood-soak,3
battlefield,3
promin,3
confer,3
impact,3
premier,3
survivalist,3
deadliest,3
pend,3
fullest,3
dant,3
sharp-wit,3
jodi,3
visa,3
margaret,3
paxton,3
sequenc,3
assail,3
monasteri,3
recreat,3
globe,3
seiz,3
alarm,3
express,3
carrey,3
claudio,3
correspond,3
soror,3
radner,3
egyptian,3
cleopatra,3
conserv,3
eaten,3
crocodil,3
egypt,3
site,3
troop,3
hottest,3
reel,3
electrifi,3
high-societi,3
madcap,3
asian,3
rainforest,3
father-in-law,3
housekeep,3
ingrid,3
rusti,3
border,3
rabbit,3
patrol,3
janey,3
biker,3
intimid,3
patch,3
patient,3
trigger,3
introduct,3
theodor,3
chipett,3
brittani,3
troy,3
gabriella,3
religion,3
baxter,3
henchmen,3
greater,3
packag,3
runaway,3
ex-lov,3
daisi,3
chauffeur,3
chart,3
session,3
spongebob,3
krab,3
subsequ,3
diseas,3
housewif,3
braini,3
teamwork,3
aerial,3
grandson,3
paig,3
danish,3
select,3
dwarf,3
covet,3
sacrific,3
quaid,3
newlyw,3
contractor,3
horton,3
eleph,3
pleas,3
riviera,3
cost,3
sorcer,3
papa,3
necessari,3
kindr,3
pacif,3
savvi,3
channel,3
unsuspect,3
landlord,3
shallow,3
misguid,3
mistress,3
redempt,3
bridget,3
vada,3
venic,3
occasion,3
britt,3
predica,3
gisel,3
badli,3
flaw,3
davi,3
grumpi,3
has-been,3
hank,3
sixth,3
horrif,3
arizona,3
bean,3
valentin,3
mermaid,3
1984,3
activist,3
identifi,3
mini,3
compromis,3
maxwel,3
drebin,3
energi,3
suppress,3
momma,3
icon,3
faction,3
enforc,3
instructor,3
boorish,3
speci,3
indulg,3
revel,3
reynold,3
xife,3
grave,3
olivia,3
michel,3
bent,3
afghanistan,3
machineri,3
rampag,3
genr,3
carolin,3
misunderstand,3
coma,3
stretch,3
pleasur,3
avail,3
scientif,3
unscrupul,3
chevi,3
bungl,3
rope,3
caretak,3
galleri,3
offici,3
unrequit,3
breath,3
guidanc,3
legal,3
cloth,3
ethan,3
stroke,3
genet,3
harder,3
parallel,3
tyrann,3
script,3
came,3
nine,3
sophist,3
cabl,3
garth,3
headlin,3
chaplin,3
volkswagen,3
poker,3
remedi,3
rambuncti,3
benefactor,3
decor,3
angela,3
bless,3
couch,3
starr,3
irresist,3
uproari,3
stepmoth,3
goat,3
imprison,3
artifact,3
samurai,3
district,3
aisl,3
grizzli,3
troublemak,3
besid,3
crystal,3
envis,3
nikki,3
remind,3
stepdad,3
debbi,3
storylin,3
decept,3
converg,3
pistol,3
chees,3
keen,3
shelley,3
toss,3
nowher,3
zeta,3
individu,3
trucker,3
burton,3
fiance,3
snake,3
maniac,3
easter,3
feroci,3
travi,3
wong,3
fei-hung,3
mishap,3
erik,3
debaucheri,3
thornton,3
brood,3
flock,3
consist,3
donor,3
voraci,3
blend,3
shortli,3
weak,3
ceremoni,3
easili,3
zone,3
playoff,3
humanoid,3
pikachu,3
alain,3
passag,3
friday,3
intens,3
extravag,3
publish,3
brief,3
anniversari,3
small-tim,3
librari,3
ashor,3
prayer,3
devlin,3
suit,3
inexperienc,3
bigot,3
dress,3
rabbi,3
amend,3
cynic,3
dread,3
soundtrack,3
bell,3
lodg,3
juliet,3
whilst,3
alexand,3
dawson,3
juggl,3
ground,3
impuls,3
harass,3
mess,3
puppet,3
melodi,3
soon-to-b,3
refug,3
luca,3
yard,3
fisher,3
crave,3
outgo,3
alabama,3
liaison,3
heffley,3
tumultu,3
ellen,3
advoc,3
loss,3
countless,3
tightli,3
pupil,3
insecur,3
materi,3
armor,3
hip-hop,3
awar,3
sail,3
vitti,3
counsel,3
sobel,3
mediev,3
today,3
tuition,3
gwen,3
zealand,3
coolidg,3
educ,3
unstabl,3
outlandish,3
ingenu,3
clue,3
asteroid,3
compuls,3
painter,3
donni,3
jamal,3
sila,3
bait,3
exec,3
erupt,3
properti,3
mostli,3
precoci,3
newcom,3
shurik,3
outback,3
dastardli,3
philosoph,3
flamboy,3
annabel,3
coin,3
diner,3
psychopath,3
experiment,3
narrat,3
2002,3
barker,3
warlord,3
ventur,3
centr,3
so-cal,3
wealth,3
truck,3
polish,3
winston,3
scream,3
17-year-old,3
gracey,3
a.k.a,3
pleakley,3
hurt,3
drift,3
hijack,3
forward,3
fort,3
horrifi,3
gruesom,3
intellectu,3
neglect,3
tribe,3
lindsey,3
boston,3
laurent,3
switzerland,3
underway,3
solitud,3
businesswoman,3
server,3
frequent,3
anyway,3
nervou,3
digit,3
shakespear,3
treatment,3
dramat,3
librarian,3
meal,3
reignit,3
port,3
cant,3
tragedi,3
wrench,3
interrupt,3
parrot,3
face-to-fac,3
defin,3
corps,3
portia,3
lack,3
imaginari,3
financ,3
flighti,3
vineyard,3
shuttl,3
roxann,3
kermit,3
frog,3
muppet,3
dooley,3
elin,3
psychot,3
dispatch,3
auto,3
eleven,3
convers,3
freshman,3
madelein,3
nicknam,3
stole,3
rate,3
oppon,3
aurora,3
dentist,3
milo,3
rosco,3
reviv,3
marko,3
manufactur,3
surreal,3
staci,3
mumbl,3
ryder,3
bink,3
paper,3
pigeon,3
mischief,3
victori,3
injur,3
apprentic,3
anchor,3
lift,3
screenwrit,3
young-goon,3
luke,3
erot,3
pine,3
flor,3
claski,3
turkey,3
applic,3
dope,3
megan,3
philosophi,3
montana,3
glamour,3
sperm,3
rout,3
amnesia,3
aveng,3
request,3
anxiou,3
compar,3
river,3
caddi,3
golf,3
d.c.,3
stray,3
stuffi,3
bedroom,3
wine,3
hutting,3
jamilah,3
pregnanc,3
waiter,3
gran,3
clown,3
cooki,3
mickey,3
minni,3
aubrey,3
hypochondriac,3
floyd,3
collaps,3
harrison,3
remov,3
louisiana,3
grey,3
griffin,3
selfish,3
morgan,3
feud,3
oldest,3
flame,3
muriel,3
norm,3
savag,3
leopold,3
next-door,3
reserv,3
monk,3
offend,3
wonderland,3
madison,3
accio,3
manrico,3
listen,3
harriet,3
celest,3
warbuck,3
senat,3
cinema,3
crusad,3
jock,3
gilli,3
deeper,3
paloma,3
basement,3
elig,3
rashid,3
surfer,3
orang,3
dim-wit,3
creepi,3
liber,3
erica,3
rumor,3
fool,3
shape,3
hustler,3
jin-goo,3
tutor,3
uncontrol,3
shepherd,3
keong,3
field,3
pianist,3
chronicl,3
botch,3
taiwan,3
tuck,3
embezzl,3
slim,3
marni,3
franki,3
1976,3
chocol,3
handicap,3
nester,3
jose,3
merced,3
constantli,3
michigan,3
luther,3
bombay,3
lambda,3
valedictorian,3
vittoria,3
karol,3
rosalinda,3
tribal,3
fuel,3
run-down,3
that,3
rent,3
devast,3
zino,3
elena,3
pignon,3
esmond,3
monica,3
elliott,3
toma,3
tereza,3
darryl,3
hedwig,3
birdi,3
instantli,3
hopp,2
zootopia,2
scam-artist,2
baffl,2
generations-old,2
trickster,2
hector,2
quill,2
parentag,2
april,2
fenwick,2
spider-man,2
vultur,2
sparrow,2
ill-fortun,2
salazar,2
trident,2
poseidon,2
headstrong,2
jumanji,2
rhino,2
mamba,2
puzzl,2
bumpi,2
uproot,2
kingsman,2
eggsi,2
merlin,2
statesman,2
rebuild,2
saber-tooth,2
sloth,2
nobler,2
mercenari,2
acceler,2
eighti,2
anti-villain,2
stockbrok,2
belfort,2
autobiographi,2
notch,2
illya,2
kuryakin,2
budapest,2
concierg,2
protg,2
renaiss,2
slow,2
20th,2
bachelor-parti,2
revelri,2
persever,2
homer,2
springfield,2
encas,2
dome,2
simpson,2
unsleek,2
shifu,2
tigress,2
manti,2
unsatisfactori,2
sadli,2
mini-figur,2
masterbuild,2
exceed,2
attain,2
'forrest,2
gump,2
bein,2
albeit,2
fire-breath,2
compatriot,2
glue,2
lubric,2
prada,2
cave,2
shield,2
dori,2
nemo,2
marlin,2
flik,2
grasshopp,2
evil-mind,2
hopper,2
yzma,2
llama,2
squir,2
bedever,2
lancelot,2
not-quite-so-brave-as-sir-lancelot,2
galahad,2
limb,2
chop,2
camelot,2
super-secret,2
unrefin,2
ultra-competit,2
tech,2
amli,2
tautou,2
ameli,2
all-around,2
do-good,2
wolfpack,2
gozer,2
bestow,2
pegasu,2
hade,2
olympu,2
nichola,2
reassign,2
sandford,2
decapit,2
narcissist,2
attractive-but-dist,2
mawkish,2
groundhog,2
punxsutawney,2
vanilla-wed,2
highly-paid,2
spici,2
pent-up,2
nonstop,2
oversea,2
wheelchair-bound,2
nihilist,2
ferret,2
errant,2
unrealist,2
1980s-era,2
novic,2
bueno,2
femm,2
loop,2
megamind,2
19-year-old,2
strenuou,2
snack,2
enchantingli,2
buttercup,2
six-fing,2
swordsmen,2
sicilian,2
rodent,2
lovebird,2
hen-peck,2
foot-loos,2
consign,2
trash-talk,2
lowrey,2
whacked-out,2
barrio,2
cuba,2
firework,2
adul,2
mind-bend,2
spectacl,2
horsemen,2
delorean,2
mineshaft,2
1885,2
spur,2
clara,2
clayton,2
columbu,2
tallahasse,2
ever-liv,2
survivor,2
stare,2
ripper,2
varjak,2
dime,2
nors,2
exud,2
dorian,2
tyrel,2
blame,2
tweedi,2
doom,2
buttoned-down,2
unnecessari,2
homicid,2
juno,2
biff,2
peski,2
almanac,2
overkil,2
super-villain,2
herb,2
blindsid,2
blazing-fast,2
mcqueen,2
technician,2
hornet,2
piston,2
low-level,2
tuttl,2
mindless,2
id-tot,2
garbag,2
tenth,2
grader,2
isra,2
counterterror,2
zohan,2
head-to-head,2
pilgrim,2
wannab,2
ramona,2
col.,2
hannib,2
h.m.,2
bosco,2
baracu,2
templeton,2
faceman,2
dent,2
prefect,2
kurt,2
intoler,2
few-too-mani,2
dubiou,2
quietli,2
cork,2
versu,2
snort,2
tempera,2
roughest,2
1936,2
munro,2
post-divorc,2
deserv,2
seventeen-year,2
spier,2
litzk,2
feldheim,2
surgeri,2
predict,2
doofus,2
orbit,2
buchannon,2
butt,2
careless,2
habitu,2
liar,2
candl,2
fifth,2
payback,2
swindler,2
defraud,2
penthous,2
weaver,2
fickl,2
self-styl,2
wisdom,2
navorski,2
d'etat,2
shambl,2
kennedi,2
passport,2
quarantin,2
loung,2
simpli,2
deal-mak,2
awaywher,2
life-threaten,2
allegi,2
isabella,2
marketplac,2
street-urchin,2
nypd,2
baddest,2
wahlberg,2
innocu,2
shagadel,2
clone,2
mini-m,2
goldmemb,2
austin,2
bruge,2
belgium,2
stitzer,2
pleasant,2
invoic,2
electron,2
sex-obsess,2
de-virgin,2
trish,2
adenoid,2
expand,2
barber,2
persecut,2
backward,2
hawklik,2
gaze,2
trouble-lov,2
marley,2
load,2
democraci,2
lovingli,2
space-travel,2
smart-ass,2
outliv,2
dissect,2
compound,2
earthl,2
tough-as-nail,2
thermopoli,2
lilli,2
'princess,2
lessons'-,2
side-saddl,2
archeri,2
snowflak,2
munchkin-lik,2
abhor,2
bretter,2
jansen,2
enchantress,2
cyber-buddi,2
enlighten,2
peltzer,2
mogwai,2
baileyg,2
aggress,2
kowalski,2
octaviu,2
brine,2
baskin,2
carniv,2
unfamiliar,2
superstor,2
kathleen,2
parapsychologist,2
proton-pack-tot,2
ghoul,2
hobgoblin,2
knockout,2
cellist,2
purg,2
refriger,2
unconformit,2
guitarist,2
vocalist,2
finagl,2
fifth-grad,2
substitut,2
finer,2
moonris,2
off-shor,2
maguir,2
tidwel,2
egomaniac,2
player-turned-golf,2
gilmor,2
shooter,2
mcgavin,2
soften,2
gun-sling,2
less-than-courag,2
hilt,2
romain,2
masturb,2
midlif,2
do-ov,2
aca-circuit,2
aca-mag,2
terranc,2
philip,2
pronounc,2
old-old-old-fashion,2
vlad,2
impromptu,2
get-togeth,2
collis,2
old-school,2
suffoc,2
bench,2
lockwood,2
cloud,2
chewandswallow,2
feed,2
gargantuan,2
long-abs,2
scrape,2
re-run,2
spacecraft,2
on-screen,2
solar,2
antidepress,2
maladi,2
theyv,2
bawdi,2
zack,2
miri,2
cash-flow,2
'hitch,2
hitchen,2
proven,2
techniqu,2
mela,2
pleasantli,2
pingleton,2
amber,2
tacodil,2
shrimpanze,2
pie-thon,2
decidedli,2
rodent-phob,2
gusteau,2
certainli,2
cabdriv,2
koala,2
buster,2
winslet,2
christmastim,2
five-stak,2
mavi,2
118th,2
ventura,2
senatori,2
madli,2
carddespit,2
bellboy,2
huff,2
doback,2
stepbroth,2
constant,2
multi-expression,2
scorch,2
supernova,2
respond,2
spoken,2
voyag,2
off-cours,2
over-the-count,2
cough,2
syrup,2
spray,2
cadi,2
heron,2
self-describ,2
ensemblelego,2
batmanstar,2
big-screen,2
gotham,2
joker,2
batman,2
vigilant,2
speedway,2
macho,2
primp,2
starski,2
laid-back,2
hutch,2
hutchinson,2
huggi,2
persuas,2
rees,2
feldman,2
contraband,2
medellin,2
shaolin,2
discourag,2
bone-chil,2
tremor,2
1889,2
drove,2
erad,2
spooki,2
overly-confid,2
accomplic,2
there,2
duchess,2
o'malley,2
jazz-play,2
aristocat,2
epitom,2
intensifi,2
rattl,2
survey,2
copperbottom,2
ratchet,2
weld,2
obsolet,2
mi-7,2
once-disgrac,2
redeem,2
tarnish,2
burt,2
simul,2
worm,2
flesh-eat,2
graboid,2
damien,2
uber-control,2
foul-mouth,2
daytona,2
nuptial,2
riotou,2
karaok,2
potty-mouth,2
needl,2
counter,2
newly-form,2
insidi,2
arch,2
sensei,2
splinter,2
deport,2
tate,2
put-upon,2
real-est,2
lifeless,2
wizard,2
vehicl,2
jenna,2
stash,2
chamber,2
ingeni,2
delici,2
poorli,2
behav,2
meryl,2
streep,2
impost,2
farc,2
scanner,2
recollect,2
bowler,2
whisk,2
ambival,2
edifi,2
dive,2
bradi,2
ross,2
mack,2
lela,2
sunshin,2
roddi,2
spike,2
earthquak,2
marseil,2
taxi,2
hurtl,2
amazon,2
nigel,2
fearsom,2
under-appreci,2
wasnt,2
hunchback,2
caprici,2
expo,2
maya,2
apprehend,2
rowan,2
single-handedli,2
despot,2
looney,2
cortez,2
kumail,2
walley,2
intrus,2
disench,2
approv,2
restless,2
subdivis,2
fortress,2
mix-up,2
conceal,2
alvin,2
tobi,2
ignit,2
sharpay,2
unforgett,2
debonair,2
stork,2
unauthor,2
carpent,2
overboard,2
congressman,2
archeologist,2
album,2
requisit,2
groupi,2
behind-the-scen,2
piranha,2
burger,2
beard,2
bikini,2
surfac,2
squirrel,2
gear,2
villa,2
decad,2
deanna,2
forbidden,2
efron,2
hudgen,2
parad,2
bloodthirsti,2
termit,2
nascar,2
knack,2
slot,2
retain,2
neighbour,2
zisman,2
trunk,2
african,2
immun,2
high-stak,2
lieuten,2
thirst,2
undeni,2
scarc,2
rag-tag,2
victorian,2
smitten,2
lissa,2
toymak,2
infidel,2
juici,2
accord,2
gunmen,2
arrog,2
slater,2
fledgl,2
oregon,2
philipp,2
seasid,2
batch,2
song-and-d,2
compris,2
grouchi,2
felt,2
wipe,2
hurrican,2
layov,2
decrepit,2
frighten,2
twice,2
jenko,2
freshmen,2
three-tim,2
codi,2
bridg,2
zooey,2
outer,2
monro,2
carv,2
elixir,2
klutzi,2
makeov,2
spread,2
fret,2
overwork,2
limit,2
self-indulg,2
ladder,2
parol,2
guitar,2
rock-and-rol,2
mulan,2
akahan,2
dorm,2
haruto,2
kurosaki,2
obedi,2
spyder,2
cocain,2
bust,2
largest,2
aimless,2
wilkinson,2
kato,2
unbeliev,2
dublin,2
storybook,2
rosewood,2
candi,2
erni,2
teammat,2
burrough,2
torment,2
underwat,2
swarm,2
dormant,2
flesh,2
usual,2
housem,2
hipster,2
cann,2
kitten,2
belgian,2
lowli,2
railroad,2
firefight,2
core,2
ignor,2
donat,2
smart,2
crass,2
allergi,2
wide-ey,2
weight,2
nina,2
enslav,2
heard,2
re-anim,2
gridiron,2
plain,2
norah,2
filmor,2
preoccupi,2
nicol,2
sitter,2
drain,2
moscow,2
jacqu,2
environment,2
preserv,2
june,2
dodg,2
wide,2
johnston,2
baldwin,2
worsen,2
marigold,2
zambezia,2
californian,2
delv,2
literatur,2
uncar,2
telekinet,2
autist,2
laughter,2
wendi,2
oblivion,2
traine,2
strap,2
collector,2
vanish,2
wyatt,2
boost,2
scienc,2
baron,2
cherish,2
access,2
veterinarian,2
recal,2
short-term,2
feet,2
tramp,2
edna,2
pace,2
vast,2
deem,2
dawn,2
missil,2
undergon,2
invinc,2
spaceship,2
beau,2
reward,2
porco,2
rosso,2
crimson,2
freelanc,2
cedric,2
instil,2
disgrac,2
shane,2
junki,2
lana,2
midst,2
outsmart,2
frontier,2
randi,2
dupre,2
hedley,2
szalinski,2
scour,2
depth,2
skeeter,2
bronson,2
bewild,2
reuben,2
irrespons,2
hard-work,2
boon,2
conspir,2
upris,2
carolina,2
1962,2
vernon,2
delta,2
averag,2
blith,2
hollow,2
saniti,2
coop,2
hyster,2
tank,2
amor,2
sack,2
overlook,2
primit,2
wive,2
opera,2
mortician,2
interlud,2
spotlight,2
madelin,2
arch-riv,2
gomez,2
morticia,2
forth,2
accus,2
ashtray,2
wayan,2
marlon,2
warhead,2
ampl,2
ridicul,2
brenda,2
sullivan,2
interf,2
'real,2
crunch,2
daredevil,2
part-tim,2
valuabl,2
rewrit,2
unless,2
makeup,2
combin,2
emerald,2
defunct,2
beck,2
disposit,2
muster,2
sadist,2
slapstick,2
trademark,2
isabel,2
swinger,2
traffic,2
outdo,2
vignett,2
staid,2
liver,2
akeem,2
synthet,2
psycholog,2
superman,2
hubert,2
trace,2
frail,2
rocco,2
16th,2
tomboyish,2
averi,2
mcginti,2
sentinel,2
screw,2
space-tim,2
mend,2
lurk,2
billion,2
quartet,2
conman,2
christina,2
meaning,2
courtney,2
supermodel,2
dicken,2
sensual,2
interact,2
rape,2
surmis,2
cantanker,2
fun-lov,2
snag,2
1988,2
premis,2
compil,2
skit,2
beavi,2
butt-head,2
10th,2
2000,2
ultra,2
fast-pac,2
bibl,2
tenaci,2
unwit,2
riot,2
sliman,2
nela,2
tower,2
outskirt,2
needi,2
tranquil,2
disco,2
white-suit,2
present-day,2
offspr,2
screenplay,2
muse,2
grasp,2
gnome,2
antonio,2
mobil,2
technic,2
hardli,2
world-fam,2
philand,2
eastern,2
absent,2
infam,2
messer,2
dislik,2
calendar,2
demo,2
19th-centuri,2
opportunist,2
viru,2
mormon,2
bambino,2
excess,2
mccallist,2
natali,2
goodi,2
impati,2
imperi,2
o'bannon,2
brother-in-law,2
atlanta,2
dough,2
besieg,2
marijuana,2
insect,2
sparki,2
kyle,2
mayflow,2
privaci,2
remembr,2
evelyn,2
ruth,2
experienc,2
hardship,2
whistl,2
moron,2
slice,2
acclaim,2
smoothli,2
bonu,2
barbi,2
twain,2
tango,2
gabriel,2
perret,2
roar,2
handler,2
devic,2
intersect,2
beauregard,2
gunman,2
gunfight,2
kirk,2
sixty-someth,2
geoff,2
stabl,2
benson,2
boucher,2
rage,2
tackl,2
gretta,2
montmirail,2
tend,2
hawaiian,2
focal,2
gotten,2
long-hair,2
leela,2
tulip,2
unwelcom,2
exorcis,2
casper,2
boum,2
therapi,2
wrap,2
xavier,2
reaper,2
skeleton,2
lucr,2
entranc,2
neuros,2
angst,2
racket,2
sinclair,2
juliann,2
kinnear,2
lane,2
yanci,2
pearl,2
nerv,2
derang,2
kemp,2
pristin,2
juan,2
hemingway,2
sanderson,2
schoolgirl,2
specif,2
coming-of-ag,2
delic,2
buffi,2
gulf,2
out-of-work,2
bike,2
good-natur,2
negoti,2
instinct,2
sweat,2
flavor,2
smaller,2
gray,2
throughout,2
flop,2
fountain,2
harper,2
nomad,2
hypnot,2
elementari,2
alfalfa,2
klump,2
serum,2
juvenil,2
detent,2
outlet,2
deaf,2
paula,2
sabotag,2
compel,2
claus,2
stepford,2
demeanor,2
diminish,2
haul,2
repeatedli,2
margot,2
milit,2
breed,2
bernard,2
bakeri,2
werewolv,2
scrap,2
displac,2
reliev,2
griev,2
orlean,2
artifici,2
insemin,2
walli,2
world-class,2
trent,2
lonett,2
dine,2
furi,2
adolf,2
monstrou,2
brass,2
numer,2
warren,2
fourth,2
airplan,2
adrian,2
dickerson,2
affabl,2
underachiev,2
clinic,2
scrappi,2
boyd,2
regiment,2
viciou,2
colonel,2
dinosaur,2
meek,2
downhil,2
antoin,2
glove,2
applianc,2
creativ,2
banker,2
chatti,2
late-night,2
opinion,2
offens,2
heffalump,2
elus,2
curiou,2
partridg,2
rehab,2
vanquish,2
revolutionari,2
leonard,2
succes,2
morri,2
lanc,2
best-sel,2
stanton,2
outspoken,2
abroad,2
revisit,2
smersh,2
hard-charg,2
lawrenc,2
conundrum,2
sponsor,2
bloodi,2
equip,2
intrepid,2
halfway,2
16-year-old,2
yearn,2
exact,2
loophol,2
weird,2
boddi,2
oddbal,2
penniless,2
1940,2
slum,2
gillian,2
owen,2
angelov,2
inject,2
wilma,2
warden,2
penchant,2
strait-lac,2
princeton,2
pressman,2
jeremiah,2
exhilar,2
sled,2
naturalist,2
gofer,2
masterpiec,2
upper-class,2
calam,2
fast-food,2
whirlwind,2
lower,2
seattl,2
dolittl,2
forlorn,2
suitabl,2
buck,2
assum,2
martha,2
amiabl,2
slate,2
demolit,2
trend,2
unassum,2
degener,2
kindheart,2
reform,2
cigarett,2
stud,2
snowi,2
lula,2
sister-in-law,2
kindergarten,2
fare,2
newsman,2
payn,2
discharg,2
hound,2
shoeshin,2
sadi,2
minor-leagu,2
disillus,2
stint,2
bona,2
fide,2
fals,2
jamaican,2
disqualifi,2
menac,2
succe,2
pincu,2
miracul,2
blacki,2
wwii,2
duplic,2
rank,2
cleaner,2
gigolo,2
began,2
rail,2
meantim,2
shaw,2
1944,2
cohabit,2
dish,2
all-out,2
upscal,2
argument,2
gen.,2
rancor,2
circuit,2
veroniqu,2
reinvent,2
borrow,2
jaguar,2
note,2
crumbl,2
vastli,2
1978,2
somewher,2
isol,2
greed,2
wealthiest,2
roller,2
kentucki,2
default,2
retali,2
hoggett,2
confess,2
temptat,2
effici,2
spare,2
unfinish,2
downtown,2
lennon,2
unpleas,2
francesca,2
dismiss,2
consum,2
il-soon,2
cure,2
mitchi,2
over-the-top,2
rocker,2
cinderella,2
sex-craz,2
deborah,2
overshadow,2
josi,2
unidentifi,2
reggi,2
annika,2
world-weari,2
hard-parti,2
stewart,2
1959,2
exercis,2
hike,2
anton,2
dole,2
fourteen,2
sympathi,2
t-bird,2
jacket,2
futurist,2
boxer,2
intertwin,2
unearth,2
naruto,2
marwood,2
withnail,2
monti,2
flammond,2
item,2
expedit,2
smail,2
erin,2
practition,2
dimens,2
troublesom,2
follow-up,2
celestin,2
childlik,2
offbeat,2
oscar-win,2
list,2
northern,2
chastiti,2
brock,2
protest,2
swank,2
entrench,2
divers,2
bred,2
barrack,2
duke,2
sefton,2
deni,2
plight,2
debat,2
sedat,2
parenthood,2
spree,2
nicola,2
duchemin,2
tester,2
ralph,2
sore,2
peek,2
gloria,2
holi,2
grail,2
varsiti,2
donald,2
seduct,2
satan,2
unfairli,2
globodyn,2
sidarthur,2
leadership,2
sold-out,2
portal,2
gavilan,2
calden,2
yoga,2
herbi,2
beetl,2
mordon,2
code,2
marybeth,2
bayou,2
butcher,2
solut,2
monthli,2
bogart,2
self-help,2
seminar,2
dorado,2
mythic,2
worship,2
broke,2
joyrid,2
double-cross,2
sung-woong,2
obscen,2
darnel,2
neighbourhood,2
literari,2
sinja,2
backyard,2
toast,2
spain,2
chemic,2
townspeopl,2
ratner,2
sought,2
helena,2
switchblad,2
lampoon,2
subvers,2
murray,2
tricki,2
yank,2
burglar,2
warner,2
vice,2
microfilm,2
roberta,2
quarterback,2
sketch,2
conceiv,2
footag,2
bergen,2
radha,2
crowd,2
obscur,2
biasi,2
proce,2
sink,2
mascot,2
debut,2
big-citi,2
xixo,2
absenc,2
invis,2
hildi,2
steer,2
reincarn,2
goodwil,2
would-b,2
bryan,2
sensit,2
ostens,2
flirt,2
fascist,2
speech,2
barrel,2
brantley,2
mackenzi,2
simultan,2
reign,2
debtor,2
bottl,2
disappoint,2
exchang,2
life-long,2
clive,2
unfurl,2
finni,2
nestrian,2
involuntari,2
hazel,2
leah,2
smooth,2
facil,2
hannigan,2
jefferson,2
shortcom,2
zach,2
siler,2
declin,2
sharpli,2
hail,2
trailer,2
elois,2
saddl,2
sheeni,2
antiqu,2
sword,2
outfit,2
wheel,2
jewelri,2
sustain,2
presley,2
catcher,2
cancel,2
overachiev,2
trotter,2
isnt,2
cheer,2
vocal,2
voice-ov,2
1967,2
marla,2
whatsoev,2
traffick,2
toxic,2
wast,2
observ,2
janitor,2
big-tim,2
scoop,2
grandpa,2
patron,2
auggi,2
pound,2
mummi,2
ringo,2
janet,2
frank-n-furt,2
co-host,2
vision,2
revolut,2
in-law,2
scenario,2
underneath,2
shave,2
terenc,2
jazz,2
nonetheless,2
fond,2
aristocrat,2
afternoon,2
julian,2
marx,2
sixteen-year-old,2
travers,2
print,2
habitat,2
rang,2
clock,2
normal-s,2
lender,2
thread,2
ballroom,2
mother-in-law,2
dropout,2
allan,2
chantri,2
sadomasochist,2
kakihara,2
bind,2
bronx,2
cartoon,2
barney,2
occas,2
friedrich,2
rebound,2
sammi,2
dian,2
n.j.,2
reckless,2
vendetta,2
bounc,2
pope,2
dizzi,2
ward,2
dismay,2
hotti,2
kyun-woo,2
sydney,2
tropez,2
pascal,2
maximu,2
chameleon,2
dada,2
kondk,2
amongst,2
vessel,2
extract,2
o'reilli,2
celin,2
pursuit,2
motel,2
bate,2
mid-lif,2
charlen,2
adulter,2
mona,2
zibbi,2
sourc,2
con-man,2
blane,2
streetwis,2
einstein,2
cell,2
cora,2
manchest,2
suav,2
fatherhood,2
pension,2
1973,2
jean-ren,2
angliqu,2
daytim,2
pseudonym,2
underwear,2
loveless,2
holden,2
unreli,2
heartbroken,2
eye-catch,2
zachari,2
magnet,2
persist,2
arletti,2
ashbi,2
tingl,2
mayhem,2
tempt,2
dorothi,2
attilio,2
caribbean,2
dominiqu,2
expatri,2
non-vampir,2
empti,2
reliv,2
insult,2
pump,2
pleasantvil,2
suzi,2
lander,2
halli,2
cafferi,2
fairbank,2
puberti,2
pray,2
valmont,2
jocelyn,2
supervisor,2
boom,2
mller,2
goethe-gesamtschul,2
overweight,2
extra,2
rough,2
bhaskar,2
rosemari,2
karat,2
hone,2
recommend,2
exhaust,2
hurley,2
gonzo,2
fantma,2
ivan,2
porsch,2
dispos,2
scandal,2
motley,2
nadin,2
illia,2
rollo,2
slight,2
paolo,2
omin,2
russ,2
chubbi,2
coconut,2
jean-tienn,2
fougerol,2
appli,2
mass,2
seymour,2
mushnik,2
skid,2
supper,2
elmo,2
till,2
display,2
hypocrit,2
alberto,2
unmask,2
finger,2
cletu,2
substanc,2
reilli,2
mcdonald,2
pong,2
allison,2
latin,2
smuggler,2
barnhardt,2
fune,2
modest,2
mandi,2
amantido,2
torsillo,2
skirt,2
gross,2
diva,2
great-great,2
skull,2
razor,2
zelig,2
nanci,2
garp,2
middle-class,2
titta,2
yudal,2
bentzi,2
buxom,2
zare,2
dadan,2
haley,2
turbo,2
mannequin,2
hard-liv,2
whitacr,2
sissi,2
nora,2
cartoonist,2
pumpkin,2
combat,2
self,2
afro-american,2
sabina,2
zani,2
perci,2
walken,2
brewster,2
ruptur,2
jacquouil,2
conscienc,2
length,2
dakota,2
crawl,2
bitch,2
curli,2
dynamit,2
dignan,2
'job,2
torino,2
standstil,2
serpent,2
oasi,2
heat,2
tuareg,2
ajar,2
orchestra,2
squint,2
gentlemen,2
magorium,2
emporium,2
doodl,2
sanjuro,2
fletch,2
sebastian,2
decoy,2
mcelroy,2
quinci,2
burrow,2
deliri,2
missi,2
re-examin,2
ramsey,2
pyke,2
zhang,2
philo,2
brawler,2
jrmie,2
updat,2
bakshi,2
vike,2
mortim,2
waxman,2
brainard,2
heck,2