film,816
documentari,565
world,428
life,365
stori,365
year,322
live,293
interview,222
look,203
follow,190
first,185
time,185
make,183
take,177
explor,174
featur,174
peopl,171
footag,165
show,164
director,162
music,156
work,151
includ,149
famili,146
movi,143
american,141
histori,141
journey,135
star,128
filmmak,127
behind,119
three,114
tell,112
person,109
becom,106
band,105
perform,103
young,103
mani,102
reveal,101
scene,97
human,95
like,94
made,93
also,92
power,92
artist,91
america,87
chang,87
find,86
cultur,86
back,85
examin,84
death,82
state,82
experi,82
citi,82
creat,81
friend,81
polit,81
last,81
well,78
home,78
portrait,78
dream,78
love,77
countri,77
play,77
career,76
produc,76
group,74
nation,73
investig,73
give,72
even,72
legendari,72
around,72
struggl,71
intim,70
icon,70
captur,70
record,70
archiv,70
event,69
ever,69
rock,68
rise,67
direct,67
intern,67
chronicl,66
seri,66
come,65
commun,65
celebr,65
mother,64
part,64
inspir,63
york,63
david,63
fight,61
anim,61
public,61
industri,61
never,61
team,60
natur,59
togeth,59
unit,58
uniqu,58
shot,58
face,58
woman,58
true,58
sinc,57
impact,57
concert,57
game,57
across,56
tour,56
black,56
today,56
gener,55
four,55
best,55
women,55
unpreced,54
race,54
societi,54
greatest,54
cinema,54
known,54
street,54
video,53
narrat,53
move,53
extraordinari,53
turn,52
question,52
audienc,52
photograph,52
crew,51
earth,51
close,51
john,51
member,51
futur,51
stage,51
origin,51
begin,50
right,50
success,50
surviv,50
challeng,50
bring,50
lead,50
meet,49
present,49
school,49
hollywood,49
u.s.,49
actor,49
drug,49
girl,48
short,48
insid,48
relationship,48
jame,48
continu,48
mysteri,48
everi,48
document,47
form,47
cast,47
michael,47
releas,47
album,47
call,47
musician,47
deep,47
differ,47
view,46
modern,46
past,46
social,46
final,46
biggest,46
camera,46
fascin,46
truth,46
punk,46
name,45
understand,45
start,44
happen,44
legend,44
song,44
beauti,44
million,44
great,44
offer,44
becam,43
attempt,43
secret,43
moment,43
place,43
earli,43
former,42
compani,42
activist,42
famou,42
white,42
would,42
help,42
build,41
ultim,41
sport,41
nearli,41
media,41
student,41
discov,41
effect,41
viewer,41
forc,40
variou,40
littl,40
other,40
children,40
classic,40
anoth,40
special,40
fashion,40
magic,40
remain,39
decad,39
influenc,39
could,39
legaci,39
food,39
real,39
rare,39
project,39
popular,39
south,39
controversi,39
technolog,38
creativ,38
histor,38
battl,38
hous,38
georg,38
high,38
ocean,38
test,38
complex,38
later,37
visual,37
murder,37
found,37
five,37
movement,37
angel,37
base,36
access,36
prepar,36
left,36
share,36
head,36
brother,36
focus,36
teenag,36
still,35
subject,35
hand,35
period,35
porn,35
join,35
leav,35
small,35
global,35
prison,34
design,34
free,34
screen,34
busi,34
process,34
book,34
realiti,34
travel,34
along,34
author,34
seen,34
light,34
host,34
heart,34
father,33
system,33
search,33
master,33
incred,33
behind-the-scen,33
role,33
comic,33
mind,33
kill,33
tale,33
creation,33
metal,33
planet,32
often,32
talent,32
trace,32
collect,32
thing,32
product,32
whose,32
within,32
hope,32
bodi,31
open,31
return,31
in-depth,31
long,31
discuss,31
king,31
grow,31
danc,31
appear,31
california,31
voic,31
import,31
much,31
organ,31
athlet,31
hour,31
land,30
park,30
imag,30
eight,30
town,30
adult,30
without,30
connect,30
candid,30
presid,30
univers,30
french,30
epic,29
issu,29
corpor,29
brought,29
mean,29
crime,29
delv,29
govern,29
materi,29
civil,29
told,29
insight,29
robert,29
mountain,29
cinemat,29
among,29
charact,29
crisi,29
clip,29
learn,29
came,29
bruce,29
detail,29
develop,28
fame,28
citizen,28
remark,28
achiev,28
chri,28
polic,28
entertain,28
major,28
william,28
road,28
depict,28
exist,28
sound,28
dark,28
photo,28
sever,28
2016,27
campaign,27
acclaim,27
centuri,27
speak,27
enter,27
want,27
talk,27
danger,27
walk,27
action,27
complet,27
award,27
cours,27
allow,27
support,27
competit,27
answer,27
scientist,27
next,27
second,27
mission,27
north,27
news,27
comedian,27
fall,27
revolut,27
full,26
keep,26
emot,26
expos,26
almost,26
cover,26
studio,26
festiv,26
academi,26
account,26
award-win,26
stop,26
daili,26
version,26
away,26
privat,26
embark,26
contemporari,26
violenc,26
scienc,26
took,26
seem,25
hilari,25
evolut,25
bill,25
better,25
color,25
journalist,25
combin,25
reflect,25
result,25
island,25
program,25
collabor,25
late,25
comedi,25
elect,25
jackson,25
effort,25
mark,24
justic,24
passion,24
push,24
length,24
provid,24
involv,24
hard,24
transform,24
activ,24
singer,24
defin,24
wife,24
trial,24
pioneer,24
shock,24
largest,24
extrem,24
childhood,24
know,24
control,24
lost,24
scott,24
wall,23
throughout,23
money,23
individu,23
ident,23
determin,23
lynch,23
went,23
militari,23
martial,23
seven,23
figur,23
champion,23
everyth,23
pictur,23
shoot,23
night,23
internet,23
trek,23
televis,23
stone,23
water,23
wine,23
sexual,22
outsid,22
globe,22
richard,22
creatur,22
dramat,22
entir,22
humor,22
leader,22
loui,22
influenti,22
profession,22
landscap,22
style,22
faith,22
ride,22
1970,22
underground,22
parent,22
church,22
inform,22
horror,22
rape,22
dead,22
written,22
roll,22
space,22
front,22
belov,21
iraq,21
johnni,21
herzog,21
devast,21
howev,21
emerg,21
climat,21
martin,21
superstar,21
watch,21
arrest,21
flight,21
johnson,21
german,21
africa,21
side,21
progress,21
adventur,21
scientif,21
center,21
despit,21
recent,21
execut,21
edit,21
engin,21
peer,21
birth,20
franc,20
parti,20
chart,20
rais,20
health,20
creator,20
offic,20
surround,20
feder,20
disappear,20
child,20
harri,20
expert,20
case,20
must,20
germani,20
mexico,20
convict,20
room,20
abus,20
decid,20
florida,20
marvel,20
feel,20
crimin,20
portray,20
energi,20
2008,20
minut,20
commit,20
west,20
point,20
worker,20
shop,20
equal,19
tragic,19
summer,19
spirit,19
notori,19
fish,19
soul,19
possibl,19
upon,19
local,19
current,19
fact,19
perspect,19
digit,19
democraci,19
uncov,19
eventu,19
believ,19
beyond,19
ford,19
british,19
hero,19
democrat,19
never-before-seen,19
drive,19
deal,19
extens,19
paul,19
daughter,19
drama,19
genr,19
pull,19
hidden,19
1980,19
actual,19
funni,19
shape,19
charg,19
born,19
camp,18
decis,18
unlik,18
china,18
endur,18
anniversari,18
whole,18
compos,18
trip,18
offici,18
andrew,18
locat,18
heavi,18
african,18
armstrong,18
piec,18
groundbreak,18
dollar,18
violent,18
consid,18
condit,18
victim,18
definit,18
wild,18
wrong,18
divers,18
draw,18
mental,18
posit,18
overcom,18
dress,18
geniu,18
weav,18
approach,18
blue,18
giant,18
pari,18
freedom,18
educ,17
retir,17
friendship,17
third,17
explain,17
line,17
physic,17
perfect,17
tradit,17
corrupt,17
2011,17
describ,17
pass,17
opportun,17
happi,17
medic,17
ground,17
invent,17
underwat,17
aspect,17
plant,17
colleg,17
forev,17
golden,17
soldier,17
feature-length,17
vietnam,17
recount,17
infam,17
championship,17
kevin,17
fiction,17
memori,17
inhabit,17
stun,17
limit,17
intens,17
innov,17
save,17
brand,17
spent,17
institut,17
villag,17
month,17
europ,17
conflict,17
gang,17
jackass,16
court,16
track,16
domin,16
hunter,16
care,16
model,16
consequ,16
done,16
peter,16
onlin,16
june,16
disney,16
sens,16
steven,16
practic,16
particip,16
taken,16
began,16
destroy,16
sensat,16
alien,16
region,16
exclus,16
claim,16
revolutionari,16
heard,16
oper,16
loss,16
everyon,16
australia,16
aliv,16
phenomenon,16
kind,16
fear,16
reach,16
noth,16
toward,16
thousand,16
larg,16
squar,16
spring,16
writer,16
dozen,16
broadway,16
debut,16
surpris,15
countless,15
desert,15
survivor,15
afghanistan,15
driver,15
everyday,15
sometim,15
convers,15
inner,15
resid,15
except,15
promot,15
east,15
steve,15
matter,15
singl,15
repres,15
affect,15
cameron,15
motion,15
religion,15
ordinari,15
risk,15
2010,15
brain,15
nazi,15
trilog,15
testimoni,15
japanes,15
research,15
path,15
evid,15
isra,15
compel,15
burn,15
beach,15
surfac,15
theater,15
field,15
wonder,15
scandal,15
amaz,15
interest,15
background,15
racial,15
neighborhood,15
touch,15
financi,15
player,15
husband,14
endang,14
goal,14
respons,14
accept,14
peac,14
relat,14
compet,14
shine,14
belief,14
mike,14
revel,14
ambiti,14
courag,14
huge,14
thought,14
untold,14
stand,14
vibrant,14
tragedi,14
voyag,14
escap,14
religi,14
dive,14
march,14
visit,14
think,14
latest,14
brian,14
billion,14
reason,14
polaroid,14
root,14
sacrific,14
2012,14
disast,14
plan,14
realli,14
protest,14
billi,14
numer,14
olymp,14
miss,14
market,14
suicid,14
oscar,14
blind,14
captain,14
cult,14
report,14
narr,14
moor,13
train,13
werner,13
protect,13
climb,13
chief,13
pick,13
break,13
profil,13
sustain,13
environ,13
scorses,13
sold,13
secur,13
dedic,13
spend,13
winner,13
might,13
less,13
associ,13
strike,13
kennedi,13
upris,13
border,13
select,13
fighter,13
iron,13
detroit,13
dancer,13
enemi,13
good,13
confront,13
fate,13
owner,13
bond,13
imagin,13
obsess,13
unseen,13
hundr,13
guid,13
convent,13
showcas,13
hear,13
highlight,13
alreadi,13
grew,13
polish,13
frank,13
teen,13
word,13
diseas,13
prove,13
valu,13
concept,13
alway,13
unfold,13
western,13
renown,13
kurdish,13
homeless,13
palestinian,13
kong,13
wing,13
migrat,13
explos,12
attack,12
span,12
season,12
number,12
femal,12
bear,12
whale,12
captiv,12
craft,12
inmat,12
grand,12
2007,12
soon,12
ongo,12
1999,12
sci-fi,12
lion,12
luca,12
polici,12
middl,12
class,12
australian,12
nick,12
contin,12
vision,12
rehears,12
desir,12
jewish,12
idea,12
snowboard,12
ralli,12
foley,12
veteran,12
genesi,12
treat,12
troubl,12
gain,12
japan,12
tribut,12
site,12
critic,12
experienc,12
bizarr,12
twist,12
debat,12
queen,12
week,12
arena,12
2002,12
reef,12
suffer,12
curtain,12
quickli,12
caus,12
previou,12
arriv,12
serv,12
evolv,12
alex,12
demand,12
monster,12
demonstr,12
fellow,12
august,12
indian,12
english,12
pair,12
occur,12
addit,12
imax,12
encount,12
trump,12
illumin,12
deepli,12
step,12
astonish,12
april,12
rule,12
avail,12
holocaust,12
broke,12
cocker,12
magazin,12
unknown,12
crash,12
alon,12
jessica,12
1960,12
titl,12
architect,12
worldwid,12
simpl,12
someth,12
coast,12
fire,12
stanley,12
2005,12
hong,12
russian,12
rural,11
defend,11
statu,11
typic,11
profit,11
super,11
christian,11
pose,11
fast,11
brutal,11
languag,11
contribut,11
economi,11
strive,11
strength,11
close-up,11
farm,11
basketbal,11
problem,11
order,11
devot,11
myth,11
charismat,11
valley,11
cost,11
propaganda,11
grip,11
amanda,11
itali,11
unparallel,11
brown,11
rain,11
seek,11
unexpect,11
term,11
imposs,11
construct,11
motiv,11
sister,11
ship,11
beatl,11
expect,11
independ,11
lumir,11
machin,11
scale,11
element,11
juli,11
guest,11
common,11
establish,11
legal,11
beneath,11
spectacular,11
transport,11
terror,11
mile,11
cycl,11
popul,11
wait,11
folk,11
babi,11
marin,11
britain,11
dare,11
respect,11
hair,11
india,11
frame,11
charli,11
1989,11
drink,11
moon,11
lifestyl,11
dinosaur,11
marriag,11
actress,11
press,11
sourc,11
speed,11
skill,11
store,11
farmer,11
sell,11
ballet,11
italian,11
invit,10
2000,10
electr,10
highest,10
bush,10
spiritu,10
main,10
lose,10
killer,10
anyth,10
bank,10
deadli,10
announc,10
empir,10
pain,10
competitor,10
slow,10
jone,10
cinematograph,10
1974,10
massiv,10
apart,10
strang,10
accid,10
immers,10
manag,10
doctor,10
jungl,10
canada,10
circl,10
republ,10
fill,10
eccentr,10
techniqu,10
econom,10
rivet,10
aspir,10
crowd,10
agent,10
chines,10
brando,10
stardom,10
destruct,10
intend,10
chanc,10
landmark,10
sight,10
realiz,10
listen,10
outrag,10
wave,10
canadian,10
date,10
lake,10
half,10
terrifi,10
whether,10
conserv,10
biographi,10
haunt,10
summit,10
excit,10
pursu,10
download,10
observ,10
station,10
structur,10
davi,10
titan,10
psycholog,10
deliv,10
enorm,10
youth,10
letter,10
pilot,10
fail,10
batman,10
backdrop,10
door,10
taylor,10
paint,10
addict,10
silent,10
lennon,10
thrill,10
fair,10
09-nov,10
choic,10
bibl,10
enforc,10
wrestl,10
madison,10
carri,10
nomin,10
fittest,10
solut,10
note,10
radic,10
though,10
fought,10
rank,10
mustang,10
liar,10
snap,10
skirt,10
atroc,9
swedish,9
franchis,9
consum,9
quest,9
perri,9
terrorist,9
straight,9
need,9
transit,9
transcend,9
jazz,9
speci,9
twenti,9
endless,9
spotlight,9
gather,9
amateur,9
grown,9
commentari,9
given,9
kati,9
hardcor,9
advoc,9
homosexu,9
normal,9
provoc,9
atmospher,9
drew,9
appeal,9
charl,9
1990,9
taxi,9
express,9
theroux,9
shown,9
elit,9
jimmi,9
built,9
massacr,9
headlin,9
gold,9
tough,9
garden,9
receiv,9
nasa,9
hunt,9
especi,9
iran,9
programm,9
spread,9
rang,9
lawrenc,9
chase,9
israel,9
syria,9
rescu,9
erot,9
difficult,9
soil,9
river,9
accord,9
thinker,9
hold,9
employe,9
goldberg,9
abduct,9
pressur,9
stephen,9
felt,9
nomad,9
easi,9
worst,9
wear,9
teeth,9
armi,9
commerci,9
bomb,9
vener,9
editor,9
rather,9
architectur,9
obama,9
launch,9
daniel,9
2014,9
pursuit,9
london,9
anthoni,9
2004,9
focu,9
sing,9
politician,9
comment,9
jack,9
consist,9
jeff,9
smith,9
union,9
revisit,9
thirti,9
maker,9
percept,9
southern,9
kubrick,9
context,9
embrac,9
annual,9
illustr,9
discoveri,9
year-old,9
glimps,9
jean,9
introduc,9
rich,9
edison,9
magician,9
failur,9
pimp,9
colleagu,9
print,9
compil,8
ginsburg,8
lawyer,8
refus,8
septemb,8
rest,8
twelv,8
intellig,8
tommi,8
phil,8
near,8
2001,8
bold,8
owen,8
engag,8
oldest,8
depth,8
contain,8
princ,8
topic,8
real-lif,8
demis,8
christoph,8
bubbl,8
chain,8
supermarket,8
antarctica,8
1996,8
england,8
santa,8
undertak,8
assembl,8
upbring,8
trick,8
that,8
motor,8
vega,8
threat,8
environment,8
write,8
resist,8
iranian,8
clear,8
philosoph,8
wikileak,8
explod,8
fundament,8
boom,8
hors,8
dynam,8
tortur,8
quit,8
homeland,8
evil,8
albert,8
factori,8
although,8
fund,8
marlon,8
fulli,8
refuge,8
harsh,8
remov,8
commiss,8
nuclear,8
jami,8
varieti,8
sugar,8
poor,8
breathtak,8
alter,8
coupl,8
tini,8
greenpoint,8
district,8
labor,8
slowli,8
courtroom,8
leonard,8
adam,8
clash,8
held,8
howard,8
teacher,8
immedi,8
combat,8
reject,8
recreat,8
adopt,8
realm,8
tower,8
highli,8
russia,8
1950,8
greater,8
donald,8
jason,8
demon,8
egypt,8
chronolog,8
enigmat,8
corner,8
presidenti,8
offend,8
hostil,8
promin,8
fake,8
attent,8
increasingli,8
superhero,8
regard,8
club,8
drag,8
alli,8
poet,8
transgend,8
eastern,8
winter,8
servic,8
cross,8
sick,8
someon,8
culmin,8
theatr,8
area,8
intimaci,8
cooper,8
footbal,8
jerri,8
level,8
founder,8
elus,8
miracul,8
attitud,8
bridg,8
sign,8
defi,8
trade,8
diari,8
clint,8
fred,8
crazi,8
measur,8
bullet,8
forest,8
messag,8
cinematographi,8
miner,8
belic,8
shadyac,8
list,8
bird,8
gene,8
lorrain,8
jona,8
hellrais,8
obes,8
nigri,8
hitler,7
abandon,7
starv,7
skit,7
introduct,7
object,7
speech,7
stake,7
higher,7
pinnacl,7
deni,7
timothi,7
sequel,7
unveil,7
simon,7
bowl,7
match,7
glass,7
ideolog,7
franci,7
immigr,7
pride,7
ball,7
integr,7
overlook,7
newman,7
eric,7
averag,7
inventor,7
quiet,7
novel,7
total,7
tyson,7
phenomena,7
prize,7
wildlif,7
'the,7
secretari,7
cathol,7
betray,7
knew,7
bodybuild,7
ambit,7
gorilla,7
gentl,7
colour,7
electrifi,7
discrimin,7
seal,7
authent,7
stadium,7
templ,7
ancient,7
innoc,7
seemingli,7
alleg,7
estat,7
januari,7
2015,7
matthew,7
indigen,7
northern,7
asian,7
height,7
inconveni,7
gibney,7
geograph,7
assault,7
jeremi,7
insist,7
previous,7
divorc,7
senior,7
poland,7
2017,7
tribe,7
isol,7
facil,7
astronaut,7
charm,7
homag,7
wrestler,7
nimoy,7
carter,7
agenc,7
whoopi,7
documentarian,7
spell,7
washington,7
method,7
contrast,7
essay,7
edwin,7
aesthet,7
content,7
replac,7
green,7
ramon,7
bobbi,7
tape,7
anyon,7
korea,7
halloween,7
francisco,7
profound,7
solv,7
fantasi,7
hall,7
notion,7
buddhist,7
triumph,7
turbul,7
cambodia,7
exploit,7
joel,7
begun,7
absurd,7
publish,7
aveng,7
cesar,7
covet,7
roger,7
outspoken,7
frequent,7
brilliant,7
2006,7
serial,7
novemb,7
interpret,7
centr,7
stand-up,7
surfer,7
skateboard,7
journal,7
fantast,7
attend,7
blain,7
unforgett,7
graviti,7
bowi,7
ridley,7
destin,7
obscur,7
wilder,7
sequenc,7
kingdom,7
desper,7
1992,7
depress,7
partner,7
companion,7
turtl,7
rout,7
ross,7
1979,7
octob,7
eisenstein,7
compar,7
depart,7
surf,7
arctic,7
motorcycl,7
experiment,7
manufactur,7
philosophi,7
grandmoth,7
thoma,7
texa,7
earn,7
trail,7
pattern,7
reminisc,7
blend,7
minor,7
entitl,7
shark,7
rhino,7
collaps,7
obstacl,7
hip-hop,7
jacqu,7
male,7
historian,7
readi,7
treasur,7
andrea,7
flower,7
bike,7
employ,7
extend,7
investor,7
larri,7
mall,7
mine,7
jail,7
cousteau,7
jay-z,7
prior,7
poni,7
shadow,7
rammstein,7
1997,7
roddenberri,7
poem,6
northwest,6
prank,6
stunt,6
brief,6
scare,6
constitut,6
administr,6
mythic,6
1984,6
capit,6
disastr,6
errol,6
morri,6
re-enact,6
layer,6
enlighten,6
reserv,6
ladi,6
zhang,6
descend,6
remot,6
mayor,6
energet,6
appar,6
what,6
pathway,6
juxtapos,6
deeper,6
respond,6
solo,6
wisdom,6
fearless,6
proud,6
cold,6
crow,6
nativ,6
urban,6
format,6
time-laps,6
photographi,6
practition,6
persona,6
restaur,6
habit,6
chicago,6
exhaust,6
jodorowski,6
perfectli,6
andr,6
morgan,6
redefin,6
rider,6
sleep,6
mexican,6
small-town,6
meanwhil,6
cocain,6
halt,6
roller,6
vast,6
pina,6
2009,6
disturb,6
resurrect,6
marley,6
backstag,6
1975,6
co-direct,6
virunga,6
fuel,6
lanc,6
gore,6
panahi,6
attract,6
julian,6
assang,6
perhap,6
steal,6
storm,6
triumphant,6
sibl,6
epidem,6
dave,6
interact,6
coral,6
depend,6
witch,6
instead,6
retrospect,6
anonym,6
separ,6
liberti,6
audio,6
weiwei,6
profoundli,6
resourc,6
justin,6
dazzl,6
piano,6
comput,6
target,6
lopez,6
mckellen,6
abund,6
elain,6
recogn,6
wood,6
serena,6
martynka,6
neighbor,6
elderli,6
behalf,6
fabric,6
intent,6
1998,6
idol,6
puppet,6
henson,6
nine,6
enabl,6
darkest,6
instant,6
laboratori,6
swim,6
1968,6
bang,6
substanc,6
clive,6
polar,6
subcultur,6
mongolian,6
newest,6
ill-fat,6
earlier,6
climber,6
hire,6
tropic,6
motown,6
section,6
1995,6
burma,6
hate,6
nobodi,6
sunday,6
ferrari,6
storytel,6
genocid,6
sweden,6
21st,6
1969,6
offens,6
promis,6
fastest,6
fourth,6
jani,6
wrote,6
script,6
registri,6
princess,6
victori,6
spark,6
professor,6
sagan,6
finger,6
uplift,6
20th,6
emphasi,6
central,6
soho,6
akin,6
gangster,6
marilyn,6
parker,6
post-war,6
neil,6
twice,6
greed,6
biograph,6
bukowski,6
poetri,6
attenborough,6
feet,6
andi,6
flag,6
forg,6
altern,6
episod,6
occasion,6
toni,6
docudrama,6
unflinch,6
gradual,6
laugh,6
gender,6
foster,6
rousseff,6
proceed,6
d'souza,6
outtak,6
gone,6
clark,6
insecur,6
session,6
reunit,6
1994,6
disc,6
kelli,6
drop,6
reclaim,6
worth,6
stereotyp,6
jersey,6
medit,6
anecdot,6
page,6
regim,6
broomfield,6
wuorno,6
driven,6
subsequ,6
lift,6
threaten,6
network,6
best-sel,6
poverti,6
articl,6
bitcoin,6
label,6
saint,6
complic,6
fragment,6
apollo,6
argentina,6
score,6
painter,6
assist,6
tokyo,6
thrive,6
crossfit,6
floor,6
rosa,6
daan,6
reci,6
alabama,6
fragil,6
odyssey,6
anderson,6
stay,6
stewart,6
frenzi,6
eastwood,6
entrepreneur,6
said,6
anti-war,6
staff,6
diagnos,6
mask,6
honmoku,6
perpetr,6
feed,6
link,6
mainstream,6
round,6
tabl,6
hondro,6
breakthrough,6
stritch,6
sensori,6
either,6
ring,6
earliest,6
newspap,6
fellini,6
patel,6
finish,6
julia,6
bottl,6
traffic,6
predat,6
intrigu,6
spielberg,6
wakefield,6
patholog,6
totalitarian,6
vital,6
masterpiec,6
spheeri,6
thrash,6
amish,6
fleet,6
boss,6
yilmaz,6
gulf,6
dunbar,6
kerlund,6
lovel,6
poker,6
cosplay,6
steidl,6
concentr,5
communist,5
hardship,5
destini,5
forward,5
plot,5
knoxvil,5
shakespear,5
signific,5
thirteen,5
alaska,5
schedul,5
zeitgeist,5
buck,5
autism,5
parrot,5
dialogu,5
buri,5
girlfriend,5
initi,5
ecolog,5
fulfil,5
fang,5
segreg,5
standard,5
spider,5
hatch,5
invis,5
matt,5
danni,5
randi,5
soundtrack,5
inner-c,5
arthur,5
penguin,5
credit,5
deserv,5
signatur,5
switzerland,5
quixot,5
adapt,5
blade,5
runner,5
pornographi,5
priest,5
devil,5
islam,5
increas,5
breed,5
alongsid,5
arizona,5
graphic,5
multipl,5
belt,5
sarah,5
parish,5
trust,5
glori,5
prime,5
younger,5
dictat,5
1977,5
congo,5
heritag,5
surprisingli,5
passag,5
stumbl,5
doesnt,5
incid,5
fraud,5
conscious,5
privaci,5
larger,5
first-person,5
sensit,5
contradict,5
injuri,5
dimens,5
jacki,5
flaw,5
financ,5
thoroughli,5
slaughter,5
mass,5
boat,5
blow,5
confus,5
tenur,5
recov,5
ruin,5
longer,5
throw,5
overthrow,5
yoko,5
echo,5
youngster,5
healthi,5
seriou,5
1972,5
caught,5
self,5
compris,5
alfr,5
hitchcock,5
enthusiast,5
interviewe,5
storror,5
romant,5
tumultu,5
usher,5
jennif,5
lifetim,5
reconstruct,5
damon,5
lurk,5
revolution,5
pound,5
civilian,5
remind,5
identifi,5
tast,5
ceram,5
routin,5
bare,5
closer,5
maintain,5
insert,5
academ,5
mrs.,5
workshop,5
elizabeth,5
smart,5
fanat,5
ritual,5
soar,5
tremend,5
wake,5
suddenli,5
stock,5
liber,5
argument,5
pistol,5
volcano,5
iceland,5
1969,5
ryan,5
valuabl,5
pervert,5
overturn,5
humour,5
erupt,5
confess,5
unravel,5
didnt,5
barrier,5
pacif,5
terribl,5
follow-up,5
peril,5
merg,5
amount,5
paper,5
similar,5
one-of-a-kind,5
outer,5
heartbreak,5
immort,5
khmer,5
renegad,5
mirror,5
catapult,5
anticip,5
glamor,5
imageri,5
solar,5
day-to-day,5
berlin,5
rome,5
board,5
horrifi,5
2003,5
occup,5
idyl,5
helm,5
succeed,5
fresh,5
exhibit,5
accus,5
barack,5
prostitut,5
dakota,5
astronom,5
costum,5
vogu,5
horrif,5
1940,5
midst,5
incompar,5
translat,5
poetic,5
plane,5
alic,5
baltimor,5
rodney,5
rocker,5
luminari,5
anywher,5
foot,5
screenwrit,5
parallel,5
isef,5
navig,5
suspect,5
honor,5
zealand,5
brazilian,5
trigger,5
defenc,5
dinesh,5
dina,5
debbi,5
reynold,5
robin,5
marijuana,5
snoop,5
dogg,5
squad,5
pack,5
loyal,5
welcom,5
virginia,5
wealth,5
premier,5
campbel,5
logic,5
hospit,5
tire,5
grant,5
stroke,5
livelihood,5
notabl,5
dealt,5
insan,5
one-man,5
orang,5
suit,5
puerto,5
advers,5
regul,5
essenc,5
coloni,5
conduct,5
denmark,5
feminist,5
simpli,5
regular,5
christma,5
verg,5
oppon,5
theori,5
comprehens,5
arab,5
ricki,5
greenland,5
appl,5
tonight,5
etho,5
countrysid,5
cleveland,5
counti,5
advertis,5
reli,5
heaven,5
1944,5
spoke,5
aftermath,5
makeup,5
cherish,5
truli,5
flee,5
highland,5
seren,5
hunger,5
aggress,5
memoir,5
berling,5
rooster,5
humpback,5
dictatorship,5
contract,5
tournament,5
flat,5
fairi,5
travelogu,5
grassroot,5
februari,5
fine,5
strategi,5
1991,5
idiot,5
block,5
emmanuel,5
crown,5
wast,5
favourit,5
gari,5
coverag,5
humankind,5
so-cal,5
henri,5
bride,5
command,5
minist,5
weapon,5
first-hand,5
growth,5
plight,5
swirl,5
forgotten,5
suggest,5
cartoon,5
redempt,5
situat,5
mclibel,5
milton,5
keyn,5
hulk,5
array,5
check,5
forti,5
code,5
intoler,5
theme,4
varda,4
slow-mot,4
affair,4
allegedli,4
senna,4
essenti,4
pontiu,4
steve-o,4
grizzli,4
blackfish,4
glee,4
core,4
simpson,4
joseph,4
ensu,4
proven,4
certain,4
despair,4
pregnant,4
kurt,4
tone,4
vocal,4
philip,4
pixar,4
declin,4
proport,4
paradigm,4
consumer,4
matrix,4
newborn,4
collid,4
ballroom,4
nolan,4
soderbergh,4
noam,4
chomski,4
principl,4
inequ,4
wealthi,4
penetr,4
meadow,4
pond,4
mate,4
catch,4
schrader,4
lover,4
first-ev,4
stream,4
retain,4
stood,4
aerial,4
all-access,4
choreographi,4
warrior,4
recal,4
rocco,4
siffredi,4
maher,4
proof,4
christ,4
sabbath,4
cope,4
unbeliev,4
formula,4
foray,4
post,4
minim,4
minimalist,4
weather,4
plagu,4
apocalyps,4
coppola,4
bull,4
arsen,4
paralysi,4
unabl,4
reson,4
physician,4
shepherd,4
corridor,4
seattl,4
crumb,4
darkli,4
subconsci,4
conor,4
meteor,4
dublin,4
choreograph,4
o'gradi,4
devic,4
nirvana,4
drummer,4
rockumentari,4
probe,4
clapton,4
dylan,4
mitchel,4
muhammad,4
will,4
butler,4
troup,4
contest,4
rage,4
turkey,4
heyday,4
1965,4
unpublish,4
fierc,4
stranger,4
passeng,4
jafar,4
behavior,4
unassum,4
headquart,4
bradley,4
terri,4
gilliam,4
sabotag,4
shakespearean,4
versail,4
rachel,4
dolez,4
1937,4
eight-year-old,4
shuqin,4
madam,4
cruis,4
usual,4
ascent,4
multi-platinum,4
troop,4
asia,4
guantanamo,4
harrison,4
rever,4
dolphin,4
grave,4
satan,4
patient,4
budget,4
hotel,4
throat,4
moral,4
opposit,4
friday,4
misfit,4
carriag,4
drawn,4
gray,4
suburban,4
assassin,4
concern,4
stagger,4
stretch,4
unforgiv,4
parkour,4
rooftop,4
xiang,4
xiao,4
1983,4
afraid,4
eye-open,4
oasi,4
metallica,4
shelv,4
klau,4
brett,4
signal,4
circumst,4
dawkin,4
pott,4
coleman,4
expand,4
shapiro,4
voice-ov,4
bought,4
parkland,4
filthi,4
joke,4
distribut,4
blockbust,4
escape,4
fifti,4
hungri,4
bedroom,4
pivot,4
type,4
moreov,4
contact,4
loneli,4
foreign,4
wawrzyniak,4
excav,4
symbol,4
siberian,4
protagonist,4
websit,4
agreement,4
requir,4
iconoclast,4
stimul,4
tcheng,4
dior,4
eleg,4
directli,4
basi,4
comprehend,4
spock,4
sesam,4
joan,4
salt,4
presenc,4
singular,4
enthusiasm,4
freddi,4
decades-long,4
arabia,4
drill,4
baptist,4
blur,4
underworld,4
spectacl,4
alik,4
woodstock,4
lobbyist,4
afflict,4
strng,4
abort,4
crab,4
kaleidoscop,4
wonderland,4
tireless,4
empow,4
ingenu,4
funk,4
oklahoma,4
racism,4
toler,4
non-viol,4
synchron,4
permit,4
blast,4
superman,4
nixon,4
superstit,4
resili,4
weinstein,4
unannounc,4
foremost,4
paxton,4
non-stop,4
low-budget,4
consider,4
silverman,4
masculin,4
primal,4
descript,4
unadorn,4
rippl,4
myriad,4
hour-long,4
peek,4
abroad,4
cheaper,4
unemploy,4
mama,4
bolt,4
joplin,4
caesar,4
maiden,4
secretli,4
agre,4
anti-semit,4
philadelphia,4
kaufman,4
spectacularli,4
strategist,4
cloth,4
nude,4
nuditi,4
european,4
humanitarian,4
diana,4
subvers,4
earthquak,4
acorn,4
poorest,4
crusad,4
turpin,4
emmi,4
soledad,4
recycl,4
juan,4
expo,4
hairstyl,4
anna,4
wintour,4
manifest,4
rapist,4
tension,4
reaction,4
flood,4
canyon,4
lgbt,4
notic,4
wersh,4
hurd,4
guru,4
closest,4
adversari,4
spin,4
lack,4
poignant,4
heroin,4
gregori,4
nomine,4
nightmar,4
brazil,4
opioid,4
unawar,4
tear,4
feroci,4
verdict,4
riot,4
overweight,4
cowboy,4
channel,4
blood,4
disrupt,4
fetish,4
segment,4
auto,4
bahar,4
rocki,4
dilma,4
michel,4
maria,4
exactli,4
phrase,4
rebney,4
curs,4
winnebago,4
sale,4
reclus,4
profess,4
proennek,4
cabin,4
aleutian,4
neurolog,4
freez,4
barr,4
meant,4
smoke,4
dolor,4
beaten,4
tactic,4
stan,4
nilsson,4
mous,4
1930,4
shatner,4
rivalri,4
memor,4
hell,4
monday,4
bronx,4
fuse,4
vrit,4
embodi,4
reign,4
magnific,4
hook,4
fileshar,4
brooklyn,4
beat,4
guard,4
enough,4
fade,4
ampute,4
besid,4
uncompromis,4
sergei,4
philippin,4
african-american,4
relentless,4
motel,4
older,4
sentenc,4
barbi,4
inextric,4
detect,4
pole,4
grade,4
peak,4
kilometr,4
tiger,4
iggi,4
paranoid,4
pont,4
particular,4
woodi,4
joshua,4
chan,4
wacki,4
studi,4
virtual,4
upsid,4
shed,4
review,4
rate,4
nearbi,4
ashley,4
divin,4
contempl,4
soviet,4
intersect,4
task,4
goliath,4
correct,4
boot,4
undergo,4
grit,4
compass,4
psychedel,4
openli,4
cure,4
potent,4
krleken,4
sprk,4
ander,4
enjoy,4
madelein,4
sackler,4
pendleton,4
indiana,4
ramsey,4
kenni,4
attach,4
alago,4
rican,4
booker,4
greenwood,4
fort,4
paralyz,4
bulli,4
disabl,4
guitarist,4
repress,4
sydney,4
vigo,4
swimmer,4
heartfelt,4
phantom,4
warn,4
util,4
rapper,4
torn,4
little-known,4
card,4
untouch,4
mytholog,4
restor,4
sear,4
grappl,4
judici,4
strong,4
recit,4
grammi,4
clarkson,4
hammond,4
bounti,4
suppli,4
brink,4
slacker,4
encourag,4
briefli,4
museum,4
ideal,4
instal,4
bulger,4
hamilton,4
rupert,4
accident,4
harbor,4
price,4
extinct,4
recoveri,4
seventi,4
dash,4
funer,4
jewel,4
walt,4
afternoon,4
banksi,4
photojournalist,4
best-known,4
libya,4
rainbow,4
shoe,4
brandon,4
ohio,4
emphas,4
eleph,4
skin,4
awe-inspir,4
chong,4
fifa,4
clinton,4
appreci,4
startl,4
star-stud,4
turmoil,4
rumor,4
swamp,4
dasha,4
deputi,4
dissect,4
fatal,4
crumbl,4
truck,4
hill,4
eastov,4
1973,4
loom,4
golfer,4
deficit,4
spur,4
clouzot,4
bahama,4
coming-of-ag,4
soccer,4
tran,4
tattoo,4
mediterranean,4
ancestor,4
mytho,4
scream,4
naila,4
ritch,4
shydner,4
carson,4
nutti,4
muse,4
strip,4
optimist,4
muscl,4
shoal,4
illus,4
ashleigh,4
nigeria,4
illmat,4
collis,4
roko,4
almighti,4
23rd,4
hemingway,4
granddaught,4
harvey,4
first-tim,4
utterli,4
purpos,4
improv,4
twentieth,4
deaf-blind,4
gutter,4
tune,4
rigg,4
hemphil,4
harryhausen,4
andretti,4
dirk,4
gumbal,4
3000,4
wacken,4
demolit,4
turkish,4
istanbul,4
sculptur,4
youll,4
bueno,4
sheik,4
jedi,4
text,4
carpent,4
mapplethorp,4
brothel,4
antarct,4
degre,4
british-born,4
sanction,4
linger,4
grace,4
sidewalk,4
aboard,4
margiela,4
cash,4
freerid,4
toxic,4
leuchter,4
savag,4
corp,4
grindcor,4
shiit,4
bradford,4
playwright,4
buttershaw,4
tackl,4
giger,4
britney,4
nashvil,4
wind,4
maryla,4
k-pop,4
hais,4
modul,4
gosch,4
cyberpunk,4
trailblaz,4
atlanta,4
annabel,4
spencer,4
metropoli,4
counter,4
rapid,4
antipod,4
monsanto,4
ichthyosaur,4
jurass,4
zimbabw,4
thriller,4
hellbound,4
kubelka,4
kilomet,4
jordan,4
macron,4
puberti,3
provinc,3
ruth,3
relinquish,3
duti,3
untim,3
incorpor,3
eagl,3
pacino,3
relev,3
analysi,3
trainer,3
solitud,3
dalla,3
abyss,3
omin,3
territori,3
conspiraci,3
hijack,3
hell-bent,3
wisecrack,3
proudli,3
conduit,3
gift,3
toll,3
tyler,3
majest,3
endear,3
banish,3
dizzi,3
duke,3
dilemma,3
gentlemen,3
medium,3
reev,3
crossroad,3
insect,3
nuanc,3
steadi,3
mammoth,3
dietari,3
unsettl,3
large-scal,3
gate,3
hoop,3
phenomen,3
unwav,3
semin,3
fell,3
mick,3
jagger,3
muslim,3
embarrass,3
prix,3
wide-rang,3
sundanc,3
juri,3
restrepo,3
koreng,3
travi,3
rice,3
zone,3
avalanch,3
react,3
cabinet,3
defens,3
benefit,3
30-year,3
grohl,3
scotland,3
intertwin,3
farewel,3
ringo,3
starr,3
rumbl,3
pump,3
olympia,3
franco,3
columbu,3
birthday,3
glitter,3
ranger,3
anchor,3
manuscript,3
bottom,3
candidli,3
anker,3
importantli,3
solidar,3
capabl,3
wish,3
zoom,3
mansion,3
fortun,3
denial,3
forth,3
demo,3
well-known,3
abil,3
possess,3
sichuan,3
potenti,3
maysl,3
outsiz,3
refer,3
crowley,3
trampl,3
trailer,3
burgeon,3
s.h.i.e.l.d,3
mcconaughey,3
quebec,3
vividli,3
frozen,3
capsul,3
career-span,3
specif,3
infect,3
uncontrol,3
khale,3
foxx,3
anger,3
difficulti,3
diet,3
super-8,3
stranger-than-fict,3
mechan,3
worldview,3
ration,3
menahem,3
golan,3
yoram,3
globu,3
cousin,3
cannon,3
synonym,3
indomit,3
dirti,3
flame,3
instinct,3
manhattan,3
emigr,3
mixtur,3
clay,3
undocu,3
read,3
untest,3
storag,3
mandatori,3
privileg,3
off-screen,3
quantum,3
sean,3
vinc,3
display,3
14-year-old,3
ulrich,3
12-year-old,3
basement,3
inde,3
d.c.,3
justifi,3
leas,3
properti,3
saudi,3
precipic,3
willem,3
visionari,3
sort,3
castro,3
intellectu,3
discours,3
constant,3
dusti,3
attic,3
indonesia,3
ethiopia,3
decemb,3
desol,3
argu,3
arkansa,3
indic,3
fredrik,3
comeback,3
2013,3
dart,3
antic,3
rous,3
vice,3
sophist,3
wage,3
action-pack,3
domest,3
ridg,3
thread,3
monk,3
indict,3
bestsel,3
1966,3
ground-break,3
wreck,3
broken,3
electro,3
hang,3
spurlock,3
rebuilt,3
reput,3
songwrit,3
reshap,3
videotap,3
jamaica,3
elsewher,3
infus,3
pantheon,3
testifi,3
migrant,3
eyewit,3
purer,3
in-your-fac,3
blog,3
twitter,3
wide,3
beij,3
heat,3
detractor,3
carl,3
consensu,3
obrien,3
louis,3
outskirt,3
janeiro,3
editor-in-chief,3
montag,3
latino,3
rush,3
judgment,3
opera,3
stephan,3
biblic,3
scholar,3
sub-cultur,3
cabaret,3
venu,3
sprung,3
amir,3
rick,3
1987,3
missionari,3
spain,3
chamber,3
blake,3
invad,3
eddi,3
snapshot,3
eugen,3
sent,3
otherworldli,3
interspers,3
bacon,3
reptil,3
leap,3
ronald,3
reich,3
war-torn,3
tree,3
disord,3
collar,3
unrest,3
twenty-f,3
putin,3
moscow,3
cathedr,3
mari,3
newsreel,3
bertolucci,3
roman,3
polanski,3
oscar-win,3
yosemit,3
20-year,3
kept,3
sudden,3
bigger,3
biodivers,3
fancher,3
wherein,3
unexpectedli,3
lincoln,3
hank,3
re-creat,3
booth,3
harrow,3
inimit,3
persist,3
shane,3
modifi,3
kink.com,3
enterpris,3
shift,3
volunt,3
ignit,3
brave,3
perman,3
tunnel,3
divis,3
pace,3
modernist,3
choru,3
nicknam,3
unwittingli,3
snow,3
1967,3
sought,3
sensual,3
anxieti,3
romanc,3
crystal,3
stronger,3
westsid,3
hurt,3
chavez,3
empti,3
evan,3
jesu,3
paradis,3
judg,3
guarante,3
featurett,3
diego,3
ghost,3
rehabilit,3
carolina,3
circuit,3
holiday,3
spot,3
flow,3
starship,3
deepest,3
newcom,3
leagu,3
pastor,3
asylum,3
farley,3
thrown,3
rossi,3
okwui,3
mesmer,3
pure,3
non-fict,3
file,3
trajectori,3
rebelli,3
poll,3
aileen,3
unstabl,3
therefor,3
self-harm,3
skull,3
richest,3
stereoscop,3
exampl,3
boston,3
awar,3
pirat,3
accur,3
mercilessli,3
unconvent,3
ethan,3
heal,3
interrupt,3
botch,3
nurs,3
awaken,3
boxer,3
address,3
kathleen,3
scar,3
all-new,3
apprent,3
navi,3
mistak,3
cyru,3
microphon,3
curat,3
gerald,3
platform,3
royalti,3
curiou,3
colon,3
wander,3
improvis,3
heir,3
apartheid,3
shoulder,3
newli,3
demi,3
rebel,3
morrison,3
black-and-whit,3
categori,3
unearth,3
klitschko,3
socialist,3
crush,3
await,3
treatment,3
pharmaceut,3
carlito,3
punish,3
samuel,3
spiral,3
idealist,3
aaron,3
never-befor,3
wong,3
dissid,3
chaotic,3
distinct,3
conan,3
prohibit,3
1976,3
judgement,3
businessman,3
morbid,3
blame,3
hick,3
southwest,3
chile,3
nadya,3
glenn,3
prosper,3
sinatra,3
bing,3
qualifi,3
hardest,3
partnership,3
scatter,3
frankli,3
lone,3
regist,3
cleric,3
incarcer,3
romania,3
shimmer,3
remak,3
frankenheim,3
fairuza,3
balk,3
verit,3
fuck,3
subway,3
exec,3
relief,3
dens,3
liter,3
nake,3
vivian,3
worship,3
dust,3
volatil,3
encapsul,3
l.a.,3
accompani,3
lure,3
bolivia,3
everglad,3
helmet,3
poach,3
pedestrian,3
mode,3
beast,3
cull,3
nissan,3
vietnames,3
re-edit,3
toronto,3
itun,3
michigan,3
earl,3
lauri,3
unleash,3
foundat,3
nice,3
podcast,3
radio,3
royal,3
correspond,3
blair,3
flamingo,3
sweet,3
bell,3
prosecut,3
unarm,3
murdoch,3
chosen,3
propos,3
troll,3
window,3
forum,3
oppos,3
oppress,3
mentor,3
cook,3
b-movi,3
corman,3
reduc,3
lacross,3
chuck,3
kevyn,3
finest,3
recess,3
debt,3
autumn,3
mood,3
kidnap,3
interweav,3
laura,3
juic,3
jonathan,3
unknow,3
outstand,3
enrich,3
nathan,3
film-mak,3
psych,3
roug,3
fisherman,3
copenhagen,3
admir,3
stereo,3
stonewal,3
on-set,3
admiss,3
rite,3
forget,3
sigourney,3
weaver,3
johann,3
revu,3
1939,3
deborah,3
shannon,3
maradona,3
hurrican,3
breath,3
capra,3
render,3
warm,3
czech,3
rebellion,3
slim,3
witti,3
critiqu,3
eras,3
1942,3
co-director,3
quirki,3
affection,3
depriv,3
nacksv,3
gala,3
norwegian,3
seldom,3
pete,3
calf,3
vein,3
municip,3
masteri,3
mayhem,3
sneaker,3
satir,3
barbara,3
lord,3
backyard,3
fool,3
pocket,3
somm,3
exam,3
hedg,3
manner,3
hazard,3
dwindl,3
long-tim,3
stardust,3
screenplay,3
deriv,3
shah,3
exot,3
dsouza,3
harm,3
discern,3
harrelson,3
wont,3
eighti,3
youngest,3
brad,3
ghetto,3
slovenia,3
warwick,3
wright,3
pitch,3
impress,3
hiatu,3
miranda,3
preserv,3
rickshaw,3
angl,3
genet,3
dragon,3
orton,3
mighti,3
persuad,3
biolog,3
overwhelm,3
mafia,3
lesson,3
personifi,3
jaguar,3
broadcast,3
hung,3
panther,3
angela,3
pandora,3
prompt,3
boundari,3
vinyl,3
villain,3
renew,3
sixteen,3
bucharest,3
rian,3
bred,3
mold,3
kahn,3
watson,3
sondheim,3
none,3
antiqu,3
silver,3
upcom,3
neighbour,3
hugo,3
50th,3
nguyen,3
onto,3
manate,3
kaleil,3
neck,3
bart,3
copyright,3
mercuri,3
invas,3
d-day,3
feat,3
trap,3
spacey,3
purchas,3
golf,3
rihanna,3
buscema,3
rack,3
noah,3
griev,3
nevada,3
hygien,2
masturb,2
menstruat,2
alain,2
resnai,2
arena-pack,2
photographer/muralist,2
aenea,2
trojan,2
aeneid,2
publiu,2
vergiliu,2
maro,2
gansu,2
gobi,2
sixti,2
ultra-rightist,2
anti-rightist,2
1957,2
jiabiang,2
mingshui,2
reeduc,2
firsthand,2
premis,2
beavi,2
butt-head,2
intro,2
10th,2
bader,2
steadili,2
martyand,2
agenda,2
unjust,2
attain,2
margera,2
default,2
feast,2
sadli,2
aisholpan,2
13-year-old,2
kazakh,2
deeply-felt,2
rumin,2
sicko,2
insur,2
treadwel,2
sacrif,2
unus,2
tilikum,2
sentient,2
indi,2
edmund,2
mcmillen,2
refen,2
xbox,2
meat,2
highly-anticip,2
highest-r,2
braid,2
28-year-old,2
gaze,2
yate,2
near-fat,2
siula,2
cordillera,2
huayhuash,2
peruvian,2
1985,2
www.zeitgeistmovie.com,2
provocateur,2
gaga,2
halftim,2
warlord,2
the1920,2
bandit,2
provinci,2
tang,2
small-tim,2
impost,2
tyrann,2
gentri,2
huang,2
chatti,2
suskind,2
ceas,2
stimuli,2
puppetiago,2
aladdinand,2
poof,2
repli,2
framework,2
predecessor,2
clock,2
retire,2
stigma,2
misogyni,2
decreas,2
regret,2
bagbi,2
kuenn,2
neither,2
juxtaposit,2
meghan,2
markl,2
socialit,2
windsor,2
campu,2
string,2
lasset,2
catmul,2
two-dimension,2
three-dimension,2
socioeconom,2
monetari,2
relativ,2
attribut,2
extrapol,2
immut,2
resource-bas,2
pope,2
savanna,2
mara,2
sita,2
cheetah,2
mischiev,2
diplomaci,2
1955,2
ambassador,2
gillespi,2
ellington,2
mixed-rac,2
prevent,2
ecosystem,2
eleven-year-old,2
reluct,2
citywid,2
keanu,2
fincher,2
unpack,2
half-centuri,2
favor,2
expens,2
swan,2
function,2
nectar,2
ladybug,2
mite,2
snail,2
wrap,2
scarab,2
beetl,2
relentlessli,2
dung,2
uphil,2
caterpillar,2
mosquito,2
zimmer,2
elfman,2
quinci,2
'score,2
aural,2
valentin,2
18-to-19-year,2
semi-fiction,2
cave,2
kenner,2
schlosser,2
pollan,2
matur,2
zeitling,2
voiceov,2
fluffi,2
wifi,2
bluetooth,2
gasolin,2
interlink,2
alejandro,2
topo,2
holi,2
sangr,2
dune,2
rocknrol,2
bless,2
bust,2
commentator-com,2
tenet,2
judaism,2
extremist,2
deadliest,2
backup,2
harmoni,2
deploy,2
platoon,2
simple-liv,2
flavor,2
curt,2
wrong-turn,2
scenic,2
rewrit,2
1934,2
nuremberg,2
time-travel,2
marti,2
eighty-five-year-old,2
mcnamara,2
wwii,2
whiz,2
michoacn,2
jose,2
mirel,2
knight,2
templar,2
cartel,2
wreak,2
havoc,2
altar,2
valleya,2
narrow,2
52-mile-long,2
alleytim,2
nailer,2
paramilitari,2
recon,2
seep,2
acquitt,2
knox,2
exchang,2
rodriguez,2
85th,2
cartoonist/artist,2
truckin,2
fritz,2
comix,2
ex-girlfriend,2
quantiti,2
mcgregor,2
spare,2
pay-packet,2
polley,2
decades-old,2
ensembl,2
tanztheat,2
wuppert,2
bausch,2
berg,2
pedophil,2
oliv,2
'peopl,2
prophet,2
macdonald,2
superstardom,2
revelatori,2
joni,2
1974,2
foreman,2
heavyweight,2
apiec,2
backer,2
mobutu,2
sese,2
suko,2
zair,2
run-up,2
arnold,2
schwarzenegg,2
ferrigno,2
fior,2
schuster,2
'public,2
indec,2
madonna,2
'blond,2
prayer,2
afterward,2
unesco,2
insurg,2
toppl,2
habitat,2
galvan,2
libido,2
superhuman,2
dose,2
thompson,2
sacr,2
impun,2
hilar,2
steel-ey,2
audiotap,2
farrier,2
tickl,2
yellow,2
tehran,2
dashboard,2
mobil,2
comed,2
unpalat,2
beguilingli,2
request,2
ex-memb,2
replay,2
fakeri,2
collater,2
cableg,2
secreci,2
meru,2
climbersconrad,2
chin,2
renan,2
ozturkb,2
introspect,2
darker,2
empathi,2
yann,2
arthus-bertrand,2
nowaday,2
fulton,2
pepe,2
freakish,2
billionair,2
rags-to-rich,2
innat,2
virtu,2
sprawl,2
time-shar,2
real-est,2
fraught,2
delus,2
self-effac,2
unmask,2
n.a.a.c.p,2
chapter,2
nanj,2
4-year-old,2
conceal,2
corps,2
sail,2
weight,2
monkey,2
moroccan,2
margin,2
destitut,2
vignett,2
scari,2
qian,2
shoestr,2
wildest,2
appoint,2
hyster,2
13th,2
sole,2
1888,2
minnesota,2
hathaway,2
unheard,2
famin,2
displac,2
urgent,2
greec,2
inuit,2
igloo,2
on-stag,2
bieber,2
awardnomin,2
marku,2
imhoof,2
honeybe,2
opaqu,2
multin,2
24th,2
megac,2
guerilla,2
'leap,2
transfer,2
tamkang,2
melodi,2
unbeknownst,2
tongu,2
cadr,2
cowspiraci,2
intrepid,2
stuxnet,2
self-repl,2
viru,2
malwar,2
worm,2
attention-grab,2
long-await,2
pitfal,2
whitecross,2
superson,2
council,2
manchest,2
palpabl,2
generation-defin,2
noel,2
liam,2
gallagh,2
1200,2
bitter,2
gameau,2
commonli,2
perceiv,2
'healthi,2
tv-materi,2
home-mad,2
factor,2
kinski,2
tuck,2
morgen,2
jane,2
goodal,2
chimpanze,2
kobe,2
bryant,2
titular,2
lazenbi,2
krauss,2
audri,2
daisi,2
cyberbulli,2
scahil,2
covert,2
movie-obsess,2
gate-crash,2
skew,2
low-rent,2
ratchet,2
schlock,2
logo,2
foreseen,2
airstrik,2
rubbl,2
marjori,2
stoneman,2
dougla,2
nightlin,2
rebuild,2
welteroth,2
vaudevil,2
elev,2
brighter,2
punctuat,2
widespread,2
unnam,2
twelve-step,2
anatomi,2
whew,2
bucki,2
panel,2
on-top,2
quench,2
motherli,2
cimber,2
matteo,2
ottaviano,2
jayn,2
mansfield,2
furnish,2
tenni,2
emigrantmartynkaliv,2
folksi,2
intercultur,2
melt,2
unprepar,2
oversea,2
henryk,2
helper,2
helenaan,2
homeinspir,2
ziemia,2
atop,2
mcgolrick,2
2018,2
glaze,2
abbrevi,2
jarawa,2
andaman,2
bakhtia,2
yenisei,2
taiga,2
phone,2
havent,2
ridicul,2
click,2
hinder,2
vivienn,2
westwood,2
ceaseless,2
workforc,2
adderal,2
prescript,2
freder,2
haut,2
coutur,2
meld,2
pressure-fil,2
compon,2
seamstress,2
ateli,2
subtitl,2
marle,2
maitlin,2
impart,2
epiphani,2
amend,2
menard,2
six-foot-six,2
eight-tim,2
all-star,2
daytona,2
raptor,2
sadri,2
client,2
elmo,2
rosi,2
odonnel,2
cheryl,2
ganz,2
cooney,2
alana,2
boden,2
skeet,2
hilli,2
encamp,2
accomplic,2
wanda,2
barze,2
deirdr,2
lovejoy,2
horrifyingli,2
fairytal,2
boogeyman,2
entranc,2
87-year-old,2
apfel,2
quick-wit,2
flamboyantli,2
93-year-old,2
maven,2
dotag,2
susten,2
pre-teen,2
scripp,2
whittl,2
krueger,2
slash,2
shin,2
counterterror,2
tiff,2
america-rur,2
landown,2
lucr,2
reservoir,2
halliburton,2
ground-a,2
hydraul,2
frack,2
#ÀNOMBRE?,2
superpow,2
hardli,2
analog,2
blurri,2
pin-sharp,2
iphon,2
herchen,2
bonano,2
stefani,2
schneider,2
expir,2
moviego,2
cuba,2
fidel,2
cuban,2
vidal,2
buckley,2
vitriol,2
entangl,2
luxuri,2
'what,2
post-9/11,2
beret,2
taliban,2
cautionari,2
hackney,2
wasnt,2
volcanologist,2
oppenheim,2
mankind,2
haunter,2
heart-warm,2
heart-stop,2
boo-scar,2
maze,2
camel,2
colt,2
altamont,2
speedway,2
racetrack,2
dealer,2
tougher,2
degen,2
revers,2
menu,2
animal-bas,2
eleven,2
catastoph,2
untangl,2
famous,2
baffl,2
intellect,2
unfail,2
dope,2
re-open,2
samantha,2
twin,2
jellyfish,2
disguis,2
frog,2
shag,2
carpet,2
float,2
carrey,2
camerawork,2
grandeur,2
lovestruck,2
cuttlefish,2
scenesin,2
poignanta,2
g-funk,2
melod,2
gangsta,2
middle-school,2
sex-traffick,2
backpage.com,2
classifi,2
rotoscop,2
murrah,2
enforcementinclud,2
standoff,2
rubi,2
wacol,2
60-year-old,2
arduou,2
bind,2
wirathu,2
islamophobia,2
buddhism,2
80-year-old,2
column,2
1895,2
gamut,2
yimou,2
convention-thwart,2
miniatur,2
baikonur,2
cosmodrom,2
impass,2
guggenheim,2
enzo,2
scuderia,2
shook,2
1961,2
meerkat,2
kolo,2
kalahari,2
fortitud,2
dramatis,2
nansal,2
veld,2
unscript,2
baksbat,2
imdb,2
electro-hypersensit,2
netherland,2
evad,2
crowhurst,2
yachtsman,2
nautic,2
round-the-world,2
western-styl,2
weir,2
picnic,2
highbrow,2
fare,2
hartley,2
unbridl,2
flick,2
beardsman,2
mustach,2
arnett,2
bateman,2
weigh,2
hipster,2
facial,2
williamsburg,2
follicl,2
idiosyncrat,2
groom,2
comb,2
fitter,2
sheffield,2
alcohol,2
vocalist,2
fong-torr,2
webb,2
rita,2
coolidg,2
deric,2
dyer,2
glyn,2
self-learn,2
9to5,2
multi-billion,2
glorif,2
prejudic,2
grotesqu,2
sachin,2
tendulkar,2
sports-docudrama,2
cricket,2
75th,2
fledgl,2
multi-media,2
juggernaut,2
emili,2
vancamp,2
sharon,2
documentary-styl,2
ultron,2
ant-man,2
disconnect,2
hypermodern,2
happili,2
nike,2
screwbal,2
gonzo,2
confer,2
jehan,2
noujaim,2
rafea,2
viscer,2
cairo,2
tahrir,2
sheer,2
obstinaci,2
thorni,2
hosni,2
mubarek,2
life-and-death,2
access-all-area,2
ador,2
usain,2
metr,2
2017,2
deve,2
morir,2
juliu,2
dickinson,2
claud,2
lanzmann,2
ex-nazi,2
fiasco,2
saddam,2
inadequ,2
insuffici,2
edict,2
bremmer,2
white-hot,2
primetim,2
slot,2
dana,2
carvey,2
showwith,2
carel,2
colbert,2
c.k.,2
smigel,2
waterg,2
advis,2
fenc,2
pundit,2
ahead,2
greenfield-sand,2
exhibition,2
re-contextu,2
crise,2
jailer,2
impoverish,2
transpar,2
alison,2
klayman,2
2011,2
run-in,2
community-organ,2
momentum,2
zenith,2
hidden-camera,2
voter,2
breitbart.com,2
sioux,2
pipelin,2
spacecraft,2
interplanetari,2
accomplish,2
contrarian,2
indiffer,2
kane,2
wayn,2
peabodi,2
shackl,2
top-sel,2
muniz,2
jardim,2
gramacho,2
landfil,2
catador,2
picker,2
garbag,2
quot,2
machiavelli,2
catalan,2
curb,2
salon,2
pocketbook,2
self-esteem,2
fall-fashion,2
gobal,2
manolo,2
blahnik,2
self-confess,2
'cobbler,2
shoe-mak,2
longingli,2
'manolo,2
johnston,2
manic-depress,2
singer/songwriter/artist,2
self-obsess,2
harlem,2
decay,2
beset,2
clamor,2
upend,2
miscarriag,2
lissner,2
smithi,2
dicki,2
obliter,2
preciou,2
tackett,2
hike,2
jojo,2
knell,2
soho.th,2
gentrif,2
onslaught,2
fiction/documentari,2
hybrid,2
drib,2
borgli,2
novelti,2
17-year-old,2
juvenil,2
front-pag,2
explan,2
wyom,2
imprison,2
mormon,2
tierra,2
bread,2
unpromis,2
surrealist,2
1932,2
extremadura,2
salamanca,2
portug,2
'deep,2
'devil,2
high-definit,2
sexiest,2
jenna,2
jameson,2
christi,2
drake,2
georgina,2
spelvin,2
haze,2
stoya,2
constanc,2
staci,2
peralta,2
nank,2
cernan,2
lunar,2
craig,2
quietli,2
patienc,2
vintag,2
joyc,2
pterosaur,2
marri,2
reagan,2
decor,2
youtub,2
willer,2
pragu,2
bureaucrat,2
hawaii,2
1912,2
toback,2
campground,2
amongst,2
elvi,2
rope,2
regain,2
blaze,2
misadventur,2
uncertain,2
expedit,2
everest,2
lengthi,2
abraham,2
alan,2
benedict,2
cumberbatch,2
trastever,2
janze,2
barber,2
puzzl,2
same-sex,2
legitim,2
benson,2
vaniti,2
midwest,2
cobi,2
chrysali,2
christina,2
uphold,2
safe,2
bandana,2
sisterhood,2
chicken,2
hare,2
krishna,2
peshmerga,2
urgenc,2
impeach,2
vice-presid,2
temer,2
augusta,2
ramo,2
whilst,2
braslia,2
chant,2
greek,2
aloof,2
undergon,2
scrutini,2
beginninggenesi,2
fold,2
hypothet,2
gold-plat,2
statuett,2
1927,2
mayer,2
honorari,2
bestow,2
plunder,2
characterist,2
frederick,2
douglass,2
steinbauer,2
reel,2
pearc,2
dick,2
peninsula,2
homestead,2
in-countri,2
scratch,2
linguist,2
hand-drawn,2
49-year-old,2
fianc,2
walmart,2
greeter,2
head-over-heel,2
shack,2
kardashian,2
roadblocksexpos,2
snafu,2
reconcil,2
newhart,2
rosanna,2
atol,2
kimmel,2
fernando,2
meirel,2
katia,2
lund,2
scorgi,2
illeg,2
columbia,2
grower,2
criminologist,2
economist,2
celebritiesinclud,2
chongsh,2
cube,2
eminem,2
nate,2
kurupt,2
mel-man,2
eastsidaz,2
doggi,2
devin,2
dude,2
warren,2
xzibit,2
huerta,2
femin,2
slavoj,2
sophi,2
fienn,2
set-up,2
interrog,2
humili,2
full-length,2
flesh,2
cannib,2
sagawa,2
behaviour,2
extra,2
freda,2
smother,2
somebodi,2
excerpt,2
nightclub,2
formerli,2
illustri,2
hometown,2
frustrat,2
sorrow,2
lock,2
wisconsin,2
saturday,2
sheep,2
myer,2
fastbal,2
acceler,2
gothic,2
conceptu,2
ralph,2
ethic,2
powerhous,2
humbl,2
bankruptci,2
russ,2
highway,2
distort,2
jacquelin,2
rotten,2
showman,2
lazer,2
rebirth,2
valentino,2
12th,2
slight,2
marathon,2
dass,2
spike,2
perpetu,2
ever-pres,2
hawk,2
best-lov,2
munich,2
hostag,2
alzheim,2
embed,2
lutz,2
amityvil,2
1975,2
walter,2
ceil,2
dengler,2
potato,2
enlist,2
danish,2
saga,2
sung,2
abacu,2
chinatown,2
havana,2
gricel,2
insurmount,2
ramen,2
colorado,2
grab,2
simultan,2
analys,2
coup,2
reenact,2
goodby,2
lovato,2
electron,2
dreamer,2
invest,2
1949,2
middleweight,2
infecti,2
wladimir,2
darwin,2
herzling,2
barrymor,2
lifelong,2
apex,2
racer,2
pryor,2
1000,2
coalit,2
airplan,2
hendrix,2
guitar,2
belong,2
knowledg,2
retreat,2
foxcatch,2
downward,2
medal,2
recognis,2
allen,2
occupi,2
uncertainti,2
suppos,2
inexplic,2
firework,2
20-someth,2
grandson,2
granni,2
hungari,2
40-year,2
noriko,2
overbear,2
improb,2
downtown,2
count,2
scour,2
send,2
pluck,2
jade,2
ostrac,2
lieuten,2
divid,2
gruel,2
handl,2
preacher,2
writer/produc,2
aronsohn,2
pena,2
blanca,2
guatemala,2
e.coli,2
stress,2
generos,2
chino,2
miami-dad,2
strict,2
six-week,2
tallest,2
robot,2
macgillivray,2
freeman,2
bechtel,2
ambient,2
behemoth,2
lapd,2
nutritionally-deplet,2
chemic,2
tendenc,2
malnourish,2
sicker,2
trillion,2
verifi,2
jongblo,2
97-year-old,2
sobrieti,2
cautious,2
breen,2
antiwar,2
vista,2
year-round,2
mcmurdo,2
powel,2
hymn,2
lennberg,2
impot,2
motorhead,2
frontman,2
lemmi,2
kilmist,2
immeasur,2
hard-liv,2
awardwin,2
pedophilia,2
vatican,2
aint,2
maximum,2
24-year-old,2
sharecropp,2
naacp,2
outcri,2
rattl,2
technicolour,2
indoor,2
graceland,2
zero,2
reindeerspot,2
rovaniemi,2
dabbl,2
petti,2
debot,2
lapland,2
getaway,2
documentarist,2
joona,2
neuvonen,2
welfar,2
cecil,2
beaton,2
denison,2
dalglish,2
weve,2
rumour,2
moreau,2
spill,2
juici,2
bean,2
morrow,2
shay,2
pressman,2
zinnemann,2
chime,2
encyclopaedia,2
storyboard,2
'who,2
fabul,2
hasid,2
n.y.c,2
elbow,2
kansa,2
cbgb,2
renaiss,2
ritz,2
jonni,2
rajasthan,2
maharaja,2
jodhpur,2
15th-centuri,2
mehrangarh,2
shye,2
tzur,2
ebola,2
transmen,2
ftmfitcon,2
rese,2
mason,2
contextu,2
winningit,2
cerebr,2
palsi,2
sigur,2
marcha,2
cega,2
paulo,2
battlefield,2
wound,2
hottest,2
trendsett,2
earthli,2
tari,2
ardor,2
cool,2
love-h,2
lucass,2
masterwork,2
menac,2
pepper,2
lovingli,2
needlepoint,2
lego,2
claymat,2
paper-mch,2
galaxi,2
awayth,2
wolf,2
illiber,2
post-arab,2
tunisia,2
viral,2
bollywood,2
yunupingu,2
verbal,2
bore,2
gramaglia,2
mississippi,2
favorit,2
raider,2
backwood,2
lehman,2
carlin,2
complaint,2
grievanc,2
temporari,2
scenario,2
sugarcan,2
harvest,2
horn,2
ferrara,2
angdu,2
tibet,2
airship,2
canopi,2
millennium,2
ra-seong,2
moo-hyun,2
approv,2
timeless,2
melancholi,2
somewhat,2
extra-tempor,2
freed,2
nagorno-karabakh,2
armenian,2
azerbaijani,2
caucasu,2
uninhabit,2
tomb,2
vestig,2
trench,2
sienna,2
miller,2
logist,2
kyle,2
sidney,2
intersex,2
nairobi,2
self-worth,2
tupac,2
shakur,2
glen,2
augi,2
irrever,2
lifefit,2
mogul,2
three-and-a-half,2
mozambiqu,2
coastal,2
well-f,2
interior,2
inland,2
predict,2
pick-up,2
merced,2
200t,2
lyndon,2
westmoreland,2
melania,2
prescrib,2
and/or,2
siebel,2
newsom,2
swing,2
1829,2
vote,2
2007,2
lyco,2
blip.tv,2
one-night-onli,2
vedder,2
roseann,2
baez,2
morello,2
r.e.m.,2
viggo,2
mortensen,2
anti-flag,2
yokohama,2
1966,2
takeshi,2
kitano,2
kiyoshiro,2
imokano,2
yukiyama,2
sword,2
dissolut,2
alexand,2
world-renown,2
takarazuka,2
roster,2
shut,2
queer,2
allur,2
1999,2
prelud,2
pink,2
lectur,2
scholarli,2
horrend,2
25th,2
argentinian,2
decept,2
guidanc,2
viciou,2
courtesi,2
pentagon,2
tonga,2
acrobat,2
fela,2
kuti,2
afrobeat,2
damag,2
wynorski,2
overview,2
sharp,2
flock,2
manipul,2
wale,2
1958,2
underprivileg,2
mayb,2
miracl,2
mermaid,2
aladdin,2
modest,2
banquet,2
louisiana,2
iroquoi,2
capitol,2
left-w,2
raim,2
stir,2
graffiti,2
palestin,2
bidder,2
stylish,2
commodif,2
poitra,2
remembr,2
ladder,2
unconqu,2
patrick,2
frake,2
70-minut,2
inher,2
calculu,2
split-second,2
hynson,2
off-season,2
sticky-fing,2
close-knit,2
desmond,2
worthi,2
carmencita,2
koster,2
bial,2
1890,2
chrostowski,2
dine,2
sauc,2
regardless,2
veil,2
upstream,2
consolid,2
gloria,2
aaliyah,2
rhyl,2
donnelli,2
eighty-seven,2
award-winn,2
tina,2
lane,2
brassi,2
exterior,2
multi-dimension,2
chavela,2
varga,2
zion,2
mega-hit,2
implod,2
1983-1984,2
spree,2
phelp,2
arlen,2
austin,2
uniti,2
chick,2
undress,2
weird,2
2012,2
carlo,2
viola,2
caliguri,2
bout,2
steel,2
hanek,2
artistri,2
sat/act,2
ignor,2
conservationist,2
thailand,2
blank,2
chef,2
vulner,2
cheech,2
reunion,2
conceiv,2
amazon,2
hopkin,2
sure,2
teach,2
lunch,2
convinc,2
necess,2
outlaw,2
svetlana,2
welsh,2
swindl,2
ranallo,2
punch,2
unreal,2
darger,2
ravi,2
honest,2
nostalg,2
brook,2
gladiat,2
carn,2
scottish,2
repair,2
absorb,2
arnel,2
2003,2
farmland,2
revenu,2
short-liv,2
gothenburg,2
prestigi,2
eckert,2
sonia,2
soberat,2
trait,2
balanc,2
walru,2
transexu,2
insomnia,2
overdos,2
flamboy,2
chipmunk,2
2011-2012.,2
22-year-old,2
brateevo,2
elector,2
rubl,2
incompat,2
hourlong,2
latter-day,2
1831,2
1838,2
formal,2
oxnard,2
eighth-grad,2
mcinerney,2
classmat,2
neo-nazi,2
effemin,2
barehand,2
mystic,2
qualiti,2
data,2
high-end,2
3d-team,2
oscar-nomin,2
nois,2
radiat,2
clue,2
cgi-driven,2
advanc,2
rapid-fir,2
thanksgiv,2
blare,2
exit,2
quick,2
soda,2
d'azur,2
sunwash,2
belgium,2
real-tim,2
sexi,2
fingersnap,2
leper,2
ugli,2
gratitud,2
timescap,2
timelaps,2
roam,2
toyota,2
pickup,2
workman,2
orson,2
patti,2
three-month,2
glove,2
interst,2
missouri,2
blinkyou,2
woven,2
midwestern,2
redford,2
clean,2
healthier,2
glam,2
aerosmith,2
kiss,2
megadeth,2
motrhead,2
ozzi,2
osbourn,2
w.a.s.p..,2
coal,2
brooksid,2
harlan,2
kentucki,2
gun-tot,2
thugs/scab,2
picket,2
women-folk,2
koppl,2
umwa,2
volum,2
stuck,2
mojtaba,2
mirtahmasb,2
traci,2
seve,2
ballestero,2
felon,2
all-mal,2
recidiv,2
revolv,2
meaning,2
french-german,2
co-written,2
perrin,2
cluzaud,2
dickson,2
slightli,2
sandra,2
bland,2
bright,2
cell,2
30th,2
sweati,2
status-quo-kil,2
longest-run,2
pop-punk,2
torch,2
vodka,2
pierc,2
reopen,2
foxworthi,2
cabl,2
engval,2
runaway,2
seat,2
medicar,2
medicaid,2
cold-war,2
somewher,2
man-hors,2
banker,2
forbidden,2
sommeli,2
ackman,2
herbalif,2
scheme,2
bankrupt,2
shatter,2
lenfer,2
delta,2
lioness,2
galapago,2
dian,2
regener,2
shawn,2
beyonc,2
solid,2
kenyan,2
zeppelin,2
self-destruct,2
lucasfilm,2
two-year,2
barri,2
crimmin,2
hockey,2
prequel,2
existed.start,2
cambrian,2
triassic,2
takei,2
facebook,2
'street,2
fixtur,2
sylvia,2
rivera,2
transvestit,2
s.t.a.r,2
greenwich,2
declar,2
nypd,2
whodunit,2
victoria,2
cruz,2
surrog,2
marsha,2
unexplain,2
tattooist,2
geoff,2
ancestri,2
'move,2
tether,2
globalis,2
marginalis,2
shapeshift,2
yearn,2
stabl,2
wholeheartedli,2
internationalist,2
implicit,2
cusp,2
vukovi,2
croatia,2
recogniz,2
record-break,2
katherin,2
tito,2
rebbi,2
smokey,2
robinson,2
dionn,2
faster,2
wider,2
reliv,2
selleck,2
automobil,2
craven,2
neve,2
liev,2
schreiber,2
winkler,2
lillard,2
metcalf,2
posey,2
turek,2
masi,2
11-time,2
jeopardi,2
bacha,2
budru,2
ayesh,2
nonviol,2
intifada,2
gaza,2
clandestin,2
polychromat,2
deconstruct,2
thirteen-year,2
letterman,2
leno,2
elud,2
equip,2
dunlop,2
tribeca,2
cover-up,2
discredit,2
licens,2
vaccin,2
bowel,2
sanctum,2
2011-,2
defam,2
media-appoint,2
anti-vaccin,2
bailey,2
delic,2
archaeolog,2
magical-realist,2
robbin,2
mega,2
seminar,2
life-alt,2
zealou,2
bong,2
sprang,2
tennesse,2
spawn,2
salli,2
incendiari,2
gave,2
pulitzer-pr,2
pervas,2
psychosi,2
umbrella,2
basic,2
linguist/polit,2
vancouver-bas,2
strawberri,2
shortcak,2
cinderella,2
hasbro,2
fan-bas,2
grownup,2
broni,2
fan-world,2
chibok,2
dawn,2
burnt,2
boko,2
haram,2
academy-award,2
stomp,2
large-format,2
sub-arct,2
pulsat,2
anemon,2
crustacean,2
rainforest,2
palau,2
vancouv,2
polynesia,2
assia,2
boundaoui,2
long-brew,2
predominantli,2
arab-american,2
monitor,2
stigmat,2
wolfgang,2
beltracchi,2
egotist,2
nihilist,2
undeni,2
galleri,2
brush,2
thank,2
cosmic,2
state-of-the-art,2
keith,2
bret,2
hart,2
montreal,2
poacher,2
traffick,2
itzhak,2
fascism,2
absolut,2
levi,2
franni,2
obvious,2
kent,2
fiorano,2
rubbish,2
italia,2
derren,2
complianc,2
unwit,2
monro,2
linkin,2
projekt,2
2008,2
reanim,2
turner,2
co-produc,2
producer/director,2
patch,2
happiest,2
kolkatta,2
co-hous,2
cajun,2
ochees,2
bigfoot,2
kirbi,2
co-creat,2
thor,2
x-men,2
hillari,2
'run,2
mariel,2
ernest,2
uncondit,2
walling,2
tread,2
geolog,2
facet,2
lotj,2
sodderland,2
hemorrhag,2
bereft,2
genre-twist,2
excruci,2
exquisit,2
inquiri,2
ventura,2
incapacit,2
excess,2
acknowledg,2
crooner,2
liaison,2
jandal,2
salim,2
hamdan,2
osama,2
laden,2
suprem,2
fini,2
straubing,2
deaf,2
wholli,2
penelop,2
1980-1981.,2
1986-1988.,2
anti-establish,2
serious,2
squat,2
fredo,2
essex,2
intercut,2
intercours,2
riff,2
tholog,2
sling,2
diva,2
there,2
maestro,2
b.c.,2
argonaut,2
guillermo,2
toro,2
giusepp,2
newman-haa,2
on-track,2
pre-rac,2
building/restor,2
roadster,2
mario,2
reintroduc,2
gorgeou,2
lust,2
tarmac,2
ill-fit,2
quicken,2
russel,2
mulcahi,2
revis,2
re-cut,2
dumbing-down,2
nowitzki,2
filmographi,2
alphabet,2
frenchman,2
premonit,2
deed,2
portion,2
3-day-rock-,2
metal-festiv,2
80,2
sleepi,2
peck,2
wunderkind,2
herculean,2
422nd,2
embryon,2
dancersa,2
inward,2
jackscrew,2
cloud,2
whirl,2
gallipoli,2
tolga,2
ornek,2
patriot,2
haskel,2
wexler,2
grung,2
heaviest,2
fatih,2
familiar,2
barn,2
mallori,2
fran,2
avoid,2
fourteen,2
homecom,2
shootout,2
peltier,2
puls,2
vaziri,2
flume,2
remix,2
shangaan,2
unseat,2
longtim,2
librari,2
salk,2
nathaniel,2
kurzweil,2
vivid,2
theatric,2
hermion,2
redeem,2
korn,2
platinum,2
venezuela,2
pilger,2
ginger,2
baker,2
smash,2
intric,2
theodoraki,2
lethal,2
darabont,2
shawshank,2
goldman,2
analyz,2
necessari,2
tandem,2
harpercollin,2
playground,2
volit,2
rumspringa,2
rubber,2
erect,2
shove,2
placesthes,2
masquerad,2
pier,2
paolo,2
pasolini,2
virgin,2
merlina,2
alberto,2
moravia,2
musatti,2
bersani,2
intrus,2
prod,2
thesi,2
rigidli,2
mediev,2
muddl,2
self-censor,2
bourgeoisi,2
ballad,2
nicaragua,2
under-train,2
under-equip,2
whaler,2
cornelissen,2
expans,2
mowat,2
unsuit,2
modern-day,2
reinvent,2
state-control,2
newfound,2
multi-award,2
drone,2
2015-16,2
configur,2
audio/visu,2
adept,2
commerc,2
vault,2
disneyland,2
onscreen,2
frontlin,2
furi,2
mavi,2
stapl,2
weintraub,2
finalist,2
naval,2
'unsink,2
sank,2
horacio,2
flash,2
rebecca,2
malachi,2
unpredict,2
anni,2
leibovitz,2
zidan,2
minimum,2
vampir,2
adulthood,2
pinbal,2
arcad,2
cindi,2
lyricist,2
ashman,2
copi,2
clau,2
real-beard,2
jerusalem,2
nurtur,2
dismiss,2
columbin,2
mend,2
vilanch,2
nintendo,2
ticket,2
bergman,2
attir,2
ankle-length,2
karen,2
collin,2
quilter,2
ware,2
world-class,2
reawaken,2
showbiz,2
stellar,2
staunchest,2
skeptic,2
virtuoso,2
illusori,2
gilli,2
minkin,2
levit,2
trickster,2
worldbut,2
satisfi,2
biker,2
un-ridden,2
terrain,2
unaid,2
breath-tak,2
beauty.each,2
six-part,2
allianc,2
brigg,2
monstervis,2
lloyd,2
greg,2
sestero,2
rochon,2
nuke,2
reed,2
frazer,2
samurai,2
birdem,2
temperatur,2
amalgam,2
envelop,2
struck,2
incap,2
instrumentalist,2
mccullin,2
technician,2
1929,2
brigadoon,2
talki,2
singin,2
pippo,2
delbono,2
budapest,2
deliveri,2
amus,2
correctli,2
elmalma,2
primarili,2
cameraperson,2
kirsten,2
refram,2
storyon,2
frighten,2
iraqi,2
guerrilla,2
unpopular,2
denier,2
garaudi,2
rwbi,2
anarchist,2
leftist,2
drunken,2
mostli,2
mexican-american,2
paso,2
gear,2
flora,2
fauna,2
allig,2
gigant,2
primev,2
pleasantli,2
astonishingli,2
turquois,2
brilliantli,2
passionately-felt,2
fatherless,2
11-year-old,2
baghdad,2
garag,2
sadr,2
longley,2
stunningli,2
sunni,2
kurd,2
dismantl,2
infrastructur,2
cthulhu,2
honestli,2
unflinchingli,2
slum,2
arbor,2
ostracis,2
rehab,2
re-introduc,2
kinison,2
gelb,2
jiro,2
sushi,2
long-stand,2
fiftieth,2
trough,2
redesign,2
devote,2
pericak,2
showroomif,2
vibrat,2
steer,2
wheel,2
bassem,2
youssef,2
cardiologist,2
pinehurst,2
junior,2
phenom,2
romero,2
mcelwe,2
sherman,2
sidetrack,2
recur,2
burt,2
strateg,2
thrust,2
midway,2
dutch,2
high-fli,2
crouch,2
sammo,2
futurist,2
godfath,2
pollut,2
tanzania,2
spear,2
resort,2
hauka,2
delbert,2
nicholson,2
meka,2
grain,2
coaster,2
husband-and-wif,2
risen,2
trove,2
firmli,2
polunin,2
loggerhead,2
atlant,2
stack,2
cellar,2
berci,2
repertoir,2
rammstein-show,2
precis,2
nail,2
aneurysm,2
lifesav,2
prairi,2
ryman,2
auditorium,2
michalowski-dyam,2
ravensbruck,2
malchow,2
auschwitz,2
mengel,2
publicli,2
repeat,2
antisemit,2
coltran,2
made-for-dvd,2
spaceship,2
hideou,2
wore,2
jumpsuit,2
knelt,2
milit,2
adrenaline-fuel,2
colthorp,2
castmemb,2
markedli,2
skywalk,2
ranch,2
metropolitan,2
chinese-inspir,2
bolton,2
chair,2
karl,2
lagerfeld,2
gaultier,2
galliano,2
sechski,2
cartoonist,2
ewok,2
tomblin,2
asperg,2
ghosthead,2
ghostbust,2
fandom,2
stratton,2
incub,2
saul,2
omnibu,2
terrif,2
grazer,2
todd,2
hallowel,2
supervisor,2
legato,2
compositor,2
forker,2
griffin,2
lieberglot,2
bostick,2
krantz,2
grumman,2
kraft,2
susan,2
margaret,2
sinis,2
quinlan,2
whiski,2
romeo,2
zulu,2
lapa,2
embank,2
aviat,2
standpoint,2
airlin,2
pilot-how,2
safeti,2
precari,2
doug,2
woke,2
coney,2
amnesia,2
rediscov,2
delug,2
contributor,2
crop,2
1928,2
moritz,2
vanish,2
johatsu,2
embezzl,2
slovakia,2
1947,2
hann,2
ludin,2
widow,2
madden,2
antoin,2
maximi,2
hand-held,2
unchalleng,2
calam,2
coalesc,2
empower,2
thirty-year-old,2
iowa,2
paperboy,2
milk,2
carton,2
noreen,2
stylist,2
gibson,2
neuromanc,2
leari,2
pollard,2
maynard,2
three-term,2
traumat,2
triumphantli,2
sharpton,2
pant,2
cross-sexu,2
momma,2
cong,2
holder,2
singapor,2
stationari,2
diaphan,2
smile,2
butterfli,2
visibl,2
kick,2
volumin,2
stick,2
unsmil,2
filter,2
accent,2
1989,2
revitalis,2
nannten,2
hammer-lik,2
fist,2
trevor,2
biraci,2
diggler,2
andersen,2
whirlwind,2
meticul,2
earththat,2
high-secur,2
indefinit,2
detain,2
pinch,2
snuff,2
sneez,2
riley,2
sleight,2
proposit,2
graham,2
underhand,2
weller,2
marr,2
norman,2
bragg,2
nerina,2
pallot,2
hawley,2
boon,2
interwoven,2
wyler,2
huston,2
shortest,2
entr,2
shanghai,2
diametr,2
victor,2
kossakovski,2
century-old,2
polychlorin,2
biphenyl,2
herbicid,2
painstak,2
hitherto,2
buckl,2
unturn,2
inside-out,2
forgiv,2
coincid,2
swiss,2
chemist,2
hofmann,2
1943,2
molecul,2
fatima,2
uncensor,2
pristin,2
cort,2
baja,2
fossilis,2
2018,2
rosevil,2
moder,2
nyia,2
hawaiian,2
sugar-can,2
toad,2
pest,2
authoritarian,2
joint,2
mugab,2
imped,2
hyperinfl,2
rampant,2
option,2
koolhaa,2
houselif,2
chore,2
guadalup,2
acedo,2
housekeep,2
pungent,2
mesmeris,2
leviathan,2
barker,2
specialist,2
post-mortem,2
17-stone,2
donat,2
cent,2
guadeloup,2
unregul,2
conglomer,2
sync,2
bathtub,2
belli,2
caress,2
umbil,2
cord,2
expel,2
placenta,2
infant,2
bath,2
razor-sharp,2
lightning-fast,2
barracuda,2
moray,2
way..,2
rosenth,2
voronini,2
russian-languag,2
everybodi,2
raymond,2
dalton,2
defect,2
resent,2
patreon,2
hame,2
teas,2
nerdi,2
19-year-old,2
mond,2
silenc,2
1956,2
oceanograph,2
jacques-yv,2
1953,2
undersea,2
calypso,2
diver,2
persian,2
conquer,2
indel,2
hopeless,2
dieciocho,2
18th,2
salvador,2
prometheu,2
4-disc,2
collector,2
blu-ray,2
stergaard,2
tsukiji,2
wholesal,2
seafood,2
marketplac,2
lawsuit,2
capt,2
ethnic,2
cleans,2
darfur,2
nichola,2
kristof,2
on-the-court,2
head-to-head,2
utah,2
costa,2
awesom,2
fatboy,2
dynasti,2
separat,2
35th,2
sylvest,2
stallon,2
elys,2
novic,2
candidatur,2
starlight,2
bacteria,2
thermonuclear,2
furnac,2
brightli,2