life,425
find,326
young,305
love,276
stori,275
famili,261
live,251
world,240
take,233
becom,222
year,175
friend,171
father,161
woman,157
make,148
work,140
murder,139
forc,138
wife,137
film,134
begin,132
help,129
name,127
meet,126
girl,124
turn,124
time,123
fall,121
school,120
come,119
death,119
lead,115
mother,112
home,112
must,112
true,105
discov,99
citi,97
kill,96
mysteri,95
daughter,94
soon,94
first,93
three,93
togeth,92
american,92
back,91
relationship,91
struggl,86
town,85
learn,85
chang,85
return,84
follow,83
base,83
face,82
start,82
hous,82
york,81
brother,80
beauti,79
power,79
star,79
move,78
former,76
prison,76
past,74
save,74
escap,74
peopl,74
decid,74
polic,73
group,71
left,70
sister,70
attempt,70
drug,69
order,69
team,69
investig,69
dream,69
journey,66
also,66
secret,65
event,65
danger,64
crime,64
best,64
fight,64
teenag,64
howev,63
husband,63
small,62
call,62
tell,62
want,62
offic,61
marri,61
plan,60
thing,60
success,60
leav,60
student,60
even,59
mission,59
john,59
final,58
coupl,57
place,57
career,56
killer,56
agent,56
littl,55
human,55
bring,55
around,55
person,55
battl,54
anoth,54
know,54
armi,53
play,52
join,52
gang,52
grow,51
involv,50
hope,50
girlfriend,50
futur,49
train,49
whose,49
look,49
parent,49
troubl,48
behind,47
never,47
arriv,47
protect,47
control,47
surviv,47
gener,47
differ,47
high,46
seem,46
believ,45
real,45
like,45
travel,45
great,45
experi,45
break,45
keep,44
night,44
happen,44
game,44
money,44
colleg,43
determin,43
desper,43
case,43
children,43
ultim,43
search,43
give,42
kidnap,42
state,42
last,42
govern,42
ever,42
movi,42
attack,42
french,42
deal,41
head,41
u.s.,41
soldier,41
seek,41
inspir,41
friendship,41
local,41
everyth,40
across,40
later,40
show,40
crimin,40
countri,40
women,40
marriag,40
street,39
america,39
tale,39
uncov,39
spend,39
polit,39
angel,38
romant,38
sexual,38
stop,38
violent,38
island,38
romanc,38
british,38
visit,38
adventur,37
threaten,37
brutal,37
reveng,37
embark,37
music,37
four,37
unit,37
estrang,36
heart,36
encount,36
leader,36
everyon,36
chanc,36
dead,36
challeng,36
still,36
child,36
sent,36
sever,36
truth,36
question,36
hand,35
realiz,35
late,35
suspect,35
destroy,35
away,35
nation,35
well,35
jack,35
could,34
unexpect,34
rescu,34
suffer,34
emot,34
receiv,34
compani,34
would,34
seri,34
land,34
hunt,33
prove,33
lover,33
apart,33
parti,33
dark,33
disappear,33
corrupt,33
reveal,33
includ,33
rise,33
assassin,33
eventu,33
enter,33
author,33
london,33
share,32
affair,32
action,32
form,32
everi,32
detect,32
rais,32
seemingli,32
lost,32
hire,32
drama,32
lose,31
obsess,31
novel,31
caus,31
oper,31
good,31
busi,31
though,30
comedi,30
path,30
enemi,30
creat,30
without,30
earth,30
king,30
taken,30
made,30
summer,30
passion,30
next,30
mani,30
open,29
long,29
perfect,29
fate,29
queen,29
rule,29
paul,29
boss,29
teacher,29
partner,29
charli,29
memori,29
villag,29
master,29
director,29
legendari,28
race,28
center,28
build,28
manag,28
need,28
cours,28
white,28
problem,28
doctor,28
exist,28
centuri,28
black,28
develop,28
convinc,28
soul,28
right,28
figur,27
happi,27
track,27
situat,27
care,27
stay,27
strike,27
ruthless,27
appear,27
lawyer,27
peac,27
quickli,27
cross,27
south,27
adopt,27
complic,27
book,27
writer,27
five,27
societi,27
offer,27
write,27
possibl,27
connect,26
attract,26
side,26
forev,26
scene,26
commun,26
professor,26
pursu,26
crew,26
deadli,26
line,26
innoc,26
veteran,26
despit,26
plot,26
accid,26
found,26
desir,26
journalist,26
part,26
suddenli,26
member,26
older,26
singl,26
christma,26
william,26
charact,25
femal,25
english,25
shock,25
captain,25
histori,25
noth,25
execut,25
upon,25
evil,25
trip,25
earli,25
classic,25
present,25
artist,25
result,25
crash,25
presid,25
support,25
widow,25
billi,24
aliv,24
respons,24
quest,24
insid,24
feel,24
close,24
unlik,24
captur,24
fellow,24
class,24
claim,24
rival,24
realiti,24
wealthi,24
mean,24
outsid,24
georg,24
assign,24
much,24
anyth,24
someth,24
militari,24
pass,23
rich,23
alli,23
command,23
realli,23
epic,23
fear,23
german,23
test,23
champion,23
refus,23
bodi,23
neighbor,23
famou,23
target,23
vision,23
complet,23
hollywood,23
think,23
faith,23
surpris,23
childhood,23
along,23
recent,23
bond,22
nazi,22
terrorist,22
watch,22
within,22
franc,22
caught,22
known,22
retir,22
stand,22
freedom,22
alon,22
spirit,22
fail,22
henri,22
reunit,22
jame,22
social,22
moral,22
commit,22
talent,22
water,22
haunt,22
step,21
strang,21
adapt,21
explor,21
tragedi,21
trap,21
michael,21
confront,21
bomb,21
recruit,21
hold,21
charg,21
desert,21
separ,21
warrior,21
tough,21
boyfriend,21
free,21
eddi,21
christian,20
hide,20
scientist,20
francisco,20
california,20
sinc,20
road,20
conspiraci,20
task,20
owner,20
rock,20
corpor,20
remain,20
pari,20
discoveri,20
orphan,20
prevent,20
convict,20
courag,20
entir,20
might,20
martial,20
solv,20
arrest,20
1950,20
pair,20
vacat,20
texa,20
betray,20
gain,20
babi,20
abus,20
brilliant,19
ident,19
difficult,19
bank,19
week,19
public,19
roman,19
mental,19
enough,19
aspir,19
crisi,19
releas,19
russian,19
imagin,19
ship,19
camp,19
recov,19
robert,19
skill,19
notori,19
civil,19
west,19
born,19
modern,19
alway,18
wrong,18
drive,18
jess,18
popular,18
edward,18
secur,18
natur,18
remot,18
continu,18
rebel,18
lord,18
hard,18
southern,18
contract,18
berlin,18
morn,18
itali,18
accus,18
elizabeth,18
suicid,18
greatest,18
report,18
dancer,18
divorc,18
abandon,18
dealer,18
younger,18
singer,18
role,17
point,17
risk,17
cold,17
drawn,17
attorney,17
seen,17
kind,17
planet,17
actor,17
toward,17
violenc,17
hero,17
agre,17
organ,17
honor,17
empir,17
decad,17
choos,17
mafia,17
transform,17
gangster,17
million,17
gift,17
wake,17
thriller,17
court,17
room,17
extrem,17
process,17
univers,17
teach,17
station,17
reluctantli,17
david,17
imposs,17
trail,17
befriend,17
choic,17
victim,17
japanes,17
colleagu,17
justic,17
walk,17
johnni,17
coach,17
quit,17
band,17
threat,16
upsid,16
near,16
businessman,16
germani,16
space,16
surround,16
approach,16
expect,16
underground,16
bill,16
prepar,16
medic,16
serv,16
mountain,16
perform,16
send,16
hospit,16
trade,16
foster,16
miss,16
rocki,16
jimmi,16
jewish,16
anim,16
tragic,16
better,16
shot,16
rest,16
opportun,16
terribl,16
poor,16
reach,16
ambiti,16
teen,16
scheme,16
carri,16
ordinari,16
frank,16
word,16
beyond,16
other,16
holiday,16
steal,16
match,16
hostag,16
thief,16
china,16
increasingli,16
dramat,15
mind,15
plagu,15
caesar,15
held,15
pilot,15
push,15
sergeant,15
interest,15
aveng,15
chronicl,15
wound,15
spiral,15
stranger,15
storm,15
slave,15
classmat,15
wait,15
leon,15
full,15
consequ,15
patient,15
nearli,15
hotel,15
establish,15
intern,15
meanwhil,15
survivor,15
cast,15
torn,15
wild,15
pregnant,15
crook,15
sport,15
pursuit,15
samurai,15
promis,15
middl,15
alien,15
mari,15
deep,15
celebr,15
rachel,15
grace,15
fact,15
rome,15
creatur,14
massiv,14
jane,14
jungl,14
effort,14
import,14
demand,14
fortun,14
direct,14
lifestyl,14
hometown,14
monster,14
fiction,14
privat,14
almost,14
daniel,14
pressur,14
crack,14
matt,14
resid,14
soviet,14
plane,14
defend,14
whole,14
sens,14
wing,14
farmer,14
farm,14
unfold,14
priest,14
shop,14
serial,14
neighborhood,14
moment,14
1960,14
variou,14
televis,14
date,14
middle-ag,14
brought,14
juli,14
broken,14
chicago,14
resist,14
secretli,14
gold,14
seduc,14
anna,14
overcom,14
financi,14
tour,14
sweet,13
origin,13
conflict,13
underworld,13
catch,13
club,13
unexpectedli,13
seven,13
boxer,13
launch,13
competit,13
hour,13
uncl,13
consid,13
astronaut,13
draw,13
terrifi,13
undercov,13
among,13
toni,13
scott,13
nick,13
special,13
vietnam,13
ryan,13
depress,13
destruct,13
heist,13
gone,13
board,13
abil,13
unknown,13
prostitut,13
indian,13
isol,13
produc,13
ladi,13
marin,13
record,13
expos,13
small-town,13
shelter,13
terror,13
number,13
told,13
field,13
cover,13
wors,13
taylor,13
boat,13
area,13
clue,13
twin,13
twist,13
earlier,13
will,13
stumbl,13
1930,13
handsom,13
closer,13
guest,13
africa,13
evid,13
major,13
featur,13
news,13
worker,13
immigr,13
weekend,13
accident,13
moor,13
monk,13
spark,13
lust,13
dicken,13
hell,12
aftermath,12
intellig,12
backdrop,12
captiv,12
enigmat,12
pain,12
month,12
eight,12
britain,12
wonder,12
loss,12
riley,12
although,12
defeat,12
system,12
slowli,12
sign,12
fighter,12
wall,12
trial,12
firm,12
chao,12
snow,12
potenti,12
graduat,12
third,12
musician,12
mentor,12
benjamin,12
illeg,12
giant,12
guard,12
sentenc,12
comput,12
idea,12
shark,12
industri,12
princ,12
rape,12
ocean,12
matter,12
account,12
explos,12
voic,12
horror,12
richard,12
estat,12
took,12
birthday,12
addict,12
peter,12
stolen,12
profession,12
intrigu,12
answer,12
price,12
respect,12
cousin,12
thousand,12
allow,12
alter,12
properti,12
1920,12
royal,12
second,12
unravel,12
player,12
cultur,12
rebelli,12
term,12
victori,12
mexico,12
clear,12
crush,12
complex,12
north,12
loui,12
uniqu,12
entangl,12
danc,12
homicid,12
fast,12
literari,12
ruin,11
maintain,11
mexican,11
promin,11
district,11
intens,11
park,11
male,11
italian,11
except,11
newli,11
unabl,11
beach,11
daili,11
diseas,11
especi,11
trust,11
eccentr,11
ranger,11
geniu,11
controversi,11
short,11
junior,11
locat,11
invas,11
throne,11
thought,11
becam,11
mark,11
grown,11
injur,11
decis,11
bulli,11
shape,11
green,11
actress,11
intent,11
east,11
ghost,11
suburban,11
japan,11
psycholog,11
stage,11
occup,11
rage,11
easi,11
revolut,11
olymp,11
contact,11
manipul,11
readi,11
demon,11
lone,11
highli,11
altern,11
youth,11
kong,11
harbor,11
engag,11
renown,11
activist,11
vengeanc,11
accept,11
machin,11
enlist,11
cash,11
came,11
england,11
anni,11
alic,11
attend,11
onto,11
season,11
whether,11
purpos,11
chain,11
fame,11
door,11
burn,11
hang,11
chase,11
period,11
waitress,11
vincent,11
current,11
bore,11
santa,11
silenc,10
salon,10
senior,10
interview,10
reput,10
depart,10
focu,10
code,10
l.a.,10
turmoil,10
posit,10
dedic,10
certain,10
arrang,10
reign,10
infiltr,10
retreat,10
belong,10
nathan,10
prime,10
negoti,10
strand,10
aristocrat,10
front,10
offici,10
disast,10
mile,10
ground,10
redempt,10
succeed,10
fianc,10
scienc,10
inmat,10
deeper,10
incred,10
extraordinari,10
collect,10
nobodi,10
charm,10
circumst,10
safe,10
publish,10
ride,10
alreadi,10
idyl,10
photograph,10
nuclear,10
hidden,10
magic,10
pictur,10
achiev,10
drink,10
affect,10
assist,10
abduct,10
harri,10
inform,10
dare,10
weapon,10
settl,10
viciou,10
devast,10
frustrat,10
minor,10
kingdom,10
footbal,10
brother-in-law,10
tension,10
spiritu,10
australia,10
fill,10
beat,10
servic,10
hong,10
disturb,10
sara,10
mike,10
compet,10
pose,10
today,10
kurt,10
behavior,10
restaur,10
loos,10
thoma,10
oscar,10
surfer,10
heaven,10
harold,10
sound,9
armstrong,9
plung,9
pleasur,9
anger,9
navig,9
instead,9
latest,9
brain,9
wood,9
vampir,9
funer,9
robot,9
defin,9
western,9
earn,9
12-year-old,9
fierc,9
birth,9
marshal,9
nurs,9
boston,9
cuban,9
anyon,9
biggest,9
self,9
johnson,9
walter,9
20th,9
routin,9
brooklyn,9
possess,9
manhattan,9
expert,9
clair,9
jean,9
research,9
shoot,9
histor,9
rose,9
program,9
entrepreneur,9
legal,9
lifetim,9
passeng,9
fresh,9
knowledg,9
lock,9
unstabl,9
helen,9
bizarr,9
count,9
frame,9
admir,9
seal,9
prejudic,9
version,9
religi,9
outlaw,9
collid,9
alcohol,9
luck,9
chri,9
editor,9
read,9
accompani,9
occur,9
infam,9
imprison,9
jeff,9
depict,9
ex-con,9
element,9
charl,9
jesu,9
wish,9
reason,9
spent,9
guilt,9
contain,9
analyst,9
facil,9
model,9
emma,9
superior,9
kelli,9
barri,9
explod,9
landscap,9
employ,9
speak,9
client,9
liber,9
maid,9
unusu,9
mass,9
rooki,9
light,9
belov,9
coast,9
actual,9
ambit,9
dean,9
quiet,9
1970,9
policeman,9
host,9
talk,9
worst,9
icon,9
painter,9
fred,9
cathol,9
fire,9
laura,9
stalk,9
glori,9
hustler,9
attent,9
wilson,9
avoid,9
someon,9
brian,9
homer,9
custom,8
sexi,8
legaci,8
april,8
theater,8
batman,8
knight,8
media,8
portray,8
funni,8
colonel,8
particip,8
advis,8
limit,8
1940,8
notic,8
salesman,8
cruel,8
enforc,8
termin,8
pacif,8
expedit,8
campaign,8
fascin,8
minist,8
hostil,8
midst,8
chosen,8
throughout,8
exchang,8
cartel,8
bear,8
lure,8
goal,8
employe,8
half,8
stone,8
flight,8
link,8
climb,8
navi,8
cole,8
washington,8
comfort,8
genet,8
union,8
site,8
devil,8
valu,8
high-stak,8
bobbi,8
drifter,8
danni,8
influenc,8
paid,8
reflect,8
prize,8
radio,8
introduc,8
doubl,8
fantasi,8
therapist,8
vega,8
theori,8
deepli,8
ransom,8
simpl,8
ring,8
pull,8
17-year-old,8
mistak,8
damien,8
sinist,8
seiz,8
india,8
endless,8
provid,8
pick,8
carl,8
psychic,8
self-destruct,8
wilder,8
peril,8
march,8
critic,8
privileg,8
jake,8
aunt,8
grade,8
jail,8
fallen,8
orbit,8
sell,8
wave,8
ahead,8
nativ,8
given,8
charismat,8
african-american,8
focus,8
horribl,8
concern,8
jami,8
nightclub,8
knock,8
adult,8
albert,8
triangl,8
shakespear,8
hole,8
carter,8
arthur,8
finish,8
rare,8
detail,8
less,8
suspicion,8
confid,8
blind,8
revolv,8
detroit,8
invent,8
blame,8
iron,8
silent,8
academi,8
susan,8
invit,8
physic,8
torment,8
rather,8
opposit,8
grief,8
calvin,8
advanc,8
hate,8
suspici,8
cult,8
bush,8
babe,8
bethani,8
cronauer,8
nesib,8
patton,8
mcnamara,8
luxuri,7
church,7
reli,7
domin,7
campu,7
overwhelm,7
heroic,7
assum,7
subsequ,7
tarzan,7
thrill,7
wrestl,7
journal,7
observ,7
everyday,7
ensu,7
vast,7
billionair,7
mount,7
reconnect,7
paint,7
messag,7
chief,7
jason,7
span,7
hunter,7
fatal,7
bare,7
bloodi,7
titl,7
emperor,7
effect,7
suppli,7
rivalri,7
castl,7
forest,7
prey,7
reich,7
kingpin,7
montana,7
nightmar,7
awaken,7
trainer,7
creed,7
sudden,7
kowalski,7
hill,7
global,7
escal,7
psychologist,7
saga,7
accomplish,7
fashion,7
ruth,7
narrat,7
color,7
touch,7
driver,7
emerg,7
dump,7
went,7
pack,7
ninth,7
strength,7
regain,7
statu,7
distant,7
maggi,7
scholarship,7
background,7
invest,7
elit,7
object,7
immedi,7
describ,7
defens,7
rememb,7
dollar,7
award,7
small-tim,7
outcast,7
martin,7
ballet,7
worth,7
clean,7
naiv,7
devot,7
disgrac,7
suggest,7
frighten,7
realis,7
cynic,7
winter,7
confin,7
ventur,7
letter,7
holli,7
nowher,7
heroin,7
dave,7
averag,7
reluct,7
chamber,7
steven,7
athlet,7
understand,7
presenc,7
disrupt,7
invad,7
custodi,7
condit,7
treat,7
lawrenc,7
1980,7
view,7
environ,7
method,7
punish,7
joseph,7
eager,7
joey,7
bitter,7
collis,7
destini,7
bell,7
incid,7
belief,7
exploit,7
imag,7
sheriff,7
senat,7
countrysid,7
doubt,7
reunion,7
intertwin,7
emili,7
independ,7
clau,7
tumultu,7
strong,7
previou,7
suppos,7
damag,7
strict,7
architect,7
duti,7
store,7
cope,7
appoint,7
refug,7
hall,7
idealist,7
adam,7
seriou,7
physician,7
cancer,7
iraq,7
experienc,7
tini,7
robberi,7
arrog,7
insight,7
remak,7
african,7
elect,7
tess,7
distract,7
succe,7
insur,7
'the,7
confess,7
basketbal,7
household,7
christin,7
elabor,7
knew,7
fought,7
jacqu,7
propos,7
elderli,7
documentari,7
smuggl,7
shatter,7
total,7
written,7
orlean,7
sequel,7
jacki,7
foreign,7
advic,7
basebal,7
sheep,7
pool,7
pupil,7
griev,7
hwa-yeong,7
eric,7
relax,6
marissa,6
magician,6
wipe,6
border,6
mutant,6
janitor,6
harvey,6
gotham,6
brand,6
circu,6
mirror,6
languag,6
darker,6
mythic,6
headquart,6
distanc,6
voyag,6
driven,6
breakthrough,6
increas,6
subject,6
fade,6
circl,6
ignit,6
aboard,6
bold,6
reclus,6
impress,6
larg,6
corleon,6
internet,6
interact,6
turbul,6
marcu,6
deceit,6
gordon,6
partnership,6
citizen,6
project,6
ravag,6
gather,6
globe,6
irish,6
done,6
favor,6
flee,6
free-spirit,6
await,6
fragil,6
apollo,6
supernatur,6
swept,6
theme,6
thrust,6
greater,6
angri,6
afghanistan,6
network,6
magazin,6
fabrizio,6
truck,6
broadcast,6
fairi,6
design,6
technolog,6
campbel,6
afford,6
unorthodox,6
banker,6
psychopath,6
forgiv,6
egyptian,6
reconcil,6
equal,6
erin,6
cover-up,6
19th,6
individu,6
jerri,6
alabama,6
huge,6
grappl,6
gradual,6
trick,6
norman,6
prosecutor,6
whip,6
newspap,6
swedish,6
niec,6
unforgett,6
shoe,6
predict,6
tortur,6
thailand,6
built,6
aviat,6
disord,6
food,6
initi,6
mobster,6
said,6
mayb,6
novelist,6
lifelong,6
shadi,6
sleepi,6
admit,6
amaz,6
christoph,6
slaveri,6
unhappi,6
implic,6
col.,6
sensit,6
type,6
progress,6
psychot,6
solitari,6
paradis,6
eleven,6
fish,6
common,6
fugit,6
occupi,6
salli,6
introvert,6
bourn,6
discuss,6
shepherd,6
repres,6
spanish,6
relentless,6
sale,6
river,6
glamor,6
parisian,6
traumat,6
crown,6
phone,6
subway,6
length,6
confus,6
compound,6
slip,6
tape,6
perspect,6
contemporari,6
tradit,6
newfound,6
affection,6
hear,6
housekeep,6
lane,6
popul,6
persuad,6
brave,6
pete,6
often,6
thrown,6
nine,6
traffick,6
alma,6
dictat,6
grisli,6
loro,6
portrait,6
definit,6
addit,6
replac,6
seduct,6
straight,6
hood,6
economi,6
lena,6
manner,6
hilari,6
dive,6
studi,6
deceas,6
orphanag,6
high-school,6
milo,6
freddi,6
dutch,6
lapd,6
lang,6
rumor,6
renegad,6
mistakenli,6
sweden,6
inner,6
russia,6
section,6
idol,6
literatur,6
rubi,6
hannah,6
unthink,6
nelson,6
thai,6
silk,6
chaplin,6
deem,6
curs,6
winner,6
spencer,6
region,6
trace,6
spell,6
transplant,6
numer,6
hook,6
episod,6
kham,6
eleph,6
larch,6
kenni,6
cyru,6
turf,6
justin,6
yellow,6
saleeh,6
auda,6
acquaint,6
triumph,6
enrol,6
portia,6
steiner,6
elin,6
aurora,6
lilya,6
manji,6
score,6
ernest,6
mrs.,5
grey,5
stronger,5
celest,5
weari,5
roommat,5
paper,5
divis,5
furi,5
dent,5
kyle,5
resurfac,5
alan,5
darkest,5
1990,5
bloom,5
midwest,5
guid,5
main,5
conquer,5
wayn,5
miracul,5
belgium,5
june,5
consum,5
activ,5
comeback,5
aggress,5
oblivion,5
miller,5
territori,5
rever,5
bounti,5
bella,5
swan,5
cullen,5
toughest,5
jordan,5
zone,5
wwii,5
medal,5
ideal,5
roll,5
immin,5
throw,5
capabl,5
deviou,5
immort,5
unleash,5
mastermind,5
teddi,5
insan,5
engin,5
syndic,5
rank,5
cocain,5
paranoia,5
transport,5
heavyweight,5
height,5
elimin,5
enorm,5
slow,5
econom,5
thirti,5
infatu,5
combat,5
dinosaur,5
cost,5
parol,5
septemb,5
harvard,5
wear,5
doesnt,5
explain,5
derek,5
racial,5
aspect,5
opera,5
clash,5
sail,5
troy,5
oregon,5
alex,5
revolutionari,5
viru,5
perhap,5
unconvent,5
franki,5
multipl,5
andi,5
warden,5
stretch,5
treatment,5
cat-and-mous,5
squad,5
monument,5
ex-wif,5
measur,5
jodi,5
nearbi,5
interrog,5
reward,5
post,5
tribe,5
cheat,5
pirat,5
robber,5
smith,5
chaotic,5
longer,5
heartbreak,5
truli,5
jersey,5
nicki,5
prefer,5
clerk,5
rate,5
lake,5
revel,5
list,5
mikael,5
blomkvist,5
punk,5
immens,5
chill,5
maria,5
depth,5
lisa,5
legion,5
magnat,5
poland,5
resort,5
frantic,5
longtim,5
exactli,5
loyalti,5
document,5
modern-day,5
sarah,5
intrud,5
piec,5
flashback,5
harrow,5
erot,5
life-chang,5
press,5
korean,5
oppon,5
wind,5
peasant,5
revolt,5
jone,5
haze,5
insist,5
trio,5
virtual,5
capit,5
oskar,5
surgeon,5
pickpocket,5
anonym,5
memoir,5
prospector,5
agenc,5
escort,5
cigarett,5
ignor,5
unfortun,5
proceed,5
psychiatrist,5
exil,5
capon,5
warn,5
hart,5
jackson,5
crossroad,5
fisherman,5
kennedi,5
shadow,5
16th,5
divid,5
lincoln,5
lieuten,5
strain,5
destin,5
bodyguard,5
gambl,5
suburb,5
calcul,5
fake,5
tokyo,5
jansen,5
grant,5
frequent,5
coma,5
sleep,5
pact,5
ronni,5
lack,5
brandon,5
yorker,5
shun,5
robinson,5
leagu,5
sight,5
comedian,5
mi-yeon,5
happili,5
dispatch,5
puppet,5
sometim,5
radic,5
year-old,5
rapidli,5
unchart,5
sullivan,5
buri,5
nichola,5
experiment,5
difficulti,5
chines,5
harm,5
realm,5
ordeal,5
awri,5
ancient,5
bachelor,5
surf,5
interpol,5
thrill-seek,5
combin,5
covert,5
steve,5
proud,5
rancher,5
fund,5
fulfil,5
guardian,5
retriev,5
neither,5
deni,5
associ,5
sort,5
margaret,5
resourc,5
stun,5
forget,5
bottl,5
enjoy,5
safeti,5
scientif,5
coloni,5
blaze,5
persona,5
repair,5
australian,5
laugh,5
hitman,5
matur,5
forg,5
disapprov,5
construct,5
defi,5
diamond,5
broke,5
sacrific,5
mine,5
catastroph,5
motiv,5
thank,5
thiev,5
screen,5
margo,5
adolesc,5
lili,5
ricki,5
song,5
savag,5
terri,5
garden,5
getaway,5
inspector,5
declar,5
unrequit,5
promot,5
futurist,5
whale,5
deliv,5
colin,5
manhunt,5
jeffrey,5
sprawl,5
philosophi,5
grandmoth,5
wolf,5
sleyman,5
fearsom,5
violet,5
ugli,5
belt,5
balanc,5
pleas,5
collaps,5
blood,5
tabl,5
chan,5
preciou,5
convers,5
injuri,5
paralyz,5
showdown,5
underneath,5
denni,5
1964,5
habit,5
earl,5
fifteen,5
scroog,5
coffe,5
least,5
redford,5
jin-goo,5
golden,5
wade,5
shirley,5
betti,5
shadowi,4
inextric,4
stabil,4
jeopard,4
preacher,4
daddi,4
brad,4
boil,4
roof,4
logan,4
steel,4
sick,4
european,4
wardaddi,4
tank,4
ture,4
top-secret,4
rosa,4
chemistri,4
slightli,4
blur,4
adjust,4
interstellar,4
bruce,4
commut,4
unwittingli,4
broadway,4
rebuild,4
merci,4
culprit,4
dystopian,4
runner,4
extend,4
mississippi,4
plantat,4
northwest,4
repeat,4
lavish,4
reclaim,4
fraud,4
patriarch,4
youngest,4
caleb,4
lion,4
advisor,4
trader,4
amus,4
audienc,4
founder,4
signal,4
jealousi,4
coup,4
obtain,4
stake,4
jacob,4
werewolf,4
spread,4
colombian,4
tiger,4
audit,4
sebastian,4
balboa,4
grand,4
panic,4
expans,4
gentl,4
heal,4
brodi,4
aris,4
malcolm,4
reel,4
departur,4
technic,4
heroism,4
drift,4
hugo,4
1942,4
war-torn,4
collector,4
philadelphia,4
eleg,4
ticket,4
creativ,4
enthusiast,4
mathemat,4
adrift,4
transfer,4
working-class,4
amor,4
apocalypt,4
secretari,4
shut,4
breath,4
dread,4
techniqu,4
impact,4
weav,4
hijack,4
hundr,4
depression-era,4
edgar,4
hoover,4
fledgl,4
lethal,4
organis,4
porn,4
motel,4
duke,4
convert,4
motorcycl,4
contend,4
princess,4
mechan,4
16-year-old,4
instructor,4
drummer,4
hacker,4
best-sel,4
freshman,4
heartbroken,4
unforeseen,4
elementari,4
basi,4
philipp,4
convent,4
pioneer,4
simultan,4
bruno,4
chose,4
mortal,4
lesson,4
balthazar,4
bone,4
ward,4
hellish,4
advantag,4
gibson,4
arab,4
baltimor,4
either,4
1972,4
tournament,4
ritual,4
ross,4
trek,4
retali,4
slay,4
diner,4
porter,4
victorian,4
dilemma,4
tear,4
twelv,4
examin,4
butcher,4
restor,4
tropic,4
grad,4
onlin,4
disc,4
linda,4
manufactur,4
pennsylvania,4
traffic,4
surfac,4
ferri,4
smoke,4
12-year,4
seclud,4
detent,4
canadian,4
climat,4
scandal,4
double-cross,4
merchant,4
sylvia,4
tenenbaum,4
failur,4
fault,4
high-profil,4
brink,4
homeland,4
loung,4
unveil,4
stir,4
dodg,4
hitler,4
rampag,4
hamburg,4
adrian,4
pride,4
humor,4
inherit,4
candid,4
sweep,4
penniless,4
normal,4
tramp,4
homeless,4
runaway,4
irrespons,4
rogu,4
antonio,4
asylum,4
twelve-year-old,4
playboy,4
dicki,4
neglect,4
legend,4
memphi,4
perkin,4
disillus,4
bargain,4
lola,4
minut,4
drunk,4
13-year-old,4
sole,4
trevor,4
turner,4
typic,4
scout,4
curiou,4
worri,4
trophi,4
parrish,4
visual,4
dialogu,4
miser,4
misfit,4
warlord,4
doorstep,4
parallel,4
identifi,4
expens,4
craig,4
sniper,4
reacher,4
feder,4
scottish,4
wallac,4
andrew,4
coincid,4
recal,4
sure,4
cell,4
hesit,4
tommi,4
chuck,4
wash,4
volatil,4
deadliest,4
high-pow,4
oliv,4
sing,4
rebellion,4
leadership,4
began,4
bravado,4
meant,4
mous,4
riski,4
ex-lov,4
weather,4
true-lif,4
issu,4
prodigi,4
intim,4
stewart,4
sloan,4
beast,4
staff,4
doug,4
derail,4
pattern,4
unsolv,4
cage,4
deed,4
blackmail,4
savannah,4
dead-end,4
trucker,4
tens,4
conrad,4
diagnos,4
rural,4
shore,4
cain,4
mutual,4
nino,4
unpredict,4
jealou,4
endur,4
vigilant,4
spain,4
settler,4
witch,4
a.d.,4
betroth,4
madrid,4
elisabeth,4
florida,4
illicit,4
kept,4
infant,4
parker,4
grizzl,4
greed,4
raid,4
breakdown,4
summon,4
upset,4
stark,4
crowd,4
amidst,4
soccer,4
constant,4
miyagi,4
sweetheart,4
ireland,4
loneli,4
style,4
burk,4
samantha,4
imperi,4
unemploy,4
quick,4
concert,4
nicknam,4
kate,4
psychiatr,4
credit,4
drop,4
prior,4
paulin,4
miner,4
bangkok,4
fend,4
bridg,4
doom,4
stanley,4
exot,4
cabin,4
avail,4
upper,4
humbert,4
mandela,4
greedi,4
olivi,4
religion,4
davi,4
2013,4
diari,4
sailor,4
burial,4
gambler,4
regim,4
piaf,4
prep,4
shouya,4
verg,4
ayla,4
poverti,4
option,4
exam,4
assault,4
converg,4
coyot,4
easili,4
bunch,4
walker,4
miranda,4
motion,4
mobil,4
linu,4
awkward,4
seedi,4
derang,4
asid,4
plant,4
pervers,4
kenshin,4
wander,4
prospect,4
anthoni,4
delight,4
tree,4
refuge,4
bourgeoi,4
barcelona,4
lucr,4
leaf,4
morri,4
pitch,4
sidney,4
madam,4
felson,4
attitud,4
greg,4
yearn,4
kemp,4
monoton,4
ingrid,4
lucki,4
geologist,4
rizwan,4
muslim,4
retel,4
golf,4
patissi,4
neung-geum,4
woo-hyeon,4
dessert,4
danila,4
konstantin,4
meat,4
quaid,4
cheri,4
warren,4
annoy,4
ascens,4
dickerson,4
singer-songwrit,4
cassiu,4
petti,4
emir,4
amar,4
dropout,4
rehab,4
contractor,4
scam,4
flower,4
corps,4
toppl,4
pressman,4
jeremiah,4
polanski,4
stranski,4
cold-blood,4
cliqu,4
wasteland,4
sooke,4
hideko,4
garrett,4
diana,4
downward,4
mazurski,4
encourag,4
brazil,4
flint,4
staci,4
visser,4
fonda,4
addi,4
joo-he,4
miley,4
traci,4
pierr,4
hanssen,4
emilia,4
tong,4
judi,4
chip,4
bannion,4
rhoda,4
newlyw,3
fulli,3
unfamiliar,3
therefor,3
concept,3
upend,3
circa,3
devis,3
earthquak,3
inexperienc,3
boundari,3
1945,3
armor,3
sherman,3
finest,3
spotlight,3
shave,3
instinct,3
speci,3
muscl,3
nina,3
bumpi,3
symbol,3
cure,3
alzheim,3
troop,3
hercul,3
poirot,3
mildr,3
endang,3
clan,3
savior,3
cooper,3
appli,3
vlad,3
sultan,3
okinawa,3
largest,3
winston,3
churchil,3
europ,3
withstand,3
ralli,3
crave,3
maximu,3
ascend,3
gladiat,3
next-door,3
unwil,3
life-long,3
clutch,3
huntsman,3
joker,3
seattl,3
string,3
nazi-occupi,3
fals,3
patrick,3
curri,3
miami,3
downfal,3
khan,3
fitzgerald,3
midwestern,3
spin,3
overtak,3
jazz,3
theft,3
neighbourhood,3
guidanc,3
recogn,3
regret,3
adversari,3
roam,3
1971,3
stunt,3
moonlight,3
ghetto,3
deport,3
taliban,3
franci,3
donovan,3
signific,3
elud,3
2003,3
mere,3
molli,3
poker,3
dewitt,3
15th,3
vineyard,3
thug,3
reform,3
consumpt,3
halt,3
concentr,3
trojan,3
greek,3
off-guard,3
sour,3
narrowli,3
rabbit,3
august,3
fearless,3
spree,3
princeton,3
paranoid,3
nevil,3
immun,3
shipwreck,3
purchas,3
laden,3
2001,3
medicin,3
math,3
integr,3
co-work,3
maguir,3
expand,3
cuba,3
1933,3
legitim,3
mose,3
egypt,3
institut,3
pristin,3
preserv,3
injustic,3
file,3
guilti,3
temptat,3
speech,3
frontier,3
stephen,3
contest,3
cloud,3
minnesota,3
debt,3
snap,3
hurt,3
peer,3
2009,3
cargo,3
downtrodden,3
bliss,3
stuck,3
humankind,3
hugh,3
profoundli,3
thin,3
intimaci,3
gabriel,3
marion,3
crane,3
quirki,3
raoul,3
recount,3
check,3
allur,3
airlin,3
malfunct,3
hurtl,3
core,3
unpreced,3
coming-of-ag,3
15-year-old,3
usual,3
houseman,3
procedur,3
eras,3
correct,3
1941,3
raymond,3
cross-countri,3
kauai,3
broker,3
1974,3
auto,3
window,3
persian,3
biopic,3
filmmak,3
howard,3
1947,3
fenc,3
request,3
bandit,3
reconstruct,3
politician,3
diplomat,3
snowi,3
colorado,3
miseri,3
treacher,3
mankind,3
brown,3
none,3
nephew,3
compel,3
blake,3
industrialist,3
tyrann,3
reaction,3
gave,3
alaska,3
roger,3
virgin,3
christ,3
hebrew,3
tyler,3
nora,3
grumpi,3
gran,3
bout,3
champ,3
thatcher,3
apprentic,3
hector,3
1976,3
ottoman,3
snobbish,3
craft,3
chaney,3
14-year-old,3
grit,3
rooster,3
patron,3
pedophil,3
blizzard,3
decept,3
inexplic,3
vastli,3
millennium,3
excit,3
jung,3
simon,3
10-year-old,3
isra,3
plainview,3
necessari,3
anton,3
tobacco,3
bent,3
jasmin,3
socialit,3
solomon,3
upstat,3
sold,3
cruelti,3
odyssey,3
1988,3
annual,3
coax,3
18th,3
clock,3
malon,3
sword,3
nobleman,3
debat,3
unrel,3
submarin,3
polici,3
quarantin,3
transit,3
erad,3
adolf,3
central,3
thanksgiv,3
argument,3
almsi,3
maker,3
handl,3
upcom,3
environment,3
bennet,3
overbear,3
depend,3
cutthroat,3
mayor,3
poet,3
instant,3
casual,3
adulter,3
hors,3
alongsid,3
hawaii,3
hotshot,3
manni,3
amount,3
josh,3
virgil,3
attach,3
drill,3
brew,3
forbidden,3
weird,3
woodi,3
satir,3
nice,3
commiss,3
video,3
feet,3
irrevoc,3
trench,3
larri,3
flaw,3
grim,3
reaper,3
gilbert,3
valley,3
affluent,3
remark,3
dreamer,3
rancho,3
prestigi,3
uptight,3
1977,3
welcom,3
disco,3
barren,3
util,3
contempt,3
christina,3
harsh,3
sought,3
nanni,3
dirti,3
spike,3
debut,3
malkovich,3
gerri,3
horrif,3
blossom,3
matthew,3
wyom,3
evad,3
seasid,3
restless,3
wrestler,3
particularli,3
stripper,3
heard,3
somehow,3
slaughter,3
rebirth,3
barbara,3
hazel,3
diagnosi,3
improv,3
iran,3
deterior,3
vienna,3
hanna,3
allegra,3
hitch,3
skater,3
extravag,3
drag,3
championship,3
amazon,3
clari,3
descend,3
glamour,3
post-war,3
strong-wil,3
muse,3
conscienc,3
sensat,3
delv,3
seligman,3
carefre,3
spite,3
2010,3
imaginari,3
curios,3
kindli,3
olivia,3
schedul,3
sydney,3
juggl,3
spartacu,3
arena,3
surveil,3
intellectu,3
honest,3
rhyme,3
opinion,3
hardi,3
iranian,3
specialist,3
bullet,3
atlant,3
magnific,3
gear,3
marisa,3
screenwrit,3
screenplay,3
obscur,3
gong,3
heir,3
digit,3
hitchcock,3
ensur,3
mongkut,3
desol,3
2000,3
ethan,3
exit,3
omin,3
cohen,3
holm,3
beaten,3
exact,3
democrat,3
republican,3
burlesqu,3
spot,3
altogeth,3
outlook,3
cornea,3
chemic,3
orchestr,3
caretak,3
spring,3
bound,3
riot,3
smart,3
kipp,3
disput,3
diva,3
quarterback,3
1986,3
cruis,3
swim,3
exhaust,3
luca,3
harlem,3
californian,3
wrote,3
eastern,3
englishman,3
floor,3
nemesi,3
kathi,3
claudio,3
afterlif,3
countless,3
hudson,3
disabl,3
feat,3
pink,3
breach,3
sensual,3
shake,3
wield,3
clandestin,3
minni,3
offend,3
resolv,3
highway,3
openli,3
outspoken,3
alik,3
wildcat,3
hottest,3
buddi,3
grandson,3
1967,3
watchdog,3
foot,3
unwit,3
chauffeur,3
alfr,3
dawn,3
uncertain,3
festiv,3
timeless,3
exquisit,3
collin,3
1999,3
vanessa,3
academ,3
awar,3
bigger,3
memor,3
morgan,3
studio,3
austrian,3
stud,3
impos,3
servant,3
treasur,3
accord,3
grave,3
quentin,3
ninja,3
ingeni,3
trauma,3
capt,3
diver,3
scotland,3
liter,3
ronin,3
testimoni,3
provenc,3
nebraska,3
christi,3
beneath,3
newcom,3
cher,3
intimid,3
round,3
photo,3
sadist,3
einar,3
note,3
vada,3
pole,3
inevit,3
one-by-on,3
rout,3
beckett,3
reconnaiss,3
flesh,3
relat,3
phenomen,3
deakin,3
maneuv,3
marathon,3
leak,3
exorc,3
wale,3
blue,3
gwen,3
dispos,3
cook,3
shield,3
mathild,3
manech,3
misunderstand,3
drunken,3
kick,3
horrifi,3
tailspin,3
dissolut,3
dynasti,3
mireau,3
besid,3
bori,3
karla,3
scream,3
austen,3
frida,3
ador,3
hound,3
script,3
wendi,3
blond,3
valentin,3
delay,3
revil,3
burglar,3
heiress,3
sibl,3
sculli,3
respond,3
signatur,3
block,3
plummer,3
palac,3
versail,3
mack,3
shouko,3
behaviour,3
aton,3
insepar,3
grip,3
puerto,3
akari,3
renato,3
malna,3
manhood,3
humili,3
mitch,3
spooki,3
essex,3
despair,3
mate,3
crystal,3
dysfunct,3
perpetr,3
awak,3
hike,3
ambush,3
gulf,3
shaw,3
marco,3
nomine,3
storylin,3
congo,3
songwrit,3
tantal,3
antic,3
deliveri,3
suit,3
submit,3
inhabit,3
previous,3
shizuku,3
level,3
thirst,3
jillian,3
self-discoveri,3
shortli,3
terrier,3
bean,3
appl,3
cannib,3
dale,3
pikachu,3
celi,3
passag,3
vivid,3
antoin,3
rene,3
surmis,3
bennett,3
arabian,3
unsettl,3
nelli,3
hurrican,3
tahiti,3
celin,3
censor,3
soundtrack,3
jonah,3
mcdonagh,3
sophist,3
clay,3
perpetu,3
absent,3
supervisor,3
sociopath,3
counti,3
sophi,3
jude,3
luci,3
movement,3
wilhelm,3
beau,3
kaoru,3
kathryn,3
devic,3
stanford,3
dole,3
renew,3
monasteri,3
karl,3
georgia,3
couch,3
loyal,3
reject,3
helena,3
bonni,3
intend,3
hobb,3
bloodiest,3
favorit,3
vetter,3
recreat,3
wildest,3
anchor,3
martha,3
serena,3
pemberton,3
selma,3
brash,3
effici,3
skeleton,3
unsur,3
indiana,3
consult,3
co-star,3
angarano,3
plunder,3
vatican,3
hopkin,3
tire,3
hemingway,3
natali,3
everybodi,3
duck,3
luckless,3
grandios,3
unless,3
09-nov,3
wrongli,3
moscow,3
hockey,3
bright,3
particular,3
irrever,3
resurrect,3
chile,3
sand,3
lobbyist,3
businesswoman,3
tend,3
taboo,3
repeatedli,3
boredom,3
emce,3
temper,3
long-ago,3
puzzl,3
garag,3
enabl,3
interrupt,3
philosoph,3
vibrant,3
bend,3
pompou,3
postwar,3
protagonist,3
leonowen,3
1860,3
argu,3
harrison,3
successor,3
error,3
wive,3
korea,3
elop,3
madhous,3
nerv,3
uneasi,3
andrei,3
perman,3
theatric,3
nasti,3
breakup,3
merciless,3
illustr,3
caul,3
suitor,3
waiter,3
qualiti,3
veroniqu,3
similar,3
casino,3
alvin,3
lyle,3
young-goon,3
crucifixion,3
applic,3
delambr,3
andr,3
islam,3
repress,3
ewan,3
trailer,3
copi,3
stoic,3
announc,3
murphi,3
violetta,3
aubrey,3
cleveland,3
evan,3
camera,3
jennif,3
everett,3
farrel,3
fling,3
algeria,3
manderlay,3
lynn,3
coriolanu,3
airplan,3
1973,3
warbuck,3
bellocq,3
fergu,3
gilli,3
paloma,3
gigli,3
rashid,3
kinsey,3
kogor,3
embrac,2
reseiv,2
opend,2
implement,2
jackpot,2
malkova,2
xander,2
corvu,2
alexi,2
faux,2
forbid,2
heathen,2
ultimatum,2
theyll,2
supplier,2
sleight,2
break-up,2
hideout,2
other-worldli,2
1962,2
mute,2
amphibi,2
rescue-chopp,2
anastasia,2
headlong,2
procliv,2
battle-harden,2
five-man,2
outnumb,2
outgun,2
selina,2
villain,2
bane,2
cryptanalyst,2
nail-bit,2
code-break,2
cypher,2
bletchley,2
caraccciola,2
rocco,2
siffredi,2
offens,2
counterpart,2
instanc,2
sparkl,2
genr,2
unimagin,2
tv-new,2
uproot,2
disgust,2
wormhol,2
surpass,2
canada,2
harbour,2
chimpanze,2
superhero,2
entic,2
soap,2
therapi,2
out-of-control,2
ella,2
stepmoth,2
battlefield,2
belgian,2
tycoon,2
dixon,2
bottom,2
tick,2
willi,2
stockbrok,2
autobiographi,2
judg,2
1945,2
1955,2
italian-american,2
vito,2
desmond,2
liberti,2
unprepar,2
skeptic,2
mathilda,2
footstep,2
showman,2
barnum,2
bailey,2
watney,2
supremaci,2
dismantl,2
basterd,2
rain,2
alleg,2
loser,2
clown,2
compromis,2
evolv,2
likewis,2
mole,2
card,2
drug-fuel,2
fuel,2
flame,2
mowgli,2
wolv,2
carraway,2
gatsbi,2
fray,2
fabric,2
beret,2
guerrilla,2
protg,2
priceless,2
upheav,2
shuttl,2
oxygen,2
coffey,2
condemn,2
burnham,2
mid-lif,2
ford,2
malevol,2
volcan,2
erupt,2
isla,2
freeli,2
demis,2
owen,2
crow,2
lunar,2
victor,2
pianist,2
szpilman,2
labor,2
11th,2
gari,2
zuckerberg,2
blog,2
handler,2
loan,2
mickey,2
ethic,2
bukat,2
granddaught,2
lovett,2
lewi,2
1912,2
titan,2
dawson,2
truman,2
abrupt,2
taxi,2
perceiv,2
feed,2
menelau,2
hopeless,2
rediscov,2
gunman,2
in-out,2
brainwash,2
nash,2
contribut,2
alicia,2
mathematician,2
incur,2
man-mad,2
theodor,2
blend,2
dunn,2
cohort,2
keller,2
osama,2
strive,2
micki,2
fisher,2
dufresn,2
lambeau,2
misguid,2
lenienc,2
sean,2
1910,2
overli,2
coerc,2
skull,2
backward,2
proteg,2
defiant,2
rams,2
cycl,2
shah,2
flood,2
elysium,2
corner,2
pragmat,2
boot,2
juri,2
juror,2
verbal,2
pedro,2
abdic,2
unfit,2
berti,2
boldli,2
dunbar,2
hawk,2
cambridg,2
millionair,2
narcissist,2
weatherman,2
post-apocalypt,2
phillip,2
somali,2
dilling,2
audac,2
endear,2
unbeknownst,2
wick,2
high-tech,2
sanctuari,2
1820,2
glass,2
chapter,2
ecstasi,2
novic,2
bueno,2
bate,2
fine,2
shower,2
suitcas,2
alarm,2
trash,2
repercuss,2
run-in,2
bing,2
near-futur,2
washed-up,2
delic,2
boyhood,2
renton,2
immers,2
commerci,2
whitak,2
disastr,2
notebook,2
getti,2
grandfath,2
scrambl,2
stieg,2
larsson,2
saland,2
tedium,2
catskil,2
morocco,2
decemb,2
selfish,2
yuppi,2
savant,2
baron,2
misfortun,2
explicit,2
barber,2
captor,2
tower,2
headmast,2
roar,2
devour,2
display,2
jeffri,2
alexand,2
1927,2
shmuel,2
unawar,2
royalti,2
holi,2
crusad,2
golightli,2
prolif,2
conlon,2
somewhat,2
crippl,2
summit,2
highest,2
awe-inspir,2
fiercest,2
mettl,2
climber,2
obstacl,2
breathtak,2
nemo,2
wheat,2
madli,2
bruner,2
goon,2
hollow,2
juno,2
chandler,2
sorcer,2
demonstr,2
render,2
break-in,2
nobl,2
tall,2
1992,2
chariti,2
hitchhik,2
uncanni,2
unsuccess,2
palestinian,2
latin,2
pentagon,2
deserv,2
gage,2
maryland,2
algren,2
instruct,2
principl,2
walt,2
torino,2
thao,2
lamotta,2
obliter,2
formula,2
undermin,2
bridget,2
janeiro,2
buscap,2
joann,2
high-rank,2
linguist,2
matti,2
cogburn,2
mason,2
exhibit,2
all-night,2
heavili,2
disfigur,2
mistreat,2
monstrou,2
merrick,2
deform,2
mccreadi,2
beatric,2
kenzi,2
gennaro,2
29-year-old,2
adalin,2
12th,2
vallon,2
gangland,2
interweav,2
bianca,2
vanger,2
rumour,2
potter,2
modest,2
chad,2
whirl,2
ofelia,2
decay,2
anxiou,2
wreck,2
bleak,2
rider,2
bought,2
lofti,2
cultiv,2
wealth,2
strateg,2
reserv,2
predat,2
wrath,2
utterli,2
hangup,2
deepest,2
somebodi,2
stereotyp,2
pour,2
retain,2
digniti,2
regularli,2
explan,2
gitt,2
maelstrom,2
marksman,2
perfum,2
automaton,2
goddaught,2
treasuri,2
ness,2
pocket,2
patrolman,2
probabl,2
neverland,2
masterpiec,2
clare,2
dorothi,2
nasa,2
glenn,2
impetu,2
dalton,2
hast,2
'fixer,2
unfaith,2
fickl,2
palmer,2
gandhi,2
forsak,2
worldli,2
bloodsh,2
amnesia,2
swiss,2
world-class,2
viktor,2
passport,2
simpli,2
greec,2
cantanker,2
cowboy,2
hungarian,2
sahara,2
rematch,2
climact,2
mild-mann,2
prescript,2
assess,2
inflict,2
stasi,2
conduct,2
beverli,2
saint,2
manolo,2
chocol,2
gypsi,2
float,2
mitsuha,2
taki,2
switch,2
occurr,2
susanna,2
wonderland,2
crazi,2
lakesid,2
narcot,2
1982,2
stockholm,2
ripley,2
shipbuild,2
duplic,2
solac,2
cotton,2
elvi,2
presley,2
aldou,2
impressionist,2
logger,2
oldman,2
overse,2
engulf,2
bland,2
clooney,2
bingham,2
downsiz,2
heartless,2
exterior,2
paig,2
endeavor,2
insomnia,2
hazard,2
kale,2
punch,2
ashley,2
allen,2
incrimin,2
compuls,2
connecticut,2
biolog,2
scarboro,2
pooch,2
gunshot,2
ex-girlfriend,2
mostli,2
diego,2
agenda,2
interrel,2
exasper,2
reloc,2
high-secur,2
feud,2
juliet,2
bard,2
refresh,2
rascal,2
si-yeon,2
horner,2
elev,2
entertain,2
stardom,2
townspeopl,2
helpless,2
provok,2
dogvil,2
migr,2
peck,2
housewif,2
spous,2
weekli,2
soil,2
presidenti,2
regular,2
publicist,2
rifl,2
proof,2
portal,2
tracker,2
content,2
hooligan,2
spill,2
orang,2
kiss,2
full-blown,2
ragtag,2
butch,2
clever,2
closest,2
companion,2
classifi,2
mammoth,2
sobibor,2
pecherski,2
partisan,2
landon,2
product,2
randi,2
circuit,2
alley,2
reliev,2
confirm,2
alcatraz,2
maximum,2
penitentiari,2
vanish,2
self-defens,2
garrigan,2
educ,2
amin,2
jade,2
undeni,2
rekindl,2
sayer,2
leonard,2
fell,2
miracl,2
parlor,2
cyber,2
afternoon,2
fiance,2
bureaucraci,2
iraqi,2
claustrophob,2
berg,2
autobiograph,2
cassandra,2
setback,2
rooney,2
casey,2
marlo,2
newborn,2
ditch,2
synthet,2
skin,2
otherworldli,2
1981,2
amongst,2
ex-husband,2
interven,2
entwin,2
conveni,2
oblig,2
shadowhunt,2
woodcock,2
companionship,2
tailor,2
monotoni,2
all-star,2
instal,2
bishop,2
percept,2
trigger,2
near-death,2
happy-go-lucki,2
simran,2
singh,2
nose,2
2006,2
glimp,2
composit,2
constel,2
summari,2
extraordinarili,2
purgatori,2
heterogen,2
silvio,2
berlusconi,2
load,2
undergo,2
viola,2
troublemak,2
willem,2
dafo,2
bambi,2
privaci,2
underag,2
1987,2
hardcor,2
swagger,2
yoast,2
herman,2
ambassador,2
hack,2
foshan,2
sake,2
sino-japanes,2
dori,2
underdog,2
spaceship,2
primit,2
distress,2
faint,2
nymphomaniac,2
listen,2
renov,2
keeper,2
branch,2
burgeon,2
conspir,2
woodward,2
arous,2
higher,2
venu,2
iowa,2
hannigan,2
hard-nos,2
stack,2
youngster,2
sunni,2
countrywid,2
ha-rim,2
donor,2
melodrama,2
purs,2
1968,2
joint,2
comet,2
cale,2
overtaken,2
ex-partn,2
racer,2
glimps,2
monro,2
sweetwat,2
frankenstein,2
visa,2
paxton,2
loner,2
distinguish,2
stair,2
nondescript,2
reevalu,2
yorkshir,2
ladder,2
toll,2
sourc,2
unsuspect,2
ashor,2
twenti,2
rolf,2
fascist,2
jihadist,2
fantasia,2
dragon,2
hatch,2
matchmak,2
inde,2
correspond,2
meddl,2
frigid,2
segreg,2
plea,2
mandatori,2
courier,2
lava,2
crumbl,2
constantli,2
torrid,2
clark,2
tune,2
kumail,2
feisti,2
1919,2
joshua,2
turkey,2
lou-jean,2
clovi,2
whatev,2
folk,2
patch,2
milk,2
horn,2
timothi,2
gabriella,2
dwindl,2
dynam,2
kung,2
calm,2
jockey,2
heineken,2
consol,2
inadvert,2
upris,2
tightli,2
humbl,2
split,2
follow-up,2
buoy,2
quasi,2
fool,2
singular,2
smuggler,2
mend,2
offshor,2
wage,2
cool,2
detaine,2
relief,2
excus,2
firefight,2
significantli,2
headlin,2
bench,2
galleri,2
earp,2
thrive,2
comed,2
spectral,2
gover,2
slevin,2
ulterior,2
afflict,2
museum,2
overturn,2
psychedel,2
bust,2
aron,2
canyon,2
utah,2
disney,2
disconnect,2
omalu,2
forens,2
tormentor,2
fantasy-adventur,2
enzo,2
dolphin,2
lenni,2
practic,2
meticul,2
thesi,2
craven,2
collus,2
haru,2
abroad,2
bamboo,2
cutter,2
enthral,2
keanu,2
reev,2
desk,2
chopper,2
worthi,2
inventor,2
fraught,2
benefactor,2
automobil,2
teena,2
shrewd,2
monti,2
goodby,2
outrun,2
scale,2
howland,2
jima,2
daydream,2
feudal,2
mistress,2
harrer,2
himalaya,2
harass,2
temporarili,2
gerda,2
groundbreak,2
danish,2
diabol,2
choreographi,2
stick,2
shelli,2
soar,2
bike,2
parkour,2
dublin,2
burnett,2
amend,2
hunger,2
grudgingli,2
deliber,2
hale,2
travers,2
indie-rock,2
intersect,2
vulner,2
contradict,2
assimil,2
at-risk,2
toler,2
conclus,2
emmanuel,2
embassi,2
illusionist,2
interfer,2
11-year-old,2
financ,2
market,2
holland,2
rhine,2
machineri,2
brook,2
virginia,2
fever,2
kroc,2
dick,2
eisenheim,2
brief,2
whilst,2
appal,2
charlott,2
franklin,2
subordin,2
incent,2
sustain,2
rugbi,2
wide,2
julian,2
mediat,2
stephani,2
sonni,2
picturesqu,2
scholar,2
solo,2
loud,2
sandra,2
layer,2
raider,2
kahlo,2
mishima,2
sponsor,2
copper,2
autist,2
caregiv,2
laughter,2
marilyn,2
phenomenon,2
growth,2
stress,2
jenni,2
crossfir,2
unintend,2
manor,2
swap,2
edna,2
x-file,2
sorrow,2
mulder,2
guevara,2
unauthor,2
graviti,2
long-lost,2
existenti,2
19-year-old,2
cemeteri,2
contempl,2
loot,2
bellevil,2
brothel,2
1935,2
self-help,2
elois,2
dant,2
shack,2
deaf,2
reminisc,2
effortlessli,2
turkish,2
brigad,2
scour,2
wisecrack,2
takaki,2
sicilian,2
nico,2
promptli,2
sharp,2
dramatis,2
standoff,2
real-lif,2
maritim,2
starvat,2
trunk,2
regard,2
counselor,2
self-esteem,2
berni,2
madoff,2
equip,2
unconsci,2
shift,2
surprisingli,2
berserk,2
outrag,2
prowl,2
wilfrid,2
leas,2
tail,2
northern,2
cattl,2
carolina,2
casanova,2
rhiannon,2
playwright,2
fawcett,2
ridicul,2
indigen,2
librari,2
infuri,2
seiji,2
northeast,2
cara,2
fievel,2
prayer,2
hubert,2
clara,2
aimlessli,2
suburbia,2
hain,2
barrier,2
dodger,2
carpent,2
sabina,2
shootout,2
peak,2
mischief,2
blitz,2
conman,2
closur,2
forti,2
bigotri,2
persever,2
ling,2
jewel,2
eagl,2
barn,2
stint,2
strip,2
congressman,2
zero,2
columbu,2
kindheart,2
ivan,2
hank,2
mansion,2
psycho,2
totalitarian,2
manero,2
strut,2
good-natur,2
ruler,2
1949,2
infidel,2
resum,2
gunsling,2
confeder,2
megan,2
yakuza,2
seneg,2
alfonso,2
dinner,2
hardli,2
conni,2
beckert,2
satisfi,2
profit,2
gruesom,2
propel,2
cowardli,2
messer,2
dislik,2
anti-war,2
greenwich,2
star-cross,2
onset,2
loveless,2
superstar,2
jeremi,2
evalu,2
himura,2
kamiya,2
squadron,2
oklahoma,2
prematur,2
bigot,2
piano,2
worldwid,2
comic,2
prompt,2
warrant,2
great-uncl,2
outgo,2
hardship,2
ramif,2
liaison,2
relentlessli,2
swift,2
hume,2
swofford,2
slacker,2
musket,2
wreak,2
havoc,2
juliett,2
kayley,2
clyde,2
botch,2
mariann,2
degre,2
kiefer,2
sutherland,2
nanci,2
carnag,2
diablo,2
drone,2
duel,2
lucil,2
stifl,2
gretta,2
long-term,2
hip-hop,2
beij,2
fungu,2
deniro,2
graphic,2
penn,2
harrelson,2
statement,2
requir,2
bicycl,2
marx,2
wire,2
monaco,2
loom,2
dont,2
isabel,2
atenton,2
shoulder,2
mound,2
kern,2
buckman,2
suffer/enjoy,2
closet,2
1954,2
hickori,2
husker,2
abras,2
incit,2
fisheri,2
sheik,2
fly-fish,2
upstream,2
sinclair,2
juliann,2
staid,2
unsupport,2
reenter,2
go-to,2
zisk,2
scrub,2
weed,2
tara,2
kinnear,2
amelia,2
donaghi,2
formerli,2
spinal,2
impart,2
albeit,2
unlicens,2
self-chosen,2
cider,2
afterward,2
penal,2
canton,2
stanc,2
wong,2
fei-hung,2
1847-1924,2
autograph,2
seminari,2
kovak,2
o'donoghu,2
holiest,2
nois,2
eisenhower-era,2
itiner,2
rico,2
juan,2
lotterman,2
rum-soak,2
chenault,2
sanderson,2
krug,2
animal-warrior,2
gallian,2
sawmil,2
vagin,2
underwear,2
ankl,2
tight-knit,2
luke,2
moos,2
crick,2
repetit,2
beleagu,2
small-busi,2
harmonium,2
ferdinand,2
hogget,2
riviera,2
kuklinski,2
last-ditch,2
indonesia,2
there,2
what,2
'brief,2
incompat,2
borivali,2
mumbai,2
asperg,2
syndrom,2
hindu,2
mandira,2
detain,2
coney,2
gangbang,2
ill-fat,2
antoinett,2
20-year-old,2
ouimet,2
1900,2
vardon,2
dreamt,2
pattisi,2
recip,2
flavor,2
chechen,2
sergei,2
bodrov,2
vegetarian,2
hamilton,2
overcam,2
sheer,2
unwav,2
faith.bethani,2
annasophia,2
robb,2
alana,2
lorrain,2
nicholson,2
halloween,2
14-foot,2
dreams.soul,2
strengthen,2
underwood,2
booze-addl,2
million-dollar,2
sweepstak,2
watson,2
fantas,2
forward,2
66-year-old,2
schmidt,2
motor,2
postpon,2
council,2
hatr,2
dudley,2
ricci,2
mortician,2
liam,2
neeson,2
unworldli,2
cabot,2
hospic,2
g.i.,2
vietnames,2
trinh,2
first-hand,2
canter,2
helm,2
husband/manag,2
queen-turned-sing,2
stanton,2
self-confid,2
unapologet,2
gravit,2
bohemian,2
ex-armi,2
evapor,2
peninsula,2
hobeika,2
salmaah,2
guarante,2
itch,2
gild,2
bless,2
infinit,2
satan,2
lobbi,2
legisl,2
2022,2
solut,2
troublesom,2
absolom,2
robbin,2
paramount,2
brendan,2
lynch,2
dwarfism,2
solitud,2
chatti,2
vendor,2
obituari,2
life-alt,2
melancholi,2
policemen,2
ether,2
server,2
late-night,2
117,2
quintu,2
pictish,2
fort,2
virilu,2
pict,2
gorlacon,2
dictatorship,2
unbear,2
palo,2
alto,2
flirtat,2
stoner,2
1931,2
starry-ey,2
bowl,2
impish,2
clarion,2
insubordin,2
electr,2
chair,2
overlook,2
re-connect,2
hard-charg,2
wetherhold,2
self-possess,2
conundrum,2
downright,2
flummox,2
pablo,2
escobar,2
lauria,2
showboat,2
falling-out,2
pure,2
incredul,2
hesitantli,2
broad,2
daylight,2
sordid,2
rori,2
steep,2
fundament,2
phonet,2
wager,2
1000,2
firefli,2
wydel,2
barrag,2
unharm,2
backwat,2
rendezv,2
errant,2
spauld,2
whoever,2
reduc,2
appar,2
oakland,2
budget,2
computer-gener,2
analysi,2
draft,2
freeman,2
bachelorhood,2
argentin,2
fidel,2
castro,2
1956,2
u.s.-friendli,2
fulgencio,2
batista,2
hypatia,2
alexandria,2
davu,2
tide,2
joan,2
jett,2
frontwomen,2
now-legendari,2
pave,2
rocker,2
svengalilik,2
impresario,2
fowley,2
strait-lac,2
admiss,2
overseen,2
freewheel,2
exhilar,2
pond,2
bestsel,2
1943,2
demoralis,2
hastili,2
pusillanim,2
quiver,2
coward,2
defiantli,2
non-conformist,2
hord,2
decor,2
animos,2
algerian,2
national,2
1957,2
quell,2
flabbergast,2
zhivago,2
adap,2
pasternak,2
lean,2
omar,2
sharif,2
9-year-old,2
twisti,2
strategi,2
serial-kil,2
siam,2
propaganda,2
donbass,2
manuel,2
practis,2
insignific,2
trend,2
*it*,2
homosexu,2
gambini,2
sixth,2
leather-clad,2
1843,2
chuzzlewit,2
carol,2
madman,2
ebenez,2
jonathan,2
pryce,2
most-danger,2
collier,2
tremain,2
lino,2
meddlesom,2
jarmusch,2
schloss,2
adler,2
bavarian,2
vere,2
oxford,2
cleopatra.th,2
juliu,2
redirect,2
marc,2
antoni,2
burton,2
roddi,2
mcdowal,2
24-hour,2
i-way,2
tomorrow,2
scatter,2
mule,2
knack,2
undiscov,2
hedg,2
songlian,2
handmaiden,2
kouzuki,2
swindler,2
interlud,2
breedlov,2
1429,2
stood,2
dimish,2
untim,2
anniversari,2
mcfee,2
maureen,2
ambigu,2
quick-fir,2
tackl,2
pilotless,2
jumbo,2
dobi,2
low-key,2
demeanor,2
stand-up,2
natasha,2
volodya,2
saboteur,2
impregn,2
nazi-held,2
long-rang,2
re-think,2
swordsmen,2
anotsu,2
1942,2
sown,2
chest,2
mockeri,2
baker,2
butt,2
montmartr,2
truelov,2
'gang,2
'stolen,2
viewer,2
kong-bas,2
fact-bas,2
carangi,2
attribut,2
caribbean,2
super-crimin,2
mass-produc,2
bahama,2
'eden,2
coldblood,2
bona,2
fide,2
snoop,2
barb,2
supposedli,2
fourth-gener,2
senior-rank,2
luftwaf,2
vetran,2
munit,2
weigh,2
greaser,2
ponyboy,2
kittredg,2
abigail,2
breslin,2
splendid,2
boarder,2
lockbox,2
hobo,2
sniff,2
kanji,2
watanab,2
bureaucrat,2
ryder,2
camorra,2
napl,2
caserta,2
roberto,2
provinc,2
mundan,2
boogeyman,2
badli,2
katey,2
javier,2
drew,2
rublev,2
eeri,2
bind,2
biographi,2
whereabout,2
pakistani,2
dodo,2
peterson,2
impostor,2
down,2
shand,2
traitor,2
hoggett,2
communist,2
licens,2
farraday,2
culmin,2
40-year-old,2
resili,2
firmli,2
il-soon,2
fast-talk,2
pretti,2
shaolin,2
acquir,2
tierney,2
nypd,2
rees,2
bryce,2
mess,2
josi,2
mention,2
barabba,2
laid,2
sceneri,2
inaugur,2
highland,2
franoi,2
17th,2
marqui,2
1959,2
inman,2
yelchin,2
behrani,2
bronx,2
withnail,2
compar,2
fanat,2
asuna,2
menac,2
bope,2
nascimento,2
matia,2
exoner,2
governor,2
larger,2
briefcas,2
pearl,2
johann,2
vermeer,2
conceiv,2
fourteen,2
gritti,2
celestin,2
down-on-his-luck,2
drumgool,2
childlik,2
bite,2
meal,2
faustian,2
lila,2
finkel,2
harvest,2
stock,2
dreari,2
1944,2
barrack,2
sefton,2
exclus,2
parenthood,2
pregnanc,2
excel,2
drip,2
jesuit,2
mcleod,2
manslaught,2
helicopt,2
somewher,2
civilian,2
hitmen,2
volcano,2
cant,2
stole,2
deton,2
yuma,2
nixon,2
steeli,2
select,2
frost,2
juda,2
tribun,2
o'neil,2
offspr,2
epidem,2
roslyn,2
guido,2
folman,2
catherin,2
kruger,2
cinema,2
claudia,2
sandro,2
mild,2
bogart,2
apparit,2
cheer,2
sung-woong,2
kendra,2
blow,2
spurn,2
sawa,2
bradley,2
quietli,2
terrac,2
mccall,2
sinja,2
curti,2
backyard,2
manuscript,2
big-citi,2
everywher,2
well-known,2
alfi,2
unscrupul,2
phoni,2
schoolboy,2
text,2
slate,2
beguil,2
foundat,2
shogun,2
yamakasi,2
temp,2
radha,2
decim,2
mediev,2
navarr,2
biasi,2
muriel,2
bathsheba,2
fetch,2
reckless,2
anderson,2
atwel,2
hildi,2
remarri,2
baldwin,2
templ,2
insurg,2
joke,2
debtor,2
robin,2
maci,2
harden,2
salina,2
accustom,2
vinc,2
clodagh,2
conserv,2
bertolucci,2
louisiana,2
jefferson,2
urban,2
hatti,2
hooker,2
skip,2
scenario,2
sunset,2
sheeni,2
starl,2
lecter,2
chico,2
momo,2
upright,2
outback,2
allegedli,2
geirang,2
bullitt,2
maze,2
innat,2
payment,2
outwit,2
trotter,2
isnt,2
buzz,2
puritan,2
gorgeou,2
auggi,2
raini,2
shaun,2
beth,2
evangelion,2
creepi,2
landlord,2
erica,2
ebeneez,2
debbi,2
rochest,2
dylan,2
shawn,2
geari,2
shepherdson,2
mesrin,2
supervis,2
chantri,2
robicheaux,2
nolan,2
secreci,2
friedrich,2
mansfield,2
amuro,2
maya,2
voluptu,2
pope,2
gabe,2
kyun-woo,2
mcbride,2
lusciou,2
o'reilli,2
architectur,2