find,450
famili,378
friend,359
world,338
life,296
take,284
young,281
help,275
live,273
must,253
girl,236
father,232
adventur,227
make,221
discov,213
time,205
back,205
stori,202
school,202
home,201
save,199
love,198
come,189
christma,183
becom,179
magic,176
year,176
name,171
anim,155
evil,155
film,154
meet,151
children,151
power,149
learn,148
littl,147
turn,145
parent,136
want,134
decid,131
mysteri,130
mother,125
first,122
togeth,122
dream,120
citi,118
three,118
away,116
secret,115
land,114
team,113
town,112
begin,111
return,110
true,109
journey,108
work,106
king,105
plan,103
forc,100
star,100
howev,99
hous,96
show,94
along,93
best,93
fall,93
follow,92
play,92
soon,91
lead,90
daughter,89
place,88
gang,88
face,86
stop,86
thing,85
human,84
like,83
sister,83
chang,83
high,81
santa,81
princess,80
bring,80
fairi,80
tale,79
join,79
escap,78
leav,75
start,74
order,74
tell,74
witch,73
final,73
monster,72
movi,72
search,72
also,72
book,72
earth,71
give,70
night,70
look,69
spirit,69
everyon,69
travel,68
fight,68
great,67
hero,67
move,67
race,67
believ,67
real,66
classic,66
summer,65
brother,65
danger,64
island,64
long,64
kingdom,63
head,63
villag,63
orphan,62
call,62
game,61
arriv,61
quest,61
robot,61
group,61
around,61
destroy,61
problem,61
everi,61
heart,60
rescu,60
troubl,60
prove,59
attempt,59
struggl,59
creatur,59
jack,59
teenag,58
hope,58
seri,58
miss,58
friendship,57
wish,57
peopl,57
embark,56
charact,56
owner,56
could,56
kidnap,56
base,56
need,56
determin,55
small,55
even,54
hand,54
good,54
babi,54
accident,53
battl,53
child,53
holiday,53
disney,52
mission,52
keep,52
beauti,51
never,51
differ,51
anoth,51
know,51
much,51
creat,51
happen,51
wild,50
woman,50
upon,50
local,50
popular,50
music,49
ever,49
forest,49
dragon,49
lost,49
visit,49
threaten,48
realiz,47
busi,47
includ,47
queen,47
treasur,47
princ,46
break,46
grow,46
villain,46
lose,46
think,46
alien,46
bear,46
wizard,45
care,45
countri,45
wife,45
last,45
still,45
mean,44
protect,44
marri,44
colleg,44
whose,44
mani,44
teen,43
realli,43
left,43
right,43
plot,42
special,42
death,42
known,42
captur,42
teach,42
success,42
danc,42
talent,41
black,41
stay,41
trip,41
uncl,40
strang,40
train,40
rais,40
ghost,40
share,39
sent,39
student,39
york,39
would,39
sinc,39
chanc,38
taken,38
given,38
build,38
alway,38
futur,38
feel,38
mous,38
convinc,38
featur,38
event,37
fate,37
import,37
giant,37
happi,37
well,37
hors,37
everyth,37
grandfath,37
road,36
steal,36
five,36
made,36
park,36
ancient,36
imagin,36
caus,36
mountain,36
space,35
fear,35
encount,35
belov,35
farm,35
inspir,35
behind,34
exist,34
deal,34
rest,34
monkey,34
leader,34
defeat,34
planet,34
perfect,34
disappear,34
unlik,33
rival,33
door,33
explor,33
favorit,33
suddenli,33
across,33
season,33
camp,33
past,33
kind,33
surpris,33
talk,33
gift,33
manag,33
hidden,33
puppi,33
middl,33
buddi,33
surviv,32
center,32
band,32
hide,32
dinosaur,32
found,32
befriend,32
rule,32
legendari,32
rich,32
parti,32
twin,32
someth,32
experi,32
curs,31
insid,31
send,31
pass,31
birthday,31
bond,31
develop,31
ship,31
seem,31
machin,31
action,31
pirat,30
transform,30
fantast,30
bell,30
alon,30
wonder,30
person,30
clau,30
bulli,30
late,30
georg,30
scheme,30
money,30
vampir,30
charm,29
american,29
challeng,29
castl,29
dark,29
abandon,29
street,29
coupl,29
royal,29
present,29
excit,29
scientist,29
rock,29
teacher,29
next,28
ultim,28
better,28
song,28
warrior,28
member,28
hilari,28
meanwhil,28
origin,28
role,28
celebr,28
bird,28
histori,27
four,27
trap,27
form,27
entir,27
enter,27
alex,27
husband,27
ride,27
north,27
adopt,27
open,27
barbi,27
appear,27
produc,27
sell,27
crash,27
perform,27
cassi,27
peac,26
crimin,26
continu,26
aunt,26
master,26
figur,26
terribl,26
reveal,26
actual,26
commun,26
idea,26
apart,26
side,26
amaz,26
anyth,26
written,26
polic,25
version,25
task,25
attack,25
peter,25
separ,25
noth,25
discoveri,25
jame,25
white,25
enough,25
cast,25
halloween,25
accid,25
wendi,25
unexpect,25
fire,25
english,25
widow,25
vacat,25
basebal,25
fred,25
releas,25
armi,24
epic,24
free,24
pair,24
beast,24
reunit,24
golden,24
forev,24
lord,24
snow,24
univers,24
comedi,24
might,24
overcom,24
realiti,24
stolen,24
london,24
crew,24
hunt,24
john,24
born,24
competit,24
normal,24
sever,24
sign,24
direct,24
agre,24
solv,23
former,23
inventor,23
fallen,23
courag,23
rabbit,23
romanc,23
harri,23
eventu,23
seek,23
later,23
lesson,23
whole,23
sequel,23
neighbor,23
answer,23
captain,23
food,23
faith,23
wind,23
famou,23
michael,23
class,23
respons,23
short,23
martian,23
nobita,23
destini,22
control,22
wood,22
eccentr,22
super,22
though,22
step,22
receiv,22
track,22
instead,22
lone,22
offer,22
someon,22
murder,22
refus,22
gener,22
arthur,22
laugh,22
ball,22
mischiev,22
tini,22
mari,22
agent,22
huge,22
ladi,22
hall,22
offic,21
adapt,21
accompani,21
enemi,21
leagu,21
room,21
kill,21
beyond,21
girlfriend,21
stand,21
full,21
fulfil,21
attend,21
among,21
greatest,21
readi,21
gold,21
transport,21
wrong,21
angel,21
inherit,21
adult,21
contest,21
despit,20
extraordinari,20
winter,20
jungl,20
emot,20
hatch,20
brown,20
result,20
uncov,20
handsom,20
complet,20
incred,20
comic,20
invent,20
without,20
caught,20
quickli,20
professor,20
childhood,20
pack,20
spend,20
storm,20
accept,20
coach,20
simon,20
lucki,20
river,20
design,20
cours,20
claim,20
mansion,20
duck,20
product,20
doraemon,20
jerri,20
ghoul,20
jake,20
nikola,20
case,19
desper,19
hold,19
skill,19
lion,19
within,19
truth,19
scare,19
deep,19
penguin,19
water,19
ordinari,19
natur,19
grant,19
compani,19
often,19
deliv,19
12-year-old,19
blue,19
watch,19
career,19
sing,19
store,19
centuri,19
greedi,19
voic,19
date,19
canin,19
path,19
unfortun,19
abil,19
week,19
hannah,19
south,19
grandpa,19
boyfriend,19
dead,18
memori,18
state,18
moon,18
fortun,18
suffer,18
fish,18
wait,18
spring,18
compet,18
marriag,18
brave,18
retriev,18
investig,18
drama,18
farmer,18
cross,18
legend,18
fantasi,18
decis,18
strong,18
seen,18
england,18
upsid,18
bodi,18
court,18
allow,18
hotel,18
supernatur,18
all-new,18
pictur,18
chase,18
catch,18
involv,18
billi,18
henri,18
basketbal,18
told,18
tradit,18
carri,18
award,18
companion,18
neighborhood,18
doctor,18
hunter,18
color,17
spell,17
although,17
tough,17
marti,17
attract,17
interest,17
invad,17
rise,17
valley,17
video,17
foster,17
lifetim,17
fill,17
gone,17
hire,17
strand,17
chicken,17
invit,17
test,17
pari,17
clock,17
restor,17
singl,17
wealthi,17
garden,17
cool,17
reach,17
social,17
pole,17
fact,17
littlefoot,17
enlist,17
part,17
pete,17
sara,17
player,17
haunt,17
women,17
letter,17
scoobi,17
partner,16
unit,16
trio,16
lover,16
twist,16
situat,16
california,16
rather,16
threat,16
godmoth,16
thought,16
circu,16
summon,16
trick,16
cousin,16
throne,16
outsid,16
walk,16
process,16
crown,16
rebelli,16
josh,16
modern,16
relationship,16
possess,16
birth,16
roman,16
asterix,16
guard,16
wors,16
ador,16
prepar,16
pull,16
scari,16
assist,16
annual,16
crime,16
field,16
chief,16
dicken,16
pokmon,16
gain,16
ring,16
donald,16
warner,16
cartoon,16
attent,16
indian,16
bunni,15
collect,15
mind,15
stone,15
turtl,15
andi,15
inhabit,15
thrill,15
strike,15
match,15
hard,15
green,15
close,15
promis,15
ident,15
fellow,15
await,15
bore,15
beach,15
grandmoth,15
expect,15
launch,15
hollywood,15
drive,15
kiss,15
whisk,15
smurf,15
question,15
robin,15
poor,15
youth,15
throw,15
fail,15
difficult,15
bill,15
soccer,15
zach,15
benni,15
nick,14
riley,14
main,14
conflict,14
america,14
almost,14
unexpectedli,14
tree,14
sibl,14
defend,14
superhero,14
wolv,14
dare,14
provid,14
especi,14
larri,14
heir,14
nemesi,14
morn,14
thank,14
prevent,14
current,14
minion,14
biggest,14
organ,14
welcom,14
cook,14
hear,14
charli,14
destruct,14
caesar,14
obelix,14
project,14
other,14
lack,14
club,14
secretli,14
boss,14
intent,14
norman,14
calvin,14
grey,14
twain,14
casper,14
pooh,14
footbal,14
mickey,14
india,14
desert,14
dani,14
enjoy,14
bound,13
stranger,13
romant,13
reveng,13
happili,13
older,13
sport,13
enchant,13
succeed,13
donkey,13
wick,13
rememb,13
govern,13
bumbl,13
suspect,13
choos,13
passion,13
potion,13
classmat,13
support,13
mayor,13
festiv,13
switch,13
militari,13
intellig,13
stray,13
wolf,13
artist,13
throughout,13
agenc,13
gadget,13
read,13
engin,13
luca,13
household,13
ruin,13
charl,13
comput,13
mile,13
shaggi,13
thwart,13
grandson,13
reindeer,12
except,12
ensu,12
malefic,12
recruit,12
friendli,12
circumst,12
titl,12
second,12
contact,12
hundr,12
championship,12
devic,12
belong,12
shrek,12
mermaid,12
speak,12
presid,12
pick,12
jewel,12
mark,12
willi,12
west,12
detect,12
approach,12
tournament,12
exot,12
tarzan,12
stage,12
ocean,12
reward,12
remain,12
station,12
nation,12
graduat,12
hole,12
knight,12
lovabl,12
estrang,12
fashion,12
restaur,12
barri,12
nearbi,12
stumbl,12
risk,12
deadli,12
brilliant,12
lewi,12
toad,12
moment,12
ryan,12
larg,12
hood,12
clue,12
divorc,12
garfield,12
initi,12
ninja,12
third,12
shop,12
brought,12
light,12
nearli,12
tribe,12
mask,12
servic,12
academi,12
herbi,12
near,12
daffi,12
kate,12
trust,12
walt,12
descend,12
dimens,12
radio,12
finn,12
wikipedia,12
huck,12
mika,12
jonni,12
susi,12
goldmari,12
number,11
prehistor,11
manni,11
ella,11
idyl,11
forget,11
shark,11
buzz,11
scene,11
closer,11
earn,11
thief,11
mighti,11
wise,11
central,11
seven,11
clutch,11
vike,11
chao,11
bank,11
tour,11
unusu,11
freedom,11
introduc,11
aspir,11
intern,11
british,11
mrs.,11
altern,11
veng,11
director,11
grown,11
research,11
galaxi,11
favourit,11
broken,11
emerg,11
cinderella,11
nightmar,11
crush,11
vanessa,11
alvin,11
board,11
unleash,11
paper,11
pursu,11
luck,11
pride,11
prize,11
imposs,11
youngster,11
crystal,11
societi,11
write,11
soldier,11
quit,11
plane,11
sight,11
anyon,11
recov,11
fame,11
upset,11
11-year-old,11
ranger,11
safe,11
crisi,11
sail,11
uniqu,11
toward,11
ground,11
scroog,11
miser,11
amus,11
took,11
sentenc,11
kermit,11
seriou,11
novel,11
younger,11
beethoven,11
southern,11
touch,11
fabl,11
concert,11
toni,11
jason,11
dylan,11
egon,11
anna,10
elsa,10
snowman,10
inadvert,10
ruthless,10
aurora,10
voldemort,10
surfer,10
afraid,10
simba,10
globe,10
cave,10
potter,10
disast,10
hair,10
heroic,10
sweet,10
obsess,10
easi,10
furiou,10
french,10
africa,10
mater,10
dorothi,10
pretti,10
certain,10
jane,10
kevin,10
fabul,10
wave,10
russian,10
wing,10
weapon,10
thrown,10
jail,10
complic,10
hate,10
wake,10
alic,10
daniel,10
nanni,10
cloud,10
recent,10
obstacl,10
troll,10
penni,10
sidekick,10
nephew,10
frog,10
liter,10
rambuncti,10
heaven,10
egypt,10
program,10
spark,10
shot,10
promot,10
corrupt,10
anni,10
confid,10
avoid,10
possibl,10
command,10
heartwarm,10
preciou,10
million,10
bridg,10
fast,10
bone,10
japan,10
knock,10
notic,10
realis,10
fort,10
lake,10
delight,10
reluct,10
tail,10
tigger,10
magician,10
oliv,10
opportun,10
jimmi,10
robberi,10
businessman,10
jackson,10
list,10
variou,10
imaginari,10
stick,10
cheer,10
sand,10
point,10
civil,10
sick,10
franc,10
martin,10
molli,10
demon,10
shadow,10
ballet,10
tommi,10
luke,10
franki,10
comet,10
timmi,10
middleton,10
gruber,10
clifford,10
jump,9
accomplish,9
idol,9
chain,9
bright,9
somewher,9
sven,9
guid,9
author,9
cruel,9
stepmoth,9
affect,9
damag,9
object,9
reef,9
woodi,9
onto,9
prompt,9
rapunzel,9
ticket,9
finish,9
choic,9
assign,9
wall,9
cowboy,9
awaken,9
mystic,9
serv,9
ensur,9
chimp,9
factori,9
ventur,9
elliott,9
suburban,9
purpos,9
worri,9
studio,9
eddi,9
size,9
held,9
pressur,9
lawyer,9
retel,9
orphanag,9
pixi,9
hollow,9
china,9
reclaim,9
palac,9
newli,9
confront,9
settl,9
real-lif,9
polar,9
opposit,9
audit,9
worker,9
seal,9
theater,9
resort,9
distant,9
surf,9
shelter,9
secur,9
maya,9
activ,9
batman,9
drop,9
news,9
elliot,9
soul,9
sandi,9
terror,9
seemingli,9
blind,9
fiction,9
codi,9
hill,9
scott,9
bigger,9
execut,9
sinist,9
goofi,9
wallac,9
theme,9
reli,9
pikachu,9
samantha,9
good-natur,9
ruler,9
robber,9
victor,9
doorstep,9
bart,9
singer,9
worst,9
sheep,9
mexico,9
roll,9
rocket,9
resist,9
grandma,9
prank,9
cash,9
major,9
david,9
guest,9
contain,9
trail,9
victori,9
ernest,9
requir,9
johnni,9
stanley,9
u.s.,9
wear,9
ranch,9
luxuri,9
constantli,9
climb,9
alter,9
boat,9
scooby-doo,9
report,9
broadcast,9
rugrat,9
dialga,9
superman,9
tabl,8
relat,8
tiger,8
infant,8
height,8
prodigi,8
hospit,8
surround,8
blame,8
mike,8
warn,8
lightn,8
line,8
susan,8
fifth,8
studi,8
ignor,8
costum,8
stow,8
ralph,8
duti,8
mowgli,8
truli,8
regular,8
fiona,8
suppli,8
kung,8
reign,8
museum,8
custom,8
enorm,8
clan,8
femal,8
peril,8
emperor,8
poison,8
strength,8
trainer,8
rocki,8
doom,8
neglect,8
parallel,8
wacki,8
straight,8
smart,8
elus,8
host,8
corpor,8
hook,8
eager,8
champion,8
lisa,8
prefer,8
1930,8
sneak,8
13-year-old,8
spot,8
grade,8
grumpi,8
regain,8
abduct,8
chef,8
honey,8
chipmunk,8
pose,8
whimsic,8
madcap,8
menac,8
block,8
patch,8
stallion,8
allianc,8
express,8
juliu,8
crocodil,8
druid,8
dive,8
common,8
depart,8
respect,8
terrifi,8
tobi,8
latest,8
immedi,8
shock,8
stork,8
outrag,8
funni,8
nobl,8
gotham,8
mayb,8
financi,8
timon,8
pumbaa,8
eleph,8
grace,8
dust,8
disturb,8
smith,8
bachelor,8
routin,8
propos,8
channel,8
serious,8
scienc,8
desir,8
came,8
misfit,8
driver,8
spaceship,8
werewolf,8
shrink,8
niec,8
gromit,8
sens,8
domin,8
clear,8
spoil,8
insecur,8
creation,8
fearless,8
sure,8
unabl,8
emma,8
babe,8
particip,8
effort,8
scrappi,8
howl,8
outwit,8
muppet,8
wast,8
sled,8
becam,8
sometim,8
audienc,8
superstar,8
total,8
coolest,8
slowli,8
worth,8
annoy,8
coin,8
disappoint,8
lizzi,8
rainbow,8
delta,8
truck,8
elud,8
tokyo,8
japanes,8
televis,8
shipwreck,8
pool,8
heidi,8
heal,8
underwat,8
kati,8
spooki,8
cold,8
shoe,8
stormi,8
justic,8
creativ,8
suit,8
explain,8
brandon,8
tara,8
vale,8
pippi,8
melani,8
braveri,8
lumina,8
elmo,8
snowglob,8
lila,8
leon,8
skrm,8
raghavaraju,8
yobi,8
crack,7
musician,7
live-act,7
jade,7
unearth,7
etern,7
deliveri,7
varieti,7
francisco,7
navig,7
diego,7
dash,7
greater,7
harmoni,7
betray,7
wilder,7
russel,7
hogwart,7
newfound,7
flynn,7
feet,7
lock,7
action-pack,7
luci,7
magnific,7
matter,7
candi,7
public,7
eric,7
ursula,7
jealou,7
chosen,7
passag,7
longer,7
whale,7
word,7
african,7
speci,7
mortal,7
chines,7
paint,7
intrigu,7
brick,7
instal,7
quiet,7
tire,7
rebel,7
boot,7
herd,7
neverland,7
alongsid,7
push,7
hornet,7
flower,7
warm,7
unstopp,7
aladdin,7
engag,7
consid,7
rain,7
unknown,7
oper,7
pinocchio,7
mythic,7
tinker,7
theodor,7
replac,7
faraway,7
unfold,7
dracula,7
folk,7
fearsom,7
torn,7
unless,7
stuck,7
snoopi,7
distract,7
count,7
wilbur,7
robinson,7
month,7
dazzl,7
hang,7
rainforest,7
tune,7
entertain,7
thiev,7
senior,7
parker,7
cultur,7
junior,7
banish,7
highli,7
richard,7
sophi,7
butler,7
cooper,7
krab,7
sourc,7
bitter,7
nativ,7
naughti,7
connect,7
ambiti,7
lifestyl,7
junkyard,7
comfort,7
natali,7
vast,7
messag,7
trek,7
baron,7
piglet,7
carol,7
somehow,7
portray,7
burn,7
servant,7
odett,7
arrest,7
havoc,7
derek,7
level,7
abus,7
twelv,7
shape,7
goal,7
usual,7
electr,7
winni,7
edward,7
denni,7
helen,7
earli,7
resid,7
pilot,7
proper,7
martial,7
embarrass,7
impress,7
reject,7
hockey,7
inc.,7
geniu,7
mistak,7
reclus,7
suggest,7
remot,7
compos,7
fair,7
beetl,7
frank,7
reunion,7
mine,7
lane,7
narrat,7
unhappi,7
dread,7
shoot,7
colour,7
record,7
nobodi,7
invis,7
bike,7
hometown,7
link,7
homeless,7
perspect,7
cheetah,7
tear,7
forbid,7
halloweentown,7
chick,7
glow,7
jill,7
telugu,7
victim,7
oldest,7
stabl,7
vicki,7
punish,7
valu,7
revel,7
portal,7
drug,7
hour,7
jetson,7
ostwind,7
bloom,7
dexter,7
elli,7
mediev,7
sawyer,7
meadow,7
fantaghiro,7
dysfunct,7
roller,7
emili,7
judi,6
miguel,6
stun,6
endless,6
puzzl,6
alli,6
newborn,6
hermion,6
hungri,6
high-tech,6
youngest,6
experienc,6
knew,6
astrid,6
curiou,6
mcqueen,6
driven,6
detour,6
sleepi,6
plung,6
rush,6
flee,6
barn,6
mount,6
urban,6
refug,6
crane,6
surli,6
chocol,6
phil,6
realm,6
disguis,6
roger,6
stake,6
foil,6
everybodi,6
laughter,6
cost,6
expedit,6
stuart,6
racer,6
bull,6
debt,6
lilli,6
sort,6
privat,6
undercov,6
flint,6
feed,6
weather,6
pink,6
litter,6
sewer,6
certainli,6
lilo,6
hive,6
sebastian,6
destin,6
sleep,6
propheci,6
bandit,6
brew,6
item,6
gargamel,6
fierc,6
fantasia,6
circl,6
kiara,6
extrem,6
honor,6
cover,6
gaul,6
troop,6
begun,6
bradi,6
mitchel,6
mirror,6
melodi,6
surfac,6
vega,6
stardom,6
east,6
unforgett,6
nowher,6
danni,6
flame,6
billionair,6
nice,6
formula,6
patrick,6
ragtag,6
enthusiast,6
covet,6
blood,6
bizarr,6
arrang,6
thousand,6
silver,6
particularli,6
mistaken,6
sorcer,6
crop,6
raid,6
washington,6
ashley,6
half,6
runaway,6
1950,6
exactli,6
adam,6
theyr,6
sammi,6
debbi,6
inde,6
maniac,6
simpl,6
check,6
charg,6
harder,6
front,6
comed,6
rural,6
texa,6
tall,6
dump,6
christoph,6
eeyor,6
mewtwo,6
clone,6
element,6
blair,6
terri,6
storybook,6
dramat,6
method,6
drawn,6
dolittl,6
superpow,6
screen,6
woodland,6
cure,6
injur,6
bounc,6
cruis,6
carefre,6
balanc,6
hip-hop,6
moscow,6
favor,6
salon,6
reluctantli,6
chicago,6
horror,6
wilson,6
holli,6
norm,6
buri,6
goku,6
deviou,6
documentari,6
termin,6
kari,6
intend,6
decor,6
inform,6
minut,6
nose,6
soar,6
daphn,6
male,6
momo,6
sparkl,6
presenc,6
8-year-old,6
canada,6
hardship,6
feature-length,6
crook,6
pumpkin,6
dancer,6
butterfli,6
shine,6
boston,6
spider,6
absolut,6
artifact,6
blow,6
italian,6
inner,6
gradual,6
embrac,6
rudolph,6
loss,6
kirik,6
alik,6
dolphin,6
mississippi,6
focus,6
annabel,6
plant,6
drink,6
alec,6
hank,6
writer,6
updat,6
offici,6
fund,6
nash,6
revers,6
giratina,6
crossov,6
full-length,6
ghostli,6
australia,6
gruffalo,6
portrait,6
depend,6
winx,6
sword,6
arno,6
calculu,6
evid,6
olsen,6
jennif,6
ten-year-old,6
kyle,6
lindgren,6
shepherdess,6
iisakki,6
today,6
sprott,6
gentleman,6
loyalti,6
espaniola,6
sofia,6
ocie,6
greendal,6
blanket,6
scream,6
lumpi,6
gobloon,6
atticu,6
gopal,6
laxman,6
locat,6
bowl,6
gerda,6
hurdl,6
b.o.o,6
jesu,6
listen,6
agatha,6
metru,6
gian,6
suneo,6
frau,6
holl,6
frdric,6
ward,6
monki,6
walli,6
unlock,5
burst,5
olaf,5
anger,5
disgust,5
newt,5
strain,5
critter,5
woolli,5
mammoth,5
feud,5
disrupt,5
rekindl,5
bent,5
nemo,5
barrier,5
asid,5
contin,5
carl,5
hiccup,5
melt,5
garbag,5
self,5
captiv,5
admir,5
gigant,5
ariel,5
lego,5
nefari,5
kuzco,5
pitch,5
guardian,5
superhuman,5
outcast,5
metro,5
grand,5
attic,5
chunk,5
nine-year-old,5
prime,5
lurk,5
lure,5
time-travel,5
outlaw,5
mastermind,5
drift,5
pursuit,5
cosmic,5
suppos,5
workahol,5
granni,5
draw,5
ferdinand,5
hugo,5
maintain,5
merchant,5
awesom,5
conquer,5
jasmin,5
lamp,5
load,5
loyal,5
mice,5
midnight,5
whovil,5
grinch,5
skipper,5
carniv,5
reason,5
snake,5
paddington,5
1970,5
aboard,5
histor,5
system,5
traci,5
collin,5
appl,5
visitor,5
motion,5
skater,5
jumba,5
blossom,5
dave,5
spin,5
ahead,5
alreadi,5
wonderland,5
merri,5
kansa,5
wildlif,5
unwittingli,5
strive,5
flat,5
tooth,5
reloc,5
anonym,5
lili,5
announc,5
delici,5
top-secret,5
fulli,5
seiz,5
misadventur,5
ingeni,5
carrey,5
suspici,5
gave,5
architect,5
either,5
eaten,5
getafix,5
mack,5
roddi,5
rita,5
spike,5
earthquak,5
rare,5
hurtl,5
alexa,5
diamond,5
paul,5
blart,5
retir,5
carmen,5
juni,5
fend,5
sensat,5
sharpay,5
taylor,5
astronaut,5
least,5
respond,5
adulthood,5
manhattan,5
suprem,5
pint-siz,5
accomplic,5
intergalact,5
page,5
clumsi,5
meteor,5
harvest,5
squir,5
merlin,5
anywher,5
dusti,5
employe,5
shore,5
virtual,5
suzann,5
mutini,5
estat,5
frighten,5
2007,5
homeland,5
target,5
tyrann,5
instant,5
willow,5
reed,5
mcphee,5
wayn,5
ritual,5
accord,5
invas,5
illustr,5
mechan,5
caretak,5
infuri,5
motorcycl,5
statu,5
20th,5
newest,5
rivalri,5
empir,5
renown,5
helicopt,5
bunch,5
evolv,5
frustrat,5
fairytal,5
wreak,5
camelot,5
morri,5
minor,5
contract,5
occur,5
ebenez,5
dastardli,5
nostalg,5
imprison,5
less,5
gangster,5
dedic,5
karat,5
modern-day,5
futurist,5
reconcil,5
malfunct,5
marin,5
oppon,5
trade,5
julia,5
energi,5
eagl,5
typic,5
perman,5
mischief,5
furri,5
proud,5
miley,5
montana,5
horribl,5
gwen,5
charlott,5
sassi,5
manipul,5
tame,5
scholarship,5
aliv,5
supposedli,5
bros.,5
celebi,5
bomb,5
tight,5
sweetheart,5
tuesday,5
paradis,5
backyard,5
unicorn,5
warbuck,5
mental,5
babysitt,5
ugli,5
critic,5
pain,5
anniversari,5
vanish,5
blond,5
licens,5
confus,5
long-lost,5
bombay,5
grew,5
randolph,5
pastim,5
concern,5
exploit,5
depict,5
badli,5
endur,5
insist,5
howard,5
salesmen,5
peer,5
brand-new,5
fianc,5
antic,5
kept,5
unravel,5
motiv,5
feroci,5
australian,5
laboratori,5
wealth,5
predict,5
mend,5
sorceress,5
dinner,5
mariah,5
absenc,5
episod,5
theatr,5
justin,5
interview,5
2009,5
languag,5
warlock,5
spain,5
piggi,5
midst,5
frozen,5
sleigh,5
verg,5
remak,5
balloon,5
poacher,5
achiev,5
albert,5
react,5
bartok,5
archenemi,5
decad,5
yanke,5
anxiou,5
colt,5
halvar,5
condit,5
cape,5
corner,5
matern,5
lassi,5
spencer,5
brat,5
term,5
karen,5
natasha,5
robert,5
treat,5
twelve-year-old,5
repeat,5
arceu,5
redeem,5
remind,5
grandpar,5
echo,5
depth,5
fanci,5
backfir,5
luka,5
whilst,5
postman,5
prison,5
jone,5
innoc,5
eponym,5
mata,5
saddl,5
godfath,5
romualdo,5
journalist,5
pearl,5
consist,5
oppos,5
tamil,5
krishnan,5
root,5
darci,5
beaver,5
optimist,4
scientif,4
curios,4
coron,4
kristoff,4
suck,4
uproot,4
headquart,4
everyday,4
adjust,4
turmoil,4
posit,4
briefcas,4
habitat,4
reput,4
despic,4
repair,4
icon,4
1959,4
protector,4
vanquish,4
hopeless,4
endow,4
dentist,4
dori,4
vegetarian,4
dude,4
hypnot,4
lightyear,4
spent,4
persist,4
trilog,4
chart,4
territori,4
rider,4
kindli,4
headmast,4
tower,4
hostag,4
feisti,4
thug,4
hotshot,4
radiat,4
moodi,4
edmund,4
narnia,4
spectacular,4
outer,4
clean,4
mess,4
dire,4
melman,4
gloria,4
tension,4
memor,4
lazi,4
panda,4
viper,4
landscap,4
stir,4
exhibit,4
mrida,4
defi,4
carlo,4
hapless,4
institut,4
domest,4
minnesota,4
janeiro,4
everywher,4
coloni,4
hord,4
madagascar,4
immort,4
border,4
wildest,4
peski,4
oscar,4
scarecrow,4
yellow,4
jessica,4
aris,4
clara,4
devast,4
notori,4
kitti,4
heist,4
capt,4
steven,4
sailor,4
ponyo,4
empress,4
demolish,4
construct,4
modest,4
fool,4
embitt,4
loos,4
pact,4
plenti,4
fairy-tal,4
cabin,4
earlier,4
nasti,4
cope,4
whether,4
august,4
exasper,4
transylvania,4
citizen,4
european,4
convent,4
spacecraft,4
document,4
shakespear,4
gnome,4
quasi,4
plastic,4
diabol,4
bolt,4
disastr,4
mankind,4
mutant,4
remi,4
casey,4
toymak,4
whistl,4
stitch,4
samurai,4
self-discoveri,4
safeti,4
roommat,4
duke,4
afternoon,4
assum,4
florida,4
clerk,4
impuls,4
footstep,4
zani,4
rodney,4
industri,4
shredder,4
rubi,4
beckon,4
arrietti,4
mainland,4
wonka,4
worldwid,4
frenzi,4
kovu,4
lioness,4
actor,4
behav,4
preteen,4
scanner,4
egyptian,4
cleopatra,4
style,4
edifi,4
site,4
ross,4
lela,4
resourc,4
taxidermist,4
nigel,4
apprentic,4
looney,4
jordan,4
cortez,4
colleagu,4
lynn,4
conceal,4
squar,4
wildcat,4
massiv,4
scout,4
punch,4
evan,4
geni,4
atop,4
dodg,4
grim,4
unchart,4
lush,4
milo,4
wili,4
employ,4
hannigan,4
sunni,4
o'malley,4
foreign,4
bernard,4
mate,4
burger,4
patti,4
bikini,4
bottom,4
smurfett,4
march,4
murphi,4
rodger,4
hammerstein,4
somewhat,4
beat,4
smitten,4
culprit,4
hawkin,4
deed,4
look-alik,4
grouchi,4
alan,4
aaron,4
outrun,4
greg,4
kronk,4
upcom,4
uncar,4
hound,4
kenneth,4
10-year-old,4
mill,4
volkswagen,4
competitor,4
turner,4
chuck,4
baker,4
longtim,4
cedric,4
previou,4
disgrac,4
mare,4
bedtim,4
resolv,4
shower,4
profit,4
frame,4
theft,4
previous,4
crazi,4
flock,4
dougla,4
fievel,4
clash,4
mass,4
amulet,4
clown,4
swan,4
sherlock,4
chloe,4
irresist,4
babysit,4
sarah,4
goblin,4
sparki,4
ballerina,4
opera,4
popul,4
jule,4
harvey,4
injuri,4
reviv,4
ransom,4
small-town,4
nerdi,4
blend,4
sound,4
account,4
kind-heart,4
devot,4
annika,4
mummi,4
illumin,4
bethani,4
direct-to-video,4
revolv,4
non-stop,4
length,4
evict,4
flintston,4
wilma,4
chip,4
brain,4
saig,4
well-known,4
heart-warm,4
cross-countri,4
array,4
creator,4
cathol,4
theatric,4
commit,4
boog,4
newspap,4
rascal,4
killer,4
hell,4
suitabl,4
turkey,4
stewart,4
jean,4
cliqu,4
shepherd,4
wash,4
unawar,4
bite,4
mishap,4
minni,4
score,4
rose,4
flight,4
code,4
humor,4
vice,4
stunt,4
second-r,4
conceiv,4
incid,4
coast,4
directli,4
cruso,4
thanksgiv,4
occupi,4
daryl,4
elina,4
feast,4
irrit,4
harrison,4
gather,4
church,4
materi,4
linu,4
mute,4
odyssey,4
wildli,4
orang,4
counti,4
genet,4
impact,4
trace,4
gordon,4
done,4
dictat,4
german,4
fella,4
simpli,4
filmmak,4
best-sel,4
patriarch,4
holm,4
radic,4
walker,4
petti,4
media,4
appreci,4
nurs,4
asmar,4
skin,4
stubborn,4
resent,4
middle-class,4
capabl,4
sold,4
turbo,4
combat,4
22nd,4
rough,4
dynam,4
piec,4
scam,4
overjoy,4
pacif,4
habit,4
karl,4
emil,4
unwillingli,4
shion,4
wisdom,4
pregnant,4
ellen,4
dress,4
abbi,4
volcano,4
elder,4
duel,4
yamada,4
techniqu,4
overprotect,4
network,4
divid,4
mint,4
dino,4
abomin,4
priceless,4
rude,4
protest,4
volunt,4
harsh,4
gorilla,4
eleven-year-old,4
persuad,4
similar,4
northern,4
marni,4
plantat,4
amanda,4
dane,4
savannah,4
towani,4
mace,4
cindel,4
omnitrix,4
judg,4
flash,4
progress,4
mary-k,4
shirley,4
benji,4
ronald,4
trial,4
melissa,4
pokemon,4
remark,4
kelli,4
sole,4
sale,4
pure,4
cammi,4
doesnt,4
cancer,4
eldest,4
floor,4
addict,4
withdrawn,4
enrag,4
townspeopl,4
teas,4
shaymin,4
observ,4
encyclopedia,4
descript,4
articl,4
cc-by-sa,4
contributor,4
mistress,4
constant,4
properti,4
kinetech,4
brother-in-law,4
benedict,4
stole,4
martha,4
mail,4
drex,4
politician,4
bibi,4
fright,4
june,4
kaltenbach,4
easili,4
whenev,4
lori,4
sonora,4
tougher,4
dete,4
eindoak,4
victini,4
avalon,4
elderli,4
opul,4
econom,4
april,4
menon,4
fruit,4
1969,4
mailroom,4
satyendra,4
aarti,4
backdrop,4
cheeki,4
mockingbird,4
toxic,4
bundl,4
copi,4
albuquerqu,4
honcho,4
somebodi,4
out-of-this-world,4
lapland,4
gratitud,4
issu,4
slaughter,4
pinevil,4
saleh,4
glimps,4
amir,4
despair,4
garzooka,4
taraba,4
stuff,4
titan,4
raven,4
buccan,4
timm,4
venu,4
madelin,4
overlook,4
yorki,4
chopra,4
beth,4
fifteen,4
toto,4
ladder,4
socialit,4
groom,4
flute,4
swedish,4
revolut,4
slim,4
robberson,4
hitman,4
trick-or-tr,4
trisha,4
volleybal,4
talbot,4
hadji,4
benton,4
detail,4
genesect,4
krash,4
kikoriki,4
camael,4
mona,4
20-year-old,4
loner,4
gruel,4
madhav,4
mccloud,4
heard,4
disagr,4
tiuri,4
dagonaut,4
comedy-drama,4
skate,4
jonathan,4
shanghai,4
exit,4
spider-man,4
mair,4
boister,4
spread,4
angela,4
katelin,4
nameless,4
phear,4
ghoulfriend,4
piano,4
krippendorf,4
undiscov,4
minist,4
candlesho,4
robbi,4
numer,4
sofi,4
alberto,4
greec,4
philosophi,4
beari,4
jojo,4
garcin,4
broom,4
fikret,4
solmaz,4
adana,4
nessi,4
pond,4
hoovey,4
pour,4
pechmari,4
step-moth,4
becki,4
simplest,4
denmark,4
vase,4
cybersuit,4
gennaro,4
stockholm,4
overhear,4
niila,4
virgi,4
jungo,4
maze,4
granit,4
uthaman,4
janakamma,4
placid,4
geum,4
muff,4
terwillik,4
baffl,3
hector,3
rhino,3
advis,3
scamand,3
non-mag,3
downright,3
impend,3
mismatch,3
saber-tooth,3
sloth,3
merci,3
escal,3
mcfli,3
1955,3
1985,3
successor,3
formid,3
marlin,3
seagul,3
crave,3
fredricksen,3
leas,3
undergo,3
toothless,3
insepar,3
staff,3
cherish,3
escapad,3
gruff,3
rooki,3
heat,3
parr,3
qualiti,3
type,3
free-spirit,3
shift,3
gear,3
giraff,3
meal,3
content,3
declar,3
fugit,3
dwarf,3
surpass,3
slacker,3
shifu,3
mistakenli,3
wisecrack,3
outlook,3
daley,3
gladiat,3
scottish,3
unruli,3
pevensi,3
europ,3
broke,3
casino,3
lincoln,3
linda,3
troup,3
bustl,3
hopper,3
airplan,3
pacha,3
countrysid,3
imperi,3
gentl,3
extraterrestri,3
lenni,3
megamind,3
octob,3
valiant,3
amid,3
rodent,3
trusti,3
schoolteach,3
convict,3
rooster,3
ginger,3
fourth,3
treacher,3
button,3
awri,3
prone,3
perci,3
puss,3
myth,3
catapult,3
spill,3
redempt,3
goldfish,3
bottl,3
sorceri,3
maria,3
granddaught,3
impost,3
mere,3
smell,3
tempera,3
fastest,3
automaton,3
dumbledor,3
forbidden,3
jafar,3
gloriou,3
gown,3
glass,3
norwegian,3
mutat,3
cindi,3
dwarv,3
grown-up,3
sheriff,3
individu,3
crowd,3
surreal,3
resembl,3
louie,3
happy-go-lucki,3
elementari,3
housekeep,3
enabl,3
awkward,3
sci-fi,3
outdoor,3
juliet,3
flamingo,3
branch,3
cruella,3
turnblad,3
amber,3
tussl,3
technolog,3
profess,3
culinari,3
appar,3
unwant,3
geppetto,3
puppet,3
bubbl,3
benson,3
astonish,3
braini,3
vengeanc,3
doubt,3
fade,3
johnson,3
schedul,3
campu,3
finger,3
tumbl,3
burrow,3
drum,3
maltazard,3
lavish,3
valuabl,3
gene,3
ratchet,3
arch,3
descent,3
minimoy,3
pile,3
14-year-old,3
borrow,3
brash,3
bleak,3
blackbeard,3
agenda,3
atreyu,3
pharaoh,3
otherwis,3
hottest,3
lynch,3
maia,3
fish-out-of-wat,3
high-societi,3
toilet,3
endear,3
amazon,3
janey,3
particular,3
approv,3
9-year-old,3
brittani,3
troy,3
gabriella,3
fawn,3
walter,3
flood,3
rag-tag,3
stowaway,3
overs,3
endang,3
qualifi,3
big-screen,3
benjamin,3
crusad,3
prequel,3
smash,3
began,3
publish,3
cocker,3
spaniel,3
candid,3
stack,3
plucki,3
gisel,3
slight,3
pachyderm,3
boov,3
duchess,3
thoma,3
float,3
krabbi,3
spongebob,3
plankton,3
gypsi,3
teamwork,3
neurot,3
jeopardi,3
educ,3
gover,3
closet,3
victorian,3
newlyw,3
suburb,3
horton,3
speck,3
papa,3
run-down,3
jess,3
newcom,3
townsfolk,3
elixir,3
snail,3
mall,3
majest,3
high-spirit,3
princip,3
copper,3
scamp,3
graham,3
ichabod,3
maggi,3
closest,3
dawn,3
bargain,3
reminisc,3
circa,3
beau,3
disciplin,3
deceas,3
inexplic,3
besid,3
condemn,3
fleet,3
vehicl,3
voyag,3
combin,3
addam,3
roof,3
chees,3
eight,3
maladjust,3
shizuku,3
librari,3
grass,3
alexand,3
hideaway,3
migrat,3
felin,3
olymp,3
bruce,3
elimin,3
andrea,3
peck,3
handl,3
cargo,3
nelli,3
sorrow,3
zookeep,3
speed,3
plow,3
crow,3
blade,3
winner,3
misstep,3
impati,3
yard,3
insect,3
underground,3
heffley,3
humili,3
nuclear,3
volcan,3
none,3
physic,3
stretch,3
stinki,3
shoulder,3
high-school,3
district,3
loom,3
nightclub,3
henchmen,3
easter,3
drummer,3
1920,3
epidem,3
drag,3
ember,3
gracey,3
sheer,3
unwav,3
grappl,3
misti,3
region,3
jessi,3
renew,3
henchman,3
fun-fil,3
nazi,3
guinea,3
manner,3
expert,3
frieda,3
halfway,3
parrot,3
distanc,3
grain,3
cereal,3
sidetrack,3
clueless,3
regularli,3
thunder,3
addit,3
atom,3
thompson,3
teeth,3
tutu-clad,3
miami,3
priest,3
darl,3
nine,3
fascin,3
mumbl,3
newton,3
spunki,3
bink,3
enterpris,3
pretend,3
pigeon,3
someday,3
client,3
sinbad,3
undertak,3
prep,3
stepsist,3
glamour,3
brainiac,3
19th,3
ex-wif,3
profession,3
violent,3
ashor,3
downtown,3
effect,3
rein,3
laurenc,3
2002,3
forg,3
reconnect,3
medusa,3
allen,3
eden,3
retain,3
appoint,3
drifter,3
joint,3
wrap,3
facil,3
arctic,3
mascot,3
machineri,3
view,3
savag,3
oblig,3
kringl,3
legion,3
fraud,3
influenc,3
rome,3
angri,3
analyz,3
rogu,3
gilli,3
affection,3
horrifi,3
jack-jack,3
smallest,3
clark,3
soup,3
built,3
interfer,3
expos,3
rusti,3
silli,3
1972,3
entitl,3
re-releas,3
gotten,3
expel,3
ruse,3
georgia,3
journal,3
1960,3
outspoken,3
unsuspect,3
diplomat,3
monk,3
potenti,3
explos,3
galact,3
merced,3
occas,3
commerci,3
bigfoot,3
rosella,3
sudden,3
hansel,3
gretel,3
treehous,3
rosalinda,3
carter,3
donni,3
1941,3
brood,3
sharptooth,3
catcher,3
sacrif,3
camper,3
sharpshoot,3
dispos,3
railway,3
yorkshir,3
snowi,3
gonzo,3
ancestor,3
cult,3
medicin,3
cromwel,3
mimi-siku,3
obscur,3
reckless,3
assur,3
nest,3
goos,3
cornwal,3
ladybug,3
assault,3
perri,3
tyler,3
a.k.a,3
sewashi,3
cloth,3
forgot,3
feather,3
upscal,3
longneck,3
solut,3
foot,3
serpent,3
brendan,3
davi,3
heavi,3
hawaii,3
intimid,3
rebuild,3
medfield,3
1986,3
model,3
coastal,3
elizabeth,3
makeshift,3
interplanetari,3
harmless,3
inspector,3
o'hara,3
naruto,3
preston,3
instantli,3
snap,3
honest,3
camryn,3
norway,3
stylist,3
limitless,3
mutt,3
slide,3
buck,3
fun-lov,3
erni,3
entei,3
miniatur,3
refer,3
kidnapp,3
maureen,3
morgan,3
transcend,3
narrow,3
chariti,3
papi,3
bowman,3
pixar,3
luckili,3
sweep,3
tongan,3
sequenc,3
twosom,3
averag,3
juggl,3
homework,3
royalti,3
keith,3
amidst,3
fell,3
fozzi,3
secretari,3
firm,3
extinct,3
award-win,3
meena,3
vincent,3
evad,3
enthusiasm,3
cell,3
suspens,3
stephen,3
backwat,3
metropoli,3
kick,3
overthrow,3
chest,3
johann,3
harbor,3
ghastli,3
grip,3
lend,3
manor,3
mario,3
plumber,3
healthi,3
elabor,3
horac,3
wagon,3
thunderbird,3
focu,3
coral,3
environ,3
flipper,3
legaci,3
normi,3
viewer,3
ewok,3
digimon,3
parrotmon,3
friday,3
gabriel,3
solbi,3
harbour,3
janitor,3
buttermak,3
unconvent,3
duncan,3
humankind,3
pauli,3
immigr,3
gwyn,3
maid,3
bilbo,3
hobbit,3
burglar,3
tragic,3
sink,3
viciou,3
flake,3
cheerlead,3
marilla,3
lamb,3
matchmak,3
wide-ey,3
profil,3
bump,3
britain,3
went,3
michel,3
market,3
13th,3
werewolv,3
3000,3
malon,3
showgirl,3
slam,3
jodi,3
consider,3
templ,3
shrewd,3
jekyl,3
hyde,3
dispar,3
poverti,3
disown,3
doll,3
24-year-old,3
closur,3
stupid,3
anya,3
schoolchildren,3
chair,3
absorb,3
lowli,3
hijink,3
cannon,3
1987,3
ex-con,3
recess,3
protagonist,3
auditorium,3
novelist,3
boil,3
kara,3
nightingal,3
auction,3
audrey,3
conjur,3
andr,3
accus,3
seasid,3
make-believ,3
strip,3
slave,3
akki,3
tina,3
rundown,3
dilemma,3
phantom,3
sydney,3
basement,3
overview,3
wound,3
gray,3
donaldson,3
scheffler,3
mock,3
unemploy,3
luthor,3
emerald,3
pee-we,3
nickelodeon,3
tropic,3
burden,3
matt,3
kramer,3
garag,3
request,3
champ,3
elsewher,3
interven,3
zenon,3
cohort,3
mention,3
obtain,3
builder,3
crise,3
grief,3
handicap,3
steve,3
bizarro,3
counterpart,3
huckleberri,3
alcohol,3
cotton,3
till,3
uplift,3
1980,3
tomorrow,3
departur,3
1962,3
sheepdog,3
knowledg,3
latter,3
collar,3
stare,3
sesam,3
tomboy,3
clever,3
streetwis,3
rupert,3
bush,3
succe,3
redhead,3
next-door,3
matoran,3
pump,3
simul,3
saravanan,3
world-class,3
figglehorn,3
korean,3
hustl,3
aftermath,3
ensembl,3
2005,3
wayward,3
stine,3
prestigi,3
revisit,3
tragedi,3
bamboo,3
goodby,3
draculaura,3
slightli,3
bequeath,3
homesick,3
bruno,3
ancestr,3
rafathar,3
gareth,3
hasti,3
cinema,3
blacki,3
ayden,3
convert,3
peggi,3
hopp,2
zootopia,2
scam-artist,2
generations-old,2
ernesto,2
cruz,2
trickster,2
boy-geniu,2
disillusion,2
danger-fil,2
enigmat,2
tomorrowland,2
arendel,2
jumanji,2
mamba,2
bumpi,2
midwest,2
1926,2
congress,2
expand,2
deplor,2
nobler,2
mcgregor,2
warm-heart,2
eighti,2
untold,2
'sleep,2
pure-heart,2
peaceabl,2
fiercest,2
anti-villain,2
clownfish,2
aquarium,2
worrisom,2
jellyfish,2
plus-siz,2
inflat,2
baymax,2
hiro,2
hamada,2
conspiraci,2
chameleon,2
rout,2
piston,2
offbeat,2
motor,2
mouth,2
wardrob,2
climact,2
formerli,2
suburbia,2
overrun,2
arcad,2
titular,2
cooki,2
khan,2
panther,2
bagheera,2
baloo,2
collector,2
zebra,2
homer,2
impetu,2
tigress,2
manti,2
smelli,2
manhood,2
down,2
chagrin,2
crood,2
watchman,2
teddi,2
span,2
highland,2
archer,2
sacr,2
ill-fat,2
badger,2
mont,2
pickl,2
smithsonian,2
ivan,2
maker,2
smuggler,2
hatchl,2
behalf,2
oppress,2
reassembl,2
wreck,2
craft,2
llama,2
partnership,2
hercul,2
pegasu,2
guess,2
supervillain,2
mikey,2
demolit,2
data,2
metal,2
snoop,2
stagger,2
tangl,2
tannen,2
swamp,2
shrunken,2
salli,2
misguid,2
sympathet,2
hopelessli,2
coralin,2
fighter,2
soulless,2
family-ori,2
porter,2
super-villain,2
sosuk,2
cliff,2
goddess,2
russia,2
romanov,2
anastasia,2
skeptic,2
swept,2
ford,2
edit,2
mellow,2
leaf,2
repay,2
hibern,2
unscrupul,2
wander,2
rumpelstiltskin,2
lighten,2
matur,2
wand,2
genovia,2
rango,2
lizard,2
horrif,2
bare,2
collis,2
down-and-out,2
proport,2
scrambl,2
15-year-old,2
beam,2
gnomeo,2
namesak,2
poppi,2
pleasantli,2
corni,2
corp,2
ideal,2
beneath,2
wooden,2
worthi,2
jimini,2
cricket,2
hawaiian,2
sulley,2
swarm,2
fleec,2
disillus,2
songwrit,2
sevil,2
chubbi,2
kubo,2
mesmer,2
weaponri,2
nurseri,2
viola,2
olivia,2
bambi,2
card,2
koala,2
buster,2
distress,2
selenia,2
weekend,2
mavi,2
cater,2
credit,2
meddl,2
kenai,2
koda,2
moos,2
emoji,2
copperbottom,2
weld,2
obsolet,2
reignit,2
farmhand,2
gateway,2
legendand,2
sensei,2
splinter,2
ten-year,2
repossess,2
larger,2
stout,2
dairi,2
karate-kick,2
corral,2
sky-high,2
smack,2
vidia,2
tink,2
arch-nemesi,2
admit,2
holder,2
confectionari,2
oompa,2
loompa,2
neverend,2
falkor,2
nala,2
zira,2
alarm,2
pasta,2
poorli,2
looch,2
connolli,2
meryl,2
streep,2
jude,2
earliest,2
recollect,2
bowler,2
logic,2
conserv,2
ambival,2
wipeout,2
tanner,2
novelti,2
reel,2
electrifi,2
wow-abunga,2
flush,2
bowel,2
ratropoli,2
rodent-h,2
whitey,2
peruvian,2
millic,2
clyde,2
beak-to-beak,2
adversari,2
father-in-law,2
beggar,2
muse,2
apprehend,2
mix-up,2
last-minut,2
chipett,2
mainten,2
packag,2
global,2
unauthor,2
all-pow,2
explod,2
lava,2
sabotag,2
virtuou,2
dreamt,2
ambit,2
supernova,2
brontosauru,2
veget,2
thatch,2
irrever,2
joker,2
vigilant,2
purchas,2
renov,2
keeper,2
unsung,2
savanna,2
tramp,2
recommend,2
breakfast,2
weeni,2
pamper,2
diminut,2
timothi,2
promptli,2
adelaid,2
bonfamil,2
beard,2
recip,2
frollo,2
esmeralda,2
independ,2
squirrel,2
peculiar,2
hefti,2
efron,2
hudgen,2
parad,2
renam,2
ginormica,2
regal,2
aerial,2
pocahonta,2
slater,2
shell,2
cyborg,2
playboy,2
oregon,2
haru,2
winslow,2
riski,2
zarina,2
distribut,2
jeff,2
runner,2
concoct,2
carv,2
mild-mann,2
attitud,2
victoria,2
zambezia,2
nave,2
telekinet,2
spinster,2
dislik,2
mole,2
katrina,2
manhattanit,2
swap,2
peyton,2
deem,2
terrorist,2
shane,2
frontier,2
szalinski,2
stuf,2
skeeter,2
down-on-his-luck,2
bewild,2
upris,2
blith,2
saniti,2
crab,2
environment,2
gomez,2
morticia,2
excus,2
ampl,2
alba,2
mason,2
meteorit,2
orca,2
seiji,2
itali,2
isabel,2
snowbel,2
shaun,2
loneli,2
toll,2
brutu,2
stroll,2
dismay,2
hazard,2
kindheart,2
background,2
infam,2
sprite,2
pristin,2
ferngulli,2
offspr,2
transplant,2
glenn,2
garrett,2
zugor,2
weak,2
split,2
goodi,2
grizzli,2
stepbroth,2
anthil,2
bolt-neck,2
introvert,2
scariest,2
wont,2
kayley,2
handler,2
anderson,2
christian,2
vern,2
bonni,2
will,2
afterlif,2
friendliest,2
multipl,2
danish,2
unmarri,2
relinquish,2
chemistri,2
minor-leagu,2
devil,2
skeleton,2
beverli,2
chihuahua,2
dale,2
whip,2
juli,2
yanci,2
scaveng,2
bedroom,2
alfalfa,2
nine-year,2
ravag,2
claus,2
overwork,2
flourish,2
glitter,2
aggi,2
brainwash,2
bulldoz,2
note,2
kanga,2
hamilton,2
shatter,2
quaid,2
bold,2
brock,2
giovanni,2
recaptur,2
turn-of-the-centuri,2
presto,2
sleev,2
roam,2
heffalump,2
warmth,2
recreat,2
blaster,2
applianc,2
shut,2
hadley,2
krees,2
tatter,2
miyagi,2
intrepid,2
saoirs,2
assort,2
oddbal,2
bestsel,2
pickpocket,2
tessa,2
amiabl,2
lightheart,2
roxann,2
slate,2
astro,2
imag,2
payn,2
fought,2
civilian,2
loser,2
nacho,2
stifl,2
edwardian,2
benefit,2
dispatch,2
joseph,2
coat,2
jealousi,2
depress,2
photograph,2
1944,2
bugsi,2
mainli,2
cheat,2
isol,2
coal,2
nasa,2
basic,2
itchi,2
financ,2
fresh,2
hoggett,2
so-cal,2
obedi,2
lift,2
exuber,2
ridicul,2
instrument,2
william,2
musket,2
t-bird,2
brand,2
gwendolyn,2
16-year-old,2
caribbean,2
jenni,2
byne,2
maroon,2
lifeguard,2
harlem,2
sexual,2
troublesom,2
quick,2
claudia,2
playmat,2
follow-up,2
celestin,2
oscar-win,2
elit,2
1940,2
varsiti,2
familiar,2
shepard,2
auto,2
remov,2
mordon,2
shadi,2
palomino,2
reinhardt,2
monstrou,2
dorado,2
worship,2
yukon,2
mcduck,2
dimwit,2
colli,2
baba,2
suicun,2
advanc,2
stronger,2
boost,2
self-esteem,2
bergen,2
quirki,2
occasion,2
vegeta,2
saiyan,2
slumber,2
shuttl,2
conrad,2
glee,2
2011,2
unsolv,2
old-fashion,2
keen,2
mcguir,2
geri,2
rope,2
duplic,2
courtney,2
trotter,2
isnt,2
remedi,2
laverna,2
formal,2
normal-s,2
lender,2
obnoxi,2
precis,2
barney,2
fourteen,2
understand,2
smaller,2
entri,2
mood,2
pascal,2
maximu,2
bearer,2
underway,2
barrel,2
complain,2
overwhelm,2
unfinish,2
creepi,2
fairytopia,2
nori,2
governor,2
acquir,2
midwestern,2
moor,2
craze,2
pleakley,2
flunk,2
booz,2
drunk,2
dean,2
cena,2
increasingli,2
heartbroken,2
skip,2
iceland,2
antonio,2
examin,2
carolin,2
chieftain,2
guru,2
snooti,2
germani,2
disabl,2
wheelchair,2
twilight,2
pinki,2
halli,2
unknowingli,2
shortcom,2
pitcher,2
carson,2
pray,2
lumier,2
antholog,2
balto,2
bakeri,2
boom,2
bread,2
tycoon,2
skyscrap,2
recharg,2
retreat,2
overweight,2
extra,2
coup,2
budderbal,2
unbeliev,2
1999,2
outfit,2
berk,2
upside-down,2
claviu,2
zealand,2
whangara,2
paikea,2
capsiz,2
first-born,2
koro,2
dodger,2
russ,2
daisi,2
pluto,2
mist,2
area,2
miracl,2
peasant,2
rebound,2
reilli,2
conway,2
azur,2
djinn-fairi,2
stock,2
blunt,2
satisfi,2
recal,2
appetit,2
kitten,2
cartoonist,2
implement,2
fiendish,2
daili,2
fountain,2
a-list,2
nerd,2
halt,2
oasi,2
tuareg,2
ajar,2
pitt,2
big-tim,2
deepest,2
squint,2
blizzard,2
contemporari,2
missi,2
pulitz,2
squeez,2
zucchini,2
fraught,2
decept,2
brainard,2
twice,2
collett,2
trauma,2
mayhem,2
roberto,2
archi,2
croc,2
pleshett,2
belli,2
slaver,2
big-heart,2
flea,2
well-intent,2
limb,2
press,2
choreographi,2
gibb,2
thumbelina,2
wildflow,2
snowstorm,2
convers,2
rumor,2
coventri,2
justforkix,2
zelda,2
lust,2
freight,2
17-year-old,2
traumat,2
crandel,2
eagerli,2
candl,2
interact,2
smooth,2
luxo,2
hale,2
humour,2
heartbreak,2
would-b,2
vitalstatistix,2
mori,2
file,2
predat,2
vain,2
viru,2
chanticl,2
gala,2
heroin,2
flutterfield,2
powerpuff,2
claw,2
strict,2
pistachio,2
disguisey,2
fabbrizio,2
smile,2
madison,2
l.a.,2
groberg,2
suspicion,2
family-friendli,2
chanel,2
dorinda,2
aqua,2
popey,2
super-strong,2
contend,2
song-fil,2
broadway,2
homecom,2
lebrac,2
slip,2
pterano,2
struck,2
obey,2
ramona,2
beezu,2
polit,2
compass,2
strasser,2
abhishek,2
zohr,2
leblanc,2
showdown,2
grasp,2
magnat,2
athlet,2
maddi,2
scale,2
surgeri,2
geeki,2
gabbi,2
phone,2
dumb,2
weird,2
harold,2
yearn,2
bollywood,2
deranian,2
millionair,2
karaba,2
angelina,2
stripe,2
alaskan,2
valentin,2
brooklyn,2
piper,2
prayer,2
rick,2
soror,2
luti,2
pledg,2
associ,2
holland,2
memoir,2
divers,2
digit,2
digi-egg,2
koromon,2
agumon,2
greymon,2
andrew,2
freaki,2
tetrax,2
signal,2
horn,2
anubi,2
yugi,2
devis,2
loop,2
access,2
birk,2
denver,2
blankenhoop,2
utah,2
hitch,2
beanstalk,2
exclus,2
pawn,2
gandalf,2
diana,2
brook,2
befal,2
opportunist,2
imdb,2
schooler,2
fond,2
birch,2
dreamer,2
f.r.e.d.i,2
plain,2
melea,2
rent,2
romeo,2
frequent,2
zack,2
tomb,2
nicol,2
prey,2
hugh,2
treatment,2
rafe,2
seattl,2
butch,2
alexandra,2
arthurian,2
lancelot,2
pell,2
antboy,2
ocelot,2
drown,2
cyberina,2
manaphi,2
asthma,2
hanna,2
timid,2
re-liv,2
repres,2
peanut,2
popstar,2
airport,2
earl,2
hayley,2
ozzi,2
corrina,2
imperil,2
zeebad,2
velma,2
worrel,2
zhenya,2
weight,2
frosti,2
rigid,2
moniqu,2
distort,2
bullwinkl,2
mogul,2
freddi,2
erupt,2
palkia,2
bigg,2
dogsl,2
terrain,2
alyssa,2
kristyn,2
dunston,2
pauper,2
advantag,2
joanna,2
darth,2
vader,2
puberti,2
tender,2
coming-of-ag,2
massachusett,2
beer,2
declin,2
gannon,2
letha,2
eliza,2
stepson,2
elect,2
silent,2
donat,2
nichola,2
pleasant,2
home-mad,2
altera,2
inspiron,2
megasi,2
recount,2
dina,2
accra,2
dock,2
outback,2
storylin,2
devour,2
diagnos,2
adea,2
falkenstein,2
biker,2
that,2
dimmsdal,2
crocker,2
staci,2
ji-seon,2
ji-yeong,2
arnold,2
milan,2
craig,2
kirk,2
exil,2
lanni,2
marshal,2
tugboat,2
herman,2
2003,2
thornberri,2
first-ev,2
sixteen,2
outcom,2
umpteenth,2
margaret,2
toppl,2
unsuccess,2
farrel,2
asia,2
intim,2
nicknam,2
1966,2
ltd./columbia,2
virginia,2
mckenna,2
traver,2
adamson,2
kenya,2
vinglish,2
sentient,2
immeasur,2
fallbrook,2
student-elect,2
fondli,2
stormin,2
liquid,2
render,2
schuyler,2
slapstick,2
spray,2
costli,2
menial,2
muck,2
carver,2
death-defi,2
plea,2
undaunt,2
gutsi,2
brink,2
foul,2
wrist,2
bron,2
flyer,2
fatherhood,2
patern,2
adolph,2
wheelchair-bound,2
heartsick,2
dejectedli,2
cage,2
insult,2
drakken,2
gambl,2
flaw,2
tintin,2
cilan,2
damon,2
weaker,2
hurt,2
abel,2
sombertown,2
1917,2
sour,2
billboard,2
skateboard,2
screenplay,2
lanc,2
marco,2
murray,2
exchang,2
squabbl,2
garrison,2
nevertheless,2
goldhair,2
hann,2
lanchest,2
grindelwald,2
compil,2
mauric,2
wartim,2
steel,2
zarafa,2
maki,2
bind,2
hassan,2
one-hour,2
near-futur,2
overshadow,2
instabl,2
1981,2
friz,2
freleng,2
footag,2
depatie-freleng,2
marvel,2
batgirl,2
nightw,2
overdu,2
crime-fight,2
roshan,2
kalra,2
three-star,2
michelin,2
gulli,2
kochi,2
armaan,2
radha,2
mojo,2
afresh,2
christmastim,2
lngstrump,2
expir,2
px-41,2
sampl,2
chute,2
sattu,2
shaadi,2
mein,2
zaroor,2
aana,2
takicardi,2
quak,2
v-et-iii-font-viii-et-viii-font-xiv,2
chimneysweep,2
elop,2
guil,2
far-away,2
bara,2
magna,2
barren,2
tumtum,2
dumper,2
disk,2
landfil,2
renegad,2
fuller,2
belasco,2
signatur,2
inquiri,2
1001,2
batch,2
carrot,2
muncher,2
comrad,2
seamlessli,2
premis,2
beelin,2
yosemit,2
harem-lead,2
pain-in-the-spur,2
abalaba,2
sooner,2
saucer,2
unearthli,2
famer,2
gehrig,2
good-by,2
thirteen,2
carpent,2
sixti,2
bug-engin,2
tedium,2
permiss,2
ownership,2
nerv,2
farquaad,2
theloni,2
waterfal,2
raft,2
dog-sit,2
scraggli,2
rove,2
nugget,2
trude,2
revalisas,2
publicli,2
beaten,2
slyli,2
poten,2
wilbi,2
attorney,2
suki,2
unsuit,2
vienna,2
himmel,2
cutest,2
jingl,2
brim,2
tennant,2
'song,2
airshow,2
davey,2
super-resourc,2
vibrant,2
fontana,2
trevi,2
reenact,2
dolc,2
vita,2
dolan,2
freshli,2
whirlwind,2
jelli,2
asian-american,2
surfer-dud,2
magically-induc,2
prowess,2
despot,2
madman,2
waterburi,2
open-heart,2
bobbi,2
1909,2
commemor,2
courthous,2
long-forgotten,2
yowi,2
yahoo,2
underbelli,2
mumbai,2
bust,2
darken,2
muscular,2
willpow,2
solder,2
fanat,2
asthmat,2
programm,2
health,2
fantas,2
norri,2
full-fledg,2
malgor,2
kilowatt,2
zartog,2
luna,2
walpurgi,2
advers,2
rumpumpel,2
dilig,2
easier,2
abraxa,2
brushogun,2
benbow,2
beseig,2
s.s.,2
trelawney,2
livesey,2
isiand,2
scaliwag,2
all-things-kiss,2
crimson,2
kissteria,2
greenway,2
korea,2
rucio,2
quixot,2
insan,2
enchancia,2
music-fil,2
step-fath,2
roland,2
step-sibl,2
thyler,2
richest,2
dubiou,2
skyler,2
tailspin,2
mami,2
grimwood,2
variat,2
connecticut,2
laptop,2
proprietor,2
mega-mart,2
fishi,2
symbol,2
cattl,2
heck,2
hoard,2
sensibl,2
bicentenni,2
remodel,2
chasen,2
hamblin,2
disprov,2
rascals-initi,2
vizma,2
belevica,2
spiritu,2
comprehend,2
contradictori,2
vivid,2
school-mistress,2
clavel,2
covington,2
californian,2
romania,2
'circl,2
ireland,2
hogan,2
dublin,2
ice-cool,2
mahon,2
'colleg,2
foley,2
parcel,2
patbot,2
deploy,2
postal,2
spotlight,2
makeov,2
dog-out-of-wat,2
2gether,2
paw-tap,2
guthri,2
after-school,2
hairstyl,2
adorn,2
all-star,2
multi-raci,2
olli,2
dissolut,2
neera,2
dhadakn,2
punjabi,2
anil,2
kapoor,2
priyanka,2
farhan,2
akhtar,2
ranveer,2
singh,2
anushka,2
sharma,2
rahul,2
bose,2
appearance.on,2
30th,2
fuzzi,2
tug-of-war,2
muster,2
grouchland-a,2
huxley,2
selfish,2
grimm,2
jacob,2
momsen,2
sandman,2
howi,2
mandel,2
louisa,2
alcott,2
autobiograph,2
concord,2
1860,2
fixat,2
first-rat,2
bonker,2
looni,2
inter-gener,2
standoff,2
speaker,2
corcoran,2
telegram,2
loud,2
schoolboy,2
godzilla,2
er-do-wel,2
thirty-someth,2
joan,2
hart,2
appeas,2
lopez,2
lucr,2
high-pay,2
trophi,2
all-anim,2
munchkin,2
twister,2
paw-to-paw,2
fiance,2
deck,2
veggietal,2
cucumb,2
interrupt,2
macdonald,2
booti,2
interstellar,2
maximilian,2
allig,2
illeg,2
boiler,2
cottag,2
gulliv,2
blefiscu,2
life-threaten,2
julian,2
dick,2
fake,2
carpool,2
donut,2
contempl,2
armor,2
proce,2
famil,2
teslison,2
hard-as-nail,2
snowbal,2
whichev,2
deterior,2
sloan,2
stylish,2
caitlin,2
coma,2
uneth,2
jilt,2
1892,2
chill,2
unorthodox,2
mourn,2
1857,2
'stori,2
appropri,2
forward,2
jack-o'-lantern,2
directionless,2
substitut,2
entangl,2
aadavari,2
matalaku,2
ardhalu,2
verul,2
selvaraghavan,2
directori,2
debut,2
venkatesh,2
kota,2
srinivasa,2
sriram,2
yuvan,2
shankar,2
raja,2
deriv,2
missamma,2
nandi,2
filmfar,2
remad,2
yaaradi,2
mohini,2
dhanush,2
nayantara,2
lead.th,2
jyothika,2
esperanza,2
prohibit,2
marbl,2
franchis,2
uncanni,2
clandestin,2
orchestr,2
homemad,2
tundra,2
pointy-head,2
dishonest,2
panic,2
papier,2
harriet,2
welsch,2
marion,2
hawthorn,2
blogger,2
dampier,2
adrea,2
action-adventur,2
heart-stop,2
bodyguard,2
bannon,2
carrer,2
matheson,2
cheaper,2
dozen,2
gilbreth,2
rhode,2
montclair,2
jersey,2
anecdot,2
complex,2
stein,2
dejavu,2
cataclysm,2
scatter,2
ruptur,2
space-tim,2
continuum,2
wrath,2
azazel,2
shadowi,2
nephilim,2
chapman,2
briberi,2
angi,2
spitfir,2
math,2
salvat,2
ill.,2
subject,2
gothic,2
lair,2
mega-megamind,2
automobil,2
partli,2
parol,2
pocket,2
smoker,2
thick,2
satellit,2
horseback,2
berri,2
unsanitari,2
beehiv,2
monterrey,2
non-u.s.,2
remarri,2
child-lik,2
notorieti,2
aimless,2
hostel,2
conduct,2
peer-pressur,2
bag-n-baggag,2
foursom,2
bungalow,2
sameer,2
holman,2
mastrantonio,2
swayz,2
gunni,2
betti,2
sock,2
bana,2
overtaken,2
overlord,2
zhong,2
armageddon,2
therapi,2
horse-whisper,2
eastern,2
andalusia,2
chapel,2
deputi,2
svenja,2
valkyri,2
deadbeat,2
bicker,2
overdos,2
maacher,2
jhol,2
master-chef,2
curri,2
quintessenti,2
bengali,2
delicaci,2
vanc,2
malcolm,2
meagan,2
wesley,2
mcbride,2
kellita,2
jurne,2
smollett,2
ismail,2
ivori,2
kazuo,2
ishiguro,2
countess,2
richardson,2
aristocraci,2
fienn,2
centerpiec,2
jomon,2
surprisingli,2
blast,2
space-ag,2
face-off,2
thaw,2
belt,2
orbit,2
brightest,2
sheamu,2
alicia,2
seth,2
rollin,2
tag-team,2
prevail,2
time-warp,2
2016,2
encompass,2
wizart,2
moral,2
afro-latino,2
weasel,2
roller-coast,2
python,2
galleri,2
well-lov,2
panchayat,2
ullahanan,2
monoton,2
marit,2
infus,2
odonnel,2
irish,2
busboy,2
expat,2
yangtz,2
ivey,2
dolley,2
cleatu,2
musso,2
proudli,2
brewster,2
allergi,2
josi,2
loren,2
entranc,2
blackboard,2
first-tim,2
classroom,2
prejudici,2
lino,2
kingsford,2
helltrack,2
fantaghir,2
walton,2
kick-start,2
priscilla,2
elev,2
doyl,2
extol,2
virtu,2
voldar,2
loma,2
simple-mind,2
lackey,2
parochi,2
vridlos,2
prision,2
kjeld,2
1996,2
kristin,2
cartwright,2
thorn,2
ochoa,2
slimi,2
mufasa,2
jana,2
bean,2
editor,2
1870,2
anthropologist/adventur,2
bureau,2
otherworldli,2
classifi,2
newbi,2
moss,2
odd-bal,2
watt,2
haunter,2
arsen,2
ninnu,2
kori,2
essenti,2
much-in-lov,2
self-suffici,2
globe-trot,2
'french,2
quint,2
tasti,2
entre,2
escargot,2
pumba,2
'boarshoi,2
'russia,2
killimanjaro,2
baby-sit,2
u.s.a.,2
'rocki,2
stinkbug,2
grub,2
crawli,2
setup,2
websit,2
chaperon,2
orlean,2
delay,2
passeng,2
jefferson,2
souped-up,2
tale-inspir,2
squander,2
despond,2
anthropologist,2
heretofor,2
skirt,2
makeup,2
shelmikedmu,2
primit,2
enthral,2
scholar,2
spite,2
thier,2
marme,2
lauri,2
camel,2
1977,2
niven,2
mckern,2
divin,2
down-to-earth,2
appeal,2
'vinnie-pukh,2
uneasili,2
canon,2
coars,2
minimalist,2
picture-book,2
amphitheatr,2
unnam,2
neighbourhood,2
malici,2
christmas-them,2
dreamworld,2
breakdown,2
lookout,2
dinotopia,2
survivor,2
dropout,2
blamer,2
businesswoman,2
injustic,2
reciev,2
tape,2
knox,2
renaiss,2
enlighten,2
ander,2
lundin,2
barrington,2
all-too-human,2
im-paws-,2
foreclosur,2
hightail,2
all-out,2
cholera,2
frail,2
deform,2
immens,2
melancholi,2
wail,2
fangtast,2
londoom,2
gorelean,2
glamor,2
boo-vi,2
hauntlywood,2
draculara,2
trix,2
neither,2
argu,2
elmer,2
poni,2
long-tim,2
akhil,2
year-old,2
swear,2
horizon,2
anxious,2
succumb,2
dartksid,2
trecher,2
pendragon,2
abdic,2
slay,2
prokofiev,2
solitari,2
volatil,2
unspoken,2
discuss,2
uncertainti,2
jackdaw,2
vulner,2
fest,2
ramon,2
lasagna,2
g-man,2
partner-in-fun,2
arlen,2
alpin,2
chesnai,2
foundri,2
galabru,2
shack,2
flashback,2
elisa,2
tovati,2
guisepp,2
stefano,2
accorsi,2
carbon,2
'hoop,2
sneaker,2
lhikan,2
unrest,2
organis,2
axel,2
derail,2
tavern,2
coincid,2
zeynep,2
ever-fear,2
kebab,2
college-bound,2
landi,2
christ,2
griev,2
belka,2
strelka,2
irredeem,2
venya,2
program-train,2
armour,2
macquack,2
rubber,2
golf,2
surrend,2
tireless,2
dribbl,2
hazi,2
summertim,2
ontario,2
dirti,2
discover,2
nake,2
upstair,2
hard-work,2
step-daught,2
clearli,2
bleed,2
rins,2
spindel,2
unsympathet,2
housework,2
gladli,2
step-sist,2
#NOMBRE?,2
dooley,2
trucker,2
claymat,2
thatcher,2
halley,2
judgment,2
charit,2
constel,2
celesti,2
outward,2
visibl,2
inward,2
tallest,2
minaret,2
prophesi,2
yield,2
discord,2
foretold,2
dwelt,2
shoemak,2
tack,2
cobbler,2
shall,2
special-op,2
all-vampir,2
all-werewolf,2
integr,2
midland,2
anita,2
rutter,2
chore,2
antiqu,2
cheap,2
hong,2
kong,2
catacomb,2
coordin,2
copenhagen,2
elverhj,2
overtur,2
boogeyman,2
malevol,2
burgerman,2
seventh-grad,2
griffith,2
sturgeon,2
hindi,2
popo,2
stan,2
suitcas,2
reno,2
parsel,2
mimino,2
airlin,2
heritag,2
moultri,2
noisi,2
bullerbyn,2
premier,2
willard,2
quarter,2
catherin,2
blinki,2
liverpool,2
alek,2
austin,2
okavango,2
shizuka,2
anina,2
surrealist,2
croquet,2
sauron,2
summercamp,2
'children,2
funer,2
maxwel,2
anti-gravit,2
onset,2
nickpress,2
krusti,2
jerktonium-lac,2
fruitcak,2
kurt,2
post,2
boardroom,2
career-chang,2
euphrania,2
wed.,2
drastic,2
cheeri,2
bride-fin,2
bleakman,2
tummi,2
yummi,2
cleo,2
t-bone,2
cityboy,2
suna,2
cloudboy,2
cari,2
piti,2
interced,2
rarest,2
senseless,2
psychologist,2
hostess,2
advertis,2
perfum,2
blue-skin,2
gong,2
therefor,2
hunger,2
afoul,2
marlinspik,2
moulinsart,2
presum,2
belgium,2
18-yr-old,2
unsettl,2
orson,2
broken-down,2
mid-american,2
trick-or-treat,2
skultim,2
derbi,2
gargoyl,2
crest,2
aquat,2
extravaganza,2
inuit,2
northpol,2
toyland,2
barnabi,2
airk,2
krad,2
phobia,2
morgana,2
indiffer,2
karan,2
jentri,2
aalimammookka,2
rover,2
loui,2
madonna,2
domino,2
drill,2
woodcutt,2
brutal,2
sheela,2
chacko,2
lectur,2
afflict,2
enfold,2
anymor,2
anguish,2
neglig,2
prakash,2
landlord,2
atreyapuram,2
andhra,2
pradesh,2
jayasudha,2
bangararaju,2
naresh,2
raju,2
sharwanand,2
forefath,2
ragahvarju,2
makar,2
sankranti,2
email,2
convey,2
midlif,2
crux,2
madicken,2
junibacken,2
1910,2
sweden,2
hublot,2
idiosyncrat,2
spooktakular,2
watercolour,2
all-ag,2
rotten,2
frightdom,2
mediocr,2
headless,2
horseman,2
bing,2
crosbi,2
armin,2
mueller-stahl,2
hayden,2
panettier,2
bribe,2
five-tail,2
migrant,2
graveyard,2
exoner,2
courtroom,2
cleaver,2
all-american,2
ohio,2
teen-ag,2
pleas,2
haskel,2
ball-lik,2
blink,2
pulsat,2
helois,2
blight,2
tutelag,2
autocrat,2
gripe,2
zabladowski,2
grimli,2
hammer,2
doze,2