world,413,
find,381,
young,335,
must,272,
life,271,
love,259,
evil,244,
magic,237,
power,235,
time,227,
help,225,
live,222,
year,215,
take,212,
stori,208,
friend,205,
girl,205,
famili,204,
mysteri,201,
2,200,2
becom,198,
discov,194,
come,186,
save,183,
make,172,
human,171,
name,167,
film,167,
forc,157,
turn,153,
fall,143,
king,140,
back,140,
meet,138,
father,137,
woman,136,
adventur,132,
earth,130,
home,127,
battl,126,
death,126,
return,124,
kill,122,
first,121,
citi,120,
peopl,120,
princess,115,
follow,114,
face,112,
three,112,
begin,110,
town,108,
secret,107,
fight,107,
stop,106,
journey,106,
monster,106,
beauti,104,
land,103,
work,100,
daughter,100,
plan,99,
soon,97,
warrior,97,
fairi,97,
dream,97,
night,96,
littl,96,
ancient,95,
learn,95,
witch,94,
children,94,
vampir,93,
want,93,
escap,92,
centuri,92,
howev,90,
order,90,
dark,90,
call,90,
hero,89,
travel,88,
creatur,88,
school,86,
bring,85,
togeth,85,
destroy,84,
christma,84,
tale,82,
dragon,82,
protect,81,
group,80,
decid,80,
demon,80,
ghost,79,
anim,79,
away,78,
villag,78,
true,77,
lead,77,
chang,76,
jack,76,
hous,76,
mother,75,
also,75,
join,74,
brother,74,
thing,72,
appear,72,
past,71,
final,71,
queen,71,
base,71,
tell,70,
race,69,
search,69,
small,69,
wish,68,
quest,67,
fate,66,
princ,66,
arriv,66,
realiti,65,
sister,65,
surviv,65,
book,65,
start,65,
even,64,
place,64,
kingdom,64,
heart,64,
strang,64,
anoth,63,
lost,63,
last,62,
leav,62,
soul,62,
spirit,62,
wife,62,
good,62,
seri,61,
real,61,
danger,60,
along,60,
seek,60,
realiz,60,
rescu,60,
great,60,
form,59,
attempt,59,
around,59,
giant,58,
team,57,
rule,57,
movi,57,
exist,56,
black,56,
includ,56,
supernatur,56,
believ,56,
curs,55,
know,55,
disappear,55,
child,55,
play,55,
upon,55,
visit,55,
hand,54,
marri,54,
creat,54,
star,54,
hope,53,
known,53,
murder,53,
like,53,
charact,52,
high,52,
angel,52,
chanc,51,
captur,51,
move,51,
futur,50,
defeat,50,
ever,50,
whose,50,
parent,50,
caus,50,
within,49,
hunt,49,
kidnap,49,
long,49,
fantasi,49,
island,49,
seem,48,
encount,48,
look,48,
well,47,
show,47,
classic,46,
embark,46,
event,46,
head,46,
scientist,46,
never,45,
mission,45,
legendari,45,
four,45,
keep,45,
accident,45,
investig,45,
local,45,
game,45,
plot,45,
experi,45,
everyon,45,
teenag,44,
control,44,
still,44,
later,44,
meanwhil,43,
enemi,43,
threaten,43,
haunt,43,
dead,43,
give,43,
white,43,
transform,43,
across,42,
armi,42,
lord,42,
fear,42,
master,42,
music,42,
univers,41,
alien,41,
wizard,41,
forest,41,
everi,41,
struggl,41,
would,41,
best,41,
happen,41,
possess,41,
break,40,
person,40,
left,40,
former,40,
sent,40,
part,40,
everyth,39,
develop,39,
bodi,39,
attack,39,
hunter,39,
could,39,
entir,39,
mean,39,
apart,39,
women,39,
free,39,
send,38,
light,38,
cast,37,
ultim,37,
immort,37,
john,37,
right,37,
gener,37,
planet,37,
band,37,
problem,37,
determin,37,
student,37,
stone,36,
countri,36,
version,36,
spell,36,
green,36,
beast,36,
legend,36,
present,36,
accid,36,
threat,35,
mountain,35,
need,35,
lose,35,
origin,35,
santa,35,
build,35,
heaven,35,
devil,34,
prove,34,
peter,34,
hell,34,
insid,34,
castl,34,
hidden,34,
rest,34,
inhabit,34,
girlfriend,33,
confront,33,
royal,33,
grant,33,
blood,33,
special,33,
complet,33,
spend,33,
grow,33,
mani,33,
enter,33,
reveal,33,
babi,33,
epic,32,
clan,32,
taken,32,
troubl,32,
orphan,32,
sever,32,
challeng,31,
destruct,31,
much,31,
fantast,31,
made,31,
space,31,
imagin,31,
continu,30,
leader,30,
villain,30,
sinc,30,
feel,30,
famou,30,
societi,30,
miss,30,
claim,29,
york,29,
ring,29,
uncl,29,
deadli,29,
noth,29,
happi,29,
open,29,
david,29,
releas,29,
pass,29,
deal,29,
agent,28,
side,28,
civil,28,
among,28,
other,28,
arthur,28,
pirat,28,
michael,28,
ship,28,
success,28,
parti,28,
govern,28,
behind,28,
wake,28,
differ,28,
popular,28,
next,28,
member,27,
american,27,
abil,27,
invad,27,
ruin,27,
quickli,27,
moon,27,
knight,27,
ordinari,27,
awaken,27,
unleash,27,
mind,27,
mythic,27,
allow,27,
belov,27,
outsid,27,
golden,27,
though,27,
reveng,27,
second,27,
trap,27,
thor,26,
adapt,26,
action,26,
desir,26,
comedi,26,
fill,26,
forev,26,
histori,26,
tribe,26,
peac,26,
busi,26,
alon,26,
watch,26,
five,26,
restor,25,
treasur,25,
unit,25,
destini,25,
short,25,
incred,25,
train,25,
professor,25,
charm,25,
cours,25,
weapon,25,
stay,25,
late,25,
steal,25,
descend,25,
hold,25,
desert,25,
hide,25,
blue,25,
transport,25,
given,25,
lover,25,
memori,25,
novel,25,
dinosaur,25,
aveng,24,
twist,24,
without,24,
faith,24,
childhood,24,
desper,24,
mystic,24,
born,24,
middl,24,
overcom,24,
gift,24,
modern,24,
survivor,24,
wonder,24,
london,24,
wall,24,
suddenli,24,
magician,24,
nightmar,24,
collect,23,
crime,23,
friendship,23,
rais,23,
husband,23,
featur,23,
talk,23,
hire,23,
gold,23,
unfortun,23,
captain,23,
suffer,23,
mari,23,
grandfath,23,
accompani,23,
respons,23,
kind,23,
crew,23,
manag,23,
attract,23,
cassi,23,
godzilla,23,
emerg,22,
reunit,22,
rise,22,
superhero,22,
convinc,22,
explor,22,
stand,22,
promis,22,
snow,22,
terror,22,
ident,22,
separ,22,
sequel,22,
fact,22,
greatest,22,
involv,22,
unknown,22,
someth,22,
reincarn,22,
result,22,
hercul,22,
prepar,21,
superman,21,
held,21,
bear,21,
natur,21,
figur,21,
coupl,21,
fail,21,
owner,21,
close,21,
partner,21,
mansion,21,
obsess,21,
etern,21,
sens,21,
street,21,
wick,21,
pari,21,
fire,21,
mortal,21,
adult,21,
deep,21,
anyth,21,
enchant,21,
gang,21,
crimin,21,
truth,21,
test,21,
trip,21,
sorcer,21,
stumbl,21,
scroog,21,
pokmon,21,
priest,21,
alli,20,
america,20,
throne,20,
prevent,20,
polic,20,
rival,20,
realli,20,
inherit,20,
british,20,
found,20,
alway,20,
relationship,20,
brave,20,
rich,20,
victim,20,
artist,20,
remain,20,
cinderella,20,
excit,20,
monk,20,
kate,20,
cult,20,
commun,20,
japanes,20,
japan,20,
disney,19,
answer,19,
report,19,
super,19,
harri,19,
comic,19,
ladi,19,
state,19,
holiday,19,
french,19,
north,19,
track,19,
lone,19,
hole,19,
share,19,
toward,19,
eventu,19,
prison,19,
think,19,
vision,19,
doraemon,19,
soldier,19,
director,19,
imprison,18,
question,18,
captiv,18,
mankind,18,
femal,18,
walk,18,
eccentr,18,
cousin,18,
skill,18,
although,18,
detect,18,
shop,18,
halloween,18,
georg,18,
handsom,18,
beyond,18,
monkey,18,
brutal,18,
carri,18,
jungl,18,
sleep,18,
intent,18,
romanc,18,
storm,18,
rose,18,
teach,18,
reach,18,
killer,18,
drawn,18,
sexual,18,
receiv,18,
actual,18,
locat,18,
adopt,18,
nobita,18,
care,18,
surpris,18,
serv,17,
immedi,17,
unlik,17,
wind,17,
major,17,
extraordinari,17,
befriend,17,
drive,17,
mask,17,
gain,17,
realm,17,
connect,17,
variou,17,
enough,17,
wander,17,
palac,17,
chosen,17,
godmoth,17,
clock,17,
seven,17,
heroic,17,
troll,17,
third,17,
ride,17,
courag,17,
seal,17,
possibl,17,
fallen,17,
tini,17,
fortun,17,
summer,17,
colleg,17,
crusad,17,
plagu,17,
tokyo,17,
agre,17,
sinist,17,
video,17,
wors,17,
perfect,17,
door,17,
note,17,
earli,17,
sell,17,
enlist,17,
teen,17,
normal,17,
alic,17,
alex,17,
bizarr,17,
machin,17,
shadow,16,
asgard,16,
sacrific,16,
dwarv,16,
anyon,16,
iron,16,
fearsom,16,
vike,16,
chao,16,
reign,16,
thank,16,
terribl,16,
someon,16,
guard,16,
scienc,16,
line,16,
wood,16,
complic,16,
titan,16,
friendli,16,
aaron,16,
attend,16,
chase,16,
park,16,
birthday,16,
crown,16,
tree,16,
fianc,16,
unexpect,16,
romant,16,
violent,16,
fellow,16,
readi,16,
commit,16,
rabbit,16,
teacher,16,
paul,16,
word,16,
abandon,16,
refus,16,
full,16,
letter,16,
bird,16,
date,16,
offer,16,
martial,16,
moment,15,
jane,15,
bilbo,15,
defend,15,
cold,15,
underworld,15,
resid,15,
fulfil,15,
instead,15,
center,15,
morn,15,
contain,15,
terrifi,15,
cruel,15,
fiction,15,
loos,15,
broken,15,
launch,15,
bond,15,
jason,15,
doctor,15,
emperor,15,
count,15,
perform,15,
rock,15,
whole,15,
studi,15,
interest,15,
neighbor,15,
calvin,15,
wrong,15,
servant,15,
popul,15,
hundr,15,
discoveri,15,
assist,15,
cross,15,
wild,15,
elizabeth,15,
pursu,15,
crash,15,
written,15,
suicid,15,
episod,15,
toni,15,
templ,15,
boyfriend,15,
german,15,
twin,15,
sword,15,
saint,15,
larg,14,
advanc,14,
nation,14,
ruthless,14,
speci,14,
aliv,14,
bent,14,
vigilant,14,
greater,14,
uniqu,14,
gone,14,
luci,14,
susan,14,
scare,14,
west,14,
rage,14,
recov,14,
stalk,14,
wait,14,
road,14,
unusu,14,
catch,14,
task,14,
ball,14,
20th,14,
scheme,14,
bell,14,
trio,14,
organ,14,
process,14,
appl,14,
academi,14,
thousand,14,
horror,14,
trilog,14,
pick,14,
offic,14,
research,14,
comput,14,
vacat,14,
surround,14,
matter,14,
expedit,14,
afterlif,14,
china,14,
messag,14,
businessman,14,
corrupt,14,
gabriel,14,
brought,14,
daniel,14,
cloud,14,
poet,14,
millionair,14,
goddess,14,
inspir,13,
empir,13,
brilliant,13,
22nd,13,
risk,13,
museum,13,
heir,13,
estat,13,
water,13,
uncov,13,
hollow,13,
bore,13,
latest,13,
innoc,13,
almost,13,
wealthi,13,
river,13,
despit,13,
situat,13,
compet,13,
crystal,13,
fierc,13,
jame,13,
remot,13,
seen,13,
marriag,13,
widow,13,
effect,13,
unicorn,13,
case,13,
ella,13,
fish,13,
birth,13,
quit,13,
player,13,
pilot,13,
abduct,13,
invis,13,
havoc,13,
rememb,13,
shoe,13,
aunt,13,
onto,13,
scene,13,
summon,13,
dimens,13,
card,13,
ruler,13,
fantaghiro,13,
romualdo,13,
hyga,13,
propheci,12,
strength,12,
peril,12,
thirti,12,
gotham,12,
sort,12,
torn,12,
werewolf,12,
grey,12,
thought,12,
recruit,12,
shrek,12,
companion,12,
larri,12,
accept,12,
driven,12,
effort,12,
design,12,
english,12,
relic,12,
zombi,12,
size,12,
thief,12,
clau,12,
bank,12,
compani,12,
mental,12,
genet,12,
clue,12,
winter,12,
disguis,12,
singl,12,
beneath,12,
hilari,12,
hear,12,
grown,12,
televis,12,
imposs,12,
choic,12,
valley,12,
dare,12,
orphanag,12,
luck,12,
month,12,
chri,12,
intend,12,
resurrect,12,
tail,12,
invit,12,
path,12,
lisa,12,
food,12,
lesson,12,
execut,12,
divid,12,
caught,12,
mediev,12,
boss,12,
unabl,12,
dynasti,12,
blair,12,
clear,12,
underground,12,
goku,12,
solv,12,
guardian,12,
louie,12,
idea,12,
shot,12,
knowledg,12,
competit,12,
robot,12,
pull,12,
pretti,12,
cool,12,
gather,12,
social,12,
older,12,
voyag,12,
direct,12,
huge,12,
room,12,
hors,12,
goal,11,
veng,11,
thoma,11,
settl,11,
mutant,11,
ninja,11,
sure,11,
doom,11,
sailor,11,
edward,11,
cost,11,
nearli,11,
enjoy,11,
donkey,11,
prehistor,11,
came,11,
hogwart,11,
dwarf,11,
england,11,
hade,11,
cure,11,
blind,11,
bride,11,
suspect,11,
loki,11,
abus,11,
altern,11,
henri,11,
wing,11,
lamp,11,
strike,11,
monstrou,11,
feroci,11,
might,11,
unless,11,
farmer,11,
sing,11,
simon,11,
engag,11,
burn,11,
alter,11,
viciou,11,
grandmoth,11,
rubi,11,
lurk,11,
await,11,
shock,11,
project,11,
role,11,
ritual,11,
mermaid,11,
deed,11,
thwart,11,
sight,11,
domin,11,
price,11,
nanni,11,
parallel,11,
finish,11,
shelter,11,
farm,11,
statu,11,
consequ,11,
author,11,
told,11,
simpl,11,
class,11,
behavior,11,
slave,11,
dolittl,11,
talent,11,
week,11,
welcom,11,
vanish,11,
kong,11,
certain,11,
loss,11,
mirror,11,
barbarian,11,
wonderland,11,
citizen,11,
conquer,11,
bomb,11,
strong,11,
wreak,11,
combin,11,
california,11,
butterfli,11,
contemporari,11,
court,11,
kira,11,
samurai,11,
shoot,11,
import,11,
orpheu,11,
pair,11,
near,11,
drag,10,
newli,10,
odin,10,
foster,10,
darkest,10,
grip,10,
catastroph,10,
turtl,10,
sparrow,10,
werewolv,10,
quiet,10,
easi,10,
especi,10,
clutch,10,
longer,10,
defi,10,
transfer,10,
trail,10,
dealer,10,
refug,10,
common,10,
deliv,10,
approach,10,
anger,10,
potter,10,
flee,10,
portal,10,
cope,10,
parker,10,
forbidden,10,
jail,10,
cook,10,
upsid,10,
ghoul,10,
host,10,
intern,10,
squad,10,
hulk,10,
franchis,10,
sign,10,
roman,10,
succeed,10,
ventur,10,
amaz,10,
devast,10,
drug,10,
tragic,10,
choos,10,
creation,10,
purpos,10,
circumst,10,
charg,10,
pikachu,10,
rather,10,
electr,10,
notori,10,
flight,10,
write,10,
sexi,10,
erot,10,
shortli,10,
shun,10,
celebi,10,
invent,10,
charli,10,
festiv,10,
expos,10,
opportun,10,
store,10,
link,10,
circu,10,
conjur,10,
horrifi,10,
jonathan,10,
sinbad,10,
scooby-doo,10,
jake,10,
main,10,
coloni,10,
seduct,10,
stranger,10,
hour,10,
region,10,
number,10,
camp,10,
athena,10,
t'challa,9,
punish,9,
amazon,9,
conflict,9,
victor,9,
devis,9,
diabol,9,
modern-day,9,
aris,9,
destin,9,
all-new,9,
triangl,9,
seiz,9,
motion,9,
chain,9,
landscap,9,
presid,9,
tablet,9,
favorit,9,
color,9,
screen,9,
mark,9,
dracula,9,
sarah,9,
repres,9,
whisk,9,
corps,9,
nors,9,
confid,9,
oppos,9,
gwen,9,
wave,9,
nuclear,9,
money,9,
rebelli,9,
instal,9,
visitor,9,
spiritu,9,
pictur,9,
mischiev,9,
safe,9,
malevol,9,
pole,9,
kiss,9,
rogu,9,
predat,9,
hill,9,
garden,9,
central,9,
introduc,9,
assassin,9,
went,9,
slowli,9,
command,9,
sanctuari,9,
explain,9,
glow,9,
intrigu,9,
wash,9,
mous,9,
trust,9,
'the,9,
inde,9,
spoil,9,
tear,9,
camelot,9,
jewel,9,
ground,9,
imaginari,9,
novelist,9,
nephew,9,
retel,9,
simpli,9,
buri,9,
geni,9,
parodi,9,
energi,9,
spread,9,
miser,9,
speed,9,
pete,9,
momo,9,
endur,9,
hord,9,
europ,9,
exchang,9,
unexpectedli,9,
curiou,9,
naruto,9,
victori,9,
warlock,9,
classmat,9,
angri,9,
akira,9,
russel,9,
pain,9,
mage,9,
attent,9,
minion,9,
nearbi,9,
understand,9,
mile,9,
difficult,9,
product,9,
holi,9,
sakura,9,
suck,9,
writer,9,
fascin,9,
tragedi,9,
piec,9,
mytholog,9,
ryan,9,
chow,9,
azazel,9,
artifact,8,
unimagin,8,
reclus,8,
african,8,
resist,8,
cosmo,8,
desol,8,
consist,8,
period,8,
maze,8,
fearless,8,
unravel,8,
creator,8,
nemesi,8,
selen,8,
reclaim,8,
gorgeou,8,
fire-breath,8,
cave,8,
mrida,8,
sacr,8,
seemingli,8,
unstopp,8,
perseu,8,
breath,8,
blade,8,
lycan,8,
geniu,8,
poison,8,
throw,8,
skeptic,8,
insan,8,
shape,8,
crack,8,
fiona,8,
tire,8,
singer,8,
spent,8,
pixi,8,
rumpelstiltskin,8,
aladdin,8,
obtain,8,
better,8,
mice,8,
humankind,8,
whovil,8,
sole,8,
lovabl,8,
fend,8,
manner,8,
tinker,8,
entertain,8,
wendi,8,
neverland,8,
horrif,8,
backyard,8,
crash-land,8,
paper,8,
fester,8,
roam,8,
architect,8,
honor,8,
druid,8,
potion,8,
troop,8,
preciou,8,
recent,8,
deceas,8,
kevin,8,
view,8,
regain,8,
greedi,8,
harder,8,
expect,8,
initi,8,
helen,8,
sibl,8,
knock,8,
heal,8,
express,8,
least,8,
round,8,
hospit,8,
revel,8,
notebook,8,
frighten,8,
colleagu,8,
tall,8,
evolv,8,
usual,8,
winni,8,
pack,8,
tang,8,
barbi,8,
danc,8,
stepmoth,8,
blossom,8,
axel,8,
board,8,
endless,8,
murphi,8,
advic,8,
convent,8,
flesh,8,
genr,8,
liter,8,
mike,8,
estrang,8,
smart,8,
charlott,8,
limit,8,
secur,8,
except,8,
wolf,8,
stella,8,
secretli,8,
titl,8,
jackson,8,
worst,8,
becam,8,
actress,8,
atom,8,
baron,8,
clumsi,8,
front,8,
russian,8,
bound,8,
horribl,8,
surrealist,8,
ambiti,8,
chief,8,
shion,8,
shinigami,8,
lake,8,
fabl,8,
silent,8,
jill,8,
weird,8,
element,8,
depict,8,
chines,8,
celebr,8,
andrew,8,
treacher,8,
fighter,8,
shazam,8,
steve,8,
bargain,8,
spiral,8,
east,8,
belief,8,
rapunzel,8,
karen,8,
rumor,8,
chair,8,
leagu,8,
shaggi,8,
footag,8,
herbi,8,
experienc,8,
stolen,8,
charl,8,
normand,8,
bobbi,8,
camael,8,
alexa,8,
maria,8,
intergalact,7,
assum,7,
luke,7,
plung,7,
mighti,7,
arrog,7,
smaug,7,
assembl,7,
younger,7,
labyrinth,7,
mute,7,
foot,7,
vern,7,
thrust,7,
allianc,7,
dispatch,7,
bella,7,
jacob,7,
betray,7,
pregnant,7,
lifetim,7,
spectacular,7,
exhibit,7,
accomplish,7,
custom,7,
enorm,7,
ensur,7,
paint,7,
cover,7,
knew,7,
respect,7,
robin,7,
combat,7,
tomb,7,
tast,7,
matt,7,
european,7,
dorothi,7,
roger,7,
eddi,7,
stake,7,
egypt,7,
swamp,7,
trick,7,
clerk,7,
wear,7,
tyrann,7,
retreat,7,
humor,7,
successor,7,
enslav,7,
thrown,7,
loyal,7,
glass,7,
engin,7,
otherworldli,7,
nasti,7,
equal,7,
remi,7,
august,7,
current,7,
doubt,7,
faraway,7,
hard,7,
today,7,
long-lost,7,
unbeknownst,7,
smurf,7,
total,7,
bulli,7,
hall,7,
caesar,7,
style,7,
dust,7,
church,7,
employe,7,
exploit,7,
point,7,
addict,7,
danni,7,
exactli,7,
eric,7,
exact,7,
reward,7,
shine,7,
conspiraci,7,
prosper,7,
unknowingli,7,
1940,7,
level,7,
servic,7,
hideou,7,
overthrow,7,
decept,7,
scott,7,
wang,7,
physic,7,
practic,7,
mrs.,7,
reason,7,
tabl,7,
blur,7,
million,7,
aspir,7,
feet,7,
hatch,7,
moscow,7,
undertak,7,
folk,7,
explos,7,
career,7,
decis,7,
stepsist,7,
feed,7,
post-apocalypt,7,
aboard,7,
ocean,7,
radio,7,
protagonist,7,
hawk,7,
absenc,7,
michel,7,
mentor,7,
william,7,
superpow,7,
redempt,7,
violenc,7,
succe,7,
robert,7,
prospect,7,
coma,7,
rome,7,
indian,7,
activ,7,
previou,7,
seduc,7,
spring,7,
anniversari,7,
field,7,
miracl,7,
caretak,7,
select,7,
viru,7,
molli,7,
pacif,7,
predict,7,
resembl,7,
strand,7,
sold,7,
oper,7,
raven,7,
luca,7,
juli,7,
roll,7,
lightn,7,
frankenstein,7,
extrem,7,
replac,7,
provid,7,
italian,7,
kari,7,
penguin,7,
offici,7,
tough,7,
record,7,
transylvania,7,
ichigo,7,
hair,7,
unseen,7,
casey,7,
south,7,
notic,7,
touch,7,
middleton,7,
timmi,7,
nazi,7,
affair,7,
youth,7,
richard,7,
produc,7,
contact,7,
librari,7,
fairytal,7,
said,7,
mariposa,7,
banish,7,
throughout,7,
militari,7,
assign,7,
exot,7,
journalist,7,
contract,7,
occur,7,
poor,7,
treatment,7,
sometim,7,
gandahar,7,
marina,7,
seiya,7,
duel,7,
fought,6,
technolog,6,
wakanda,6,
wakandan,6,
panther,6,
all-pow,6,
live-act,6,
erebor,6,
sauron,6,
middle-earth,6,
glader,6,
shredder,6,
solo,6,
batman,6,
hobbit,6,
capt,6,
blow,6,
joker,6,
wage,6,
male,6,
cullen,6,
council,6,
stage,6,
swept,6,
retriev,6,
hiccup,6,
sophi,6,
daley,6,
gladiat,6,
hermion,6,
highland,6,
lion,6,
pevensi,6,
drastic,6,
undead,6,
agenda,6,
pose,6,
volunt,6,
institut,6,
ivan,6,
voldemort,6,
balanc,6,
elit,6,
hybrid,6,
unlock,6,
sudden,6,
psychiatrist,6,
archaeologist,6,
dwell,6,
murdock,6,
superhuman,6,
worri,6,
jessica,6,
valiant,6,
remak,6,
foil,6,
stanley,6,
ipkiss,6,
tina,6,
influenc,6,
junior,6,
brink,6,
18th,6,
avatar,6,
spider-man,6,
jasmin,6,
fairy-tal,6,
manhattan,6,
worker,6,
grinch,6,
hate,6,
cindi,6,
1950,6,
opposit,6,
wrath,6,
restaur,6,
trade,6,
clari,6,
alvin,6,
fade,6,
safeti,6,
global,6,
seasid,6,
crisi,6,
finger,6,
foreign,6,
cooper,6,
patriot,6,
soviet,6,
kaulder,6,
somewher,6,
14-year-old,6,
borrow,6,
gargamel,6,
addam,6,
fantasia,6,
egyptian,6,
manor,6,
grace,6,
sourc,6,
suprem,6,
hood,6,
grave,6,
speck,6,
crow,6,
intens,6,
emerald,6,
time-travel,6,
marrow,6,
theo,6,
scientif,6,
drake,6,
kombat,6,
warlord,6,
devilish,6,
intellig,6,
gari,6,
requir,6,
closer,6,
invinc,6,
observ,6,
sail,6,
carol,6,
webster,6,
bumbl,6,
hostil,6,
injur,6,
patient,6,
present-day,6,
comet,6,
yagami,6,
furiou,6,
will,6,
wherev,6,
henchmen,6,
goblin,6,
sentenc,6,
kung-fu,6,
clair,6,
bard,6,
vessel,6,
bloodi,6,
self,6,
vengeanc,6,
achiev,6,
thunder,6,
wacki,6,
irina,6,
outwit,6,
enigmat,6,
hong,6,
piano,6,
1900,6,
imag,6,
cant,6,
johnson,6,
gene,6,
nick,6,
focus,6,
would-b,6,
stronger,6,
delight,6,
ronal,6,
revolutionari,6,
leopold,6,
reluctantli,6,
21st,6,
forget,6,
scroll,6,
infant,6,
asleep,6,
16th,6,
worth,6,
avoid,6,
disturb,6,
lawyer,6,
sand,6,
cartoon,6,
mine,6,
corner,6,
reckless,6,
savag,6,
prize,6,
similar,6,
extra,6,
upcom,6,
franc,6,
yugoslavia,6,
derek,6,
fantma,6,
menac,6,
reform,6,
1930,6,
strip,6,
khan,6,
sewashi,6,
detach,6,
capit,6,
grasp,6,
brendan,6,
mummi,6,
liam,6,
drain,6,
step,6,
spaceship,6,
twenti,6,
flower,6,
fun-lov,6,
factori,6,
musician,6,
reliv,6,
seriou,6,
alter-ego,6,
timer,6,
rare,6,
whoever,6,
basement,6,
entei,6,
shipwreck,6,
flutterfield,6,
stormi,6,
amulet,6,
africa,6,
gorilla,6,
scotland,6,
updat,6,
daphn,6,
albert,6,
freedom,6,
devour,6,
doug,6,
neighborhood,6,
unfold,6,
qing,6,
display,6,
brook,6,
clash,6,
nekron,6,
fortress,6,
idol,6,
embrac,6,
satan,6,
wipe,6,
cassandra,6,
biolog,6,
cannon,6,
distant,6,
crush,6,
built,6,
hyde,6,
mercenari,6,
jealou,6,
dawn,6,
mount,6,
andrea,6,
ranger,6,
object,6,
drill,6,
flash,6,
took,6,
spanish,6,
plant,6,
grew,6,
channel,6,
myth,6,
dress,6,
tournament,6,
folklor,6,
maya,6,
grail,6,
fast,6,
spot,6,
interview,6,
madoka,6,
half,6,
cell,6,
merlin,6,
southern,6,
portrait,6,
banner,6,
wilder,6,
progress,6,
oppress,6,
accord,6,
jessi,6,
interrupt,6,
russia,6,
surreal,6,
anna,6,
disabl,6,
canari,6,
daffi,6,
rain,6,
martian,6,
ting,6,
bronz,6,
artemi,6,
madman,6,
muck,6,
antboy,6,
joey,6,
shuflandia,6,
kathleen,6,
mazarin,6,
faction,5,
reserv,5,
asgardian,5,
unsettl,5,
withstand,5,
reignit,5,
march,5,
bruce,5,
wayn,5,
diana,5,
allen,5,
deadliest,5,
janitor,5,
outcast,5,
sewer,5,
rever,5,
baggin,5,
fellowship,5,
poseidon,5,
forg,5,
pandora,5,
homicid,5,
smitten,5,
comfort,5,
fatal,5,
thirteen,5,
tyrant,5,
lori,5,
watchman,5,
span,5,
globe,5,
inadvert,5,
wise,5,
hapless,5,
sixth,5,
heiress,5,
construct,5,
francisco,5,
match,5,
sound,5,
scent,5,
sharp,5,
daredevil,5,
justic,5,
yellow,5,
dash,5,
amid,5,
misti,5,
playboy,5,
favourit,5,
extinct,5,
homag,5,
preserv,5,
disord,5,
asid,5,
graduat,5,
forgotten,5,
pact,5,
embroil,5,
gloriou,5,
midnight,5,
prophet,5,
cynic,5,
invas,5,
paranorm,5,
enthusiast,5,
abbi,5,
enchantress,5,
reconcil,5,
supremaci,5,
lack,5,
devot,5,
optimist,5,
polar,5,
branch,5,
fifteen,5,
appar,5,
everyday,5,
spook,5,
ward,5,
dave,5,
braini,5,
twelv,5,
hunger,5,
reli,5,
hook,5,
multipl,5,
unwittingli,5,
strive,5,
slay,5,
hansel,5,
gretel,5,
zone,5,
arrietti,5,
item,5,
stuck,5,
fake,5,
brash,5,
12-year-old,5,
candi,5,
announc,5,
ticket,5,
top-secret,5,
unawar,5,
juliu,5,
either,5,
crocodil,5,
target,5,
peculiar,5,
harvest,5,
suburban,5,
somehow,5,
breakdown,5,
scarc,5,
histor,5,
collid,5,
eleph,5,
silver,5,
niec,5,
christian,5,
religi,5,
hypnot,5,
schoolgirl,5,
routin,5,
conquest,5,
isol,5,
subject,5,
guest,5,
extraterrestri,5,
beam,5,
less,5,
sweetheart,5,
high-tech,5,
princip,5,
suppress,5,
covert,5,
steel,5,
surprisingli,5,
fiance,5,
mall,5,
daili,5,
thirst,5,
judith,5,
alexand,5,
1980,5,
victorian,5,
outskirt,5,
voic,5,
often,5,
exorcis,5,
casper,5,
stretch,5,
valuabl,5,
strict,5,
bedroom,5,
guinea,5,
attitud,5,
jenni,5,
revolv,5,
messeng,5,
arizona,5,
discord,5,
captor,5,
distanc,5,
outrag,5,
mate,5,
dazzl,5,
heard,5,
unearth,5,
19th,5,
listen,5,
inform,5,
furi,5,
suitor,5,
distract,5,
tyler,5,
gruesom,5,
dimwit,5,
clip,5,
sammi,5,
guid,5,
whilst,5,
resort,5,
virtual,5,
kung,5,
selfish,5,
upset,5,
bitter,5,
dreari,5,
melt,5,
sacrif,5,
miami,5,
normal-s,5,
ugli,5,
decemb,5,
christin,5,
thrill,5,
unfinish,5,
previous,5,
lizard,5,
frozen,5,
riddl,5,
stuffi,5,
newspap,5,
actor,5,
bewitch,5,
tenant,5,
agenc,5,
enabl,5,
depart,5,
misfit,5,
mongol,5,
specialist,5,
deepest,5,
instantli,5,
describ,5,
trial,5,
supposedli,5,
middle-ag,5,
admir,5,
happili,5,
inventor,5,
paradis,5,
harmless,5,
maiden,5,
surfac,5,
fist,5,
repress,5,
burst,5,
halloweentown,5,
17th,5,
pursuit,5,
nurs,5,
scream,5,
asset,5,
harsh,5,
hometown,5,
donald,5,
newborn,5,
kirik,5,
empress,5,
lavish,5,
overprotect,5,
apocalyps,5,
wound,5,
support,5,
moral,5,
duti,5,
laura,5,
vast,5,
club,5,
peasant,5,
sick,5,
properti,5,
grimm,5,
precis,5,
pokemon,5,
elimin,5,
denni,5,
gotten,5,
rukia,5,
blond,5,
magnet,5,
antholog,5,
faust,5,
emma,5,
documentari,5,
discipl,5,
request,5,
psychic,5,
mayb,5,
sheriff,5,
leprechaun,5,
ancestor,5,
whale,5,
mayor,5,
doesnt,5,
accus,5,
bibi,5,
full-length,5,
nefari,5,
affect,5,
thriller,5,
exil,5,
wreck,5,
luckili,5,
bloom,5,
jeremiah,5,
remind,5,
driver,5,
hardli,5,
deathstalk,5,
futurist,5,
regular,5,
clean,5,
flame,5,
midst,5,
hollywood,5,
mailbox,5,
countrysid,5,
jami,5,
reed,5,
elli,5,
rush,5,
hank,5,
acquir,5,
ghostli,5,
photograph,5,
realis,5,
hotel,5,
earlier,5,
public,5,
meteor,5,
outlaw,5,
hellboy,5,
fong,5,
reindeer,5,
countess,5,
seeker,5,
draw,5,
rediscov,5,
antoin,5,
dread,5,
thorn,5,
marcu,5,
infam,5,
intellectu,5,
shelley,5,
clow,5,
relat,5,
sang-hwan,5,
draculaura,5,
ghoulfriend,5,
redeem,5,
ariel,5,
jabez,5,
headlin,5,
extend,5,
mass,5,
gerda,5,
whether,5,
alik,5,
amidst,5,
madison,5,
chan,5,
minut,5,
lucif,5,
tower,5,
frog,5,
nativ,5,
cygnu,5,
jasper,5,
dian,5,
yuen,5,
graa,5,
station,5,
handl,4,
cosmic,4,
dora,4,
ensembl,4,
governor,4,
formid,4,
wrestl,4,
down-on-his-luck,4,
strongli,4,
uneasi,4,
astronom,4,
navi,4,
marin,4,
prowess,4,
swan,4,
childbirth,4,
all-out,4,
gandalf,4,
lego,4,
albeit,4,
cusp,4,
mettl,4,
down,4,
crood,4,
shield,4,
teddi,4,
attila,4,
unruli,4,
turmoil,4,
edmund,4,
narnia,4,
drown,4,
expert,4,
unholi,4,
ashitaka,4,
nightstalk,4,
freez,4,
dynam,4,
winchest,4,
repeat,4,
aristocrat,4,
attorney,4,
19th-centuri,4,
bereft,4,
studio,4,
swordsmen,4,
rodent,4,
ghoulish,4,
nightclub,4,
dorian,4,
blame,4,
stepfath,4,
ofelia,4,
perfum,4,
dumbledor,4,
unscrupul,4,
eater,4,
greec,4,
duke,4,
mutat,4,
eldest,4,
decad,4,
demigod,4,
poppi,4,
barbara,4,
chef,4,
decidedli,4,
culinari,4,
passion,4,
seventh,4,
anymor,4,
apprentic,4,
shadowhunt,4,
speak,4,
astonish,4,
chipmunk,4,
chubbi,4,
district,4,
tribut,4,
katniss,4,
instinct,4,
stronghold,4,
insect,4,
spin,4,
wheel,4,
float,4,
decim,4,
yearn,4,
flat,4,
debt,4,
minimoy,4,
larger,4,
lili,4,
humili,4,
jenna,4,
awesom,4,
willi,4,
wonka,4,
prompt,4,
holder,4,
attic,4,
lyra,4,
logic,4,
edifi,4,
brew,4,
asterix,4,
obelix,4,
site,4,
collin,4,
heartwarm,4,
jeopardi,4,
consol,4,
spectral,4,
slip,4,
14th,4,
homeland,4,
abbey,4,
drop,4,
napoleon,4,
lissa,4,
psychedel,4,
tour,4,
oscar,4,
bust,4,
horton,4,
cabin,4,
katherin,4,
appli,4,
biblic,4,
occurr,4,
draven,4,
haru,4,
propos,4,
bamboo,4,
enthral,4,
paulin,4,
conclus,4,
corpor,4,
graphic,4,
endow,4,
felin,4,
eeri,4,
torment,4,
smoke,4,
duck,4,
eisenheim,4,
annihil,4,
billi,4,
gizmo,4,
laboratori,4,
uncar,4,
telekinet,4,
bowen,4,
draco,4,
dwindl,4,
fractur,4,
unpopular,4,
wyatt,4,
peer,4,
worthi,4,
madelin,4,
ernest,4,
ador,4,
focu,4,
shift,4,
forth,4,
best-sel,4,
airport,4,
rhiannon,4,
raccoon,4,
mcphee,4,
grief-stricken,4,
bull,4,
fort,4,
ross,4,
score,4,
judah,4,
kayley,4,
1920,4,
jule,4,
geoff,4,
robbi,4,
benson,4,
armor,4,
godefroy,4,
smuggler,4,
winner,4,
harvey,4,
reaper,4,
fame,4,
maltazard,4,
devic,4,
timeless,4,
heffalump,4,
household,4,
applianc,4,
shut,4,
kind-heart,4,
proper,4,
hadley,4,
dramat,4,
saoirs,4,
bedtim,4,
landlord,4,
depress,4,
buck,4,
addit,4,
earn,4,
newcom,4,
obedi,4,
obstacl,4,
slightli,4,
virgin,4,
medallion,4,
passeng,4,
dump,4,
gwendolyn,4,
asuna,4,
oppon,4,
emil,4,
blonski,4,
diseas,4,
breed,4,
baba,4,
hungri,4,
sequenc,4,
smooth,4,
suicun,4,
bergen,4,
shoulder,4,
volcazar,4,
vanquish,4,
navarr,4,
philipp,4,
boat,4,
coast,4,
decrepit,4,
imboca,4,
dagon,4,
ex-boyfriend,4,
broke,4,
jade,4,
eras,4,
childless,4,
offend,4,
read,4,
carrol,4,
slumber,4,
nomad,4,
ebeneez,4,
error,4,
milton,4,
piper,4,
tough-as-nail,4,
lender,4,
thread,4,
co-exist,4,
demolish,4,
barney,4,
shakespear,4,
languag,4,
farrow,4,
2009,4,
ranch,4,
o'reilli,4,
celin,4,
misunderstand,4,
earthli,4,
habitat,4,
mischief,4,
awoken,4,
1992,4,
renegad,4,
bernier,4,
plastic,4,
billboard,4,
employ,4,
prone,4,
dispos,4,
champion,4,
berk,4,
gonzo,4,
odett,4,
claviu,4,
russ,4,
rusti,4,
8-year-old,4,
six-year-old,4,
walker,4,
runner,4,
intertwin,4,
gadget,4,
disastr,4,
simmon,4,
theresa,4,
exorc,4,
serpent,4,
cartoonist,4,
doodl,4,
humanoid,4,
submarin,4,
butcher,4,
archi,4,
western,4,
madcap,4,
flea,4,
reviv,4,
loneli,4,
gregg,4,
meier,4,
monkeybon,4,
stuart,4,
implant,4,
oona,4,
barrel,4,
dane,4,
neighbour,4,
cromwel,4,
witch-hunt,4,
redfern,4,
propel,4,
forward,4,
castaway,4,
saya,4,
makiho,4,
chanticl,4,
impos,4,
heroin,4,
edinburgh,4,
allegor,4,
strasser,4,
u.s.,4,
midwif,4,
media,4,
coastal,4,
clara,4,
lethal,4,
youngster,4,
deranian,4,
megalomaniac,4,
mauric,4,
type,4,
award,4,
walt,4,
rural,4,
maniac,4,
vega,4,
villa,4,
clone,4,
towani,4,
civilian,4,
mace,4,
cindel,4,
elder,4,
awri,4,
vice,4,
versa,4,
internet,4,
nightmarish,4,
altera,4,
gothic,4,
freak,4,
profit,4,
insist,4,
marley,4,
blood-soak,4,
maraud,4,
sphere,4,
norimichi,4,
yuusuk,4,
firework,4,
sincer,4,
zero,4,
kanto,4,
aura,4,
larn,4,
straight,4,
jarol,4,
naiv,4,
re-liv,4,
karakura,4,
unidentifi,4,
senna,4,
stink,4,
fodder,4,
emot,4,
doll,4,
sweep,4,
gale,4,
resourc,4,
scoobi,4,
underwat,4,
mostli,4,
filmmak,4,
toss,4,
constant,4,
dudley,4,
particip,4,
outcom,4,
beanstalk,4,
dozen,4,
disast,4,
rope,4,
privat,4,
appoint,4,
phantom,4,
ahab,4,
rachel,4,
deeper,4,
karl,4,
stork,4,
detail,4,
woonan,4,
jeon,4,
highli,4,
northwest,4,
sadist,4,
velma,4,
barren,4,
condit,4,
1960,4,
tension,4,
inner,4,
adam,4,
crook,4,
vehicl,4,
adversari,4,
proceed,4,
compos,4,
antonio,4,
satisfi,4,
absolut,4,
winx,4,
depend,4,
shirou,4,
advantag,4,
disrupt,4,
mothra,4,
suspici,4,
motley,4,
louis,4,
materi,4,
disappoint,4,
favor,4,
ying,4,
imperi,4,
india,4,
wast,4,
man-eat,4,
howl,4,
treat,4,
funni,4,
heat,4,
orient,4,
perfectli,4,
heathcliff,4,
avalon,4,
valu,4,
pretend,4,
inevit,4,
mayhem,4,
bandit,4,
grief,4,
frame,4,
nowher,4,
elderli,4,
flood,4,
tommi,4,
begun,4,
armageddon,4,
expel,4,
pearl,4,
pleasur,4,
blend,4,
diplomat,4,
shepherdess,4,
dialogu,4,
lure,4,
amus,4,
whatev,4,
increasingli,4,
amongst,4,
toto,4,
jealousi,4,
clinic,4,
drink,4,
gnome,4,
crazi,4,
venu,4,
truli,4,
siegfri,4,
wolv,4,
elmo,4,
recount,4,
ensu,4,
maid,4,
season,4,
done,4,
gill,4,
ning,4,
thiev,4,
polit,4,
warner,4,
johnni,4,
lifestyl,4,
drift,4,
mitsuki,4,
yuya,4,
hiyori,4,
saturday,4,
mowgli,4,
greg,4,
dive,4,
occas,4,
co-star,4,
radu,4,
viewer,4,
conduct,4,
overwhelm,4,
inuyasha,4,
toad,4,
kenneth,4,
11-year-old,4,
wallac,4,
13th,4,
eight,4,
radiat,4,
bayonetta,4,
snowglob,4,
kenni,4,
grand,4,
hammer,4,
undergo,4,
skinni,4,
hang,4,
germani,4,
barnabi,4,
nine,4,
jerusalem,4,
ksenia,4,
danish,4,
iolcu,4,
tollbooth,4,
milo,4,
dens,4,
reich,4,
brillianc,4,
dolf,4,
yobi,4,
bart,4,
keeper,4,
fergal,4,
cathal,4,
jakob,4,
arcad,4,
aelita,4,
dolbar,4,
olya,4,
thano,3,
despot,3,
infami,3,
infin,3,
inflict,3,
uncertain,3,
mantel,3,
nakia,3,
queen-moth,3,
princess-kid,3,
milaj,3,
'special,3,
ragnarok,3,
homeworld,3,
hela,3,
guidanc,3,
skywalk,3,
malekith,3,
recklessli,3,
laketown,3,
mirkwood,3,
azog,3,
defil,3,
fuel,3,
fuell,3,
selfless,3,
metahuman,3,
barri,3,
curri,3,
steppenwolf,3,
parademon,3,
x-men,3,
selv,3,
wckd-control,3,
other-worldli,3,
backdrop,3,
circa,3,
1962,3,
amphibi,3,
politician,3,
grim,3,
april,3,
wise-crack,3,
cameraman,3,
fenwick,3,
galact,3,
kylo,3,
stormtroop,3,
freewheel,3,
17th-centuri,3,
quarrel,3,
pillag,3,
port,3,
god-lik,3,
uncheck,3,
metropoliss,3,
savior,3,
frodo,3,
ringbear,3,
ill-fortun,3,
salazar,3,
trident,3,
headstrong,3,
parapleg,3,
washington,3,
departur,3,
remark,3,
rite,3,
chagrin,3,
insecur,3,
outlook,3,
stir,3,
ignor,3,
scottish,3,
archer,3,
ill-fat,3,
demis,3,
newlyw,3,
intrepid,3,
smithsonian,3,
swallow,3,
daylight,3,
bloodlin,3,
antiqu,3,
relentless,3,
stop-mot,3,
victoria,3,
flesh-eat,3,
triumph,3,
convict,3,
timid,3,
goon,3,
heist,3,
10-year-old,3,
strategi,3,
facil,3,
irresist,3,
warm,3,
sneak,3,
hyperion,3,
rampag,3,
wand,3,
apostl,3,
jillian,3,
subway,3,
patti,3,
impressionist,3,
texa,3,
10-year,3,
blockbust,3,
kwok,3,
action-pack,3,
sorceri,3,
foretold,3,
obviou,3,
ideal,3,
certainli,3,
kitchen,3,
fine,3,
heartbroken,3,
traumat,3,
bump,3,
perci,3,
sevil,3,
theodor,3,
unforgiv,3,
drunken,3,
arena,3,
self-discoveri,3,
watson,3,
oneself,3,
bernard,3,
bianca,3,
respond,3,
rufu,3,
super-hero,3,
conan,3,
gateway,3,
hell-bent,3,
retribut,3,
scout,3,
repossess,3,
block,3,
tooth,3,
reloc,3,
anonym,3,
tumbl,3,
youngest,3,
tiger,3,
blackbeard,3,
worldwid,3,
frenzi,3,
admit,3,
lucki,3,
chocol,3,
precoci,3,
carefre,3,
jordan,3,
cleopatra,3,
pharaoh,3,
eaten,3,
fabul,3,
freed,3,
neilson,3,
anni,3,
comrad,3,
chart,3,
brown,3,
loot,3,
overrun,3,
rapidli,3,
exquisit,3,
conspir,3,
stun,3,
height,3,
canin,3,
midgar,3,
laser,3,
howard,3,
ignit,3,
suspicion,3,
fuse,3,
besieg,3,
majest,3,
soar,3,
evacu,3,
spinster,3,
kryptonian,3,
mere,3,
storylin,3,
unconsci,3,
deliveri,3,
16-year,3,
workahol,3,
motorcycl,3,
dougla,3,
synthet,3,
yield,3,
fresh,3,
space-tim,3,
ruffian,3,
shuttl,3,
stinki,3,
infiltr,3,
apocalypt,3,
blaster,3,
saber,3,
willow,3,
isla,3,
storybook,3,
resolv,3,
face-to-fac,3,
reconnect,3,
refer,3,
reawaken,3,
suitabl,3,
sequest,3,
phenomen,3,
couch,3,
evict,3,
tamara,3,
seductress,3,
wield,3,
minist,3,
predatori,3,
bewild,3,
prey,3,
benefactor,3,
nobl,3,
real-lif,3,
unwelcom,3,
page,3,
liner,3,
carniv,3,
reluct,3,
bright,3,
shepherd,3,
bless,3,
someday,3,
eman,3,
belong,3,
particular,3,
sabotag,3,
sassi,3,
epidem,3,
shown,3,
fellini,3,
reflect,3,
self-esteem,3,
muscular,3,
raid,3,
bishop,3,
spain,3,
worship,3,
everywher,3,
nobleman,3,
tame,3,
tibetan,3,
timothi,3,
salem,3,
condemn,3,
renounc,3,
puritan,3,
dismal,3,
apparit,3,
intervent,3,
brighter,3,
waitress,3,
weak,3,
scrap,3,
fred,3,
slate,3,
puck,3,
pfeiffer,3,
assault,3,
measur,3,
1999,3,
millennium,3,
atheist,3,
cane,3,
ascend,3,
instruct,3,
cling,3,
tranquil,3,
annoy,3,
witchcraft,3,
profoundli,3,
acquaint,3,
cupboard,3,
sheep,3,
rent,3,
petti,3,
muppet,3,
kermit,3,
outer,3,
plenti,3,
distinguish,3,
assumpt,3,
darker,3,
ransom,3,
immers,3,
badli,3,
inc.,3,
acclaim,3,
munchausen,3,
suppos,3,
suburb,3,
program,3,
well-train,3,
wanda,3,
unrest,3,
batwoman,3,
telepath,3,
onlook,3,
segment,3,
herd,3,
gambler,3,
casino,3,
dant,3,
warmth,3,
ingenu,3,
macabr,3,
slaughter,3,
habit,3,
corinn,3,
miranda,3,
projectionist,3,
big-heart,3,
cabaret,3,
ruthlessli,3,
slow,3,
bath,3,
cottag,3,
edgar,3,
wukong,3,
ryuk,3,
bounti,3,
intercept,3,
dilemma,3,
stare,3,
korean,3,
neighbourhood,3,
hale,3,
massachusett,3,
tropic,3,
crab,3,
katana,3,
rooster,3,
disgrac,3,
struck,3,
unbeliev,3,
basketbal,3,
uptight,3,
punk,3,
iceland,3,
volcano,3,
percept,3,
balloon,3,
poacher,3,
beat,3,
delic,3,
uproot,3,
bill,3,
harold,3,
dori,3,
bolt,3,
residenti,3,
role-play,3,
lowli,3,
profion,3,
natali,3,
garag,3,
hallucin,3,
shatter,3,
valeria,3,
sadi,3,
weekend,3,
pressur,3,
jennif,3,
solut,3,
theater,3,
ambassador,3,
ewok,3,
nice,3,
stubborn,3,
edwina,3,
digimon,3,
parrotmon,3,
annabel,3,
dedic,3,
genuin,3,
jump,3,
mistak,3,
judg,3,
elain,3,
string,3,
convert,3,
auditorium,3,
sage,3,
warn,3,
grendel,3,
hrothgar,3,
beowulf,3,
reput,3,
beggar,3,
constantli,3,
bearer,3,
skip,3,
pool,3,
onlin,3,
scaveng,3,
amanda,3,
helena,3,
cameron,3,
humour,3,
cartograph,3,
carpathian,3,
heavi,3,
nest,3,
chariot,3,
akko,3,
highway,3,
kurosaki,3,
kuchiki,3,
environ,3,
foolish,3,
natsu,3,
term,3,
genius,3,
katsuhiro,3,
tomo,3,
science-fict,3,
statuesqu,3,
collaps,3,
jekyl,3,
life-chang,3,
dinner,3,
teas,3,
spice,3,
ex-husband,3,
contest,3,
bitten,3,
homunculu,3,
cellar,3,
climb,3,
lewi,3,
sensit,3,
print,3,
barn,3,
whimsic,3,
nightingal,3,
brandon,3,
tara,3,
push,3,
auction,3,
audrey,3,
candl,3,
associ,3,
apollo,3,
prestigi,3,
hibern,3,
duncan,3,
macleod,3,
theme,3,
priceless,3,
snatch,3,
fifth,3,
crocker,3,
promot,3,
definit,3,
philosophi,3,
elabor,3,
cassiel,3,
sander,3,
perhap,3,
shiro,3,
tomorrow,3,
archangel,3,
purgatori,3,
kiki,3,
sleepi,3,
morgan,3,
merri,3,
luffi,3,
drago,3,
shall,3,
maintain,3,
asylum,3,
bone,3,
despis,3,
diamond,3,
unemploy,3,
resent,3,
cocteau,3,
orphic,3,
testament,3,
harmoni,3,
hardship,3,
entranc,3,
orlando,3,
retain,3,
greek,3,
carlo,3,
fals,3,
nasa,3,
thale,3,
pastor,3,
visibl,3,
inexplic,3,
eun-soo,3,
lantern,3,
sean,3,
darbi,3,
depth,3,
xiao,3,
song,3,
magi,3,
intim,3,
elliot,3,
luxuri,3,
discworld,3,
system,3,
footbal,3,
atsuya,3,
trek,3,
reev,3,
lane,3,
nicola,3,
arrang,3,
ming,3,
peni,3,
homura,3,
akemi,3,
gutsi,3,
spooki,3,
rivalri,3,
headless,3,
horseman,3,
forgot,3,
primit,3,
outpost,3,
todd,3,
particularli,3,
athlet,3,
furri,3,
impress,3,
thrall,3,
loser,3,
alexia,3,
moor,3,
mechan,3,
persuad,3,
edit,3,
profession,3,
interpret,3,
mexico,3,
kringl,3,
skull,3,
schedul,3,
alejandro,3,
jodorowski,3,
earnshaw,3,
hindley,3,
catherin,3,
sherman,3,
cabot,3,
marco,3,
littlefoot,3,
murray,3,
broadway,3,
boot,3,
hurt,3,
homeless,3,
script,3,
brain,3,
irish,3,
staff,3,
tourist,3,
cultiv,3,
eponym,3,
kick,3,
heavenli,3,
deem,3,
phenomenon,3,
salesman,3,
capabl,3,
twilight,3,
bloodthirsti,3,
marvel,3,
lust,3,
housekeep,3,
formula,3,
emmanuel,3,
eastern,3,
billionair,3,
reef,3,
franki,3,
skin,3,
zhou,3,
feast,3,
rudolph,3,
alreadi,3,
occasion,3,
supervillain,3,
waterfal,3,
bathori,3,
contrari,3,
fell,3,
demand,3,
seer,3,
injuri,3,
harm,3,
snurk,3,
impi,3,
concert,3,
australia,3,
varieti,3,
medic,3,
switch,3,
hazen,3,
theatr,3,
cheng,3,
kriemhild,3,
brunhild,3,
feder,3,
all-star,3,
blanket,3,
taylor,3,
schoolboy,3,
byron,3,
kinomoto,3,
syaoran,3,
excess,3,
clarenc,3,
shore,3,
buddi,3,
integr,3,
spare,3,
dominiqu,3,
pure,3,
scrambl,3,
behav,3,
treati,3,
radic,3,
easili,3,
nieh,3,
scholar,3,
consid,3,
grandpa,3,
sheena,3,
tech,3,
cage,3,
kamui,3,
liber,3,
fella,3,
rupert,3,
flute,3,
gigant,3,
lilli,3,
tunnel,3,
ponder,3,
upris,3,
uneth,3,
occupi,3,
azura,3,
cowboy,3,
jiang,3,
intercut,3,
detent,3,
draft,3,
walter,3,
daydream,3,
mackenzi,3,
wataru,3,
treacheri,3,
valentin,3,
qualiti,3,
norway,3,
bridg,3,
surgeri,3,
fashion,3,
fright,3,
ocelot,3,
sorceress,3,
puppet,3,
aztec,3,
ciel,3,
romi,3,
unwil,3,
segawa,3,
pippi,3,
mirabella,3,
sara,3,
swordsman,3,
syndic,3,
salsa,3,
visual,3,
nobodi,3,
issu,3,
phear,3,
doyl,3,
bare,3,
wayward,3,
cammi,3,
sect,3,
cheung,3,
lyre,3,
ching,3,
bean,3,
hound,3,
poni,3,
lighthous,3,
aida,3,
dreamer,3,
news,3,
aoyama,3,
one-arm,3,
divin,3,
exorcist,3,
xena,3,
subconsci,3,
root,3,
atmospher,3,
takumi,3,
yuji,3,
yeti,3,
messina,3,
britain,3,
aladin,3,
hsiao,3,
merchant,3,
mcdhui,3,
tsar,3,
payload,3,
danielli,3,
spider,3,
sci-fi,3,
reappear,3,
asham,3,
gentleman,3,
health,3,
kiril,3,
mexican,3,
vladimir,3,
mid-level,3,
templar,3,
arrow,3,
golem,3,
tutor,3,
sultan,3,
hendrick,3,
taught,3,
celtic,3,
toyland,3,
wondrou,3,
valhalla,3,
chimpanze,3,
jonah,3,
faster,3,
andersen,3,
thai,3,
norton,3,
screw,3,
temporari,3,
itali,3,
poetic,3,
kent,3,
doubl,3,
terrorist,3,
belldandi,3,
dummi,3,
doze,3,
concern,3,
luka,3,
christ,3,
baro,3,
ireland,3,
jedi,3,
brenda,3,
correct,3,
daka,3,
silvania,3,
unconvent,3,
super-pow,3,
saori,3,
gourd,3,
yusuk,3,
drama,3,
lenni,3,
makoto,3,
katz,3,
minti,3,
lodg,3,
evangelin,3,
buzzi,3,
shiri,3,
audienc,3,
jared-syn,3,
taka,3,
crane,3,
alatyr,3,
gem-cutt,3,
zachariah,3,
nordr,3,
fleur,3,
yalo,3,
clownishli,2,
nocturn,2,
werewolf-hunt,2,
peace-lov,2,
fork,2,
reel,2,
centuries-old,2,
bliss,2,
misfortun,2,
renesme,2,
volturi,2,
mini-figur,2,
mistakenli,2,
masterbuild,2,
bein,2,
likabl,2,
smelli,2,
compatriot,2,
wisecrack,2,
manhood,2,
horrend,2,
haddock,2,
passag,2,
toothless,2,
spite,2,
self-indulg,2,
bennett,2,
tyrannosauru,2,
roosevelt,2,
ahkmenrah,2,
stiller,2,
fergu,2,
elinor,2,
relief,2,
macguffin,2,
surli,2,
macintosh,2,
disagre,2,
dingwal,2,
wardrob,2,
miraz,2,
trufflehunt,2,
badger,2,
nikabrik,2,
untim,2,
poltergeist,2,
farmhous,2,
insuffer,2,
frightmeist,2,
'silver,2,
surfer,2,
helpless,2,
pickl,2,
archiv,2,
amelia,2,
earhart,2,
lincoln,2,
peski,2,
eustac,2,
scrubb,2,
narnian,2,
'properti,2,
half-blood,2,
ainu,2,
boar,2,
eboshi,2,
crosshair,2,
abigail,2,
hannib,2,
deftli,2,
crime-fight,2,
batgirl,2,
dual,2,
frosti,2,
horticulturalist,2,
wedg,2,
firearm,2,
rifl,2,
evalu,2,
lara,2,
croft,2,
hand-to-hand,2,
moonlight,2,
raider,2,
powel,2,
textur,2,
perceiv,2,
function,2,
downtrodden,2,
scarecrow,2,
brick,2,
'toon,2,
pattycak,2,
snoop,2,
marvin,2,
prime,2,
aggress,2,
1978,2,
enchantingli,2,
buttercup,2,
westley,2,
stagger,2,
six-fing,2,
sicilian,2,
lovebird,2,
cozi,2,
octob,2,
skellington,2,
spindli,2,
shrunken,2,
rag-dol,2,
salli,2,
misguid,2,
magic-fil,2,
siriu,2,
sympathet,2,
lupin,2,
exud,2,
carlyl,2,
tyrel,2,
bailey,2,
bedford,2,
skinflint,2,
modest,2,
loan,2,
decay,2,
faun,2,
azeroth,2,
colon,2,
collis,2,
institution,2,
envis,2,
stud,2,
jean-baptist,2,
grenouil,2,
stench,2,
superior,2,
olfactori,2,
finest,2,
librarian,2,
detambl,2,
involuntarili,2,
clare,2,
abshir,2,
aang,2,
horcrux,2,
staci,2,
electro,2,
osborn,2,
tinkerbel,2,
periwinkl,2,
domest,2,
deal-mak,2,
dupe,2,
awaywher,2,
meth,2,
marketplac,2,
street-urchin,2,
jafar,2,
theseu,2,
gown,2,
slipper,2,
jersey,2,
erin,2,
gilbert,2,
yate,2,
holtzmann,2,
tolan,2,
snowflak,2,
munchkin-lik,2,
abhor,2,
disillus,2,
kraken,2,
perseus-th,2,
zeus-i,2,
quieter,2,
fisherman,2,
heliu,2,
weaken,2,
krono,2,
long-rul,2,
theyv,2,
thorson,2,
all-femal,2,
herald,2,
trickeri,2,
quell,2,
coma-lik,2,
fourteen-year-old,2,
vampire/lycan,2,
nissa,2,
biocom,2,
rodent-phob,2,
profess,2,
gusteau,2,
unwant,2,
toxin,2,
gregori,2,
boggart,2,
fray,2,
half-angel,2,
downworld,2,
swarm,2,
fleec,2,
songwrit,2,
impression,2,
entomb,2,
crypt,2,
unjustli,2,
millennia,2,
comprehens,2,
panem,2,
intimid,2,
tactic,2,
highly-train,2,
mentorship,2,
haymitch,2,
abernathi,2,
weigh,2,
nurseri,2,
untouch,2,
nausicaa,2,
shelv,2,
carnag,2,
meantim,2,
prick,2,
spindl,2,
malefic,2,
mouse-run,2,
penni,2,
republ,2,
vendetta,2,
cimmerian,2,
momoa,2,
hyboria,2,
encroach,2,
farmhand,2,
legendand,2,
astound,2,
unnatur,2,
2004,2,
icon,2,
scariest,2,
gunnison,2,
colorado,2,
extra-terrestri,2,
facehugg,2,
alien/pred,2,
ten-year,2,
descent,2,
pile,2,
stout,2,
beckon,2,
smack,2,
mainland,2,
vidia,2,
tink,2,
bleak,2,
thirteenth,2,
rink,2,
delici,2,
confectionari,2,
oompa,2,
loompa,2,
neverend,2,
atreyu,2,
falkor,2,
overhear,2,
belacqua,2,
otherwis,2,
conserv,2,
ambival,2,
getafix,2,
gaul,2,
elektra,2,
near-death,2,
assassin-for-hir,2,
barnaba,2,
1972,2,
collinwood,2,
once-grand,2,
regal,2,
moonston,2,
white-sheet,2,
unstuck,2,
passiv,2,
pestil,2,
buff,2,
closet,2,
purloin,2,
fabric,2,
various,2,
agamemnon,2,
half-vampire/half-human,2,
guardian-in-train,2,
vladamir,2,
strigoi,2,
nathaniel,2,
prostitut,2,
linda,2,
huerta,2,
autopsi,2,
slater,2,
galleon,2,
hawkin,2,
cyborg,2,
supernova,2,
mutini,2,
morrissey,2,
missionari,2,
expertis,2,
debunk,2,
phenomena,2,
louisiana,2,
guitarist,2,
flurri,2,
cutter,2,
juliet,2,
hulm,2,
literatur,2,
erotic,2,
kerstin,2,
gier,2,
sapphir,2,
liquid,2,
mild-mann,2,
patienc,2,
phillip,2,
eager,2,
gumsho,2,
ongo,2,
nell,2,
vanc,2,
sanderson,2,
sephiroth,2,
mako,2,
reduc,2,
steadili,2,
reconstruct,2,
geostigma,2,
afflict,2,
fledgl,2,
cigar,2,
illusionist,2,
betroth,2,
tumult,2,
monarchi,2,
inspector,2,
weaponri,2,
'peter,2,
'return,2,
gremlin,2,
worsen,2,
extraordinarili,2,
manolo,2,
2019,2,
suppli,2,
eglantin,2,
traine,2,
boost,2,
krypton,2,
gen.,2,
luthor,2,
jubei,2,
masterless,2,
arch-riv,2,
introduct,2,
wednesday,2,
pugsley,2,
pubert,2,
gomez,2,
morticia,2,
debbi,2,
jellinski,2,
gwyneth,2,
paltrow,2,
publicist,2,
effortlessli,2,
slide,2,
entangl,2,
overlap,2,
converg,2,
resign,2,
effici,2,
dogma,2,
roof,2,
trucker,2,
burton,2,
croni,2,
unmatch,2,
tama,2,
rapid,2,
fast-forward,2,
rewind,2,
overrul,2,
isabel,2,
tree-climb,2,
piglet,2,
susi,2,
salmon,2,
far-off,2,
rumpu,2,
hideaway,2,
gorman,2,
kryptonit,2,
psycholog,2,
rekindl,2,
contend,2,
supercomput,2,
noah,2,
averi,2,
releg,2,
bender,2,
mend,2,
inconceiv,2,
tentacular,2,
billion,2,
o'barr,2,
disobedi,2,
pallet,2,
ho-oh,2,
englishman,2,
ruber,2,
stuntman,2,
vivid,2,
philea,2,
fogg,2,
stabl,2,
masterson,2,
montmirail,2,
guarantor,2,
wife-to-b,2,
fertil,2,
repel,2,
effet,2,
jacquart,2,
chateau,2,
halley,2,
border,2,
identifi,2,
guilti,2,
utopia,2,
gloomy-look,2,
carrigan,2,
crittenden,2,
ricketi,2,
therapist,2,
friendliest,2,
fatso,2,
fleshi,2,
painter,2,
unsung,2,
krug,2,
animal-warrior,2,
gallian,2,
selenia,2,
betamech,2,
pipework,2,
elixir,2,
darko,2,
dweller,2,
never-end,2,
pooh,2,
tigger,2,
eeyor,2,
kanga,2,
elus,2,
darwin,2,
juarez,2,
mole,2,
speckl,2,
mooch,2,
leonard,2,
provinc,2,
dominion,2,
sprite,2,
dame,2,
devin,2,
delanc,2,
evil-do,2,
frieda,2,
granni,2,
folktal,2,
connor,2,
mead,2,
re-evalu,2,
canton,2,
slum,2,
slumlord,2,
innuit,2,
sled,2,
fresh-caught,2,
halibut,2,
pervad,2,
naturalist,2,
gofer,2,
ruse,2,
vivaci,2,
needi,2,
neuros,2,
accordion,2,
tune,2,
gaggl,2,
benni,2,
discard,2,
chitauri,2,
'item,2,
1000,2,
chieftain,2,
engulf,2,
physician,2,
squawk,2,
forlorn,2,
penelop,2,
wilhern,2,
stock,2,
untradit,2,
breakthrough,2,
flabbergast,2,
strangest,2,
array,2,
automaton,2,
troup,2,
maggi,2,
cash,2,
unattract,2,
enact,2,
cathol,2,
cliqu,2,
meddlesom,2,
pioneer,2,
1902,2,
self-contain,2,
nastassja,2,
kinski,2,
malcolm,2,
mcdowel,2,
orlean,2,
zoologist,2,
curat,2,
arous,2,
virtuou,2,
so-cal,2,
birthright,2,
disobey,2,
lift,2,
slew,2,
unpleas,2,
charmont,2,
matur,2,
sex-craz,2,
pine,2,
mother-and-son,2,
abbott,2,
winsom,2,
martinson,2,
assert,2,
promptli,2,
brood,2,
brit,2,
virtuoso,2,
roth,2,
interact,2,
cole,2,
sonand,2,
piccolo,2,
wielder,2,
unlimit,2,
saunder,2,
g-girl,2,
super-intellig,2,
telekinesi,2,
16-year-old,2,
solitari,2,
memento,2,
agartha,2,
morisaki,2,
cruelti,2,
truce,2,
anton,2,
coulson,2,
sitwel,2,
patsi,2,
ashor,2,
aquamarin,2,
lifeguard,2,
cockroach,2,
entomologist,2,
fluid,2,
roach,2,
mimic,2,
mcduck,2,
huey,2,
dewey,2,
webbi,2,
colli,2,
murlock,2,
montag,2,
pokbal,2,
4ever,2,
frederico,2,
self-portrait,2,
excel,2,
sceneri,2,
calendar,2,
quirki,2,
wuss,2,
scrawni,2,
alibert,2,
butteri,2,
zandra,2,
shield-maiden,2,
elric,2,
metrosexu,2,
elfin,2,
etienn,2,
isabeau,2,
gaston,2,
secret..they,2,
offspr,2,
machineri,2,
skulduggeri,2,
ordin,2,
scale,2,
armmorpg,2,
exclus,2,
augma,2,
wearabl,2,
augment,2,
stalem,2,
costum,2,
lohan,2,
accumul,2,
goodwil,2,
intricaci,2,
reject,2,
consider,2,
licens,2,
newfound,2,
crimson,2,
ayazuki,2,
self-proclaim,2,
meiji,2,
mausoleum,2,
alastair,2,
contentedli,2,
meander,2,
colder,2,
idealist,2,
steeli,2,
tightfist,2,
harden,2,
felon,2,
charger,2,
mercilessli,2,
irradi,2,
long-suff,2,
powder,2,
gave,2,
four-inch-tal,2,
batteri,2,
ociou,2,
psammead,2,
irrit,2,
gravel,2,
sunset,2,
flintston,2,
repay,2,
unpunish,2,
rightli,2,
bungl,2,
kline,2,
creep,2,
13-year-old,2,
fissur,2,
28th,2,
20-year-old,2,
jericho,2,
volkswagen,2,
beetl,2,
'durango,2,
dude,2,
durango,2,
russo,2,
supervis,2,
love-connect,2,
sandich,2,
fire-fight,2,
business-lik,2,
aviat,2,
griev,2,
bustl,2,
shio,2,
crop,2,
orchard,2,
ransack,2,
trinket,2,
mumbl,2,
creepi,2,
goings-on,2,
troublesom,2,
flatul,2,
kawa,2,
childlik,2,
mame,2,
1939,2,
cryogen,2,
mccormick,2,
nine-year-old,2,
freeway,2,
weatherman,2,
early-90,2,
libus,2,
safrankova,2,
sharpshoot,2,
outfit,2,
sport,2,
overshadow,2,
egocentr,2,
inconspicu,2,
trelkovski,2,
subtli,2,
lumin,2,
perhan,2,
romani,2,
quick-cash,2,
breakfast,2,
cereal,2,
misadventur,2,
knuckl,2,
uberta,2,
irrespons,2,
marchand,2,
lefebvr,2,
lucinda,2,
unfurl,2,
luce,2,
arch,2,
shiwan,2,
blaze,2,
duritz,2,
self-absorb,2,
'secret,2,
videogam,2,
account,2,
cat-typ,2,
seventeen,2,
13th-centuri,2,
batu,2,
self-sacrific,2,
sake,2,
evpati,2,
randl,2,
befal,2,
changan,2,
regan,2,
macneil,2,
vatican,2,
lighten,2,
blood-r,2,
crescent,2,
skinwalk,2,
signal,2,
principl,2,
killer-tir,2,
incredul,2,
kell,2,
aiden,2,
in-between,2,
supper,2,
pale,2,
assess,2,
50-foot,2,
radiu,2,
deeb,2,
zani,2,
noid,2,
nonetheless,2,
wari,2,
firefight,2,
ja-hong,2,
riddle-speak,2,
schmendrick,2,
second-r,2,
grue,2,
haggard,2,
meani,2,
pepperland,2,
anti-mus,2,
missil,2,
bonk,2,
glove,2,
liverpool,2,
beatl,2,
visionari,2,
adventuresom,2,
action-fantasi,2,
keen,2,
makeshift,2,
interplanetari,2,
fictiti,2,
clapet,2,
cupid,2,
mangi,2,
jeffri,2,
finch,2,
louie's/hi,2,
raoul,2,
lucil,2,
irasc,2,
overs,2,
bathroom,2,
limb,2,
bunch,2,
shrine,2,
unguard,2,
demonstr,2,
lung,2,
frivol,2,
subtext,2,
obsolesc,2,
strong-wil,2,
muir,2,
gull,2,
crusti,2,
lesli,2,
zevo,2,
leland,2,
war-mong,2,
gobber,2,
boneknapp,2,
poem,2,
kara,2,
impetu,2,
samantha,2,
wyndham,2,
xuan,2,
zang,2,
misa,2,
aman,2,
teru,2,
mikami,2,
kiyomi,2,
takada,2,
elbourn,2,
marku,2,
miley,2,
fraser,2,
horni,2,
wacked-out,2,
waystat,2,
plug,2,
snowbel,2,
mean-spirit,2,
skunk,2,
reeko,2,
wrist,2,
wearer,2,
o'leari,2,
blank,2,
dime,2,
mikey,2,
inappropri,2,
supermarket,2,
countdown,2,
15-year,2,
mirrormask,2,
cross-br,2,
avian,2,
ethan,2,
kendrick,2,
bottomless,2,
kalabar,2,
denizen,2,
unown,2,
brock,2,
boston,2,
1691,2,
gile,2,
bride-to-b,2,
dialogue-less,2,
orlok,2,
hutter,2,
bram,2,
stoker,2,
vampire-hunt,2,
liaison,2,
yokota,2,
amano,2,
foolhardi,2,
sunshine-h,2,
compli,2,
elina,2,
fairytopia,2,
bibbl,2,
henna,2,
powerlin,2,
hostess,2,
elvira,2,
falwel,2,
cookbook,2,
poodl,2,
ampl,2,
adjourn,2,
wolfman,2,
gillman,2,
assort,2,
reson,2,
rang,2,
excus,2,
compass,2,
wordless,2,
stray,2,
insepar,2,
interfer,2,
palett,2,
puriti,2,
award-win,2,
andrei,2,
anomali,2,
o'hara,2,
safest,2,
wildlif,2,
1874,2,
coldest,2,
endang,2,
kurosawa,2,
loch,2,
ness,2,
run-down,2,
noel,2,
guesthous,2,
byzantium,2,
eleanor,2,
frank,2,
deathli,2,
obes,2,
rudi,2,
mushmouth,2,
dumb,2,
aristotl,2,
giuditta,2,
karaba,2,
threshold,2,
furrow,2,
ecolog,2,
shaki,2,
world..,2,
izmer,2,
powerless,2,
savina,2,
thora,2,
birch,2,
jeremi,2,
depos,2,
good-vs.-evil,2,
babbitt,2,
alexi,2,
bledel,2,
winesap,2,
1914,2,
garber,2,
scriptur,2,
industrialist,2,
serious,2,
hideo,2,
exhaust,2,
unsatisfi,2,
frustrat,2,
presenc,2,
nearest,2,
francesca,2,
distress,2,
amend,2,
vibrant,2,
terri,2,
hoskin,2,
digit,2,
digi-egg,2,
koromon,2,
agumon,2,
greymon,2,
grab,2,
friday,2,
scenario,2,
advertis,2,
hypnosi,2,
evid,2,
horn,2,
file,2,
pint-siz,2,
elven,2,
liya,2,
elena,2,
alteran,2,
muse,2,
dilapid,2,
rollersk,2,
yuppi,2,
nakanogo,2,
genjuro,2,
ware,2,
omizo,2,
brother-in-law,2,
tobei,2,
unheed,2,
miserli,2,
1840,2,
foretel,2,
allegi,2,
qi-er,2,
reemerg,2,
grand-grandson,2,
predecessor,2,
saiyan,2,
batson,2,
shout,2,
streetwis,2,
courtesi,2,
wizard.stil,2,
godlik,2,
x-ray,2,
thaddeu,2,
sivana,2,
schoolchildren,2,
junichi,2,
nazuna,2,
hyper-link,2,
jerrica,2,
benton,2,
sensat,2,
music-driven,2,
sexist,2,
hedg,2,
wagner,2,
moura,2,
publicli,2,
alinn,2,
mora,2,
terroris,2,
amber,2,
electrocut,2,
prom,2,
aura-guid,2,
lucario,2,
massiv,2,
houndoom,2,
render,2,
offens,2,
cameroon,2,
resolut,2,
pythonesqu,2,
'jabberwocki,2,
surg,2,
glacier,2,
domain,2,
teegra,2,
sub-human,2,
ape-lik,2,
tens,2,
kiri,2,
videotap,2,
snail,2,
impass,2,
moat,2,
gush,2,
shini,2,
kagari,2,
interwoven,2,
mark-paul,2,
gosselaar,2,
mase,2,
beleagu,2,
sentient,2,
agito,2,
dragneel,2,
grappl,2,
wholeheartedli,2,
eugen,2,
lady-in-wait,2,
salvag,2,
urban,2,
populac,2,
thought-provok,2,
eye-pop,2,
directori,2,
morimoto,2,
tensai,2,
okamura,2,
veer,2,
wager,2,
prayer,2,
alchemist,2,
hels,2,
wolverin,2,
thanksgiv,2,
harlem,2,
24-year-old,2,
schoolteach,2,
merritt,2,
introvert,2,
125th,2,
exert,2,
pier,2,
therebi,2,
torok,2,
attain,2,
earthquak,2,
erupt,2,
bigg,2,
mistress,2,
julia,2,
serial,2,
battlefield,2,
hugo,2,
volcan,2,
turbo,2,
mickey,2,
harp,2,
inanim,2,
tycoon,2,
brightli,2,
pawn,2,
neck,2,
careless,2,
marni,2,
seven-year-old,2,
hamlet,2,
loyalist,2,
u-boat,2,
caprona,2,
gannon,2,
letha,2,
shrink,2,
martha,2,
elect,2,
fund,2,
pitch,2,
housefli,2,
stow,2,
twelve-year-old,2,
crumbl,2,
dawson,2,
dina,2,
unwillingli,2,
plain,2,
hector,2,
drunkard,2,
evok,2,
spoof,2,
roommat,2,
darryl,2,
coin,2,
adea,2,
falkenstein,2,
jerri,2,
jimi,2,
infect,2,
delet,2,
dick,2,
ishmael,2,
scar,2,
lair,2,
dimmsdal,2,
turner,2,
grade,2,
dorki,2,
hugh,2,
magnat,2,
scrappi,2,
incompar,2,
sabu,2,
wrap,2,
wwii,2,
backward,2,
paid,2,
overlook,2,
berlin,2,
mangl,2,
blink,2,
android,2,
union,2,
miner,2,
fremont,2,
unspeak,2,
wasteland,2,
shapeshift,2,
hardest,2,
weav,2,
gruffalo,2,
snake,2,
ahead,2,
retir,2,
korea,2,
thumb,2,
whenev,2,
porn,2,
braun,2,
mega-product,2,
harley,2,
buddha,2,
1983,2,
miller,2,
anthropomorph,2,
saniti,2,
rooki,2,
lanni,2,
prep,2,
orph,2,
upstart,2,
mara,2,
l.a.,2,
policeman,2,
1600,2,
solac,2,
podium,2,
modifi,2,
equip,2,
halt,2,
orfeu,2,
eurydic,2,
nova,2,
soundtrack,2,
lest,2,
strongest,2,
ridicul,2,
nonstop,2,
norwegian,2,
huldra,2,
preacher,2,
orchestr,2,
unhappi,2,
jesu,2,
messiah,2,
none,2,
chapter,2,
arabian,2,
enrol,2,
coolest,2,
storytel,2,
o'gil,2,
trickster,2,
fun-fil,2,
sixteen,2,
xiang,2,
circl,2,
asia,2,
emiya,2,
fuyuki,2,
suggest,2,
fanci,2,
nicknam,2,
loom,2,
valeri,2,
womanhood,2,
discern,2,
lecher,2,
temujin,2,
cliff,2,
gambl,2,
transcend,2,
beach,2,
jolli,2,
2012,2,
address,2,
1980,2,
boonme,2,
contempl,2,
himalaya,2,
christoph,2,
autist,2,
oliv,2,
chaotic,2,
organis,2,
divorc,2,
stole,2,
niehu,2,
squir,2,
icemen,2,
traffic,2,
puella,2,
magica,2,
defens,2,
guild,2,
phoenix,2,
annual,2,
mcbride,2,
mcclure,2,
evad,2,
awkward,2,
scholarship,2,
hairi,2,
agil,2,
shimmerval,2,
catania,2,
15-year-old,2,
hayley,2,
narrat,2,
hannah,2,
insult,2,
junkyard,2,
gustav,2,
giamatti,2,
extract,2,
mastermind,2,
archeolog,2,
arctic,2,
sombertown,2,
1917,2,
olymp,2,
kokon,2,
underw,2,
cathi,2,
typic,2,
stereotyp,2,
lanc,2,
senior,2,
guinever,2,
lancelot,2,
sweet,2,
client,2,
boil,2,
screenwrit,2,
felix,2,
interior,2,
babysitt,2,
cultur,2,
scari,2,
goldhair,2,
lanchest,2,
jone,2,
enlighten,2,
websit,2,
exasper,2,
spike,2,
jeff,2,
grindelwald,2,
gentl,2,
eren,2,
armin,2,
autom,2,
wili,2,
vortex,2,
damag,2,
willa,2,
breathtak,2,
absorb,2,
conway,2,
shangri-la,2,
pastim,2,
archenemi,2,
mockingbird,2,
sapien,2,
bloodbath,2,
unexplain,2,
lotu,2,
internship,2,
coral,2,
pyrokinet,2,
johann,2,
goeth,2,
barrier,2,
farnum,2,
rarest,2,
anywher,2,
gangster,2,
chen,2,
mainten,2,
bestsel,2,
angela,2,
infest,2,
enterpris,2,
suzi,2,
ambigu,2,
netherworld,2,
blackwolf,2,
poverti,2,
higher,2,
dicken,2,
eun-joo,2,
mare,2,
1999,2,
mail,2,
1997,2,
sung-hyun,2,
heavili,2,
empti,2,
succumb,2,
godfath,2,
ridley,2,
entiti,2,
renaiss,2,
wealth,2,
wuba,2,
maker,2,
provoc,2,
iolau,2,
amazonian,2,
hera,2,
movie-length,2,
high-school,2,
upside-down,2,
monster-s,2,
capac,2,
uncanni,2,
urmel,2,
usurp,2,
milan,2,
giulietta,2,
giorgio,2,
nudg,2,
taraba,2,
heritag,2,
vicki,2,
there,2,
milli,2,
loui,2,
liza,2,
nangijala,2,
cherri,2,
code,2,
covertli,2,
cthulhu,2,
nephilim,2,
soccer,2,
hatr,2,
variat,2,
motiv,2,
ludwig,2,
deviou,2,
spotlight,2,
necklac,2,
'alic,2,
psychot,2,
delia,2,
proof,2,
overtak,2,
prior,2,
simultan,2,
exposur,2,
fung,2,
ekin,2,
whisper,2,
tutelag,2,
subordin,2,
worm,2,
kassim,2,
zenobia,2,
caliph,2,
fold,2,
tuvok,2,
section,2,
carolinu,2,
ommedon,2,
cirqu,2,
soleil,2,
dreamlik,2,
goemon,2,
stepdaught,2,
jacko,2,
zealand,2,
unthink,2,
margaret,2,
grouchi,2,
garbag,2,
smith,2,
sandman,2,
fountain,2,
nani,2,
decor,2,
madli,2,
gate,2,
mainli,2,
shed,2,
dellamorta,2,
stung,2,
clearli,2,
sprawl,2,
polidori,2,
pavithran,2,
theft,2,
pappan,2,
argument,2,
shell,2,
war-torn,2,
alpin,2,
15th,2,
hugu,2,
laughter,2,
appreci,2,
grandpar,2,
bunyan,2,
babe,2,
symbol,2,
autumn,2,
ambush,2,
tomboy,2,
meadow,2,
flock,2,
skipper,2,
clever,2,
stylish,2,
newsman,2,
lore,2,
tancharoen,2,
choreograph,2,
anthoni,2,
fuma,2,
lavr,2,
monasteri,2,
andrey,2,
maximilian,2,
pharmaci,2,
dancer,2,
confin,2,
parasit,2,
elsewher,2,
braveri,2,
grumpi,2,
protector,2,
laloux,2,
massacr,2,
sylvain,2,
shea,2,
commando,2,
freeli,2,
selma,2,
subdu,2,
lizard-lik,2,
rayford,2,
unman,2,
rosenzweig,2,
soil,2,
opera,2,
popiel,2,
ziemowit,2,
coleman,2,
draiga,2,
visray,2,
perman,2,
talbot,2,
fisk,2,
network,2,
afraid,2,
spill,2,
amazingli,2,
kobayashi,2,
chastiti,2,
belt,2,
maxim,2,
rebel,2,
wi-jin,2,
heuk-woon,2,
superstar,2,
unrel,2,
leung,2,
discuss,2,
reptil,2,
roar,2,
crestview,2,
privileg,2,
suspens,2,
stephen,2,
blown,2,
mafia,2,
wong,2,
gigi,2,
kaiju,2,
mitti,2,
dutch,2,
confus,2,
cheer,2,
manifest,2,
smile,2,
atlanti,2,
topper,2,
oddli,2,
shadowi,2,
attach,2,
editor,2,
envi,2,
miniseri,2,
familiar,2,
chelsea,2,
mathmat,2,
crust,2,
solar,2,
eclips,2,
chronicl,2,
burden,2,
spectra,2,
creeperiff,2,
background,2,
earl,2,
sebastian,2,
aurora,2,
individu,2,
intestin,2,
frenchi,2,
mccloud,2,
basebal,2,
wooden,2,
sounga,2,
chrono,2,
guyver,2,
exit,2,
chop,2,
desideria,2,
selvaggia,2,
follow-up,2,
1988,2,
spunki,2,
floor,2,
harper,2,
wu-tang,2,
diego,2,
flair,2,
slapstick,2,
alongsid,2,
python,2,
largest,2,
stine,2,
nameless,2,
filippo,2,
ferri,2,
virtu,2,
kyoya,2,
ochoa,2,
redhead,2,
nicki,2,
fratern,2,
loveabl,2,
cecilia,2,
insomnia,2,
anita,2,
ekberg,2,
independ,2,
ni-chang,2,
weather,2,
incid,2,
gidor,2,
econom,2,
tung,2,
dragonslay,2,
anxiou,2,
sidekick,2,
goos,2,
scotti,2,
improv,2,
kostia,2,
ginni,2,
pleas,2,
retard,2,
mirag,2,
rein,2,
chest,2,
northfork,2,
alborea,2,
ramad,2,
gradual,2,
devout,2,
fourth,2,
on-san,2,
voltan,2,
declar,2,
recogn,2,
cruelli,2,
persecut,2,
withdrawn,2,
medium,2,
marian,2,
lunar,2,
unnam,2,
appetit,2,
lothor,2,
thug,2,
dinotopia,2,
noblewoman,2,
coron,2,
sofi,2,
alberto,2,
odyssey,2,
revolut,2,
conceiv,2,
fangtast,2,
tasmanian,2,
eagl,2,
kangaroo,2,
proposit,2,
alma,2,
window,2,
clawdeen,2,
easier,2,
goodby,2,
basqu,2,
yoko,2,
freddi,2,
alert,2,
khwaish,2,
denzel,2,
coffe,2,
mino,2,
campu,2,
brazil,2,
beiru,2,
joint,2,
cornwal,2,
outlandish,2,
janet,2,
brad,2,
nessi,2,
pond,2,
rubber,2,
netvor,2,
thomasina,2,
brewster,2,
amnesia,2,
termin,2,
cock,2,
taru,2,
joseph,2,
simplest,2,
smallest,2,
now-grown,2,
snape,2,
troubadour,2,
odiyan,2,
artur,2,
schoolmat,2,
sergey,2,
kostya,2,
translat,2,
sybil,2,
dialect,2,
gulliv,2,
tamino,2,
pamina,2,
depression-era,2,
unchart,2,
slaveri,2,
metru,2,
press,2,
pink,2,
random,2,
mundan,2,
averag,2,
buddhist,2,
lower,2,
doomsday,2,
rout,2,
venta,2,
quemada,2,
besid,2,
gallow,2,
hermit,2,
jean-marc,2,
parsel,2,
bang,2,
dissolv,2,
punch,2,
clay,2,
dutchman,2,
yacht,2,
callan,2,
beaten,2,
parad,2,
voraci,2,
octopu,2,
recal,2,
mnchhausen,2,
promin,2,
regim,2,
comment,2,
northpol,2,
blizzard,2,
violet,2,
ensnar,2,
denver,2,
ghostbust,2,
zeman,2,
paddl,2,
back-in-tim,2,
anathoth,2,
guis,2,
nori,2,
malucia,2,
in-depth,2,
highly-anticip,2,
berlanti,2,
marc,2,
guggenheim,2,
kreisberg,2,
phil,2,
klemmer,2,
mericl,2,
vandal,2,
hawkman,2,
hawkgirl,2,
firestorm,2,
metahistor,2,
electrotechnician,2,
lafayett,2,
anarchist,2,
feminist,2,
angelica,2,
tomato,2,
cucumb,2,
veggi,2,
eighth,2,
sochi,2,
artem,2,
caucasu,2,
georgia,2,
heap,2,
dune,2,
disgust,2,
insidi,2,
2047,2,
seth,2,
irreplac,2,
matchmak,2,
five-year-old,2,
pell,2,
tuck,2,
wannab,2,
melang,2,
iphitu,2,
pelia,2,
delect,2,
briefli,2,
clad,2,
argonaut,2,
tomoeda,2,
tarl,2,
splinter,2,
confisc,2,
brothel,2,
avant-gard,2,
stag,2,
lush,2,
cavedwel,2,
airmen,2,
maneat,2,
narrowli,2,
juster,2,
rhyme,2,
primari,2,
yugoslavian,2,
politico,2,
sexpot,2,
skater,2,
metaphor,2,
wilhelm,2,
goldstein,2,
magazin,2,
theori,2,
orgon,2,
analog,2,
stalin,2,
freudian,2,
w.r.,2,
subtitl,2,
step-sist,2,
muff,2,
orlai,2,
seekercassandrafight,2,
treason,2,
impuls,2,
execution,2,
monke,2,
plotless,2,
circular,2,
fluff,2,
mind-bend,2,
portland,2,
oregon,2,
unspoken,2,
critic,2,
recup,2,
philosoph,2,
munchhausen,2,
merriment,2,
underlin,2,
fault,2,
timemachin,2,
jeruzalem,2,
weari,2,
re-appear,2,
explod,2,
pant,2,
becki,2,
clark,2,
silsbi,2,
penetr,2,
townfolk,2,
cord,2,
knowleg,2,
zetan,2,
carnivor,2,
off-shor,2,
woodcutt,2,
randolph,2,
melani,2,
rape,2,
awak,2,
geum,2,
ba'al,2,
scatter,2,
terwillik,2,
vitya,2,
shi-eun,2,
hyo-shin,2,
taboo,2,
delay,2,
leyla,2,
dentist,2,
refuge,2,
boxer,2,
cymbal,2,
appropri,2,
distrust,2,
carrr,2,
danver,2,
content,2,
starr,2,
inclin,2,
fantas,2,
tradit,2,
eroticv,2,
lesbian,2,
2000,2,
zuleika,2,
mauricinho,2,
kagom,2,
menomaru,2,
covet,2,
cell-phon,2,
anesthet,2,
tinto,2,
olivia,2,
pierc,2,
ciao,2,
roma,2,
downey,2,
zoey,2,
financi,2,
javier,2,
campo,2,
petronella,2,
scottish/romani,2,
2017,2,
jumanji,2,
philip,2,
riverworld,2,
kblbck,2,
avers,2,
mega,2,
mondo,2,
cartoon-a-con,2,
sunni,2,
herculoid,2,
megabuck,2,
premier,2,
all-tim,2,
falcon,2,
dynomutt,2,
slime,2,
incorpor,2,
pizza-snack,2,
smother,2,
great-great,2,
jinx,2,
ciara,2,
bravo,2,
not-so-strang,2,
brett,2,
hijink,2,
second-in-command,2,
vilma,2,
bringer,2,
dither,2,
waistcoat,2,
pocket,2,
fulli,2,
sagitta,2,
scutum,2,
tateza,2,
jger,2,
orion,2,
cerebr,2,
rohmer,2,
sumuru,2,
propag,2,
mines..,2,
feng,2,
xiwu,2,
moonlit,2,
antihero,2,
incarcer,2,
deniabl,2,
high-risk,2,
commut,2,
shizu,2,
chiba,2,
industri,2,
jaguar,2,
sixteen-year,2,
jensen,2,
gawain,2,
mizuki,2,
krissi,2,
post,2,
trauma,2,
spacecraft,2,
saltwat,2,
mistaken,2,
substanc,2,
deserv,2,
moomin,2,
mytyl,2,
metro,2,
ayesha,2,
redwood,2,
shizuka,2,
suneo,2,
vancamp,2,
gamer,2,
dictat,2,
spiridonov,2,
gusev,2,
cantervil,2,
granddaught,2,
kukuru,2,
fond,2,
manufactur,2,
nahuala,2,
silvano,2,
prefect,2,
colonel,2,
fudo,2,
groundhog,2,
frost,2,
beatric,2,
exampl,2,
neither,2,
midgard,2,
clown,2,
yusei,2,
dogen,2,
rhode,2,
balang,2,
paraiso,2,
brom,2,
katrina,2,
humphrey,2,
oust,2,
fucsia,2,
mbwana,2,
traigon,2,
remov,2,
unison,2,
duplic,2,
manchu,2,
lindsay,2,
baishin,2,
blom,2,
wiplala,2,
holli,2,
rebecca,2,
alisand,2,
etzel,2,
hagen,2,
naoko,2,
ryoko,2,
hirosu,2,
flor,2,
1964,2,
gubarev,2,
kelvin,2,