young,302
find,296
famili,287
murder,233
becom,232
year,228
friend,225
kill,225
group,210
turn,210
mysteri,208
live,202
begin,199
take,190
hous,190
life,188
discov,185
town,182
must,173
woman,172
home,157
film,156
killer,154
vampir,153
death,151
come,149
girl,145
world,145
forc,143
surviv,137
human,137
night,136
soon,136
dead,135
peopl,133
return,125
evil,125
time,124
stori,120
secret,119
horror,118
back,114
investig,111
dark,109
escap,107
mother,107
strang,103
creatur,102
start,102
three,101
daughter,100
move,99
school,97
make,97
victim,94
fight,94
help,92
student,91
wife,90
zombi,89
monster,87
teenag,86
deadli,85
small,85
attack,84
terror,84
demon,83
save,83
learn,82
search,82
work,82
team,81
citi,81
haunt,80
nightmar,79
togeth,79
name,79
father,79
lead,78
someth,77
sister,77
event,77
follow,76
first,76
terrifi,76
crew,75
arriv,75
alien,74
game,74
place,74
decid,74
coupl,74
bodi,74
experi,74
love,71
realiz,70
face,70
past,70
child,70
later,69
power,69
attempt,69
seri,69
fear,69
children,68
call,68
blood,68
spirit,67
meet,67
serial,66
seem,65
stop,65
four,65
battl,64
local,64
remot,63
base,63
hunt,62
last,62
survivor,62
trap,62
fall,60
colleg,60
polic,60
american,60
even,60
order,59
leav,59
reveng,59
insid,58
destroy,58
danger,58
beauti,57
seek,56
island,56
john,56
also,56
hospit,56
struggl,55
happen,55
next,54
ancient,54
apart,53
earth,53
brother,53
husband,53
anoth,53
final,53
disappear,52
desert,52
tell,52
five,52
wood,52
sent,52
thing,52
break,52
villag,51
around,51
ghost,51
possess,51
howev,51
encount,50
scientist,50
tale,50
supernatur,50
high,50
truth,49
girlfriend,49
accid,49
brutal,49
believ,49
mental,49
hell,48
doctor,48
like,48
trip,47
lost,47
left,47
visit,47
hope,47
keep,47
dream,47
sinist,47
whose,47
protect,46
parent,46
travel,46
parti,46
horrif,45
found,45
long,45
real,45
bring,45
professor,45
york,44
stalk,44
littl,44
show,44
violent,44
want,44
upon,43
know,43
plan,43
head,43
wrong,43
behind,42
uncov,42
prison,42
join,42
commun,42
isol,41
caus,41
threaten,41
everi,41
play,41
kidnap,41
hunter,40
unleash,40
creat,40
teen,40
resid,39
bizarr,39
true,39
race,39
look,39
gruesom,39
abandon,38
explor,38
includ,38
known,38
disturb,38
detect,38
realiti,38
mission,38
horrifi,38
movi,38
receiv,38
within,37
could,37
countri,37
aliv,37
troubl,37
former,37
centuri,37
legend,37
obsess,36
soul,36
hand,36
curs,36
plagu,36
count,36
build,36
vision,36
open,36
person,35
planet,35
dracula,35
away,35
part,35
michael,35
cult,35
commit,35
control,35
never,34
weekend,34
cabin,34
bloodi,34
side,34
ship,34
appear,34
classic,34
suspect,34
women,34
miss,34
suffer,34
chang,34
alon,33
lake,33
innoc,33
along,33
across,33
exist,33
origin,33
convinc,33
boyfriend,33
report,33
deep,33
transform,33
sever,33
member,33
frankenstein,33
rachel,33
desper,32
claim,32
taken,32
space,32
lose,32
warn,31
great,31
govern,31
book,31
forest,31
street,31
ever,31
unknown,31
give,30
mansion,30
releas,30
determin,30
target,30
involv,30
grow,30
director,30
track,30
stay,30
crime,30
angel,30
strand,29
still,29
form,29
viru,29
confront,29
best,29
quickli,29
horribl,29
subject,29
enter,29
slowli,29
fate,29
water,28
hide,28
need,28
sadist,28
shark,28
priest,28
rise,28
neighbor,28
wake,28
gang,28
road,28
patient,28
castl,28
close,28
remain,27
abduct,27
contain,27
captur,27
crash,27
mind,27
presenc,27
anim,27
babi,27
invit,27
camp,27
vacat,27
agent,27
collect,27
much,27
plot,26
realli,26
everyon,26
unfortun,26
armi,26
spend,26
inhabit,26
insan,26
full,26
research,26
lock,26
board,26
reveal,26
paranorm,26
entiti,26
rescu,26
king,26
nurs,26
land,25
special,25
author,25
surround,25
train,25
band,25
accident,25
free,25
suddenli,25
rampag,25
hold,25
ident,25
black,25
soldier,25
tortur,25
hidden,25
drug,25
prepar,24
jack,24
rest,24
compani,24
terribl,24
beast,24
test,24
marri,24
worker,24
popul,24
shock,24
intent,24
mask,24
thriller,24
inherit,24
grave,24
mutant,24
femal,24
hotel,23
activ,23
good,23
sinc,23
state,23
suicid,23
continu,23
featur,23
middl,23
british,23
prove,23
infect,23
near,23
torment,23
watch,23
differ,23
undead,23
late,23
celebr,23
jason,23
owner,23
without,23
journey,23
contact,22
relationship,22
allow,22
spread,22
actual,22
mutat,22
occur,22
prey,22
outbreak,22
halloween,22
station,22
studi,22
witch,22
medic,22
develop,22
flesh,22
peac,22
stranger,22
other,21
well,21
descend,21
connect,21
david,21
trail,21
offic,21
gone,21
would,21
guest,21
perfect,21
project,21
case,21
pass,21
machin,21
memori,21
futur,21
ritual,21
abus,21
short,21
seven,20
send,20
childhood,20
record,20
ultim,20
eight,20
frighten,20
sheriff,20
mean,20
secur,20
urban,20
fail,20
video,20
giant,20
think,20
hire,20
instead,20
ground,20
result,20
spree,20
rock,20
room,20
youth,20
teacher,20
nazi,20
buri,20
pregnant,20
deal,19
imagin,19
facil,19
expedit,19
white,19
resurrect,19
appar,19
center,19
cross,19
cure,19
everyth,19
figur,19
underground,19
lone,19
pick,19
respons,19
artist,19
assist,19
california,19
worst,19
uncl,19
maniac,19
rural,19
inspir,19
consequ,19
stumbl,19
anyon,19
version,19
mari,19
produc,19
onlin,19
though,18
psychiatrist,18
reach,18
lurk,18
increasingli,18
weapon,18
manag,18
remak,18
west,18
mountain,18
gener,18
hour,18
pursu,18
locat,18
writer,18
christma,18
rule,18
farm,18
corps,18
england,18
church,18
recent,18
lover,18
second,18
veng,18
apocalyps,18
feel,18
documentari,17
thought,17
among,17
host,17
physic,17
someon,17
discoveri,17
outsid,17
unwittingli,17
chase,17
carri,17
estat,17
care,17
sarah,17
mani,17
psychic,17
made,17
loos,17
satan,17
militari,17
jami,17
idea,17
hord,17
stand,17
doll,17
twist,17
abil,17
charact,17
social,17
site,17
devil,17
meanwhil,17
psychologist,17
action,17
america,17
organ,17
privat,17
effect,17
univers,17
brought,17
mine,17
samantha,17
drive,17
direct,17
variou,17
tourist,16
emerg,16
tour,16
problem,16
answer,16
radio,16
might,16
sole,16
psychot,16
wors,16
invad,16
path,16
tragic,16
vanish,16
adult,16
saniti,16
wild,16
unit,16
earlier,16
freddi,16
star,16
master,16
steve,16
summer,16
walk,16
piec,16
embark,16
right,16
reviv,16
explain,16
unearth,16
savag,16
werewolf,16
transport,16
camera,16
door,16
decad,16
larg,16
link,16
tommi,16
addict,16
entir,15
enemi,15
dare,15
enlist,15
bloodthirsti,15
london,15
norman,15
infam,15
sign,15
caught,15
deceas,15
flee,15
histori,15
task,15
charg,15
expect,15
viciou,15
filmmak,15
situat,15
legendari,15
civil,15
devic,15
solv,15
light,15
singl,15
belov,15
phone,15
natur,15
homicid,15
newli,15
heart,15
asylum,15
crimin,15
monstrou,15
exorc,15
prank,15
jess,15
desir,15
scene,15
paul,15
japan,15
wolf,15
complet,15
seclud,15
separ,15
japanes,15
baron,15
properti,14
unawar,14
plant,14
seemingli,14
agre,14
texa,14
behavior,14
robert,14
faith,14
hels,14
tragedi,14
throw,14
fellow,14
instal,14
suburban,14
rage,14
effort,14
cannib,14
fill,14
despit,14
whole,14
havoc,14
malevol,14
william,14
twin,14
quiet,14
third,14
laura,14
matter,14
success,14
ambiti,14
perform,14
brain,14
sexual,14
myer,14
holiday,14
virgin,14
quarantin,14
moon,14
orphan,14
line,14
attract,13
wall,13
sens,13
bulli,13
mexico,13
morn,13
chri,13
visitor,13
messag,13
design,13
strike,13
sleep,13
shop,13
class,13
diseas,13
clear,13
wait,13
shadow,13
grisli,13
adventur,13
violenc,13
alic,13
creation,13
classmat,13
befriend,13
south,13
thoma,13
sacrific,13
predat,13
defeat,13
nearbi,13
leon,13
noth,13
exactli,13
jame,13
institut,13
tast,13
graduat,13
busi,13
juli,13
hometown,13
unsuspect,13
suppos,13
novel,13
posit,13
spring,13
modern,13
antiqu,13
convict,13
famou,13
leader,13
finish,13
drawn,13
evid,13
spider,13
share,13
partner,13
extrem,13
antholog,13
sound,12
signal,12
hero,12
derang,12
imposs,12
main,12
point,12
unabl,12
religi,12
notori,12
angri,12
johnni,12
disfigur,12
sequel,12
month,12
jigsaw,12
alreadi,12
enough,12
hill,12
psychiatr,12
overcom,12
promis,12
storm,12
store,12
elderli,12
bent,12
destruct,12
awaken,12
birthday,12
exact,12
park,12
emili,12
attend,12
basement,12
wander,12
wreak,12
blind,12
price,12
anyth,12
crocodil,12
frank,12
feed,12
suspicion,12
darkest,12
fatal,12
carter,12
recov,12
ride,12
georg,12
fantasi,12
creepi,12
fact,12
captain,12
jennif,12
psychopath,12
object,12
whether,12
popular,12
took,12
weird,12
talk,12
realis,12
santa,12
german,12
spiral,12
expert,12
expos,11
ignor,11
trust,11
choic,11
read,11
invas,11
townspeopl,11
skill,11
harker,11
krueger,11
refug,11
aggress,11
flesh-eat,11
scienc,11
sell,11
offer,11
citizen,11
particip,11
unlik,11
televis,11
comput,11
replac,11
rape,11
menac,11
less,11
corpor,11
readi,11
enigmat,11
seen,11
tape,11
knowledg,11
neighborhood,11
lawyer,11
henri,11
sara,11
happi,11
forev,11
cost,11
traumat,11
suppli,11
daniel,11
societi,11
threat,11
immedi,11
execut,11
quest,11
genet,11
manor,11
helen,11
accus,11
australian,11
stephen,11
wealthi,11
unexpect,11
unusu,11
martin,11
question,11
chain,11
stolen,11
itali,11
tree,11
experienc,11
mortal,11
assign,11
colleagu,11
widow,11
clean,11
jessica,11
lust,11
thousand,10
birth,10
bargain,10
younger,10
chief,10
captiv,10
transylvania,10
wilder,10
shelter,10
clan,10
skeptic,10
area,10
scare,10
chill,10
intern,10
gate,10
nation,10
eeri,10
chao,10
quit,10
safe,10
festiv,10
skin,10
farmhous,10
incid,10
onto,10
unravel,10
pari,10
vengeanc,10
18th,10
southern,10
occurr,10
bear,10
fortun,10
pictur,10
stuck,10
mark,10
deeper,10
nuclear,10
epidem,10
previou,10
rapidli,10
pull,10
desol,10
archaeologist,10
paranoia,10
crazi,10
deprav,10
tokyo,10
sleepi,10
arrest,10
highway,10
toxic,10
settl,10
beyond,10
unfold,10
almost,10
sibl,10
snake,10
eventu,10
resort,10
restor,10
coast,10
retreat,10
imprison,10
victor,10
present,10
loss,10
awak,10
comedi,10
pain,10
slaughter,10
internet,10
sight,10
angela,10
unspeak,10
hole,10
possibl,10
health,10
harri,10
journalist,10
mike,10
fish,10
number,10
occult,10
countrysid,10
document,10
phantom,10
oper,10
immort,10
freak,10
carmilla,10
gold,10
revolv,9
domin,9
clown,9
ripley,9
marin,9
border,9
u.s.,9
period,9
blade,9
gift,9
imag,9
prom,9
mass,9
breed,9
christin,9
adapt,9
serv,9
summon,9
nine,9
prevent,9
warrior,9
command,9
nightmarish,9
fresh,9
collaps,9
scrambl,9
footag,9
written,9
unborn,9
chanc,9
treat,9
etern,9
highli,9
north,9
queen,9
pair,9
rome,9
front,9
fiction,9
surfac,9
clair,9
circumst,9
miner,9
better,9
darker,9
client,9
introduc,9
counselor,9
alway,9
minut,9
subway,9
mate,9
born,9
aveng,9
man-eat,9
swamp,9
outpost,9
wonder,9
thirst,9
toward,9
prostitut,9
estrang,9
cope,9
hear,9
aunt,9
hostag,9
ghostli,9
awri,9
psycholog,9
fianc,9
steal,9
magic,9
lauri,9
staff,9
reclus,9
mankind,9
nowher,9
photo,9
grant,9
devast,9
nearli,9
system,9
photograph,9
diabol,9
meat,9
hungri,9
player,9
warden,9
tunnel,9
sexi,9
devour,9
gradual,9
write,9
jone,9
driver,9
engin,9
safeti,9
electr,9
whatev,9
conduct,9
drink,9
fire,9
pack,9
mill,9
trench,9
gangster,9
leprechaun,9
interview,9
treasur,9
nasti,9
hood,9
epecun,8
import,8
thirti,8
ruin,8
materi,8
will,8
observ,8
spaceship,8
distant,8
parasit,8
salvag,8
rose,8
kind,8
jonathan,8
aftermath,8
aspir,8
outcast,8
cash,8
bate,8
surpris,8
damien,8
tenant,8
relat,8
virginia,8
especi,8
wound,8
draw,8
liter,8
secretli,8
reunit,8
cave,8
raven,8
elit,8
latest,8
gather,8
field,8
lane,8
intellig,8
surgeon,8
warren,8
rais,8
beneath,8
defi,8
plane,8
increas,8
tear,8
simpl,8
scientif,8
ocean,8
circl,8
complex,8
actor,8
videotap,8
christian,8
fallen,8
handsom,8
nativ,8
invis,8
crystal,8
male,8
inform,8
voic,8
farmer,8
enjoy,8
victorian,8
astronaut,8
earli,8
spell,8
phenomena,8
louisiana,8
jungl,8
associ,8
harbor,8
block,8
employe,8
getaway,8
harass,8
niec,8
intend,8
complic,8
mirror,8
suspici,8
tall,8
belong,8
bite,8
museum,8
exhibit,8
reluctantli,8
campu,8
actress,8
luca,8
omin,8
east,8
bond,8
griev,8
massacr,8
northern,8
audienc,8
deliv,8
focu,8
detail,8
sci-fi,8
model,8
russian,8
europ,8
rout,8
eddi,8
unexplain,8
hollywood,8
public,8
australia,8
valentin,8
date,8
french,8
trauma,8
provid,8
insist,8
roommat,8
affair,8
awar,8
teeth,8
sneak,8
sentenc,8
sharknado,8
ginger,8
ireland,8
toni,8
princ,8
camper,8
emmanuel,8
huge,7
brief,7
step,7
refus,7
accept,7
caretak,7
shape,7
coloni,7
bank,7
given,7
simpli,7
nevil,7
assum,7
torn,7
rememb,7
push,7
motel,7
cover,7
construct,7
drop,7
grip,7
lure,7
brown,7
routin,7
ordinari,7
music,7
rare,7
consum,7
retir,7
challeng,7
silent,7
await,7
amanda,7
legaci,7
support,7
trio,7
billi,7
veteran,7
orgi,7
certain,7
malici,7
crypt,7
current,7
grown,7
small-town,7
escal,7
choos,7
gabriel,7
anna,7
common,7
rogu,7
view,7
jane,7
katherin,7
newborn,7
week,7
19th,7
conquer,7
ventur,7
broken,7
icon,7
somebodi,7
money,7
jump,7
boat,7
assail,7
madrid,7
inject,7
news,7
limbo,7
kept,7
maggi,7
townsfolk,7
massiv,7
goal,7
piranha,7
establish,7
charli,7
grandfath,7
confin,7
chucki,7
string,7
bride,7
heist,7
poison,7
insect,7
architect,7
gori,7
inspector,7
backwood,7
attent,7
treatment,7
explod,7
coma,7
moment,7
told,7
luke,7
interest,7
favorit,7
food,7
approach,7
sourc,7
check,7
laboratori,7
cousin,7
jill,7
burial,7
talent,7
romant,7
co-work,7
bullet,7
media,7
creator,7
strong,7
holden,7
tradit,7
region,7
knock,7
normal,7
stage,7
ghoul,7
seal,7
older,7
reason,7
disast,7
intens,7
assembl,7
marriag,7
sick,7
segment,7
captor,7
erot,7
ladi,7
manifest,7
myth,7
merci,7
feet,7
fashion,7
went,7
term,7
word,7
simon,7
miller,7
countess,7
hitchhik,7
spark,7
mutil,7
except,7
depict,7
stitch,7
entertain,7
ruthless,7
warlock,7
offici,7
tabl,7
alex,7
million,7
blue,7
esmeralda,7
stronger,7
hard,7
pretti,7
fascin,7
louis,7
becam,7
djinn,7
eastern,7
biolog,7
paint,7
eclips,7
initi,7
artifici,7
1970,7
morgan,7
tomb,7
seduct,7
joanna,7
rudolph,7
concern,7
batter,7
coffin,7
infest,7
landscap,6
kevin,6
chamber,6
vlad,6
teach,6
moral,6
danni,6
club,6
speci,6
nervou,6
immun,6
perhap,6
bitten,6
reimagin,6
senior,6
enorm,6
heather,6
burn,6
hundr,6
gypsi,6
lift,6
inexplic,6
epic,6
overrun,6
somehow,6
dealer,6
matthew,6
graveyard,6
real-lif,6
colonel,6
wasteland,6
demis,6
larger,6
graboid,6
theori,6
adopt,6
apprentic,6
cruel,6
bobbi,6
bare,6
spacecraft,6
trick,6
brink,6
held,6
hybrid,6
super,6
co-e,6
fame,6
unbeknownst,6
heroin,6
mexican,6
airport,6
julia,6
examin,6
newspap,6
blood-soak,6
dress,6
rebecca,6
carol,6
zone,6
motion,6
sidney,6
major,6
shore,6
drown,6
understand,6
squad,6
came,6
purpos,6
season,6
dement,6
grace,6
babysitt,6
dwindl,6
wear,6
linda,6
assassin,6
rayn,6
root,6
newfound,6
neighbour,6
cast,6
charm,6
reincarn,6
regain,6
kate,6
andi,6
crook,6
thiev,6
unlock,6
nest,6
suspens,6
passeng,6
novelist,6
arizona,6
annual,6
usual,6
experiment,6
evad,6
environ,6
hideou,6
stretch,6
hellish,6
friendli,6
alter,6
ensu,6
speak,6
haddonfield,6
stab,6
romero,6
grandmoth,6
flight,6
destin,6
karen,6
unwit,6
assault,6
dedic,6
advanc,6
pleasur,6
catch,6
deform,6
orlean,6
grotesqu,6
persist,6
dread,6
peter,6
catastroph,6
everywher,6
process,6
transmiss,6
throughout,6
guard,6
repair,6
cours,6
succumb,6
greatest,6
necessari,6
nobodi,6
charley,6
vincent,6
sewer,6
pursuit,6
midst,6
hitler,6
preserv,6
floor,6
pilot,6
villa,6
centiped,6
english,6
adam,6
corner,6
tromavil,6
mystic,6
coincid,6
frame,6
soror,6
ball,6
factori,6
codi,6
propheci,6
whilst,6
interrupt,6
mayhem,6
demand,6
honor,6
prize,6
scari,6
display,6
ex-girlfriend,6
arctic,6
kelli,6
isaac,6
coven,6
journal,6
portal,6
harvest,6
samurai,6
career,6
repeatedli,6
morgu,6
frequent,6
krabat,6
samuel,6
mechan,6
ancestor,6
witch-hunt,6
clau,6
level,6
abbi,6
year-old,6
metal,6
italian,6
miriam,6
brigitt,6
josef,6
clinic,6
princess,6
proce,6
focus,6
thug,6
opera,6
doubl,6
endang,6
rocket,6
atmospher,6
mickey,6
tomato,6
davey,6
undertak,6
drill,6
hamel,6
sandi,6
lectur,6
bill,6
lenor,6
finley,6
fresco,6
penni,6
silenc,5
compel,5
shatter,5
distress,5
punish,5
winter,5
richard,5
robberi,5
dawn,5
illeg,5
hick,5
although,5
daili,5
bound,5
galaxi,5
paradis,5
gave,5
combin,5
mina,5
spit,5
rent,5
institution,5
peer,5
marion,5
crane,5
knew,5
sudden,5
dispatch,5
hysteria,5
1978,5
gentl,5
mrs.,5
betray,5
loneli,5
evolv,5
franchis,5
fabl,5
passion,5
foot,5
worship,5
wipe,5
varieti,5
touch,5
pawn,5
burt,5
canada,5
venom,5
mindless,5
pennsylvania,5
energi,5
face-to-fac,5
pharmaceut,5
fifteen,5
brilliant,5
damag,5
otherworldli,5
paranoid,5
climb,5
trigger,5
mandi,5
apparit,5
slayer,5
valeri,5
said,5
clue,5
curios,5
elizabeth,5
fierc,5
conjur,5
built,5
colorado,5
romanc,5
doubt,5
weather,5
luxuri,5
mile,5
reunion,5
friday,5
13th,5
voorhe,5
fulli,5
manipul,5
unstopp,5
vietnam,5
dynam,5
ross,5
offspr,5
baker,5
press,5
romania,5
injur,5
voyag,5
mythic,5
egyptian,5
debunk,5
combat,5
wield,5
mimic,5
nemesi,5
unrel,5
feroci,5
agenda,5
admit,5
dire,5
frenzi,5
closer,5
idyl,5
recur,5
underwat,5
swarm,5
germani,5
unthink,5
depth,5
post,5
corrupt,5
cell,5
network,5
phenomenon,5
hypnot,5
hall,5
tini,5
eden,5
unimagin,5
breakdown,5
employ,5
guilt,5
funer,5
reborn,5
reign,5
instinct,5
campaign,5
hook,5
ruth,5
1950,5
antichrist,5
forgotten,5
werewolv,5
robot,5
panic,5
defend,5
legion,5
resum,5
unless,5
vatican,5
blond,5
apocalypt,5
servic,5
intrud,5
shelley,5
scream,5
1980,5
guid,5
polit,5
cenobit,5
wrath,5
maker,5
spiritu,5
alexia,5
mall,5
obtain,5
eccentr,5
labyrinth,5
newcom,5
vega,5
serious,5
engag,5
bomb,5
marcu,5
chicago,5
spin,5
spoof,5
invent,5
exchang,5
acquir,5
susan,5
sure,5
caribbean,5
proceed,5
heavili,5
shaw,5
lieuten,5
depart,5
fearsom,5
crate,5
cargo,5
abraham,5
17th,5
resist,5
merrin,5
river,5
edward,5
disastr,5
agenc,5
marti,5
danc,5
wish,5
candyman,5
least,5
transplant,5
high-ris,5
product,5
supposedli,5
bloodbath,5
jimmi,5
stark,5
perspect,5
disguis,5
fund,5
conscious,5
foreign,5
kong,5
relax,5
similar,5
titl,5
chloe,5
quaint,5
corridor,5
runaway,5
statu,5
slasher,5
relentless,5
vicki,5
skull,5
alaska,5
pose,5
strain,5
cook,5
resembl,5
cold,5
stone,5
seed,5
molli,5
gear,5
creativ,5
strict,5
match,5
chair,5
mistak,5
conspiraci,5
pinhead,5
20th,5
ward,5
lair,5
stray,5
1989,5
bailey,5
down,5
supermarket,5
outwit,5
honeymoon,5
shot,5
servant,5
emot,5
hallucin,5
elus,5
half,5
randomli,5
bath,5
mute,5
court,5
deepest,5
perpetr,5
vineyard,5
russia,5
restaur,5
compos,5
handicap,5
anger,5
debaucheri,5
begun,5
crippl,5
satisfi,5
afterlif,5
iron,5
sieg,5
meteorit,5
voodoo,5
repress,5
mous,5
cristina,5
scarecrow,5
spanish,5
formula,5
juda,5
slug,5
testament,5
argentina,4
heal,4
novemb,4
1985,4
broke,4
submerg,4
intercept,4
impend,4
harmless,4
colonist,4
seth,4
overli,4
legal,4
newt,4
insati,4
rebel,4
council,4
driven,4
heiress,4
nanci,4
realm,4
deni,4
drag,4
profession,4
12-year-old,4
todd,4
hunger,4
kick,4
dormant,4
certainli,4
lincoln,4
shift,4
ravag,4
contempl,4
gummer,4
purg,4
backpack,4
shoot,4
orphanag,4
annabel,4
suburb,4
equip,4
carnivor,4
worm,4
fake,4
envelop,4
critter,4
persuad,4
grandpar,4
crisi,4
altern,4
plung,4
fend,4
hacker,4
withstand,4
destini,4
psycho,4
youngest,4
sergeant,4
hell-bent,4
gain,4
technolog,4
breakthrough,4
style,4
screen,4
lethal,4
worri,4
devout,4
crop,4
bunker,4
lili,4
intensifi,4
cultist,4
damn,4
catacomb,4
theme,4
deadliest,4
prowl,4
arthur,4
sort,4
paper,4
gretel,4
letter,4
succe,4
harm,4
hoffman,4
woodsboro,4
high-school,4
toll,4
cheerlead,4
ahead,4
revel,4
besieg,4
nanni,4
wade,4
condit,4
limit,4
advantag,4
victoria,4
prehistor,4
blood-thirsti,4
african,4
reserv,4
domest,4
glass,4
accompani,4
maiden,4
clark,4
unstabl,4
archaeolog,4
mummi,4
lifetim,4
nica,4
tool,4
session,4
declar,4
viral,4
misfit,4
afflict,4
sweetheart,4
orchid,4
flower,4
anaconda,4
fifth,4
premonit,4
none,4
warp,4
creeper,4
hellbent,4
graphic,4
unwant,4
diplomat,4
miracul,4
unexpectedli,4
moor,4
prior,4
repres,4
easi,4
marrow,4
theo,4
re-anim,4
wing,4
rush,4
appl,4
green,4
wind,4
graham,4
crowd,4
hollow,4
bone,4
rehabilit,4
reconnect,4
loui,4
minor,4
anniversari,4
chrissi,4
obscur,4
bunch,4
potion,4
earthli,4
berlin,4
particularli,4
everyday,4
bitter,4
gateway,4
trilog,4
lisa,4
tribe,4
uninhabit,4
equal,4
grand,4
clutch,4
reverend,4
element,4
comatos,4
scanner,4
inflict,4
bike,4
lonesom,4
futurist,4
patron,4
either,4
capabl,4
elev,4
shuttl,4
rapist,4
l.a.,4
bloodsuck,4
valley,4
calm,4
stream,4
cane,4
luci,4
rang,4
rebelli,4
traine,4
strode,4
regiment,4
empti,4
genr,4
rich,4
grizzli,4
backwat,4
intim,4
croc,4
potenti,4
overwhelm,4
cathol,4
cliqu,4
rather,4
bachelor,4
arous,4
gigant,4
extra,4
instruct,4
poltergeist,4
renegad,4
salesman,4
boogeyman,4
phobia,4
episod,4
color,4
vital,4
portray,4
aboard,4
delambr,4
transfer,4
defens,4
entranc,4
truck,4
manhattan,4
pacif,4
forens,4
overnight,4
divorc,4
bedroom,4
policeman,4
madman,4
loot,4
larri,4
chemic,4
ashley,4
belief,4
carefre,4
district,4
practic,4
somewher,4
monk,4
jeffrey,4
shut,4
companion,4
pyramid,4
notic,4
affect,4
exorcis,4
contract,4
muscl,4
elvi,4
malon,4
grad,4
landlord,4
exploit,4
therapi,4
supervis,4
rhoda,4
gray,4
eleg,4
brand,4
herbert,4
automobil,4
decept,4
bounti,4
listen,4
slip,4
beverli,4
maze,4
hurt,4
carlo,4
volunt,4
nicol,4
suburbanit,4
attic,4
becca,4
vile,4
nois,4
respect,4
connecticut,4
thrill-seek,4
matt,4
royal,4
amaz,4
enslav,4
harrow,4
razor,4
contest,4
occupi,4
midnight,4
preacher,4
gatlin,4
geniu,4
select,4
brent,4
comrad,4
furi,4
carolina,4
crumbl,4
cradl,4
terri,4
adjust,4
fifti,4
europa,4
azuma,4
cyborg,4
upcom,4
mannequin,4
thinner,4
telli,4
meier,4
charlott,4
seriou,4
hostil,4
humili,4
cobb,4
phibe,4
portrait,4
2000,4
uniqu,4
folklor,4
22nd,4
korean,4
redfern,4
confeder,4
newlyw,4
ceremoni,4
lunar,4
smoke,4
strength,4
perkin,4
aaron,4
cryptic,4
solut,4
fido,4
blackmail,4
manner,4
evelyn,4
irish,4
bigfoot,4
leigh,4
midwestern,4
maloney,4
formerli,4
passag,4
carla,4
isobel,4
garag,4
frustrat,4
worth,4
brook,4
stan,4
crusad,4
wolv,4
reflect,4
dumpl,4
flashback,4
seduc,4
particular,4
swampi,4
sadako,4
drifter,4
emma,4
random,4
swan,4
leach,4
palac,4
distract,4
maryann,4
hamilton,4
buck,4
demet,4
aurora,4
ex-husband,4
quatermass,4
labor,4
hang,4
prospero,4
irena,4
ringu,4
tetsuo,4
abort,4
tough,4
karswel,4
devil-worship,4
patrick,4
slausen,4
boss,4
smiley,4
bruno,4
accomplish,4
riget,4
karnstein,4
steel,4
absenc,4
humor,4
evan,4
cassi,4
conclus,4
averag,4
ivan,4
ygor,4
quasimodo,4
alcohol,4
slave,4
bradi,4
willa,4
hauser,4
hellboy,4
tropic,4
chest,4
stefano,4
legnani,4
equat,4
argo,4
helder,4
freighter,4
excit,4
cthulhu,4
chesterfield,4
ranch,4
kang,4
hideki,4
ning,4
10th,3
volum,3
meter,3
compart,3
commerci,3
sour,3
inescap,3
valu,3
wayward,3
wendi,3
loser,3
lambert,3
kingpin,3
till,3
rendezv,3
upstat,3
progress,3
man-mad,3
doom,3
prometheu,3
amiti,3
oceanograph,3
grizzl,3
pregnanc,3
voraci,3
swept,3
deepli,3
clerk,3
shower,3
daylight,3
hannib,3
repeat,3
francisco,3
parapsychologist,3
devis,3
clone,3
loan,3
startl,3
endless,3
suprem,3
unev,3
befal,3
benjamin,3
barker,3
a.k.a,3
habit,3
fourth,3
youngster,3
stunt,3
roxann,3
presid,3
onslaught,3
'the,3
unscrupul,3
apprehend,3
reaper,3
bloodlust,3
unlucki,3
cherri,3
enrag,3
simul,3
inbr,3
dinner,3
perman,3
protest,3
gross,3
kennedi,3
friendship,3
leak,3
top-secret,3
hound,3
rain,3
uninvit,3
rocki,3
lynn,3
jeff,3
maryland,3
welcom,3
twelve-year-old,3
earl,3
nevada,3
asleep,3
inadvert,3
cameraman,3
groceri,3
survivalist,3
punk,3
costum,3
gerri,3
content,3
peril,3
sink,3
sampl,3
proof,3
lycan,3
consult,3
billionair,3
plastic,3
guinea,3
volatil,3
confus,3
fanat,3
telekinesi,3
barn,3
elect,3
financi,3
cage,3
bottom,3
umbrella,3
protector,3
reject,3
spook,3
shell,3
viewer,3
tangl,3
pure,3
delight,3
spill,3
newest,3
franc,3
reliv,3
kipp,3
uneas,3
hansel,3
vigilant,3
retribut,3
greater,3
scout,3
reopen,3
sequenc,3
lifeless,3
lilith,3
custodi,3
foster,3
fester,3
gale,3
contend,3
exhaust,3
ouija,3
began,3
puzzl,3
swat,3
hack,3
nichola,3
cole,3
biologist,3
worsen,3
attorney,3
fiend,3
brood,3
dhampir,3
half-human,3
prone,3
strive,3
remaind,3
cellar,3
denni,3
rival,3
activist,3
starship,3
paleontologist,3
remark,3
frozen,3
smile,3
tiffani,3
devilish,3
previous,3
policewoman,3
contemporari,3
glori,3
hugh,3
bere,3
vessel,3
retriev,3
suzi,3
trial,3
meant,3
disord,3
intrepid,3
tooth,3
fairi,3
opposit,3
warehous,3
skeleton,3
wont,3
worldwid,3
user,3
electron,3
fractur,3
humankind,3
influenc,3
retel,3
washington,3
biker,3
vehicl,3
spencer,3
loomi,3
pace,3
sale,3
difficult,3
kristi,3
madelin,3
mere,3
lucki,3
slash,3
interwoven,3
kati,3
list,3
politician,3
anybodi,3
scheme,3
collid,3
lionel,3
movement,3
davi,3
grudg,3
often,3
comic,3
wide,3
fiendish,3
hobb,3
jackson,3
awkward,3
gojira,3
juri,3
tissu,3
typic,3
sidekick,3
amazon,3
moscow,3
knack,3
clive,3
ethic,3
infant,3
compet,3
avoid,3
justin,3
slightli,3
consid,3
painter,3
christina,3
liam,3
plantat,3
pagan,3
fort,3
leisur,3
sensat,3
doorway,3
kirsti,3
unwil,3
solomon,3
industri,3
horsemen,3
sanctuari,3
vanquish,3
disclos,3
v/h/,3
shadowi,3
debt,3
ex-con,3
ambul,3
gorgeou,3
ambush,3
unharm,3
eaten,3
roam,3
stomach,3
aristocrat,3
irina,3
malcolm,3
panther,3
beat,3
beach,3
gulf,3
condemn,3
barricad,3
unhing,3
1958,3
blob,3
spawn,3
recruit,3
loner,3
jake,3
kayako,3
californian,3
jerri,3
greed,3
carniv,3
franoi,3
reluct,3
exercis,3
hike,3
sleazi,3
program,3
sean,3
veil,3
heaven,3
tyler,3
multipl,3
excel,3
constant,3
ceil,3
jail,3
size,3
smith,3
schoolteach,3
phoenix,3
unseen,3
hijack,3
ventriloquist,3
dummi,3
divers,3
parker,3
mobil,3
announc,3
rank,3
franki,3
request,3
slay,3
dismemb,3
undercov,3
decim,3
circul,3
barbara,3
decrepit,3
backdrop,3
merciless,3
distraught,3
overtaken,3
wwii,3
africa,3
infiltr,3
excus,3
allegedli,3
tide,3
bernard,3
johnson,3
fast,3
caller,3
ammunit,3
wast,3
collector,3
coal,3
twenty-two,3
turner,3
identifi,3
switch,3
jean,3
naiv,3
greedi,3
stair,3
authent,3
dive,3
nolan,3
whale,3
renown,3
discredit,3
statement,3
cornea,3
cremat,3
inquiri,3
pleasant,3
milit,3
lola,3
autist,3
fulfil,3
1973,3
michel,3
malfunct,3
rooki,3
non-vampir,3
milo,3
jacob,3
goodnight,3
darken,3
monochrom,3
launch,3
easili,3
thesi,3
ngela,3
bright,3
inde,3
wash,3
webcam,3
puppet,3
seymour,3
audrey,3
inc.,3
submarin,3
slacker,3
presum,3
hapless,3
josh,3
absent,3
thrill,3
mayan,3
background,3
parapsycholog,3
nebraska,3
extract,3
disabl,3
soviet,3
specialist,3
skinwalk,3
reich,3
massachusett,3
philosoph,3
vice,3
self-appoint,3
trade,3
growth,3
eager,3
resent,3
inevit,3
daddi,3
lena,3
lifestyl,3
freedom,3
resolv,3
phil,3
kira,3
gavin,3
hone,3
bliss,3
feder,3
indian,3
meal,3
suppress,3
magazin,3
embroil,3
unsolv,3
anton,3
stoner,3
saya,3
stun,3
heat,3
mack,3
twenti,3
ingeni,3
alchemist,3
incred,3
fountain,3
utah,3
competit,3
systemat,3
roger,3
workshop,3
biggest,3
organist,3
craft,3
2010,3
macabr,3
unpleas,3
reynold,3
selv,3
tension,3
vampire-hunt,3
china,3
reinforc,3
muse,3
motherhood,3
vaccin,3
boston,3
bewitch,3
forward,3
european,3
hong,3
interven,3
happili,3
erupt,3
anni,3
laid,3
watchmen,3
length,3
2013,3
evolut,3
heighten,3
annihil,3
cinemat,3
musician,3
arkin,3
elena,3
mercenari,3
woodland,3
topic,3
compris,3
individu,3
nobleman,3
jekyl,3
darkli,3
hyde,3
global,3
blackout,3
detent,3
disco,3
coin,3
carpathian,3
rumor,3
arni,3
exot,3
anymor,3
guess,3
warm,3
wreckag,3
radiat,3
nefari,3
christensen,3
desecr,3
syring,3
slice,3
unconsci,3
cant,3
sadi,3
ensnar,3
cutter,3
crematorium,3
aris,3
hitman,3
folk,3
paula,3
aman,3
therapist,3
hendrix,3
brutish,3
neglect,3
barri,3
risk,3
cornfield,3
joey,3
evok,3
role,3
snap,3
amateur,3
distinct,3
uneasi,3
lodger,3
tail,3
conflict,3
persecutor,3
deathli,3
bed-ridden,3
fran,3
respond,3
elder,3
drummer,3
total,3
withdraw,3
corn,3
anonym,3
occup,3
address,3
wraparound,3
eight-year-old,3
resurfac,3
satan-worship,3
amidst,3
reed,3
jealou,3
mischa,3
barton,3
freshman,3
hiker,3
low-budget,3
score,3
exagger,3
discipl,3
dust,3
garden,3
roadsid,3
manuscript,3
function,3
hypnotist,3
allig,3
discard,3
fragil,3
afternoon,3
copenhagen,3
transsexu,3
b-movi,3
shane,3
naruto,3
squar,3
stress,3
alik,3
steven,3
rash,3
jessel,3
mircalla,3
broadcast,3
choujin,3
nagumo,3
rize,3
abductor,3
scroll,3
regular,3
thale,3
aircraft,3
citadel,3
habitat,3
eun-soo,3
carnal,3
minami,3
lizard,3
mermaid,3
nastya,3
frollo,3
gaze,3
phoebu,3
nobl,3
paid,3
unsettl,3
forbidden,3
godzilla,3
studio,3
edgar,3
soccer,3
taint,3
petrifi,3
zoltan,3
induc,3
undersea,3
narr,3
snoop,3
describ,3
deliveri,3
prime,3
lauren,3
outback,3
harden,3
depress,3
ya-t,3
toulin,3
lord,3
cottag,3
screenwrit,3
shake,3
nephew,3
enterpris,3
scott,3
harmon,3
ursula,3
condom,3
byron,3
trier,3
bong,3
ayaka,3
treati,3
nieh,3
wong,3
cori,3
concur,2
thermal,2
embank,2
salt,2
reced,2
bleak,2
contrari,2
evidenc,2
fletcher,2
casey,2
nostromo,2
three-memb,2
19-year-old,2
burden,2
tepe,2
sultan,2
mytholog,2
someoneor,2
somethingbegin,2
lieor,2
torranc,2
overlook,2
pennywis,2
lifepod,2
terra-form,2
gecko,2
home-fre,2
'from,2
dusk,2
strip,2
joint,2
accommod,2
interraci,2
overcrowd,2
12-hour,2
free-for-al,2
fiorina,2
correct,2
unwelcom,2
incur,2
'coven,2
unchart,2
'synthet,2
antarct,2
mentor,2
whistler,2
long-dead,2
temptat,2
breath,2
bleed,2
carpent,2
telekinet,2
quirki,2
fought,2
nightstalk,2
winchest,2
rifl,2
rainier,2
thompson,2
langenkamp,2
trace,2
englund,2
glen,2
smuggler,2
straight,2
regan,2
macneil,2
explicit,2
georgetown,2
superstit,2
karra,2
sweeney,2
barber,2
basi,2
perfectli,2
stare,2
cannibalist,2
blaze,2
mephistophel,2
fuel,2
crush,2
scourg,2
copi,2
eric,2
sore,2
ex-boyfriend,2
ghostfac,2
murphi,2
post-apocalypt,2
showdown,2
finger,2
anywher,2
travi,2
disrupt,2
hedonist,2
esther,2
void,2
baffl,2
elud,2
octob,2
self-help,2
wave,2
dollmak,2
shutter,2
imaginari,2
oskar,2
next-door,2
playground,2
bassett,2
hamlet,2
suck,2
gizmo,2
mischiev,2
gremlin,2
rodriguez,2
mist,2
five-year-old,2
fearless,2
goer,2
hillbilli,2
brave,2
orbit,2
horizon,2
extra-terrestri,2
selen,2
faction,2
channel,2
synthet,2
lorrain,2
entomb,2
millennia,2
cemeteri,2
dramat,2
roan,2
runner,2
elimin,2
unholi,2
centuries-old,2
proud,2
brundl,2
redfield,2
raccoon,2
badass,2
academi,2
unidentifi,2
homestead,2
exil,2
prequel,2
bone-chil,2
nev.,2
erad,2
personnel,2
keller,2
ring,2
martial,2
weaponri,2
riley,2
upper,2
swallow,2
pride,2
vintag,2
conduit,2
freel,2
dian,2
dana,2
truli,2
factor,2
wage,2
backyard,2
hit-and-run,2
dispos,2
10-year-old,2
confirm,2
addam,2
'stab,2
cruis,2
yacht,2
forget,2
swim,2
absolut,2
unfinish,2
bronson,2
1990,2
file,2
alert,2
grimm,2
chromosom,2
kerri,2
strahm,2
thrust,2
lifelik,2
vorhe,2
florida,2
recit,2
chant,2
co-star,2
melani,2
impuls,2
amok,2
countless,2
temper,2
half-vampir,2
saddl,2
sebastian,2
kristen,2
domain,2
wealth,2
surfer,2
pool,2
deadlier,2
unnatur,2
magician,2
cyru,2
motiv,2
imhotep,2
appli,2
biblic,2
lloyd,2
spine-tingl,2
facilit,2
mayb,2
long-ago,2
korea,2
cohort,2
exorcist,2
bolster,2
facad,2
sydney,2
bridg,2
frantic,2
jessi,2
yard,2
ripper,2
miscarriag,2
thorn,2
doesnt,2
1976,2
true-crim,2
swiss,2
talbot,2
earthquak,2
procedur,2
prestigi,2
blame,2
kimberli,2
chat,2
contamin,2
fled,2
artifact,2
inhuman,2
subterranean,2
genuin,2
round,2
high-tech,2
covert,2
kenneth,2
toad,2
katrina,2
sprawl,2
2009,2
dewey,2
geograph,2
fling,2
lawman,2
leatherfac,2
spooki,2
reassur,2
concoct,2
clearli,2
illinoi,2
relentlessli,2
tens,2
ex-wif,2
ernest,2
verg,2
mistaken,2
grover,2
bend,2
photojournalist,2
suit,2
princip,2
waitress,2
enrol,2
chapter,2
atlant,2
1977,2
atom,2
amus,2
kane,2
achiev,2
thwart,2
yorkin,2
ugli,2
goodby,2
bell,2
joan,2
expens,2
amityvil,2
down-on-his-luck,2
submit,2
scarier,2
subdu,2
blood-,2
thirsti,2
revok,2
seiz,2
hillick,2
scottish,2
zoologist,2
tonight,2
recreat,2
berserk,2
recept,2
thrown,2
fungu,2
comet,2
tuck,2
endur,2
archangel,2
audit,2
ballet,2
snuff,2
hopkin,2
buffi,2
slater,2
chosen,2
rainforest,2
vast,2
deed,2
controversi,2
depriv,2
nice,2
coastal,2
virna,2
madea,2
boundari,2
forg,2
splice,2
resourc,2
virtual,2
market,2
paulin,2
pressur,2
entic,2
struck,2
ricci,2
mortician,2
headmistress,2
entangl,2
western,2
frontier,2
capt,2
boyd,2
channard,2
arrang,2
underway,2
blow,2
shocker,2
nocturn,2
coach,2
circu,2
traffic,2
parallel,2
abbot,2
scoop,2
carnag,2
chemistri,2
dean,2
saskia,2
avail,2
pond,2
1988,2
accomplic,2
mid-western,2
insidi,2
minist,2
curat,2
heard,2
predatori,2
pandem,2
globe,2
contagion,2
watson,2
sensual,2
skyscrap,2
baxter,2
allur,2
psych,2
explan,2
ration,2
faculti,2
nerd,2
helplessli,2
collabor,2
twilight,2
qualiti,2
brewster,2
dandrig,2
would-b,2
clever,2
notebook,2
note,2
trooper,2
vacation,2
compound,2
twelv,2
andr,2
serum,2
programm,2
flynn,2
cockroach,2
roach,2
attach,2
pact,2
sail,2
drip,2
fiance,2
marybeth,2
crowley,2
bayou,2
butcher,2
fair,2
nighttim,2
mistress,2
saucer,2
slain,2
uniform,2
andrew,2
kiernan,2
necromanc,2
knight,2
spain,2
imboca,2
dagon,2
tight-knit,2
dahmer,2
rate,2
percent,2
done,2
elli,2
gothic,2
butler,2
spine-chil,2
one-by-on,2
blizzard,2
hopelessli,2
lankest,2
excav,2
troop,2
bennel,2
snatch,2
unauthor,2
territori,2
lutz,2
kathleen,2
convent,2
unveil,2
carnbi,2
delv,2
drew,2
stepfath,2
drug-fuel,2
reloc,2
junko,2
evildo,2
villier,2
undetect,2
miranda,2
revers,2
bubba,2
platt,2
brad,2
janet,2
flat,2
tire,2
frank-n-furt,2
song,2
eerili,2
fisherman,2
fool,2
scenario,2
1965,2
scam,2
histor,2
unchain,2
techniqu,2
sweet,2
chum,2
cold-blood,2
weav,2
gloomi,2
diari,2
guardian,2
recollect,2
maya,2
schedul,2
galleri,2
improv,2
upset,2
farrow,2
blur,2
canyon,2
snowfield,2
hitch-hik,2
subsequ,2
decemb,2
colombia,2
prompt,2
morbid,2
mid-lif,2
oppos,2
polish,2
satanist,2
shockingli,2
indestruct,2
jenna,2
astronom,2
slumber,2
bore,2
mano,2
1931,2
abroad,2
sensori,2
hallucinogen,2
kindli,2
weak,2
spectacl,2
delassal,2
meek,2
mutual,2
deaf,2
beer,2
issu,2
opportun,2
saga,2
provok,2
fairytal,2
delinqu,2
blackwel,2
loom,2
column,2
shrine,2
magnet,2
bernier,2
sang-hyun,2
pervert,2
zach,2
beth,2
dollar,2
dylan,2
exclus,2
disturbingli,2
consist,2
slight,2
seasid,2
claridg,2
cover-up,2
inquir,2
coconut,2
hurrican,2
april,2
mushnik,2
skid,2
crave,2
sing,2
supper,2
knife,2
tiger,2
stepmoth,2
lesbian,2
narrowli,2
hangman,2
unsavori,2
notabl,2
curti,2
fossil,2
locklear,2
aubrey,2
fleme,2
lindsay,2
neil,2
mastermind,2
diva,2
great-great,2
decis,2
cube,2
northwest,2
feral,2
motley,2
simmon,2
dandridg,2
lacey,2
barret,2
tycoon,2
murdoch,2
shed,2
wreck,2
grasp,2
speed,2
principl,2
onlook,2
reggi,2
gemini,2
entrap,2
humanoid,2
jenni,2
drum,2
elliot,2
descent,2
caregiv,2
facebook,2
pulse-pound,2
hemdal,2
ribbon,2
embodi,2
academ,2
neo-nazi,2
gumsho,2
reilli,2
dorff,2
huston,2
natascha,2
mcelhon,2
telecast,2
feardotcom.com,2
bonafid,2
cozi,2
downtown,2
toronto,2
ruptur,2
re-vamp,2
fond,2
sila,2
therebi,2
merg,2
eurasia,2
neo-cel,2
hardship,2
tetsuya,2
casshern,2
live-act,2
ekart,2
adolf,2
attain,2
middle-school,2
dirt,2
mound,2
louisa,2
puberti,2
vidal,2
fireman,2
provision,2
high-secur,2
tanker,2
ezra,2
lieberman,2
rekindl,2
susten,2
sixteen,2
intestin,2
incarcer,2
best-sel,2
shadi,2
dakota,2
17-year-old,2
poss,2
patholog,2
400-year-old,2
surgeri,2
unsur,2
anticip,2
bluff,2
decor,2
crewmemb,2
paretta,2
8-year-old,2
crono,2
nerve-shatt,2
ynez,2
coup,2
marley,2
brolin,2
elbourn,2
marku,2
iranian,2
ghost-town,2
reek,2
gang-rap,2
fundamentalist,2
pronounc,2
addit,2
flock,2
docil,2
sheep,2
weta,2
footbal,2
in-law,2
harrington,2
shortcut,2
'perfect,2
14-year-old,2
taught,2
sorcer,2
mickl,2
introvert,2
curt,2
voice-mail,2
asbesto,2
relic,2
sunlight,2
well-preserv,2
mummifi,2
emperor,2
infantri,2
daze,2
fortifi,2
salomon,2
literatur,2
large-scal,2
mandatori,2
gardner,2
assumpt,2
ethan,2
kendrick,2
1691,2
gile,2
bride-to-b,2
propel,2
duke,2
in-stor,2
theyr,2
orlok,2
hutter,2
bram,2
stoker,2
halfway,2
makiho,2
amano,2
telephon,2
digit,2
spur,2
gunman,2
centr,2
claustrophob,2
attitud,2
thad,2
pulp,2
alter-ego,2
mock,2
precipit,2
counterpart,2
spoken,2
sacrif,2
basqu,2
roman,2
angulo,2
carabanchel,2
segura,2
razza,2
christmas-tim,2
24-hour,2
turkish,2
babysit,2
shock-meist,2
triptych,2
dick,2
adulter,2
hazard,2
ledg,2
gnome,2
schoolgirl,2
ninja-yakuza,2
machines-of-death,2
cuttyhunk,2
quarter,2
katharin,2
isabel,2
genessi,2
guilt-stricken,2
rebuild,2
graft,2
donor,2
extermin,2
mangrov,2
discret,2
appreci,2
naivet,2
sincer,2
heartfelt,2
risk-manag,2
termin,2
wrestl,2
500-person,2
timmi,2
mild,2
indiscrimin,2
willingli,2
casual,2
arbitrari,2
reckless,2
indulg,2
alphabet,2
definit,2
sherlock,2
holm,2
documentarian,2
dismember,2
olivia,2
lament,2
configur,2
websit,2
cloth,2
mushroom,2
delirium,2
sex-craz,2
jeopardi,2
columbia,2
maria,2
symbol,2
what,2
devot,2
barren,2
parish,2
wedg,2
affam,2
criminolog,2
starkman,2
pave,2
theft,2
trawler,2
harbing,2
orca,2
dredg,2
thaw,2
downright,2
tardigrad,2
resili,2
warmth,2
companionship,2
meadow,2
sick-mind,2
hershey,2
moran,2
hard-work,2
keeper,2
fest,2
iglesia,2
hannah,2
fore-shadow,2
bibl,2
nomin,2
quasi-remak,2
reddick,2
1969,2
alan,2
ananka,2
khari,2
egypt,2
sacr,2
speechless,2
sedat,2
narcot,2
wrist,2
braddock,2
torch-lit,2
gover,2
curiou,2
hideo,2
35-year-old,2
hair,2
stuff,2
francesca,2
drunken,2
agoraphobia,2
stormi,2
kyli,2
behaviour,2
10-year,2
unquench,2
jude,2
cross-countri,2
self-mutil,2
ruka,2
injuri,2
dungeon,2
hypnosi,2
joker,2
penguin,2
botch,2
eberhart,2
walter,2
rosaleen,2
tempt,2
hairi,2
snow,2
access,2
mazzi,2
booth,2
ilsa,2
dorothi,2
asian,2
reclaim,2
ingredi,2
susi,2
juvenil,2
gill-man,2
mortuari,2
reput,2
lion,2
deserv,2
luck,2
siriu,2
screamer,2
occultist,2
numer,2
holi,2
thrall,2
cranley,2
griffin,2
thailand,2
intact,2
dwell,2
hofmeist,2
medium,2
react,2
coming-of-ag,2
cayden,2
violat,2
serena,2
evacu,2
dessert,2
reconstruct,2
household,2
prep,2
groom,2
hoard,2
takano,2
burst,2
credit,2
card,2
voyeurist,2
lecter,2
twice,2
strap,2
hobo,2
melt,2
pile,2
liquor,2
converg,2
faust,2
immers,2
inner,2
nyle,2
hilari,2
paralysi,2
outright,2
disapprov,2
goings-on,2
extraterrestri,2
reveri,2
flicker,2
dant,2
gluttoni,2
heresi,2
fraud,2
treacheri,2
beatric,2
goodwil,2
rehabili,2
conni,2
ambros,2
discuss,2
matricid,2
richmond,2
alia,2
burned-out,2
psychoanalyst,2
kiri,2
snail,2
untim,2
long-lost,2
clementin,2
groomsmen,2
2012,2
'amateur,2
nova-17,2
amish,2
cleans,2
beaver,2
riversid,2
roberto,2
hast,2
skin-walk,2
underestim,2
incarn,2
3000,2
navig,2
holmwood,2
dumb,2
humve,2
murri,2
varna,2
dope,2
orlock,2
detour,2
barbecu,2
spare,2
oklahoma,2
carroon,2
trickl,2
head-wound,2
keineneburg,2
never-end,2
northwestern,2
semest,2
wolf-lik,2
fortress,2
200-mile,2
limeston,2
gettysburg,2
intersect,2
dweller,2
nobil,2
oncom,2
entri,2
sketch,2
dubrovna,2
oliv,2
kent,2
courtship,2
consumm,2
union,2
proteu,2
beau,2
stroup,2
4-year-old,2
collag,2
transit,2
scatter,2
nine-and-a-half-minut,2
expand,2
orderli,2
lone-wolf,2
sequest,2
acromegali,2
hungrier,2
cattl,2
quantiti,2
cyberpunk,2
cult-film,2
shinya,2
tsukamoto,2
strikingly-film,2
underground-product,2
audiovisu,2
brain-pound,2
ishikawa,2
complement,2
suitabl,2
super-soldi,2
ghastli,2
ploy,2
ingrid,2
chines,2
deprogramm,2
treacher,2
jannick,2
basebal,2
batteri,2
catcher,2
pitcher,2
disagre,2
walkie-talki,2
salvat,2
justifi,2
motto,2
fritter,2
parodi,2
implant,2
quintanilla,2
garraf,2
atroci,2
last-ditch,2
dear,2
thor,2
confer,2
julian,2
involuntari,2
gangreen,2
lakesid,2
sauna,2
degre,2
247f,2
drunkard,2
sinner,2
chariot,2
oasi,2
enthusiasm,2
muffi,2
hungarian,2
storag,2
self-absorb,2
unwork,2
inan,2
mid-perform,2
flush,2
toilet,2
hormon,2
big-gam,2
rafe,2
guttman,2
born-again,2
bad-boy,2
whorehous,2
thousand-year-old,2
televangelist,2
pristin,2
disorient,2
decidedli,2
kopfrkingl,2
czechoslovakia,2
1930,2
tibetan,2
espous,2
reliev,2
drummondvil,2
sylvi,2
jasmin,2
germin,2
claw,2
kurahashi,2
yamamura,2
saeki,2
chan,2
throe,2
danish,2
miniseri,2
edit,2
neurosurg,2
rigshospitalet,2
nicknam,2
in-flight,2
thur,2
human-lik,2
marsupi,2
sociologist,2
friedkin,2
amorth,2
ninth,2
purportedli,2
psychiatri,2
proper,2
chatterbox,2
sex-obsess,2
peep,2
impostor,2
bello,2
budget,2
sentient,2
revolt,2
englishman,2
crow,2
lack,2
irrig,2
closur,2
pump,2
tent,2
happy-go-lucki,2
oakwood,2
heed,2
marit,2
duti,2
peculiar,2
hydra,2
unemploy,2
marc,2
gustav,2
pestil,2
witchcraft,2
mistakenli,2
makai,2
half-man,2
putnam,2
ellen,2
outrun,2
triffid,2
triangl,2
dekker,2
sniper,2
stull,2
kansa,2
brew,2
chef,2
christi,2
justic,2
timothi,2
isabella,2
charl,2
norwegian,2
huldra,2
paratroop,2
enforc,2
threshold,2
throat,2
cocki,2
nick,2
ritchi,2
18-year-old,2
scholar,2
disgrac,2
contagi,2
tendenc,2
feast,2
fals,2
edbrook,2
wisconsin,2
dilapid,2
disembodi,2
asid,2
critic,2
circa,2
disus,2
raid,2
luckili,2
gallow,2
besid,2
wise,2
paralyz,2
other-worldli,2
pusit,2
brett,2
anderson,2
hungari,2
dissid,2
windmil,2
dragon,2
ostens,2
derelict,2
butterfli,2
recipi,2
languag,2
o'bannon,2
storylin,2
live-in,2
mega,2
option,2
horni,2
cleaver,2
fenc,2
cale,2
yorkshir,2
1974,2
stow,2
rodrigo,2
rowboat,2
hibern,2
oili,2
album,2
threesom,2
golden,2
byeong-gu,2
outrag,2
botanist,2
compuls,2
cyber,2
reanim,2
semeneau,2
nail,2
laugh,2
metropoli,2
ninja,2
akira,2
labyrinto,2
rintaro,2
yoshiaki,2
kawajiri,2
lastli,2
katsuhiro,2
tomo,2
autom,2
cancel,2
guitar,2
partridg,2
homeless,2
horror-hous,2
shimmer,2
airship,2
milf,2
wanker,2
intox,2
dazzl,2
eleven,2
skylight,2
divulg,2
businessman,2
80-foot,2
python,2
bioengin,2
70-foot,2
constrictor,2
hastili,2
first-sequel,2
osaka,2
racoon,2
caravan,2
corp,2
willi,2
fratern,2
leadership,2
prof.,2
muller-larouss,2
bionic,2
filipino,2
method,2
boxer,2
nelson,2
champ,2
hanlon,2
sherman,2
sapien,2
ghost-infest,2
publicity-hound,2
bruttenholm,2
harpi,2
hellhound,2
goddess,2
hecat,2
armageddon,2
twenty-thre,2
nineteen-year,2
fifty-two,2
investigator.in,2
arms.aft,2
suicide.it,2
opinion,2
shown,2
offshor,2
ortiz,2
diver,2
wilcox,2
librari,2
xib'alb'a,2
mid-west,2
malic,2
dani,2
virul,2
tina,2
bestsel,2
sommer-bodenburg,2
thirteen,2
adversari,2
10-stori,2
commiss,2
sebastiano,2
agoni,2
ferrara,2
contribut,2
horror-seek,2
wzvz,2
carv,2
westcott,2
dilemma,2
444th,2
sprit,2
standoff,2
bold,2
1595,2
sweden,2
orthodox,2
finnish,2
near-psychopath,2
interior,2
demarc,2
recognis,2
emul,2
utilis,2
inmat,2
specimen,2
rabbit,2
shu-fen,2
pandemonium,2
wolfman,2
delici,2
theater,2
grew,2
matheson,2
remov,2
maim,2
irrat,2
airplan,2
igor,2
derek,2
dorian,2
hopper,2
unknowingli,2
dial,2
976-evil,2
yellow,2
paramed,2
laxman,2
builder,2
explos,2
gentlemen,2
scavang,2
bigger,2
philipp,2
djuna,2
melissa,2
script,2
height,2
promot,2
torino,2
celin,2
enzo,2
camilla,2
ryan,2
revenge-seek,2
great-nephew,2
pertain,2
bit-by-bit,2
implic,2
scuba,2
instructor,2
biochemist,2
sunken,2
kiran,2
smita,2
ancestr,2
sarat,2
rashmi,2
anthropologist,2
jean-charl,2
pommier,2
nomad,2
duncan,2
mckay,2
mammoth,2
reptil,2
enclos,2
bubbl,2
1933,2
prohibit,2
proven,2
boom,2
pocket,2
'luxuri,2
bootlegg,2
scofflaw,2
sworn,2
speakeasi,2
lamb,2
busboy,2
projectil,2
acid,2
burk,2
boil,2
hamburg,2
grill,2
new-found,2
sheila,2
1944,2
belgian,2
disappoint,2
southeast,2
asia,2
tsunami,2
jeann,2
beart,2
ayush,2
vixen,2
stalker,2
sammi,2
curr,2
1984,2
hansen,2
bradley,2
offend,2
deliri,2
ranger,2
haloran,2
intrus,2
prematur,2
knive,2
peni,2
mackaroni,2
fairground,2
winner,2
afraid,2
1957,2
choi,2
technician,2
polidori,2
vrsel,2
galliot,2
indiana,2
heston,2
con-artist,2
eebe,2
birdi,2
pervers,2
alley,2
nana,2
tremayn,2
mccarthi,2
jenk,2
autumn,2
anja,2
regress,2
1960,2
pork,2
eugeni,2
empress,2
lavr,2
andrey,2
welsh,2
deth,2
selma,2