music,728,
film,470,
live,402,
band,401,
perform,331,
life,322,
love,316,
show,282,
concert,273,
rock,254,
stori,235,
tour,232,
world,232,
young,211,
star,210,
album,209,
time,205,
singer,203,
find,202,
year,201,
1,200,2
first,192,
song,190,
includ,184,
featur,179,
girl,177,
play,175,
record,174,
take,173,
friend,167,
make,163,
becom,160,
danc,158,
meet,140,
fall,136,
releas,134,
also,133,
documentari,129,
come,125,
famili,123,
stage,121,
follow,119,
back,117,
career,115,
night,113,
york,113,
group,108,
musician,108,
school,106,
citi,106,
togeth,103,
american,102,
want,101,
father,101,
footag,101,
dream,100,
help,97,
name,97,
movi,96,
success,92,
home,92,
town,92,
work,90,
peopl,86,
three,86,
beauti,85,
part,85,
broadway,85,
well,82,
mother,82,
video,82,
tell,82,
look,82,
dancer,81,
give,81,
return,79,
like,79,
decid,79,
person,79,
artist,78,
classic,78,
best,76,
high,75,
base,75,
fame,75,
daughter,75,
sing,74,
marri,74,
turn,73,
last,73,
talent,73,
produc,73,
direct,73,
london,72,
ever,71,
made,71,
member,71,
scene,71,
along,70,
sister,70,
origin,70,
death,69,
rise,69,
studio,69,
famou,68,
countri,68,
roll,67,
lead,67,
never,67,
move,66,
appear,66,
small,65,
track,64,
sound,64,
interview,64,
former,64,
journey,64,
woman,63,
even,63,
mani,63,
punk,63,
soon,62,
learn,62,
discov,62,
around,62,
start,62,
join,62,
brother,62,
final,62,
bring,62,
michael,61,
metal,61,
struggl,60,
chang,60,
john,60,
littl,60,
begin,58,
must,58,
forc,58,
hous,58,
product,57,
legendari,57,
king,57,
tale,57,
festiv,57,
true,56,
shot,56,
special,56,
america,55,
leav,55,
money,55,
celebr,55,
creat,55,
earli,54,
call,54,
form,54,
power,54,
hope,53,
club,53,
away,52,
hall,52,
director,52,
opera,52,
chronicl,51,
whose,51,
blue,51,
david,51,
captur,51,
much,51,
thing,50,
anim,50,
experi,50,
head,50,
magic,50,
great,50,
place,50,
voic,49,
relationship,49,
histori,49,
radio,49,
version,49,
order,48,
think,48,
arriv,47,
long,47,
manag,47,
troubl,47,
local,47,
present,47,
angel,47,
cast,46,
inspir,46,
pari,46,
mysteri,45,
popular,45,
wife,45,
mari,45,
student,44,
keep,44,
parent,44,
stone,44,
street,44,
plan,44,
legend,43,
children,43,
rose,43,
gener,43,
team,42,
break,42,
road,42,
second,42,
adventur,41,
colleg,41,
summer,41,
across,41,
behind,41,
piano,41,
heart,41,
fight,40,
lover,40,
compos,40,
husband,40,
deal,40,
paul,40,
later,40,
jazz,40,
side,39,
teenag,39,
sever,39,
explor,39,
spend,39,
ladi,39,
comedi,39,
sinc,39,
would,39,
women,38,
busi,38,
west,38,
toni,38,
guest,38,
charact,38,
cultur,38,
everi,38,
fire,37,
romanc,37,
past,37,
seri,37,
good,37,
event,37,
queen,37,
know,36,
competit,36,
hire,36,
danni,36,
owner,36,
royal,36,
william,36,
week,36,
style,36,
black,36,
richard,36,
dead,36,
eddi,36,
travel,35,
four,35,
short,35,
million,35,
role,35,
teen,35,
reveal,35,
intim,35,
solo,35,
chanc,34,
elvi,34,
front,34,
grow,34,
face,34,
anoth,34,
attempt,34,
wish,34,
entertain,34,
tragic,34,
novemb,34,
secret,33,
trip,33,
girlfriend,33,
icon,33,
light,33,
believ,33,
televis,33,
complet,33,
major,33,
open,33,
debut,33,
johnni,32,
parti,32,
save,32,
centuri,32,
found,32,
howev,32,
singl,32,
drug,32,
date,32,
close,32,
late,32,
island,32,
document,32,
land,31,
everyon,31,
remain,31,
state,31,
passion,31,
superstar,31,
mark,31,
europ,31,
feel,31,
hollywood,30,
taken,30,
seem,30,
search,30,
lennon,30,
number,30,
2011,30,
lose,30,
heavi,30,
apart,29,
combin,29,
better,29,
leader,29,
songwrit,29,
escap,29,
aspir,29,
princess,29,
visit,29,
left,29,
influenc,29,
insid,29,
award,29,
miss,29,
biggest,29,
creativ,29,
player,29,
albert,29,
franc,28,
villag,28,
real,28,
shop,28,
stop,28,
french,28,
transform,28,
christma,28,
whole,28,
enter,28,
still,28,
full,28,
billi,28,
differ,28,
other,28,
collect,28,
septemb,28,
princ,27,
question,27,
need,27,
known,27,
plot,27,
georg,27,
gang,27,
happen,27,
nation,27,
problem,27,
moment,27,
adapt,27,
actor,27,
complic,27,
brought,27,
garden,27,
cover,27,
rare,27,
uniqu,27,
arena,27,
seen,27,
juli,27,
accompani,26,
told,26,
hard,26,
teacher,26,
guitar,26,
pursu,26,
despit,26,
class,26,
partner,26,
share,26,
crew,26,
femal,26,
child,26,
center,26,
five,26,
lost,26,
march,26,
decad,26,
visual,26,
perfect,26,
harri,26,
hour,26,
chart,26,
octob,26,
guitarist,25,
unit,25,
friendship,25,
romant,25,
1980,25,
threaten,25,
boyfriend,25,
battl,25,
greatest,25,
rich,25,
soul,25,
sell,25,
collabor,25,
offer,25,
contest,25,
camp,25,
screen,25,
public,25,
reach,25,
fail,25,
robert,25,
support,25,
vega,25,
british,25,
marriag,25,
upon,25,
sold,25,
host,25,
brown,25,
floyd,25,
stadium,25,
archiv,25,
rick,25,
june,25,
among,24,
tradit,24,
arrang,24,
fellow,24,
jerri,24,
dark,24,
involv,24,
hear,24,
train,24,
mind,24,
folk,24,
prove,24,
everyth,24,
process,24,
jimmi,24,
enough,24,
wealthi,24,
contain,24,
materi,24,
theatr,24,
room,24,
childhood,24,
jone,24,
bill,24,
peter,24,
orchestra,24,
mean,23,
profession,23,
compani,23,
teach,23,
intern,23,
portrait,23,
societi,23,
youth,23,
soldier,23,
hip-hop,23,
rush,23,
drama,23,
theater,23,
babi,23,
strang,23,
program,23,
england,23,
tommi,23,
bowl,23,
throughout,23,
squar,23,
eventu,23,
histor,23,
bowi,23,
amaz,22,
ship,22,
jackson,22,
ultim,22,
worldwid,22,
commun,22,
challeng,22,
modern,22,
convinc,22,
imagin,22,
titl,22,
park,22,
stand,21,
ballet,21,
rival,21,
audit,21,
right,21,
academi,21,
headlin,21,
coupl,21,
birth,21,
pink,21,
wild,21,
fortun,21,
word,21,
master,21,
wonder,21,
continu,21,
attract,21,
steve,21,
audienc,21,
acclaim,21,
crowd,21,
castl,20,
attend,20,
chicago,20,
south,20,
wind,20,
polic,20,
rais,20,
noth,20,
nightclub,20,
could,20,
happi,20,
control,20,
futur,20,
social,20,
realiti,20,
beatl,20,
drummer,20,
though,20,
texa,20,
accept,20,
engag,20,
white,20,
anniversari,20,
photograph,20,
holiday,20,
quickli,20,
half,20,
natur,20,
kati,20,
highli,20,
japan,20,
piec,20,
nirvana,20,
fred,20,
alway,20,
kill,20,
roger,20,
beyonc,20,
exclus,20,
2012,20,
line,20,
provid,20,
becam,19,
import,19,
reunit,19,
surpris,19,
farm,19,
point,19,
affair,19,
stay,19,
prepar,19,
tragedi,19,
water,19,
earth,19,
spirit,19,
without,19,
surround,19,
hand,19,
univers,19,
realiz,19,
watch,19,
pianist,19,
indian,19,
game,19,
murder,19,
shine,19,
madison,19,
often,19,
jack,19,
composit,19,
crazi,19,
note,19,
altern,19,
view,19,
kelli,18,
presley,18,
pressur,18,
embark,18,
disney,18,
suddenli,18,
compet,18,
grace,18,
seven,18,
especi,18,
california,18,
rocker,18,
develop,18,
color,18,
written,18,
actress,18,
broadcast,18,
chase,18,
hero,18,
jame,18,
latest,18,
rescu,18,
german,18,
uncl,18,
narrat,18,
determin,18,
result,18,
violinist,18,
write,18,
enjoy,18,
cours,18,
instead,18,
award-win,18,
care,18,
carmen,18,
faith,18,
worker,18,
took,18,
fill,17,
global,17,
surviv,17,
loui,17,
born,17,
forev,17,
evil,17,
went,17,
variou,17,
reflect,17,
east,17,
ball,17,
jesu,17,
portray,17,
backstag,17,
armi,17,
someth,17,
carri,17,
hotel,17,
2009,17,
india,17,
promis,17,
today,17,
realli,17,
irish,17,
rather,17,
industri,17,
critic,17,
previous,17,
diamond,17,
corrupt,16,
canada,16,
trio,16,
stardom,16,
sexual,16,
beach,16,
human,16,
bodi,16,
orphan,16,
held,16,
1960,16,
pair,16,
book,16,
hold,16,
fantasi,16,
golden,16,
promot,16,
mccartney,16,
1973,16,
session,16,
given,16,
emot,16,
influenti,16,
desper,16,
seek,16,
dramat,16,
vocal,16,
tribut,16,
abandon,16,
refus,16,
fascin,16,
smith,16,
metallica,16,
encount,16,
thought,16,
idea,16,
hendrix,16,
2008,16,
australian,16,
separ,16,
space,16,
free,16,
send,16,
martin,16,
talk,16,
madonna,16,
1990,16,
biopic,16,
rule,16,
unfortun,16,
outsid,16,
boss,16,
2002,16,
2007,16,
adel,16,
disc,16,
1991,16,
circu,15,
bella,15,
step,15,
european,15,
wait,15,
secretli,15,
canadian,15,
almost,15,
dave,15,
agent,15,
interest,15,
figur,15,
jane,15,
anyth,15,
extraordinari,15,
confront,15,
gone,15,
pioneer,15,
suicid,15,
singer-songwrit,15,
fairi,15,
belov,15,
bridg,15,
alon,15,
addit,15,
showcas,15,
next,15,
oper,15,
sold-out,15,
race,15,
shoot,15,
wing,15,
grand,15,
engin,15,
nashvil,15,
1984,15,
chri,15,
assist,15,
pass,15,
build,15,
court,15,
unpreced,15,
spectacular,15,
playboy,15,
meanwhil,15,
underground,15,
gather,15,
reveng,15,
palac,15,
studi,15,
introduc,15,
stephen,15,
electron,15,
fresh,15,
affect,15,
premier,15,
jump,15,
mike,15,
devil,15,
highlight,15,
springsteen,15,
bright,14,
cash,14,
statu,14,
simon,14,
desert,14,
month,14,
excit,14,
nick,14,
susan,14,
govern,14,
soundtrack,14,
northern,14,
charl,14,
western,14,
huge,14,
choreograph,14,
tape,14,
strip,14,
fianc,14,
dylan,14,
rehears,14,
brian,14,
instrument,14,
captain,14,
hair,14,
wolf,14,
dress,14,
nearli,14,
river,14,
project,14,
linda,14,
educ,14,
design,14,
north,14,
vision,14,
behind-the-scen,14,
invit,14,
mountain,14,
ambiti,14,
object,14,
companion,14,
pete,14,
score,14,
rodger,14,
electr,14,
focus,14,
shape,14,
repres,14,
biographi,14,
barbi,14,
edit,14,
2001,14,
insight,14,
yousseff,14,
within,13,
common,13,
wrong,13,
task,13,
bond,13,
traci,13,
matt,13,
period,13,
torn,13,
wayn,13,
signatur,13,
20th,13,
recent,13,
floor,13,
blood,13,
truth,13,
earn,13,
restor,13,
retel,13,
costum,13,
prodigi,13,
tini,13,
strike,13,
resort,13,
respect,13,
contract,13,
danger,13,
burn,13,
alcohol,13,
1970,13,
respons,13,
adam,13,
green,13,
lord,13,
contemporari,13,
remark,13,
pirat,13,
spot,13,
sent,13,
season,13,
prison,13,
japanes,13,
choru,13,
replac,13,
deep,13,
reunion,13,
baker,13,
allen,13,
25th,13,
charm,13,
terri,13,
favorit,13,
camera,13,
list,13,
larri,13,
decemb,13,
label,13,
winner,13,
streisand,13,
bruce,13,
blu-ray,13,
grammi,13,
revolut,13,
venu,13,
2000,13,
conductor,13,
exil,13,
annual,13,
patti,13,
april,13,
bell,12,
comfort,12,
expect,12,
accomplish,12,
beyond,12,
destroy,12,
accident,12,
retir,12,
prize,12,
fear,12,
morrison,12,
receiv,12,
answer,12,
freedom,12,
movement,12,
gift,12,
gain,12,
matter,12,
joan,12,
jean,12,
taylor,12,
avoid,12,
shown,12,
beat,12,
revolutionari,12,
globe,12,
fiction,12,
select,12,
storm,12,
crash,12,
quest,12,
drop,12,
author,12,
report,12,
near,12,
ring,12,
might,12,
addict,12,
gave,12,
attack,12,
actual,12,
sailor,12,
trace,12,
evolut,12,
stun,12,
obstacl,12,
groundbreak,12,
energi,12,
troup,12,
minut,12,
franki,12,
catch,12,
depress,12,
gangster,12,
kind,12,
jeff,12,
middl,12,
intend,12,
audio,12,
heartbreak,12,
length,12,
poor,12,
establish,12,
gilmour,12,
snoop,12,
pack,12,
symphoni,12,
intens,12,
jolson,12,
swing,12,
situat,12,
sudhir,12,
aryan,12,
bride,11,
difficult,11,
vocalist,11,
privat,11,
explos,11,
pictur,11,
disappear,11,
access,11,
choos,11,
exist,11,
strong,11,
ident,11,
letter,11,
lifestyl,11,
harlem,11,
background,11,
depict,11,
memor,11,
bobbi,11,
handsom,11,
alreadi,11,
unexpect,11,
span,11,
sparkl,11,
unforgett,11,
ticket,11,
entir,11,
dorothi,11,
allow,11,
connect,11,
newspap,11,
gaga,11,
possibl,11,
effort,11,
poet,11,
1950,11,
aris,11,
gold,11,
kidnap,11,
boat,11,
door,11,
melodi,11,
choir,11,
overcom,11,
neighbor,11,
draw,11,
killer,11,
hank,11,
achiev,11,
quit,11,
diana,11,
backdrop,11,
eric,11,
tokyo,11,
massiv,11,
hometown,11,
commit,11,
lion,11,
commentari,11,
alic,11,
extens,11,
genr,11,
wembley,11,
brazil,11,
pose,11,
sale,11,
unplug,11,
particular,11,
avail,11,
individu,11,
brave,11,
brief,11,
began,11,
carpent,11,
grant,11,
theatric,11,
rahul,11,
bennett,11,
august,11,
chopin,11,
charli,11,
honest,11,
lloyd,11,
magnific,10,
baltimor,10,
incred,10,
lewi,10,
finn,10,
presid,10,
clear,10,
hottest,10,
nine,10,
2016,10,
tension,10,
spark,10,
walt,10,
sight,10,
shadow,10,
honey,10,
price,10,
neighborhood,10,
pick,10,
citizen,10,
mirror,10,
rivalri,10,
southern,10,
readi,10,
professor,10,
seriou,10,
sensat,10,
caught,10,
sweet,10,
birthday,10,
spanish,10,
phenomenon,10,
defin,10,
doubl,10,
sequenc,10,
imag,10,
grandfath,10,
arrest,10,
brad,10,
journalist,10,
lyric,10,
china,10,
rain,10,
militari,10,
pretti,10,
barbara,10,
1968,10,
admir,10,
buri,10,
immedi,10,
sign,10,
mine,10,
rapper,10,
cross,10,
justin,10,
typic,10,
although,10,
mission,10,
ellen,10,
divorc,10,
russia,10,
dinner,10,
hospit,10,
courag,10,
frank,10,
biograph,10,
tear,10,
doctor,10,
ross,10,
jacqu,10,
writer,10,
kevin,10,
comeback,10,
territori,10,
walk,10,
rememb,10,
templ,10,
equal,10,
dare,10,
yoko,10,
christ,10,
unseen,10,
alli,10,
monster,10,
crystal,10,
benefit,10,
conni,10,
accid,10,
weekend,10,
wizard,10,
viewer,10,
read,10,
moon,10,
fair,10,
barri,10,
gloria,10,
widow,10,
destini,10,
smash,10,
keith,10,
monica,10,
ruth,10,
settl,10,
impact,10,
triumphant,10,
suppos,10,
2006,10,
listen,10,
madrid,10,
nell,10,
chatthong,10,
carrillo,10,
sunni,10,
monro,10,
factori,9,
exactli,9,
unexpectedli,9,
1920,9,
mozart,9,
antonio,9,
giant,9,
magazin,9,
collin,9,
compris,9,
mistak,9,
redempt,9,
impress,9,
servic,9,
protect,9,
total,9,
mate,9,
dedic,9,
initi,9,
extrem,9,
immigr,9,
hole,9,
refer,9,
truli,9,
glamor,9,
broken,9,
count,9,
independ,9,
peac,9,
ambit,9,
opportun,9,
walter,9,
brand,9,
donald,9,
anyon,9,
inherit,9,
suffer,9,
elabor,9,
swim,9,
ride,9,
abil,9,
younger,9,
mental,9,
larg,9,
legaci,9,
kiss,9,
ocean,9,
worri,9,
russel,9,
epic,9,
urban,9,
crush,9,
oklahoma,9,
enlist,9,
bassist,9,
culmin,9,
convers,9,
cult,9,
evan,9,
seat,9,
hilari,9,
spain,9,
reluct,9,
wrote,9,
heel,9,
ground,9,
businessman,9,
gypsi,9,
orlean,9,
sometim,9,
confus,9,
trumpet,9,
billion,9,
cheer,9,
ensu,9,
diagnos,9,
harmoni,9,
aunt,9,
mostli,9,
accord,9,
adopt,9,
hardcor,9,
clapton,9,
mitchel,9,
claim,9,
carniv,9,
oscar,9,
pain,9,
washington,9,
luck,9,
newli,9,
santa,9,
church,9,
deliv,9,
channel,9,
aliv,9,
trick,9,
cartoon,9,
miller,9,
1983,9,
shakespear,9,
twenti,9,
australia,9,
freddi,9,
thirti,9,
nelli,9,
crime,9,
someon,9,
pupil,9,
iron,9,
francisco,9,
christian,9,
sinatra,9,
conduct,9,
civil,9,
mainli,9,
jani,9,
hors,9,
februari,9,
drive,9,
flag,9,
innov,9,
real-lif,9,
andrew,9,
caus,9,
narr,9,
riff,9,
match,9,
mayb,9,
proud,9,
unleash,9,
extra,9,
anna,9,
hell,9,
heaven,9,
devot,9,
vaudevil,9,
veteran,9,
multipl,9,
financi,9,
stream,9,
examin,9,
toxic,9,
spectacl,9,
check,9,
third,9,
webber,9,
numb,9,
goodman,9,
enchant,8,
staff,8,
lesson,8,
maker,8,
decis,8,
usual,8,
sinist,8,
rebel,8,
hart,8,
transit,8,
geniu,8,
roommat,8,
blow,8,
opposit,8,
penni,8,
dublin,8,
clash,8,
extravaganza,8,
obsess,8,
recruit,8,
gari,8,
eccentr,8,
constant,8,
manhattan,8,
outrag,8,
steal,8,
mile,8,
spell,8,
estrang,8,
circuit,8,
gospel,8,
fulfil,8,
brilliant,8,
miley,8,
tennesse,8,
whether,8,
demand,8,
mexico,8,
enrol,8,
market,8,
choreographi,8,
endless,8,
station,8,
agre,8,
instructor,8,
clip,8,
anni,8,
announc,8,
spotlight,8,
investig,8,
landscap,8,
store,8,
italian,8,
hate,8,
showgirl,8,
cathol,8,
berlin,8,
older,8,
wall,8,
trial,8,
exploit,8,
publish,8,
updat,8,
u.s.,8,
depth,8,
condit,8,
steven,8,
activist,8,
brick,8,
cowboy,8,
prostitut,8,
hidden,8,
previou,8,
barcelona,8,
path,8,
besid,8,
carnegi,8,
similar,8,
flamboy,8,
victim,8,
discoveri,8,
theme,8,
outdoor,8,
karen,8,
mickey,8,
plane,8,
hang,8,
disguis,8,
stock,8,
english,8,
hail,8,
houston,8,
bank,8,
largest,8,
itali,8,
renown,8,
food,8,
violent,8,
kansa,8,
profil,8,
least,8,
height,8,
hammerstein,8,
appar,8,
buddi,8,
mercuri,8,
jovi,8,
matur,8,
pacif,8,
lawyer,8,
field,8,
attent,8,
issu,8,
jenni,8,
credit,8,
consid,8,
ruin,8,
lili,8,
unreleas,8,
pilot,8,
carter,8,
came,8,
thrash,8,
remind,8,
comic,8,
all-star,8,
petti,8,
coldplay,8,
satir,8,
roman,8,
riot,8,
revolv,8,
touch,8,
entireti,8,
darbar,8,
anywher,8,
coachella,8,
miyazaki,8,
atlant,8,
mistaken,8,
1996,8,
watt,8,
twin,8,
embrac,8,
2005,8,
capit,8,
judi,8,
describ,8,
mayor,8,
particip,8,
navi,8,
alex,8,
domin,8,
ensembl,8,
sketch,8,
endur,8,
flood,8,
definit,8,
valu,8,
amus,8,
jay-z,8,
prior,8,
acoust,8,
ireland,8,
adult,8,
graham,8,
round,8,
betti,8,
sunil,8,
winfield,8,
photo,8,
riverd,8,
1995,8,
nevermind,8,
trail,8,
complex,8,
inez,8,
handel,8,
rang,8,
bonnard,8,
phaen,8,
britney,8,
mayer,8,
sting,8,
steadi,8,
founder,7,
unusu,7,
championship,7,
nice,7,
plain,7,
shoe,7,
infam,7,
partnership,7,
mrs.,7,
tyler,7,
activ,7,
friendli,7,
befriend,7,
heroin,7,
paradis,7,
sort,7,
tough,7,
masterpiec,7,
sean,7,
hunt,7,
jail,7,
witch,7,
grandmoth,7,
antic,7,
easi,7,
comput,7,
secretari,7,
swan,7,
sorcer,7,
captiv,7,
bird,7,
luci,7,
shelter,7,
blind,7,
fierc,7,
explod,7,
davi,7,
numer,7,
approach,7,
account,7,
physic,7,
except,7,
runaway,7,
muppet,7,
miami,7,
drum,7,
newcom,7,
loud,7,
twist,7,
fate,7,
invent,7,
possess,7,
oliv,7,
sunset,7,
network,7,
bulli,7,
ringo,7,
press,7,
scientist,7,
nativ,7,
constantli,7,
co-star,7,
relat,7,
arthur,7,
stuart,7,
enigmat,7,
cook,7,
shock,7,
finish,7,
wake,7,
thousand,7,
associ,7,
henri,7,
routin,7,
seymour,7,
lucki,7,
1979,7,
tribe,7,
hippi,7,
cinderella,7,
bold,7,
super,7,
fashion,7,
male,7,
technolog,7,
loos,7,
priest,7,
gordon,7,
pregnant,7,
sudden,7,
fish,7,
plenti,7,
gambl,7,
gala,7,
filmmak,7,
model,7,
classmat,7,
carefre,7,
bing,7,
bear,7,
drag,7,
suggest,7,
obscur,7,
jimi,7,
woodstock,7,
encourag,7,
launch,7,
groupi,7,
overdos,7,
1940,7,
perri,7,
phenomen,7,
1930,7,
anecdot,7,
lavish,7,
onlin,7,
string,7,
balanc,7,
feud,7,
argentinian,7,
whitney,7,
execut,7,
less,7,
practic,7,
recreat,7,
jewish,7,
ancient,7,
kurt,7,
cobain,7,
hill,7,
factor,7,
carlo,7,
charg,7,
recount,7,
andr,7,
wealth,7,
driver,7,
louis,7,
alan,7,
difficulti,7,
ramon,7,
seattl,7,
sydney,7,
express,7,
offic,7,
bore,7,
poetri,7,
2018,7,
page,7,
action,7,
reviv,7,
your,7,
champion,7,
site,7,
doll,7,
sexi,7,
vampir,7,
heard,7,
copi,7,
astair,7,
wilson,7,
manner,7,
magnet,7,
commerci,7,
defi,7,
reason,7,
consist,7,
progress,7,
root,7,
supposedli,7,
robin,7,
nana,7,
hale,7,
fourth,7,
capabl,7,
kingdom,7,
revu,7,
amanda,7,
drawn,7,
dogg,7,
monk,7,
impoverish,7,
cost,7,
illustr,7,
silver,7,
editor,7,
tune,7,
memori,7,
anticip,7,
haunt,7,
mechan,7,
seema,7,
assur,7,
triton,7,
resurrect,7,
excess,7,
denni,7,
stereo,7,
jealou,7,
current,7,
farmhous,7,
sensibl,7,
rave,7,
pooja,7,
spring,7,
asia,7,
patch,7,
elton,7,
star-stud,7,
offici,7,
unlik,7,
mavi,7,
shanghai,7,
1999,7,
angela,7,
bonu,7,
counti,7,
someday,7,
marjori,7,
wynn,7,
contrast,7,
vacat,7,
mont,7,
margot,7,
breath,7,
barnum,6,
bros.,6,
awesom,6,
beca,6,
thrust,6,
catskil,6,
barber,6,
nora,6,
1927,6,
flashback,6,
peer,6,
confin,6,
none,6,
troll,6,
scheme,6,
mischiev,6,
song-and-d,6,
recal,6,
strain,6,
helen,6,
messag,6,
custom,6,
media,6,
prayer,6,
machin,6,
brooklyn,6,
amidst,6,
speed,6,
polit,6,
psychedel,6,
plantat,6,
insist,6,
keyboard,6,
conflict,6,
sequel,6,
'the,6,
ghost,6,
2003,6,
element,6,
rebelli,6,
joseph,6,
shane,6,
hannah,6,
emerg,6,
demo,6,
verg,6,
expens,6,
warbuck,6,
mansion,6,
basement,6,
feroci,6,
harrison,6,
schedul,6,
saturday,6,
toward,6,
stuck,6,
tire,6,
alien,6,
chain,6,
muse,6,
dash,6,
protest,6,
casino,6,
proper,6,
cricket,6,
misfit,6,
eye-pop,6,
liter,6,
communist,6,
robinson,6,
climax,6,
triumph,6,
claud,6,
appl,6,
survivor,6,
servant,6,
organ,6,
locat,6,
tone,6,
dragon,6,
midnight,6,
controversi,6,
virtuoso,6,
rocki,6,
crack,6,
meteor,6,
jersey,6,
planet,6,
smile,6,
lifetim,6,
household,6,
surreal,6,
mason,6,
intent,6,
central,6,
poverti,6,
spider,6,
estat,6,
brutal,6,
cinema,6,
pull,6,
permit,6,
daft,6,
virtual,6,
fruit,6,
turner,6,
garag,6,
nowher,6,
turmoil,6,
honor,6,
beau,6,
1967,6,
ordinari,6,
treatment,6,
phantom,6,
thanksgiv,6,
mediocr,6,
ideal,6,
demi,6,
molli,6,
regim,6,
unabl,6,
circl,6,
forth,6,
entiti,6,
mariann,6,
surf,6,
dick,6,
grung,6,
kitti,6,
aspect,6,
ibiza,6,
greek,6,
fighter,6,
subsequ,6,
diseas,6,
unhappi,6,
happili,6,
belong,6,
gorgeou,6,
manchest,6,
doubt,6,
format,6,
hawaii,6,
detail,6,
eagl,6,
foster,6,
legion,6,
salesman,6,
somewhat,6,
demon,6,
ignit,6,
brain,6,
dougla,6,
funni,6,
landmark,6,
regular,6,
gene,6,
storytel,6,
resid,6,
discuss,6,
glam,6,
novel,6,
neil,6,
javier,6,
2017,6,
januari,6,
wood,6,
crosbi,6,
throw,6,
stepmoth,6,
surrealist,6,
effect,6,
knock,6,
hood,6,
barbra,6,
wright,6,
loss,6,
duet,6,
powel,6,
synchron,6,
winter,6,
putin,6,
hundr,6,
sameer,6,
swear,6,
sponsor,6,
kept,6,
1981,6,
debt,6,
enemi,6,
coast,6,
somebodi,6,
bizet,6,
highway,6,
estim,6,
drift,6,
notabl,6,
term,6,
dixi,6,
soviet,6,
orchestr,6,
skill,6,
tree,6,
paint,6,
breakthrough,6,
edward,6,
increasingli,6,
jason,6,
curiou,6,
rural,6,
burlesqu,6,
sens,6,
durant,6,
graffiti,6,
collag,6,
chines,6,
millionair,6,
freak,6,
mistakenli,6,
franci,6,
triangl,6,
warner,6,
morgan,6,
curtain,6,
2012,6,
simul,6,
pola,6,
kristin,6,
middle-class,6,
michel,6,
30th,6,
interact,6,
alabama,6,
upris,6,
comed,6,
nelson,6,
zulawski,6,
fragil,6,
mode,6,
polish,6,
seal,6,
shuttl,6,
brook,6,
clara,6,
sourc,6,
21st,6,
rome,6,
onstag,6,
bliss,6,
worth,6,
troop,6,
sanor,6,
patrick,6,
hungari,6,
pennebak,6,
resembl,6,
judg,6,
garri,6,
martha,6,
selina,6,
karchi,6,
cool,6,
lane,6,
sybil,6,
villa,6,
scott,6,
hisaishi,6,
krist,6,
novosel,6,
paramount,6,
anthem,6,
illustri,6,
digit,6,
construct,6,
oregon,6,
eastwood,6,
schumann,6,
bangkok,6,
shortli,6,
manolo,6,
minogu,6,
miracl,6,
morissett,6,
tonight,6,
shin,6,
jae-hyo,6,
pansori,6,
chae-sun,6,
mick,6,
toronto,6,
incorpor,6,
homer,6,
railroad,6,
ritual,6,
sadao,6,
alyc,6,
spear,6,
malhotra,6,
reggi,6,
cant,6,
chemic,6,
celin,6,
dion,6,
kany,6,
showman,5,
candi,5,
split,5,
weird,5,
zone,5,
17-year-old,5,
houseman,5,
whisk,5,
victoria,5,
todd,5,
deserv,5,
maryland,5,
silent,5,
cotton,5,
memphi,5,
alongsid,5,
regain,5,
seemingli,5,
imposs,5,
philip,5,
lovabl,5,
15-year-old,5,
disappoint,5,
turnblad,5,
chao,5,
chubbi,5,
cruis,5,
soar,5,
unfold,5,
swedish,5,
diva,5,
burst,5,
scholarship,5,
drunken,5,
carolin,5,
moor,5,
fund,5,
orphanag,5,
grew,5,
garth,5,
handl,5,
regret,5,
blaze,5,
dazzl,5,
persuad,5,
slum,5,
velvet,5,
alik,5,
museum,5,
pursuit,5,
peasant,5,
disco,5,
eager,5,
lake,5,
frog,5,
wave,5,
florida,5,
czech,5,
flower,5,
news,5,
blossom,5,
blend,5,
juvenil,5,
mask,5,
kermit,5,
emili,5,
interpret,5,
senior,5,
nearbi,5,
bigger,5,
lone,5,
nomin,5,
1974,5,
juda,5,
sleazi,5,
temptat,5,
electrifi,5,
innoc,5,
biker,5,
butler,5,
suit,5,
unknown,5,
longer,5,
compil,5,
bubbl,5,
forg,5,
betray,5,
charlott,5,
wound,5,
montreal,5,
block,5,
violin,5,
purpos,5,
run-down,5,
twilight,5,
detroit,5,
khan,5,
plight,5,
elizabeth,5,
elmo,5,
shaw,5,
behavior,5,
hansel,5,
perfectli,5,
stumbl,5,
inner,5,
johnson,5,
notic,5,
inhabit,5,
toll,5,
glass,5,
pistol,5,
turbul,5,
bandmat,5,
cole,5,
steel,5,
beer,5,
breakup,5,
strand,5,
loneli,5,
amateur,5,
imprison,5,
afraid,5,
demonstr,5,
sleep,5,
nephew,5,
drink,5,
redefin,5,
notion,5,
chariti,5,
youtub,5,
sunshin,5,
contend,5,
simpl,5,
beethoven,5,
grammy-win,5,
conservatori,5,
kapoor,5,
sacrific,5,
collid,5,
intellig,5,
suburban,5,
speak,5,
exchang,5,
integr,5,
cave,5,
sci-fi,5,
joey,5,
abus,5,
glenn,5,
holland,5,
expos,5,
allison,5,
medic,5,
straight,5,
ritchi,5,
push,5,
focu,5,
auditorium,5,
quartet,5,
zombi,5,
pride,5,
juliet,5,
dori,5,
argentina,5,
stanley,5,
transfer,5,
roar,5,
admit,5,
farewel,5,
impos,5,
latter,5,
desir,5,
flop,5,
summon,5,
vignett,5,
playwright,5,
julien,5,
1969,5,
virgin,5,
tender,5,
grohl,5,
multi-platinum,5,
conserv,5,
heidi,5,
ricardo,5,
unsuccess,5,
choic,5,
proclaim,5,
dynam,5,
review,5,
latin,5,
depart,5,
bandit,5,
polli,5,
fanci,5,
revel,5,
midler,5,
sheet,5,
parker,5,
crown,5,
sail,5,
primarili,5,
nurs,5,
windi,5,
knowl,5,
hello,5,
dizzi,5,
main,5,
eclect,5,
passeng,5,
destruct,5,
colour,5,
shrek,5,
cynthia,5,
slip,5,
rubi,5,
funer,5,
rubin,5,
homecom,5,
denver,5,
familiar,5,
unfaith,5,
jamaican,5,
vivid,5,
fuck,5,
dean,5,
quiet,5,
delight,5,
wear,5,
test,5,
pretend,5,
santiago,5,
undertak,5,
overnight,5,
solv,5,
queeni,5,
shore,5,
rest,5,
nasti,5,
stand-up,5,
sheriff,5,
robbo,5,
thank,5,
flee,5,
knew,5,
henderson,5,
assassin,5,
duke,5,
maiden,5,
throne,5,
vibrat,5,
content,5,
easter,5,
acquir,5,
blond,5,
1985,5,
wacken,5,
attitud,5,
eminem,5,
buddhist,5,
loyal,5,
maribel,5,
granddaught,5,
cooper,5,
creator,5,
gossip,5,
pulp,5,
forget,5,
mitch,5,
kate,5,
breakdown,5,
rice,5,
marin,5,
flagg,5,
minor,5,
simpli,5,
thrown,5,
horizon,5,
mama,5,
avenu,5,
purpl,5,
taxi,5,
simultan,5,
atlanti,5,
improv,5,
barnabi,5,
ryan,5,
africa,5,
shipwreck,5,
crisi,5,
sunday,5,
jeanni,5,
invas,5,
accus,5,
sidharth,5,
jade,5,
dissolut,5,
1992,5,
mytholog,5,
baron,5,
ziggi,5,
stardust,5,
funki,5,
anthoni,5,
wors,5,
charad,5,
lotta,5,
evoc,5,
nevertheless,5,
harriet,5,
basebal,5,
britain,5,
dinah,5,
comment,5,
centr,5,
janeiro,5,
pearl,5,
sabbath,5,
housewif,5,
glastonburi,5,
moran,5,
patsi,5,
strength,5,
wyman,5,
stir,5,
intro,5,
shiv,5,
elsa,5,
johann,5,
ex-wif,5,
radic,5,
setlist,5,
esther,5,
astonish,5,
salli,5,
jonathan,5,
groom,5,
cowardli,5,
milton,5,
keyn,5,
2004,5,
ecstat,5,
22nd,5,
extend,5,
jose,5,
grass,5,
occasion,5,
garrel,5,
level,5,
librarian,5,
stapl,5,
morri,5,
confirm,5,
1982,5,
rosi,5,
address,5,
maid,5,
everywher,5,
atmospher,5,
confess,5,
peak,5,
verdi,5,
barrett,5,
cirqu,5,
willi,5,
coliseum,5,
entri,5,
perhap,5,
discographi,5,
rank,5,
said,5,
moral,5,
hungarian,5,
certain,5,
1988,5,
salut,5,
telephon,5,
approxim,5,
flow,5,
holi,5,
shakira,5,
smell,5,
charismat,5,
comedian,5,
sade,5,
bass,5,
subject,5,
bluegrass,5,
amelia,5,
kane,5,
ronni,5,
sonic,5,
mexican,5,
wast,5,
mood,5,
stuntman,5,
spectat,5,
wilco,5,
franklin,5,
bryant,5,
empti,5,
beast,4,
cliqu,4,
victor,4,
underworld,4,
a.k.a,4,
sweeney,4,
tenant,4,
privileg,4,
velma,4,
roxi,4,
amadeu,4,
asylum,4,
carl,4,
dewey,4,
princip,4,
suspici,4,
humili,4,
monument,4,
strengthen,4,
poppi,4,
optimist,4,
polar,4,
theyv,4,
autobiograph,4,
corni,4,
chipmunk,4,
ricki,4,
rock-and-rol,4,
vast,4,
inevit,4,
idol,4,
undercov,4,
uncov,4,
damon,4,
jake,4,
fact,4,
prompt,4,
advanc,4,
piaf,4,
district,4,
immort,4,
upper,4,
puerto,4,
sidelin,4,
ugli,4,
naiv,4,
midwestern,4,
feat,4,
merg,4,
clerk,4,
flash,4,
turtl,4,
creatur,4,
swept,4,
greenwich,4,
reput,4,
fleet,4,
strive,4,
moonlight,4,
thrill,4,
sharpay,4,
isol,4,
maria,4,
concern,4,
fantast,4,
genesi,4,
graduat,4,
motorcycl,4,
violetta,4,
storylin,4,
pivot,4,
boston,4,
ariel,4,
smooth,4,
crimin,4,
rhythmic,4,
wacki,4,
glee,4,
starr,4,
wildli,4,
janet,4,
creation,4,
slave,4,
persona,4,
small-town,4,
doom,4,
ballroom,4,
wash,4,
entangl,4,
absenc,4,
sweden,4,
mistress,4,
rainbow,4,
religi,4,
coach,4,
thief,4,
audrey,4,
plant,4,
disapprov,4,
habit,4,
chief,4,
rough,4,
germani,4,
reign,4,
elliot,4,
onto,4,
conquer,4,
cheetah,4,
draft,4,
ranch,4,
yellow,4,
yearn,4,
unmarri,4,
blake,4,
imperson,4,
neither,4,
dialogu,4,
frame,4,
laura,4,
revisit,4,
pact,4,
outcast,4,
scare,4,
tupac,4,
howlin,4,
horac,4,
sixteenth,4,
notori,4,
sheer,4,
succumb,4,
scout,4,
pluck,4,
cyru,4,
highest,4,
aqua,4,
limit,4,
wreck,4,
nameless,4,
femm,4,
reed,4,
ranbir,4,
restaur,4,
lola,4,
dispar,4,
greedi,4,
greater,4,
ensur,4,
oppos,4,
hunter,4,
dirti,4,
randi,4,
valentin,4,
spent,4,
inadvert,4,
rabbit,4,
loan,4,
demis,4,
stockholm,4,
19-year-old,4,
atlanta,4,
nina,4,
woodi,4,
recogn,4,
1963,4,
cellist,4,
lamb,4,
rent,4,
romeo,4,
backup,4,
reluctantli,4,
dolli,4,
well-known,4,
bleek,4,
varieti,4,
cure,4,
leach,4,
scorses,4,
2006,4,
sandi,4,
cynic,4,
pier,4,
disciplin,4,
threat,4,
afterward,4,
perspect,4,
fade,4,
vehicl,4,
delv,4,
mundan,4,
bruno,4,
failur,4,
kick,4,
strummer,4,
downfal,4,
driven,4,
fenc,4,
guard,4,
dreami,4,
trap,4,
importantli,4,
scarecrow,4,
cheat,4,
guardian,4,
brazilian,4,
billboard,4,
recoveri,4,
vibrant,4,
canterlot,4,
reclus,4,
chip,4,
footbal,4,
adolph,4,
lower,4,
sullivan,4,
anger,4,
courtney,4,
knowledg,4,
skin,4,
paranoid,4,
health,4,
philosoph,4,
fallen,4,
1986,4,
dont,4,
dozen,4,
neurot,4,
speech,4,
jule,4,
follow-up,4,
suppli,4,
singer/songwrit,4,
derek,4,
dollar,4,
herman,4,
lillian,4,
heyday,4,
enthusiast,4,
sammi,4,
spin,4,
18-year-old,4,
hampton,4,
hitchhik,4,
craig,4,
caleb,4,
bomb,4,
robbi,4,
racial,4,
concept,4,
1971,4,
amphitheatr,4,
interspers,4,
thwart,4,
built,4,
mous,4,
sport,4,
ohio,4,
dude,4,
indiana,4,
miranda,4,
attain,4,
spiritu,4,
kaoru,4,
nishimi,4,
grade,4,
wick,4,
lock,4,
two-hour,4,
wagner,4,
remov,4,
2013,4,
bach,4,
nadin,4,
marr,4,
down-and-out,4,
nandini,4,
ex-husband,4,
20-year,4,
hungri,4,
baro,4,
julian,4,
resum,4,
sure,4,
everybodi,4,
parallel,4,
guthri,4,
hurt,4,
nilsson,4,
segment,4,
myth,4,
jasmin,4,
brandon,4,
deni,4,
excel,4,
welcom,4,
never-before-seen,4,
porter,4,
gambler,4,
lack,4,
saint,4,
request,4,
misunderstand,4,
barney,4,
bitter,4,
confid,4,
toss,4,
1959,4,
depend,4,
madli,4,
dive,4,
upcom,4,
clark,4,
employ,4,
toyland,4,
risk,4,
remak,4,
skeleton,4,
lynn,4,
1962,4,
garland,4,
feature-length,4,
sondheim,4,
sleepi,4,
northwest,4,
destin,4,
region,4,
injur,4,
massacr,4,
abduct,4,
hadiah,4,
that,4,
crook,4,
colleagu,4,
pure,4,
clock,4,
testimoni,4,
miracul,4,
campbel,4,
light-heart,4,
2015,4,
fake,4,
one-hour,4,
dismay,4,
hammersmith,4,
dear,4,
kennedi,4,
devast,4,
zeppelin,4,
bonham,4,
chauffeur,4,
bart,4,
symbol,4,
trailer,4,
instruct,4,
higgin,4,
suspect,4,
bizarr,4,
birmingham,4,
1972,4,
nudist,4,
awaken,4,
melissa,4,
stade,4,
pyramid,4,
adjust,4,
disi,4,
brett,4,
alis,4,
2001,4,
emphasi,4,
hamilton,4,
lend,4,
nichol,4,
melodrama,4,
deke,4,
thin,4,
closest,4,
liefl,4,
2003,4,
rendit,4,
defeat,4,
overview,4,
1993,4,
treacheri,4,
retro,4,
soweto,4,
1976,4,
sarafina,4,
domest,4,
muscl,4,
shoal,4,
spawn,4,
incompar,4,
buoyant,4,
saloon,4,
illmat,4,
curs,4,
slane,4,
watersh,4,
1981,4,
peggi,4,
countrysid,4,
dream-lik,4,
higher,4,
proce,4,
util,4,
penzanc,4,
tunnel,4,
merrishaw,4,
probabl,4,
hardest,4,
nanett,4,
heiress,4,
invest,4,
african,4,
fifth,4,
winwood,4,
johan,4,
contin,4,
grinch,4,
display,4,
jagger,4,
scienc,4,
forbidden,4,
promin,4,
trilog,4,
purchas,4,
border,4,
glimps,4,
worst,4,
fool,4,
tribul,4,
contribut,4,
ador,4,
pyrotechn,4,
philadelphia,4,
finnish,4,
sherman,4,
rotterdam,4,
luisa,4,
aneurysm,4,
showboat,4,
dictatorship,4,
advantag,4,
'zarzuela,4,
travi,4,
1789,4,
ronan,4,
olymp,4,
thoroughli,4,
sugar,4,
magik,4,
chili,4,
pepper,4,
honolulu,4,
wide,4,
1997,4,
gerardo,4,
randolph,4,
2009,4,
done,4,
predecessor,4,
bang,4,
cattl,4,
pace,4,
matador,4,
gear,4,
divin,4,
marta,4,
pedro,4,
raquel,4,
rafa,4,
pilar,4,
ignacio,4,
vallenato,4,
clint,4,
bhola,4,
bindu,4,
millennium,4,
layn,4,
two-disc,4,
depech,4,
observ,4,
plaintiv,4,
ayreon,4,
plaza,4,
rock/,4,
nois,4,
jumper,4,
goalpost,4,
intercut,4,
encor,4,
suresh,4,
scratch,4,
breathless,4,
peculiar,4,
dieu,4,
cett,4,
doug,4,
exquisit,4,
catherin,4,
penthous,4,
vivo,4,
hong,4,
kong,4,
all-soldi,4,
libel,4,
netherland,4,
traumat,4,
restless,4,
51st,4,
quebec,4,
tracklist,4,
secur,4,
lyricist,4,
sumptuou,4,
propos,4,
danub,4,
mamo,4,
troublesom,4,
halfway,4,
precis,4,
dalla,4,
francesca,4,
larsen,4,
lian,4,
2004,4,
1991,4,
thiev,4,
clinton,4,
phillip,4,
wieck,4,
provinci,4,
simran,4,
montreux,4,
guest-hous,4,
hostess,4,
birabeau,4,
fontain,4,
saitama,4,
wray,4,
bustl,4,
hustl,4,
f*ck,4,
kall,4,
1998,4,
necessari,4,
acrobat,4,
gridley,4,
multimedia,4,
rage,4,
benni,4,
peterson,4,
flesh,4,
herbi,4,
devis,4,
meltdown,4,
approv,4,
raul,4,
mayhem,4,
eastern,4,
transistor,4,
truck,4,
pallenberg,4,
hyper,4,
reserv,4,
paper,4,
eliseo,4,
ranveer,4,
wham,4,
go-go,4,
fundrais,4,
heifer,4,
bull,4,
navajo,4,
belgium,4,
babe,4,
jusquaux,4,
puff,4,
trasharella,4,
sheffield,4,
spratt,4,
o'rourk,4,
musicar,4,
armendez,4,
begon,4,
dull,4,
astral,4,
messiah,4,
naughti,4,
arcad,4,
sindhu,4,
eduvigi,4,
advert,4,
merced,4,
sussex,4,
aveng,4,
melvin,4,
bankruptci,4,
zedong,4,
collier,4,
ingal,4,
eden,4,
stiff,4,
ringl,3,
bailey,3,
chocol,3,
prospect,3,
mouth,3,
oversea,3,
nerd,3,
harmon,3,
tedium,3,
'babi,3,
hoofer,3,
19th-centuri,3,
stop-mot,3,
corps,3,
bereft,3,
benjamin,3,
barker,3,
basi,3,
lovett,3,
gage,3,
unfulfil,3,
ultra-elit,3,
murderess,3,
gallow,3,
wolfgang,3,
salieri,3,
insan,3,
arkansa,3,
perkin,3,
finagl,3,
fifth-grad,3,
substitut,3,
finer,3,
hard-nos,3,
rightli,3,
aca-circuit,3,
sisterhood,3,
aca-mag,3,
r-rate,3,
terranc,3,
pronounc,3,
wage,3,
branch,3,
pleasantli,3,
plump,3,
pingleton,3,
amber,3,
tussl,3,
sevil,3,
alvin,3,
braini,3,
impression,3,
theodor,3,
aboard,3,
immens,3,
mutual,3,
assign,3,
craze,3,
timeless,3,
fantasia,3,
maintain,3,
elwood,3,
aerosmith,3,
amid,3,
swirl,3,
limelight,3,
rican,3,
coyot,3,
tantal,3,
venic,3,
strut,3,
stuff,3,
sweati,3,
mose,3,
ruler,3,
chosen,3,
jean-bob,3,
safe,3,
jude,3,
star-cross,3,
volatil,3,
section,3,
inform,3,
preciou,3,
dicken,3,
extraordinair,3,
efron,3,
descend,3,
midst,3,
deaf,3,
sixteen,3,
hint,3,
once-in-a-lifetim,3,
cheri,3,
impresario,3,
demolit,3,
bibl,3,
jealousi,3,
gray,3,
stewart,3,
montana,3,
trade,3,
glamour,3,
flatt,3,
campu,3,
downtown,3,
moscow,3,
ahead,3,
stellar,3,
montag,3,
parodi,3,
dealer,3,
genet,3,
cope,3,
foreign,3,
norman,3,
anderson,3,
spill,3,
serv,3,
manslaught,3,
daddi,3,
big-tim,3,
fever,3,
sweetheart,3,
unveil,3,
underneath,3,
absorb,3,
reinvent,3,
coming-of-ag,3,
songstress,3,
system,3,
tast,3,
collaps,3,
glam-rock,3,
offbeat,3,
craft,3,
austria,3,
script,3,
endeavor,3,
mane,3,
painter,3,
1978,3,
conveni,3,
delinqu,3,
lagaan,3,
champan,3,
coloni,3,
heroic,3,
case,3,
rework,3,
nerdi,3,
manageress,3,
lorelei,3,
esmond,3,
detect,3,
disqualifi,3,
undergo,3,
hedwig,3,
intersect,3,
drain,3,
finger,3,
seller,3,
pulitz,3,
labour,3,
bachelor,3,
lesli,3,
suitabl,3,
darci,3,
circumst,3,
thoma,3,
megan,3,
crooner,3,
soprano,3,
poem,3,
juxtaposit,3,
ventur,3,
nanci,3,
mclaren,3,
plung,3,
technician,3,
pollut,3,
administr,3,
georgia,3,
rumor,3,
shakur,3,
egotist,3,
leonard,3,
dusti,3,
siren,3,
dale,3,
upstair,3,
treasur,3,
covet,3,
front-row,3,
geek,3,
bieber,3,
l.a.,3,
reid,3,
gross,3,
roadi,3,
ludwig,3,
raven,3,
fatal,3,
havana,3,
amsterdam,3,
motley,3,
posit,3,
footwear,3,
prejudic,3,
selfish,3,
manipul,3,
ceremoni,3,
refuge,3,
horseman,3,
frenet,3,
afghanistan,3,
wrath,3,
nuanc,3,
tumultu,3,
joaquin,3,
phoenix,3,
motel,3,
remu,3,
standard,3,
struck,3,
recaptur,3,
self-proclaim,3,
1965,3,
unwritten,3,
belief,3,
pawn,3,
will,3,
mass,3,
1966,3,
convert,3,
dilapid,3,
world-renown,3,
preserv,3,
nightmar,3,
wise,3,
cape,3,
halt,3,
spoken,3,
girli,3,
patient,3,
evita,3,
teas,3,
cinematograph,3,
spice,3,
everyday,3,
fulli,3,
solang,3,
awar,3,
pregnanc,3,
odyssey,3,
clinic,3,
rockumentari,3,
philipp,3,
hapless,3,
darin,3,
boil,3,
chet,3,
mount,3,
republ,3,
fictiti,3,
barrier,3,
keen,3,
boast,3,
orwel,3,
similarli,3,
posh,3,
cass,3,
aberdeen,3,
ironwork,3,
redhead,3,
slide,3,
helicopt,3,
impromptu,3,
sparrow,3,
splash,3,
transport,3,
mack,3,
spotti,3,
hopeless,3,
eyebal,3,
mention,3,
annabel,3,
cassett,3,
1987,3,
mortal,3,
villain,3,
porno,3,
deed,3,
valuabl,3,
till,3,
attach,3,
gloriou,3,
rene,3,
harsh,3,
on-stag,3,
cruel,3,
joyou,3,
frontier,3,
ozzi,3,
terrif,3,
candid,3,
noel,3,
liam,3,
kramer,3,
cbgb,3,
gilbert,3,
instal,3,
rita,3,
ballad,3,
evid,3,
otherwis,3,
abba,3,
sung,3,
peachum,3,
beggar,3,
neighbour,3,
brent,3,
busbi,3,
berkeley,3,
unwil,3,
benchley,3,
recit,3,
senat,3,
signific,3,
hamburg,3,
closer,3,
mafia,3,
cuba,3,
protagonist,3,
bite,3,
dust,3,
bahia,3,
tenement,3,
humor,3,
iowa,3,
mimi,3,
code,3,
coax,3,
defect,3,
exagger,3,
publicli,3,
thug,3,
godfath,3,
rafael,3,
ivan,3,
rhythm,3,
jordin,3,
paid,3,
somehow,3,
annett,3,
wunderkind,3,
congreg,3,
seventeen,3,
alaska,3,
backward,3,
halloween,3,
snake,3,
inimit,3,
denmark,3,
unravel,3,
psycholog,3,
dunn,3,
prevent,3,
grave,3,
sinaloa,3,
footstep,3,
extravag,3,
zadan,3,
meron,3,
blanket,3,
cherish,3,
segura,3,
bueno,3,
rediscov,3,
luca,3,
jennif,3,
coverag,3,
niall,3,
jacquelin,3,
stylish,3,
clarenc,3,
salsa,3,
sesam,3,
fitzgerald,3,
wattstax,3,
throat,3,
client,3,
fella,3,
merci,3,
rupert,3,
smitten,3,
bertrand,3,
blyth,3,
1976,3,
kristofferson,3,
declin,3,
stowaway,3,
reggaeton,3,
rico,3,
greed,3,
parad,3,
wipe,3,
kaufman,3,
lifelong,3,
authent,3,
blur,3,
ritsuko,3,
muka,3,
karaok,3,
whimsic,3,
mumbai,3,
rattl,3,
gibson,3,
shayn,3,
christin,3,
inspector,3,
plagu,3,
blame,3,
compromis,3,
link,3,
mahler,3,
alma,3,
georgina,3,
2010,3,
vivaldi,3,
rebecca,3,
vladimir,3,
tight,3,
vener,3,
banish,3,
overbear,3,
forest,3,
1998,3,
backyard,3,
custodi,3,
poker,3,
haruta,3,
chika,3,
entranc,3,
liber,3,
off-broadway,3,
atom,3,
clutch,3,
robespierr,3,
mlani,3,
window,3,
advic,3,
futurist,3,
ignor,3,
doggi,3,
surrend,3,
excerpt,3,
episod,3,
renato,3,
russo,3,
oblig,3,
puccini,3,
mill,3,
walker,3,
groov,3,
borrow,3,
realis,3,
tutor,3,
hoodlum,3,
enlighten,3,
heavili,3,
jamaica,3,
rebirth,3,
slight,3,
hook,3,
easier,3,
fiance,3,
supergroup,3,
meant,3,
cancer,3,
roam,3,
laid,3,
feisti,3,
pitch,3,
carol,3,
harder,3,
dreamer,3,
monterey,3,
daydream,3,
distinct,3,
hitch,3,
torch,3,
mobster,3,
marti,3,
leppard,3,
bake,3,
flame,3,
sherri,3,
african-american,3,
unrest,3,
peep,3,
drexel,3,
warhol,3,
nico,3,
grate,3,
campaign,3,
gradual,3,
appreci,3,
intric,3,
bloom,3,
lovelorn,3,
depression-era,3,
hawley,3,
restrict,3,
harvey,3,
frontman,3,
econom,3,
joshua,3,
afternoon,3,
1989,3,
drastic,3,
alter,3,
maestro,3,
eclips,3,
begun,3,
dandi,3,
cervant,3,
manserv,3,
there,3,
prefer,3,
naval,3,
stern,3,
impuls,3,
tall,3,
amount,3,
yorker,3,
boxer,3,
bett,3,
retreat,3,
enorm,3,
relax,3,
stoog,3,
ullman,3,
trajectori,3,
honmoku,3,
sword,3,
convict,3,
live-act,3,
sita,3,
goddess,3,
josh,3,
jungl,3,
sneak,3,
odeon,3,
odditi,3,
sarah,3,
churchil,3,
9/8c,3,
seth,3,
instantli,3,
catalog,3,
cocki,3,
columbia,3,
lingo,3,
suck,3,
card,3,
wolv,3,
treat,3,
lightheart,3,
stretch,3,
pianist/compos,3,
frdric,3,
idiot,3,
bush,3,
passag,3,
infinit,3,
cloth,3,
silli,3,
fun-lov,3,
teeth,3,
barton,3,
in-depth,3,
thirtieth,3,
cousin,3,
visitor,3,
chose,3,
monti,3,
warm,3,
aggress,3,
belgian,3,
thompson,3,
publicist,3,
kent,3,
increas,3,
evolv,3,
ziegfeld,3,
robot,3,
afrikaan,3,
keeper,3,
laughter,3,
blige,3,
enhanc,3,
strauss,3,
elder,3,
donna,3,
jacob,3,
emma,3,
whirlwind,3,
iranian,3,
1974,3,
tide,3,
embroil,3,
sunbeam,3,
pennyroy,3,
sticki,3,
flock,3,
animus,3,
dimens,3,
pipe,3,
meld,3,
policeman,3,
preview,3,
titan,3,
elev,3,
franchis,3,
amour,3,
endlessli,3,
amass,3,
pin-up,3,
frenzi,3,
rock'n'rol,3,
lass,3,
foursom,3,
bullet,3,
2005,3,
fourteen,3,
vinyl,3,
long-tim,3,
pixi,3,
scandal,3,
pavilion,3,
comprehens,3,
fine,3,
literatur,3,
print,3,
certifi,3,
platinum,3,
riaa,3,
http,3,
brace,3,
coyn,3,
thursday,3,
marilyn,3,
sympathi,3,
provoc,3,
goof,3,
kamen,3,
leaf,3,
made-for-tv,3,
liszt,3,
grammy-nomin,3,
elderli,3,
fell,3,
sheila,3,
tate,3,
nobodi,3,
poland,3,
lisbon,3,
muslim,3,
yukiyo,3,
wire,3,
boogi,3,
slag,3,
philharmon,3,
weav,3,
rumour,3,
2013,3,
laurel,3,
gentleman,3,
remot,3,
gold-dig,3,
medicin,3,
documentarian,3,
particularli,3,
nijinski,3,
open-air,3,
stunt,3,
virgil,3,
assum,3,
goon,3,
satellit,3,
twelv,3,
declar,3,
maverick,3,
paranoia,3,
tomboy,3,
barn,3,
transcend,3,
reform,3,
styliz,3,
lester,3,
guess,3,
stint,3,
distort,3,
grandson,3,
pre-war,3,
operetta,3,
korean,3,
ferri,3,
meantim,3,
sing-along,3,
soleil,3,
divers,3,
overli,3,
sultri,3,
outlaw,3,
ruse,3,
packag,3,
joost,3,
lament,3,
renew,3,
landladi,3,
reminisc,3,
ginger,3,
relief,3,
seeger,3,
ella,3,
pancho,3,
drown,3,
accur,3,
finest,3,
outstand,3,
superbl,3,
mess,3,
whenev,3,
showtim,3,
resent,3,
16mm,3,
remast,3,
newsboy,3,
distribut,3,
parson,3,
multi,3,
essenti,3,
dominiqu,3,
canteen,3,
gasolin,3,
technicolor,3,
waltz,3,
giorgio,3,
joselito,3,
sibl,3,
cd/dvd,3,
osborn,3,
appeal,3,
clean,3,
juliu,3,
mixtur,3,
b-side,3,
seasid,3,
kyli,3,
cream,3,
subvers,3,
countercultur,3,
eighth,3,
reduc,3,
newborn,3,
rider,3,
prismat,3,
animaniac,3,
wheel,3,
deeper,3,
dissolv,3,
prime,3,
conceiv,3,
shower,3,
sentenc,3,
katherin,3,
jelli,3,
timber,3,
joel,3,
luminari,3,
lenni,3,
friday,3,
decemberunderground,3,
daisi,3,
polo,3,
disturb,3,
alley,3,
idaho,3,
ambient,3,
1956,3,
out-of-work,3,
orbison,3,
zandt,3,
expel,3,
wherev,3,
experiment,3,
re-creat,3,
krall,3,
stevi,3,
christina,3,
aguilera,3,
hayn,2,
norah,2,
stabil,2,
dictat,2,
glover,2,
ethan,2,
cabl,2,
impressionist,2,
marion,2,
cotillard,2,
manero,2,
dead-end,2,
good-natur,2,
empir,2,
liverpool,2,
vietnam,2,
spiral,2,
1914,2,
gretta,2,
apprentic,2,
miser,2,
dastardli,2,
troy,2,
ashley,2,
vanessa,2,
jett,2,
puppet,2,
brilliantli,2,
coat,2,
mitchi,2,
slick,2,
luke,2,
dana,2,
stake,2,
rascal,2,
1961,2,
t-bird,2,
stephani,2,
daniel,2,
jessica,2,
favor,2,
gran,2,
intrigu,2,
heavy-met,2,
hijack,2,
selma,2,
disord,2,
oscar-nomin,2,
tongu,2,
hannigan,2,
irrever,2,
flat,2,
frank-n-furt,2,
valeri,2,
pool,2,
tailor,2,
scooter,2,
anymor,2,
victori,2,
pierr,2,
boyz,2,
terribl,2,
slade,2,
austin,2,
mogul,2,
waitress,2,
seduct,2,
employe,2,
present-day,2,
arrog,2,
cockroach,2,
expatri,2,
motorcycle-rid,2,
temporari,2,
bhuvan,2,
unless,2,
lift,2,
provinc,2,
shelley,2,
pickpocket,2,
mushnik,2,
co-work,2,
berat,2,
daili,2,
crave,2,
supper,2,
easili,2,
frequent,2,
erni,2,
superior,2,
cold,2,
luther,2,
speck,2,
stole,2,
area,2,
tribal,2,
induct,2,
boot,2,
missil,2,
glove,2,
submarin,2,
squeez,2,
tactic,2,
gigi,2,
caron,2,
bollywood,2,
bakshi,2,
opinion,2,
hard-liv,2,
mentor,2,
breakout,2,
flagship,2,
rotten,2,
thorndyk,2,
nervou,2,
psychiatr,2,
surfac,2,
inde,2,
raid,2,
superstardom,2,
sheep,2,
violenc,2,
chuck,2,
annoy,2,
complain,2,
jodhaa,2,
akbar,2,
emperor,2,
farmer,2,
prospector,2,
christoph,2,
wallac,2,
hustler,2,
hawkin,2,
bone,2,
voyag,2,
board,2,
trust,2,
chanticl,2,
rooster,2,
crow,2,
foot,2,
busk,2,
usher,2,
kingston,2,
succeed,2,
chanel,2,
dorinda,2,
reno,2,
popey,2,
hanov,2,
cuban,2,
subway,2,
deepika,2,
fozzi,2,
piggi,2,
magnat,2,
grown,2,
cabaret,2,
lauren,2,
tabl,2,
cross-countri,2,
curti,2,
hopelessli,2,
disgruntl,2,
arizona,2,
unbeknownst,2,
newman,2,
crossroad,2,
generation-defin,2,
house-mus,2,
leiji,2,
matsumoto,2,
cedric,2,
hervet,2,
symbiot,2,
rabbitt,2,
tick,2,
barrytown,2,
slowli,2,
click,2,
fine-vo,2,
yard,2,
deco,2,
respond,2,
fagan,2,
epidem,2,
bio-tech,2,
organ-financ,2,
repossess,2,
claus,2,
seventi,2,
lightn,2,
sunk,2,
lodg,2,
infidel,2,
smaltzi,2,
archenemi,2,
ursula,2,
all-access,2,
unwav,2,
bypass,2,
fratern,2,
street-styl,2,
mara,2,
susana,2,
denomin,2,
rebellion,2,
ecclesiast,2,
hymn,2,
1944,2,
jimini,2,
bongo,2,
beanstalk,2,
tina,2,
carley,2,
skater,2,
type,2,
sarcoma,2,
josi,2,
valen,2,
sandler,2,
extraordinarili,2,
relentless,2,
uncontrol,2,
flight,2,
music-driven,2,
melea,2,
strict,2,
howard,2,
calam,2,
corki,2,
blain,2,
missouri,2,
mockumentari,2,
spinal,2,
godmoth,2,
adulthood,2,
wildest,2,
hugh,2,
faust,2,
disfigur,2,
juan,2,
gale,2,
theresa,2,
merritt,2,
introvert,2,
robb,2,
13th,2,
entourag,2,
francoi,2,
rochefort,2,
sweep,2,
donahu,2,
vicki,2,
dumb,2,
intertwin,2,
dilig,2,
underton,2,
masquerad,2,
jester,2,
russian,2,
freccia,2,
tito,2,
honeymoon,2,
dixieland,2,
1977,2,
gentl,2,
snowstorm,2,
persever,2,
blister,2,
hord,2,
appoint,2,
cowabunga,2,
surfer,2,
bradi,2,
maia,2,
embarrass,2,
reindeer,2,
vers,2,
aristophan,2,
marshal,2,
emerald,2,
assort,2,
starlet,2,
olli,2,
orfeu,2,
eurydic,2,
margaret,2,
blight,2,
winni,2,
pooh,2,
casey,2,
darker,2,
bandlead,2,
humour,2,
biblic,2,
billionair,2,
refug,2,
gabey,2,
coney,2,
anthropologist,2,
council,2,
mermaid,2,
bloodi,2,
edinburgh,2,
highschool,2,
dete,2,
oppress,2,
perpetu,2,
fragment,2,
pastor,2,
gate,2,
gotten,2,
back-stag,2,
tiger,2,
knife,2,
state-of-the-art,2,
theyr,2,
abbi,2,
doesnt,2,
jordan,2,
hallucin,2,
deacon,2,
brigadoon,2,
recov,2,
stolen,2,
garrett,2,
untold,2,
moodi,2,
baez,2,
donovan,2,
sutcliff,2,
dorff,2,
hammer,2,
ironi,2,
reject,2,
scam,2,
uninhibit,2,
unknowingli,2,
genuin,2,
ongo,2,
horror,2,
spread,2,
serbian,2,
vessel,2,
resist,2,
rudolph,2,
nose,2,
glow,2,
parisian,2,
idolis,2,
re-invent,2,
in-between,2,
must-se,2,
grief,2,
palagna,2,
bolton,2,
affluent,2,
patron,2,
old-tim,2,
hide,2,
milk,2,
hackney,2,
zach,2,
elimin,2,
ill-fat,2,
1969,2,
earlier,2,
tulsa,2,
dynamit,2,
seduc,2,
untouch,2,
averag,2,
curr,2,
toto,2,
fabl,2,
asteroid,2,
historian,2,
shoemak,2,
knack,2,
accomplic,2,
navig,2,
larson,2,
breathtak,2,
grip,2,
subgenr,2,
uniform,2,
ralli,2,
hugo,2,
dame,2,
hunchback,2,
evict,2,
foil,2,
merl,2,
sprinkl,2,
fearless,2,
carson,2,
huxley,2,
axel,2,
diego,2,
await,2,
12-year-old,2,
ariana,2,
pharrel,2,
spike,2,
pierc,2,
unannounc,2,
siro,2,
o'malley,2,
parish,2,
convent,2,
buff,2,
snobbish,2,
maximilian,2,
reconcil,2,
vaudevillian,2,
chastiti,2,
retain,2,
trademark,2,
burnham,2,
prohibition-era,2,
racket,2,
toast,2,
massenet,2,
cendrillon,2,
laurent,2,
teatr,2,
liceu,2,
covent,2,
madam,2,
brussel,2,
bigelow,2,
liner,2,
brash,2,
salvat,2,
regga,2,
incid,2,
joplin,2,
embodi,2,
wheeler,2,
komatsu,2,
hooley,2,
siegfri,2,
fanni,2,
claudin,2,
anti-semit,2,
catholic,2,
bessi,2,
godard,2,
altman,2,
aria,2,
1911,2,
protege,2,
old-fashion,2,
andrea,2,
straight-a,2,
womanhood,2,
bookish,2,
wannabe,2,
cybil,2,
outgo,2,
cruiser,2,
bombshel,2,
circa,2,
jerk,2,
germ,2,
elect,2,
reinstal,2,
legitimaci,2,
radical-feminist,2,
pussi,2,
balaclava,2,
cathedr,2,
indian-bas,2,
pundit,2,
vikram,2,
gokhal,2,
rafilini,2,
salman,2,
aishwarya,2,
vanraj,2,
ajay,2,
devgan,2,
1939,2,
airwav,2,
soon-to-b,2,
whodunit,2,
amamiya,2,
moriwaki,2,
elementari,2,
ichinos,2,
animenewsnetwork,2,
rapaport,2,
vitu,2,
highly-gift,2,
gheorghiu,2,
katakuri,2,
sumo,2,
wrestler,2,
underag,2,
feliz,2,
lucinha,2,
arajo,2,
cazuza,2,
circo,2,
voador,2,
apotheosi,2,
vermelho,2,
feature-film,2,
solt,2,
unavail,2,
alchohol,2,
sledg,2,
enabl,2,
flautist,2,
pr-finzi,2,
stood,2,
stunner,2,
cropdust,2,
hitch-hik,2,
sue-lin,2,
dian,2,
interrupt,2,
disband,2,
flute,2,
jeannett,2,
kathi,2,
arch,2,
andi,2,
14-year-old,2,
arlo,2,
mewsett,2,
ruthless,2,
gruel,2,
enforc,2,
proof,2,
nate,2,
overwhelm,2,
freda,2,
rusti,2,
smother,2,
heal,2,
abort,2,
speakeasi,2,
modifi,2,
garner,2,
prais,2,
bronx,2,
bare,2,
jo-ann,2,
eugen,2,
reincarn,2,
vice,2,
weari,2,
clawdeen,2,
ghoul,2,
mississippi,2,
hayworth,2,
incap,2,
consum,2,
equip,2,
reloc,2,
post,2,
motiv,2,
monsieur,2,
colomb,2,
marai,2,
taught,2,
kwimper,2,
lovato,2,
unhappili,2,
fast,2,
flavor,2,
sleev,2,
kinshasa,2,
neck,2,
gauch,2,
bilg,2,
socialit,2,
cavern,2,
hemsley,2,
wade,2,
ninotchka,2,
retriev,2,
condemn,2,
hiatu,2,
vineyard,2,
harvest,2,
gulliv,2,
compar,2,
tamino,2,
pamina,2,
pitfal,2,
screenplay,2,
regist,2,
si-hyun,2,
lust,2,
scale,2,
black-and-whit,2,
seurat,2,
lapin,2,
abbey,2,
tyne,2,
greenwood,2,
fort,2,
iceland,2,
offens,2,
anxiou,2,
scari,2,
midway,2,
expand,2,
jonestown,2,
inquisit,2,
mock,2,
defens,2,
yunupingu,2,
anastacia,2,
morgana,2,
tromp,2,
prep,2,
shimmer,2,
cach,2,
contact,2,
piper,2,
o'brien,2,
ballerina,2,
lucil,2,
thankless,2,
1966,2,
worthless,2,
ramayana,2,
rama,2,
terrorist,2,
co-found,2,
illeg,2,
quintessenti,2,
takarazuka,2,
uplift,2,
kimberli,2,
escort,2,
therefor,2,
stairway,2,
terwillik,2,
plumber,2,
zenith,2,
kern,2,
jock,2,
merri,2,
sand,2,
armstrong,2,
shut,2,
carv,2,
insider-hang,2,
81st,2,
viva,2,
spout,2,
discard,2,
orgi,2,
bisexu,2,
sadism,2,
bohemia,2,
tablet,2,
frake,2,
patriarch,2,
abel,2,
winning,2,
swine,2,
blueboy,2,
bainter,2,
mincemeat,2,
pickl,2,
film/liv,2,
mylo,2,
xyloto,2,
2011,2,
dugdal,2,
romanian,2,
misde,2,
kenneth,2,
branagh,2,
navarr,2,
oath,2,
renounc,2,
honour,2,
divorce,2,
boutiqu,2,
duck,2,
stomach,2,
labor,2,
all-import,2,
broad,2,
florentino,2,
fernandez,2,
unquest,2,
lame,2,
sabina,2,
vane,2,
jaydi,2,
clare,2,
lent,2,
essenc,2,
uberta,2,
swashbuckl,2,
seclus,2,
dwell,2,
sapphir,2,
rosali,2,
seed,2,
mall,2,
healthi,2,
rethink,2,
clementi,2,
glenda,2,
leela,2,
reborn,2,
ryusuk,2,
whilst,2,
devereaux,2,
ferreira,2,
melani,2,
reel,2,
dwarf,2,
goos,2,
greta,2,
lauri,2,
fledgl,2,
librari,2,
raucou,2,
pulsat,2,
argentin,2,
hung,2,
winnipeg,2,
legless,2,
saddest,2,
chester,2,
serbia,2,
gavrilo,2,
pathet,2,
drunkard,2,
laser-precis,2,
rapid-fir,2,
seren,2,
harp,2,
skelton,2,
flames-and-fountain,2,
aquat,2,
implement,2,
languag,2,
classroom,2,
shame,2,
miriam,2,
makeba,2,
apartheid,2,
masombuka,2,
whoopi,2,
goldberg,2,
consciou,2,
dairy-farm,2,
invigor,2,
health-ton,2,
weeb,2,
liquapep,2,
riski,2,
purs,2,
frenchman,2,
lanet,2,
sprang,2,
unassum,2,
mustang,2,
incendiari,2,
hostil,2,
majest,2,
waterfal,2,
foreground,2,
cano,2,
cradl,2,
leadvil,2,
cigar,2,
wrapper,2,
replica,2,
gemston,2,
brawl,2,
1994,2,
ceilidh,2,
disarray,2,
nemesi,2,
collis,2,
lizzi,2,
cull,2,
once-fam,2,
lonett,2,
mckee,2,
kenni,2,
nash,2,
shooter,2,
newton,2,
stylist,2,
old-school,2,
outr,2,
pianist/first-tim,2,
janusz,2,
olejniczak,2,
wist,2,
ahem,2,
overzeal,2,
phalanx,2,
lush,2,
expertli,2,
hyper-imaginari,2,
near-const,2,
post-70,2,
artpop,2,
superstit,2,
overjoy,2,
feet,2,
research,2,
silenc,2,
whate,2,
revelatori,2,
early-80,2,
comedy/mus,2,
raider,2,
mabel,2,
blacklist,2,
airlin,2,
charter,2,
rockin,2,
warp,2,
airport,2,
astronom,2,
canaver,2,
afro-american,2,
singa,2,
one-night,2,
lorn,2,
dickin,2,
beth,2,
mccarthy-mil,2,
3-day-rock-,2,
metal-festiv,2,
non-stop,2,
blast,2,
80,2,
peck,2,
herculean,2,
422nd,2,
embryon,2,
dancersa,2,
heaviest,2,
fatih,2,
akin,2,
istanbul,2,
turkish,2,
siames,2,
freakish,2,
sergio,2,
andrad,2,
mida,2,
pop/rock,2,
trevi,2,
liza,2,
minnelli,2,
rammstein,2,
stabl,2,
jacki,2,
remix,2,
disclosur,2,
darl,2,
broke,2,
cleveland,2,
freed,2,
mattia,2,
thuresson,2,
korn,2,
theodoraki,2,
vigo,2,
scar,2,
unhealthi,2,
forgotten,2,
eukariah,2,
moos,2,
motion,2,
rous,2,
franz,2,
elop,2,
asleep,2,
memaw,2,
core,2,
buffalo,2,
unemploy,2,
chin-ch,2,
randal,2,
ambassador,2,
sensori,2,
xavier,2,
poke,2,
disneyland,2,
ford,2,
eldest,2,
hour-long,2,
whippl,2,
sonni,2,
attribut,2,
moteki,2,
cute,2,
lang,2,
licens,2,
flintston,2,
2014,2,
kinski,2,
regard,2,
luna,2,
margarita,2,
punctuat,2,
trina,2,
nurseri,2,
palmer,2,
tutt,2,
romola,2,
diaghilev,2,
collater,2,
wive,2,
newfound,2,
elvira,2,
telstar,2,
arrow,2,
grindcor,2,
rasnick,2,
deepli,2,
rodolfo,2,
lifesav,2,
prairi,2,
ryman,2,
45-minut,2,
two-piec,2,
yet-to-be-releas,2,
sacrificing/burn,2,
unhing,2,
feedback,2,
whisper-to-scream,2,
soul-frazzl,2,
coltran,2,
margi,2,
inspit,2,
post-war,2,
franco,2,
second-r,2,
wretch,2,
capric,2,
cort,2,
faran,2,
obscen,2,
censorship,2,
justic,2,
theori,2,
chimpanze,2,
flier,2,
nolan,2,
g.i.,2,
furiou,2,
starlift,2,
wherebi,2,
flown,2,
outbound,2,
inbound,2,
famin,2,
revolt,2,
gover,2,
antoinett,2,
danton,2,
maximilien,2,
camil,2,
desmoulin,2,
assault,2,
bastil,2,
stritch,2,
thai,2,
inject,2,
formalin,2,
debt-collect,2,
mcginn,2,
heifetz,2,
1973,2,
radiohead,2,
burn-out,2,
inaugur,2,
misfir,2,
flirtat,2,
lieuten,2,
fals,2,
3-hour,2,
tony-win,2,
showstopp,2,
toe-tap,2,
1941,2,
hyperact,2,
challeg,2,
pest,2,
oogi,2,
waylon,2,
nassau,2,
highwayman,2,
aint,2,
folsom,2,
stallion,2,
mcgee,2,
desperado,2,
luckenbach,2,
monkey,2,
four-part,2,
16th-centuri,2,
sutra,2,
ling,2,
fervent,2,
needless,2,
showmen,2,
dunstan,2,
unconsci,2,
delirium,2,
modern-day,2,
dim-wit,2,
surfer-lad,2,
surfi,2,
53rd,2,
reba,2,
mcentir,2,
dissapear,2,
24-track,2,
beasti,2,
vanish,2,
hania,2,
izabella,2,
miko,2,
hoffmann,2,
nuremberg,2,
stella,2,
interv,2,
tavern,2,
filmic,2,
offenbach,2,
non-aquat,2,
montalban,2,
counterpart,2,
hiphopera,2,
scorch,2,
'leav,2,
speechless,2,
luieten,2,
have-,2,
seargeant,2,
derrick,2,
wants-,2,
omin,2,
tarot,2,
propheci,2,
mame,2,
madcap,2,
disrupt,2,
deceas,2,
entrust,2,
bahama,2,
estefan,2,
tierra,2,
medley,2,
conga/1-2-3/get,2,
feet/rhythm,2,
caribea,2,
celia,2,
cruz,2,
marc,2,
feliciano,2,
galleri,2,
1990,2,
warehous,2,
organis,2,
punter,2,
elit,2,
super-villa,2,
hedon,2,
solid,2,
sun-k,2,
absolut,2,
realm,2,
#NOMBRE?,2,
religious/civil,2,
wars-,2,
brillianc,2,
carlota,2,
marciano,2,
martnez,2,
majagu,2,
sucr,2,
accordion,2,
fermn,2,
yull,2,
juglar,2,
wednesday,2,
donkey,2,
caribbean,2,
colombia,2,
taroa,2,
casero,2,
uribia,2,
jurisdict,2,
guajira,2,
valledupar,2,
counter,2,
rapid,2,
underhand,2,
download,2,
weller,2,
bragg,2,
nerina,2,
pallot,2,
boon,2,
dutt,2,
saira,2,
banu,2,
padosan,2,
hindi,2,
must-watch,2,
istvn,2,
kirli,2,
levent,2,
szrnyi,2,
brdi,2,
ezredfordul,2,
mikl,2,
boldizsr,2,
co-wrot,2,
libretto,2,
budapest,2,
gbor,2,
koltay,2,
resurfac,2,
all-acoust,2,
staley,2,
four-night,2,
double-dvd,2,
multi-angl,2,
option,2,
maracana,2,
upgrad,2,
rowland,2,
codirect,2,
esteem,2,
synthes,2,
slow,2,
alarm,2,
gahan,2,
steroid-bas,2,
uninterrupt,2,
blasphem,2,
exult,2,
40-someth,2,
keogh,2,
buck,2,
juggl,2,
arjen,2,
lucassen,2,
broek,2,
dynasti,2,
decades-long,2,
toro,2,
black/,2,
flames/,2,
thunderstruck/,2,
thythm/,2,
thrill/,2,
man/,2,
caesar/,2,
bells/,2,
dog/,2,
jack/,2,
ballbreaker/,2,
pollution/,2,
dirt,2,
cheap/,2,
shook,2,
long/,2,
roise/,2,
tnt/,2,
hell/,2,
breath-tak,2,
halo,2,
gut-wrench,2,
woven,2,
vinni,2,
kisi,2,
nahin,2,
cheater,2,
vishnu,2,
zetterlund,2,
displac,2,
uganda,2,
martian,2,
latim,2,
greasy-spoon,2,
predica,2,
bewitchingli,2,
stomp,2,
celtic,2,
flatley,2,
melliflu,2,
spillan,2,
bagpip,2,
enya,2,
sound-alik,2,
choral,2,
anuna,2,
age-styl,2,
flamenco,2,
repetit,2,
ovat,2,
foot-stomp,2,
natal,2,
selon,2,
rien,2,
n'est,2,
conu,2,
surtout,2,
shampo,2,
produit,2,
beaut,2,
vent,2,
disqu,2,
animateur,2,
dnonc,2,
escroqueri,2,
l'antenn,2,
vaut,2,
d'tre,2,
licenc,2,
rapparatra,2,
nouvel,2,
avec,2,
vrit,2,
conceit,2,
comin,2,
illumin,2,
vernon,2,
gibbon,2,
dweezil,2,
zappa,2,
williamson,2,
briefli,2,
conclud,2,
calloway,2,
awe-inspir,2,
pour,2,
sweat,2,
yussuf,2,
aliosha,2,
caspian,2,
fishboat,2,
kolkhoz,2,
misha,2,
renfro,2,
bacon,2,
ac/dc,2,
moster,2,
donington,2,
iso-cam,2,
sizzl,2,
'live,2,
'these,2,
estadio,2,
nacion,2,
ardent,2,
latino,2,
chilean,2,
musicianship,2,
jaw-drop,2,
encapsul,2,
flem,2,
socially-consci,2,
coked-out,2,
melod,2,
yoshiki,2,
wine,2,
all-mal,2,
stall,2,
roadster,2,
strap,2,
hard-hit,2,
docu-drama,2,
1946,2,
purport,2,
evelyn,2,
benson,2,
keeler,2,
demarest,2,
donath,2,
tamara,2,
scotti,2,
beckett,2,
bankrupt,2,
nudi,2,
debtor,2,
ownership,2,
financ,2,
foreclos,2,
etern,2,
liang,2,
ying,2,
huangmei,2,
hsiang,2,
butterfli,2,
penultim,2,
full-length,2,
syrti,2,
newly-colon,2,
eraserhead,2,
christmas-tim,2,
childlik,2,
realist,2,
yaphank,2,
peson,2,
tell-al,2,
wren,2,
rashmon,2,
muziekcentrum,2,
vredenburg,2,
utrecht,2,
elegantli,2,
d'est,2,
tivoli,2,
filter,2,
fountain,2,
baroqu,2,
statuari,2,
sensuou,2,
hybrid,2,
noir,2,
loner,2,
rehab,2,
talisman,2,
lionheart,2,
lindsey,2,
stirl,2,
one-of-,2,
a-kind,2,
budokan,2,
nippon,2,
budoukan,2,
commemor,2,
ponyo,2,
hayao,2,
200-member,2,
ippan,2,
koubo,2,
ritsuyuukai,2,
160-piec,2,
altogeth,2,
1160,2,
bangladesh,2,
godhead,2,
catch-phras,2,
bitterli,2,
satisfact,2,
shed,2,
butch,2,
dissect,2,
reassembl,2,
rihanna,2,
2007,2,
in-concert,2,
two-cd,2,
congeal,2,
reinterpret,2,
canon,2,
contrarili,2,
omit,2,
colis,2,
pepsi,2,
blacken,2,
vote,2,
teaser,2,
switchboard,2,
tilt,2,
tennant,2,
400th,2,
anti-authoritarian,2,
blink-182,2,
hoppu,2,
flea,2,
mcilrath,2,
lindberg,2,
skate,2,
pennywis,2,
hyster,2,
belt,2,
'fuck,2,
authoritarian,2,
mid-lif,2,
fatherhood,2,
cell,2,
detach,2,
indiffer,2,
fong,2,
wordsmith,2,
canto-pop,2,
wong,2,
repertoir,2,
phang,2,
fashion-savvi,2,
reliv,2,
feast,2,
3-blu-ray,2,
mapuch,2,
elicura,2,
chihuailaf,2,
trawvn,2,
kalfu,2,
francisca,2,
valenzuela,2,
nano,2,
vasconcello,2,
manuel,2,
garca,2,
juanito,2,
ayala,2,
tata,2,
barahona,2,
sazo,2,
unlimit,2,
opportunit,2,
democrat,2,
democraci,2,
presspauseplay,2,
baton-tot,2,
drunk,2,
stagger,2,
goofili,2,
stave,2,
kurdish,2,
iran,2,
iraqi,2,
kurdistan,2,
derelict,2,
recur,2,
hesho,2,
gullibl,2,
zani,2,
all-american,2,
starkid,2,
2014,2,
replic,2,
mcdoon,2,
cletu,2,
cornwal,2,
bless,2,
cunningham,2,
drove,2,
nichola,2,
herzog,2,
soav,2,
fanciulla,2,
bohem,2,
pair-o-dic,2,
dispatch,2,
slow-wit,2,
slow-talk,2,
conductor/sing,2,
colombian-born,2,
mongoos,2,
privado,2,
mcvicar,2,
giulio,2,
cesar,2,
subtl,2,
transpar,2,
connolli,2,
energis,2,
baton,2,
christi,2,
noteworthi,2,
brel,2,
mckuen,2,
buckinghamshir,2,
gavin,2,
tube,2,
own.a,2,
shirley-smith,2,
fredriksson,2,
analogu,2,
ko-chani,2,
repress,2,
guinea,2,
make-up,2,
gaku-chan,2,
bucket,2,
nerv,2,
momo-chan,2,
botch,2,
self-tattoo,2,
stratocast,2,
equat,2,
leather-clad,2,
shade-wear,2,
tani,2,
tamaki,2,
insepar,2,
r'n'r,2,
jinnai,2,
firmli,2,
retroact,2,
16-year-old,2,
athlet,2,
eleph,2,
red-hot,2,
platinum-sel,2,
shake,2,
tevin,2,
pharmacist,2,
frhlich,2,
soire,2,
attest,2,
inveter,2,
redman,2,
mcbride,2,
flip,2,
mcpherson,2,
theloni,2,
kyle,2,
scintil,2,
multi-level,2,
trice,2,
stat,2,
tier,2,
world-,2,
slightli,2,
unstabl,2,
hypochondriac,2,
surrog,2,
outta,2,
todrick,2,
nicol,2,
scherzing,2,
w.w.i,2,
on-again,2,
off-again,2,
wesley,2,
overact,2,
seatl,2,
'nevermind,2,
lanc,2,
represent,2,
breed,2,
buzz,2,
lithium,2,
creep,2,
blew,2,
rape,2,
piss,2,
saigal,2,
thailand,2,
fairli,2,
ramanathan,2,
elsewher,2,
rajvir,2,
singh,2,
inquir,2,
thereaft,2,
incrimin,2,
toki,2,
abigail,2,
minchin,2,
autist,2,
coincid,2,
assembl,2,
occas,2,
nathan,2,
lito,2,
checco,2,
slaveri,2,
beeri,2,
thumb,2,
klivia,2,
boordevool,2,
gerrit,2,
frost,2,
alonzo,2,
kipp,2,
vera,2,
astronaut,2,
conge,2,
evanesc,2,
shiek,2,
overthrow,2,
appos,2,
legionair,2,
benji,2,
kidd,2,
azuri,2,
rib-tickl,2,
10:00:02,2,
81-800,2,
indio,2,
incarn,2,
gold-rush,2,
casino/d,2,
mayumi,2,
hoshino,2,
erot,2,
tortur,2,
kekko,2,
misaki,2,
mori,2,
nunchaku,2,
repris,2,
20092010,2,
off-beat,2,
deposit,2,
convention,2,
holm,2,
boop-boop-a-doop,2,
farmstead,2,
tawdri,2,
drudgeri,2,
wifedom,2,
sophia,2,
brownle,2,
mcclelland,2,
skellern,2,
trannsexu,2,
jayn,2,
formerli,2,
chair,2,
blackpool,2,
1996,2,
brainwash,2,
laert,2,
lzaro,2,
ramo,2,
osesp,2,
heliopoli,2,
10-year-old,2,
appendag,2,
plastic,2,
cosmet,2,
surgeri,2,
amput,2,
vintag,2,
cadillac,2,
autumn-color,2,
alani,2,
baba,2,
infatu,2,
junki,2,
pill,2,
moder,2,
nena,2,
ex-stud,2,
abbott,2,
leagu,2,
pennant,2,
sorrow,2,
janic,2,
twinkl,2,
weir,2,
input,2,
cheek,2,
mudhoney,2,
mute,2,
wakko,2,
alfredo,2,
wight,2,
sorri,2,
garter,2,
chin,2,
lung,2,
achtung,2,
pardner,2,
valle,2,
trek,2,
clarinet,2,
apulanta,2,
vijay,2,
booklet,2,
lima,2,
peru,2,
peruvian,2,
dongrijungsa,2,
eight,2,
gabriel,2,
macheath,2,
ex-foreman,2,
dickerson,2,
solomon,2,
soshanna,2,
century-fox,2,
blimp,2,
chilli,2,
mohanl,2,
vishal,2,
bjrk,2,
meredith,2,
testament,2,
songsmith,2,
underserv,2,
relic,2,
happiest,2,
filthi,2,
southampton,2,
dock,2,
hike,2,
braveri,2,
damag,2,
candl,2,
rockshow,2,
promoter/produc,2,
marucci,2,
avalon,2,
fabian,2,
character,2,
miscarri,2,
'underground,2,
sombr,2,
mapl,2,
70th,2,
boulevard,2,
lin-manuel,2,
sara,2,
bareil,2,
dreamcoat,2,
tait,2,
co-e,2,
marlow,2,
vamp,2,
mcclellan,2,
u.k.,2,
wyatt-cur,2,
2002,2,
wyatt,2,
geldof,2,
terrapin,2,
croi,2,
entendr,2,
hushaby,2,
domino,2,
upset,2,
mockeri,2,
terpsichor,2,
automobil,2,
radiat,2,
poison,2,
all-expens,2,
anorexia,2,
bulimia,2,
countess,2,
hairdress,2,
bike,2,
beatnik,2,
saucer,2,
seixa,2,
'roll,2,
satan,2,
kirk,2,
telecast,2,
suprem,2,
#NOMBRE?,2,
strategi,2,
toppl,2,
list:1.sometim,2,
out2.al,2,
all3.stop,2,
world4.th,2,
room5.abandon,2,
masquerade6.i,2,
through7.temptation8.east,2,
9.devil,2,
care10.black,2,
crow11.narrow,2,
daylight12.lov,2,
man13.departur,2,
bay14.narrow,2,
daylight,2,
runner-up,2,
sugarcan,2,
fond,2,
evok,2,
milquetoast,2,
audiovisu,2,
self-alien,2,
innerli,2,
scoundrel,2,
marshmorton,2,
tottney,2,
wager,2,
bump,2,
halliday,2,
curb,2,
anita,2,
bourbon,2,
tarl,2,
haphazard,2,
lioniz,2,
curtiz,2,
showbiz,2,
early-20th-centuri,2,
desylva,2,
dailey,2,
macra,2,
ernest,2,
borgnin,2,
shere,2,
noonan,2,
keat,2,
murvyn,2,
d'ambois,2,
phylli,2,
averi,2,
scholar,2,
expert,2,
winsom,2,
swanson,2,
virginia,2,
mayo,2,
slammin,2,
hurl,2,
adject,2,
fan-favorit,2,
bodaci,2,
make-you-melt,2,
louisiana,2,
drawl,2,
jador,2,
poss,2,
replay,2,
clic,2,
clac,2,
scarborough,2,
reload,2,
manana,2,
sento,2,
whatev,2,
nessaja,2,
polatkin,2,
spokan,2,
technic,2,
shortcom,2,
ronstadt,2,
kline,2,
retak,2,
budget,2,
spacious,2,
nonetheless,2,
echo,2,
music.th,2,
durham,2,
pushi,2,
planner,2,
florist,2,
haverford,2,
leap,2,
chemistri,2,
rajesh,2,
govinda,2,
dhanraj,2,
kader,2,
meena,2,
karishma,2,
dinanath,2,
paresh,2,
rawal,2,
shannu,2,
himani,2,
shivpuri,2,
byrn,2,
conner,2,
auster,2,
image-track,2,
sampl,2,
rohit,2,
mishap,2,
disobey,2,
retrospect,2,
aretha,2,
infecti,2,
long-run,2,
herald,2,
longev,2,
lusti,2,
zayn,2,
proven,2,
manufactur,2,
sinitta,2,
turbo-charg,2,
cowel,2,
a-list,2,
jenkin,2,
avers,2,
iconographi,2,
pollstar,2,
amphitheat,2,
commercial-fre,2,
macfarlan,2,
borstein,2,
half-hour,2,
09-nov,2,
61st,2,
foundat,2,
lightcloud,2,
congressman,2,
bronc,2,
hoverti,2,
barbecu,2,
plumb,2,
waterloo,2,
aftermath,2,
einstuerzend,2,
neubauten,2,
sogo,2,
ishii,2,
kahn,2,
corr,2,
wave/punk,2,
blondi,2,
shirt,2,
marbl,2,
toledo,2,
tuff,2,
dart,2,
w/robert,2,
loop,2,
improvis,2,
theolog,2,
trip-hop,2,
nu-met,2,
disori,2,
roundhous,2,
02:10,2,
centenari,2,
lorenz,2,
carousel,2,
druri,2,
callow,2,
best-lov,2,
clau,2,
chimney,2,
1936,2,
zealand-born,2,
gasparcolor,2,
ellitt,2,
effortless,2,
tubular,2,
oldfield,2,
1979,2,
switzerland,2,
johannes-pass,2,
antiqu,2,
clockwork,2,
famer,2,
2012-2013,2,
point-of-view,2,
film-mak,2,
voyeurist,2,
vari,2,
eight-piec,2,
emmyl,2,
parton,2,
skagg,2,
hartford,2,
mccouri,2,
macovich,2,
yuliet,2,
ortega,2,
jinetera,2,
fabiola,2,
quiroz,2,
first-ev,2,
gospel-sing,2,
servicemen,2,
klau,2,
fluorid,2,
jello,2,
biafra,2,
retrac,2,
tabou,2,
dactivism,2,
tribu,2,
premir,2,
clandestin,2,
socit,2,
heretik,2,
auront,2,
gravi,2,
lolympia,2,
mythiqu,2,
sall,2,
parisienn,2,
plongez,2,
lintimit,2,
tourment,2,
phare,2,
contre-cultur,2,
bluesmen,2,
songbird,2,
tedeschi,2,
hucknal,2,
axeman,2,
slash,2,
weightless,2,
habitu,2,
gravit,2,
sati,2,
equilibrium,2,
rope,2,
canal,2,
kafka-lik,2,
canyon,2,
pepe,2,
moko,2,
jewel,2,
casbah,2,
algier,2,
tango-ballet,2,
gardel,2,
tango,2,
interscop,2,
sophi,2,
muller,2,
saturn,2,
seafar,2,
wallsend,2,
north-east,2,
self-discoveri,2,
hallit,2,
timid,2,
valley,2,
overattent,2,
discourag,2,
bigg,2,
rabid,2,
unwind,2,
limousin,2,
cocain,2,
sought,2,
abruptli,2,
heart-wrench,2,
courtroom,2,
onlook,2,
rena,2,
riffel,2,
showgirls/mulholland,2,
directori,2,
recycl,2,
trashi,2,
career-best,2,
mainten,2,
florian,2,
habicht,2,
specially-stag,2,
tableaux,2,
life-affirm,2,
bewild,2,
two-part,2,
juliana,2,
dubin,2,
two-and-a-half,2,
roses/metallica,2,
festival-go,2,
insomniac,2,
pasqual,2,
rotella,2,
three-night,2,
scatterbrain,2,
masseur,2,
hancock,2,
manilow,2,
leann,2,
rime,2,
valeria,2,
disadvantag,2,
emphasis,2,
sound/visu,2,
synchronis,2,
mobil,2,
canva,2,
warmth,2,
morph,2,
pollock,2,
calcul,2,
aesthet,2,
slower,2,
shift,2,
expressionist,2,
oversatur,2,
minimalist,2,
vertic,2,
accordingli,2,
cont,2,
//sensesofcinema.com/2005/cteq/begone_dull_care/,2,
mind-bendingli,2,
fujirock,2,
famous,2,
longtim,2,
dolbi,2,
void,2,
sirf,2,
deepak,2,
aarthi,2,
palau,2,
sant,2,
jordi,2,
soul-stir,2,
neophyt,2,
irwin,2,
rivet,2,
no-expenses-spar,2,
substanti,2,
gymnast,2,
soleil-styl,2,
stodgi,2,
varsiti,2,
alumnu,2,
oratorio,2,
python,2,
mandi,2,
impregn,2,
judea,2,
judith,2,
crucifi,2,
collett,2,
squeaky-clean,2,
bonfil,2,
boweri,2,
samba,2,
rieu,2,
paulo,2,
bowman,2,
palladium,2,
donn,2,
loyalti,2,
just-fir,2,
diner,2,
marchan,2,
nouri,2,
in-lov,2,
flime,2,
pasadena,2,
civic,2,
94-minut,2,
winnetka,2,
shiver,2,
chapel,2,
love/boogi,2,
woogi,2,
bugl,2,
want/i,2,
shall,2,
e-street,2,
shuffle/summ,2,
tailgat,2,
demolish,2,
landov,2,
dokken,2,
laud,2,
#NOMBRE?,2,
colosseum,2,
caesar,2,
fans-,2,
carnat,2,
balaganapathi,2,
credibl,2,
sindhamani,2,
bhairavi,2,
succe,2,
makeov,2,
alexandra,2,
faithless,2,
introspect,2,
much-public,2,
somnambulist,2,
maya,2,
deren,2,
workshop,2,
unpublish,2,
preliminari,2,
rovi,2,
attenborough,2,
mcgoohan,2,
mingu,2,
brubeck,2,
'othello,2,
bellring,2,
sexton,2,
spare,2,
expertis,2,
daredevil,2,
writer's-block,2,
novella,2,
macabr,2,
bryn,2,
terfel,2,
elderi,2,
egyptian,2,
tomb,2,
canari,2,
tenerif,2,
tourist,2,
glyndebourn,2,
scruffi,2,
1991-92,2,
grail,2,
'salad,2,
interpol,2,
12/12/12,2,
hurrican,2,
alicia,2,
vedder,2,
mahatma,2,
gandhi,2,
trophi,2,
britpop,2,
albarn,2,
catalogu,2,
vault,2,
paisley,2,
minneapoli,2,
multi-piec,2,
kravitz,2,
maceo,2,
tromavil,2,
ferd,2,
superhero,2,
toxi,2,
7-foot,2,
mutant,2,
superhuman,2,
supers,2,
prettiest,2,
blindest,2,
lichtmond,2,
planetarium,2,
exposit,2,
monetari,2,
brink,2,
leoni,2,
morrow,2,
rout,2,
mona,2,
alimoni,2,
csar,2,
bazan,2,
d'enneri,2,
dumanoir,2,
pre-cultur,2,
propaganda,2,
1921,2,
1949,2,
expedit,2,
kmt-led,2,
nanchang,2,
1949,2,
stagecoach,2,
sharpshoot,2,
jarr,2,
post-mao,2,
beij,2,
markey,2,
dinosaur,2,
gumbal,2,
tamil,2,
rudran,2,
mystic,2,
indulg,2,
froman,2,
hayward,2,
partial,2,
crippl,2,
crutch,2,
long-await,2,
lawsuit,2,
producer-turned-radio-report,2,
klein,2,
stricken,2,
matilda,2,
swane,2,
pittsburgh,2,
sympath,2,
factual,2,
adrian,2,
edmondson,2,
boardroom,2,
damn,2,
costello,2,
duri,2,
tracey,2,
pogu,2,
contributor,2,
sugg,2,
macgowan,2,
riviera,2,