murder,592
find,428
mysteri,424
investig,320
young,318
discov,238
life,230
detect,222
year,217
killer,214
woman,214
death,213
friend,208
take,207
live,205
begin,203
becom,195
famili,185
secret,181
polic,174
town,172
world,166
hous,166
wife,163
kill,163
case,158
must,152
girl,152
help,148
work,144
turn,142
lead,140
suspect,135
soon,133
stori,131
start,128
night,126
disappear,124
home,124
time,123
film,122
father,121
love,119
forc,116
past,115
return,111
follow,111
husband,111
seem,109
bodi,109
peopl,106
dead,106
miss,105
come,105
meet,105
local,103
victim,102
make,100
involv,100
seri,95
dark,93
mother,93
game,92
solv,91
call,91
back,90
small,90
student,90
danger,88
daughter,88
search,87
also,85
crime,84
truth,84
first,82
event,82
three,82
believ,81
name,81
found,79
even,79
move,79
group,78
former,78
place,78
person,77
school,77
beauti,77
leav,77
fall,77
happen,76
attempt,76
learn,75
escap,75
anoth,75
brother,75
know,75
uncov,73
american,72
howev,72
serial,71
team,70
order,70
strang,70
sister,70
agent,68
thing,68
around,67
later,67
save,65
arriv,64
play,64
stranger,64
base,62
real,61
hire,61
want,61
citi,60
villag,60
john,59
accid,59
report,59
coupl,59
togeth,59
like,59
appear,58
struggl,58
decid,58
tell,58
final,57
whose,57
haunt,57
travel,57
teenag,57
kidnap,56
clue,56
realiz,55
attack,55
parent,55
women,55
train,54
privat,54
power,54
behind,53
protect,53
bring,53
offic,52
sent,52
left,51
countri,51
child,51
island,51
commit,50
partner,50
journey,50
holm,50
four,50
york,50
could,50
crimin,49
true,49
relationship,49
threaten,48
human,48
professor,48
sever,48
apart,47
look,47
wake,47
fear,47
stop,47
face,46
fight,46
demon,46
determin,46
marri,46
upon,46
colleg,46
memori,45
deadli,45
next,45
girlfriend,45
brutal,45
gang,45
london,45
children,45
everyon,45
plan,45
chang,45
writer,44
best,44
book,44
track,44
away,44
reveal,44
show,44
hospit,43
keep,43
troubl,42
seek,42
well,42
long,42
spirit,42
ghost,42
star,42
caus,42
david,42
innoc,41
give,41
accus,41
someth,41
think,41
trap,40
parti,40
vision,40
visit,40
littl,40
lover,40
owner,40
head,39
obsess,39
room,39
last,38
question,38
suffer,38
high,38
everi,38
prison,38
might,38
connect,38
five,38
break,37
unravel,37
hand,37
remot,37
never,37
ever,37
wealthi,37
watch,37
trip,37
famou,37
mansion,37
reveng,36
encount,36
plot,36
novel,36
movi,36
compani,36
govern,36
lost,36
inspector,36
sinc,35
insid,35
terrifi,35
centuri,35
someon,35
ident,35
claim,35
known,35
experi,35
mental,35
receiv,35
though,35
realli,35
mission,34
suddenli,34
busi,34
ancient,34
journalist,34
everyth,34
sinist,34
isol,34
second,34
suicid,34
charg,33
taken,33
open,33
destroy,33
angel,33
thriller,33
affair,33
lawyer,33
enter,33
black,33
confront,33
assign,33
stay,33
patient,32
evil,32
rich,32
sherlock,32
violent,32
british,32
seemingli,32
without,32
charact,32
hidden,32
offer,31
chanc,31
conspiraci,31
homicid,31
stalk,31
curs,31
horror,31
realiti,31
member,31
includ,31
close,31
vampir,31
street,31
boyfriend,31
michael,31
feel,31
jennif,31
convinc,30
doctor,30
photograph,30
trail,30
figur,30
brought,30
middl,30
abandon,30
mani,30
babi,30
releas,30
creatur,30
surround,30
tale,30
piec,30
still,30
commun,29
share,29
hunt,29
drug,29
across,29
dream,29
clear,29
hide,29
possess,29
assist,29
summer,29
survivor,29
discoveri,28
surviv,28
origin,28
race,28
emerg,28
warn,28
neighbor,28
along,28
right,28
adventur,28
ship,28
steal,28
quickli,28
fate,28
within,28
point,28
desert,28
histori,28
alon,28
author,28
nightmar,28
hope,28
psychologist,28
join,27
answer,27
attend,27
sexual,27
watson,27
differ,27
present,27
noth,27
terror,27
special,27
supernatur,27
shot,26
target,26
battl,26
prove,26
occur,26
lake,26
control,26
made,26
deep,26
crash,26
test,26
build,26
good,26
bizarr,26
corps,26
gone,26
invit,26
psychiatrist,26
recent,26
state,26
inherit,26
suspici,26
desper,25
remain,25
insan,25
boss,25
deal,25
drawn,25
hold,25
u.s.,25
incid,25
rescu,25
creat,25
money,25
strike,25
board,25
success,25
jack,25
teen,24
collect,24
univers,24
buri,24
studi,24
harri,24
action,24
contact,24
wood,24
near,24
romanc,24
much,24
perfect,24
light,24
evid,24
legend,24
catch,24
side,24
soldier,24
station,24
estat,24
execut,24
charli,24
perform,24
classic,24
peter,24
caught,23
complet,23
spend,23
artist,23
expos,23
femal,23
heart,23
assassin,23
russian,23
resid,23
stumbl,23
suspicion,23
prepar,23
blackmail,23
road,23
mari,23
outsid,23
messag,23
exist,22
research,22
futur,22
carri,22
disturb,22
colleagu,22
forev,22
scientist,22
frame,22
psycholog,22
link,22
stolen,22
chief,22
circumst,22
childhood,22
conan,22
water,22
need,22
blood,22
french,22
manag,22
julia,22
fellow,21
expedit,21
career,21
armi,21
rachel,21
seen,21
treasur,21
increasingli,21
shadow,21
ladi,21
england,21
alien,21
land,21
militari,21
lose,21
cold,21
fiction,21
doubl,21
rememb,21
vacat,21
record,21
emili,21
jane,21
widow,21
fact,21
guard,21
monster,21
develop,21
club,21
space,20
explor,20
actor,20
richard,20
expert,20
quit,20
imagin,20
vanish,20
drama,20
phone,20
send,20
earlier,20
attract,20
cross,20
terribl,20
quiet,20
pass,20
note,20
actress,20
told,20
martin,20
problem,20
kevin,20
million,20
marlow,20
embark,19
mind,19
twist,19
abil,19
corrupt,19
captain,19
alic,19
wrong,19
intern,19
situat,19
soul,19
locat,19
continu,19
attorney,19
eventu,19
appar,19
pari,19
church,19
sheriff,19
diamond,19
meanwhil,19
closer,19
cult,19
thought,19
shock,19
master,19
leader,19
gruesom,19
date,19
marriag,19
concern,19
mountain,19
dorothi,19
aliv,18
tortur,18
captur,18
horrif,18
earth,18
museum,18
robert,18
alreadi,18
charl,18
beyond,18
oper,18
arrest,18
interest,18
holiday,18
paul,18
notic,18
descend,18
line,18
adult,18
scene,18
insur,18
accident,18
secur,18
path,18
cover,18
priest,18
hear,18
entir,18
morn,18
fatal,18
despit,18
classmat,18
unknown,18
rural,18
passeng,18
would,18
month,18
short,18
mark,18
reach,18
sudden,18
sleuth,18
sarah,18
erica,18
societi,17
corpor,17
businessman,17
effort,17
term,17
comput,17
larg,17
teacher,17
agre,17
chase,17
fire,17
hunter,17
deceas,17
guest,17
account,17
tragic,17
unusu,17
actual,17
sale,17
allow,17
initi,17
prevent,17
prime,17
director,17
plagu,17
possibl,17
slowli,17
east,17
juan,17
intrigu,17
explain,17
hannah,17
written,17
horribl,17
shannon,17
enigmat,16
natur,16
part,16
role,16
pull,16
jeff,16
francisco,16
late,16
recruit,16
ultim,16
number,16
crew,16
passion,16
singl,16
gener,16
younger,16
sell,16
alex,16
center,16
scotland,16
yard,16
hometown,16
twin,16
scheme,16
mean,16
radio,16
tokyo,16
hell,16
retir,16
earli,16
employe,16
client,16
burn,16
uncl,16
nearbi,16
johnni,16
henri,16
garag,16
castl,16
quest,15
thief,15
seven,15
unexpect,15
abduct,15
intellig,15
matter,15
imprison,15
saniti,15
mobster,15
activ,15
pursu,15
reason,15
affect,15
drive,15
veteran,15
chosen,15
grisli,15
draw,15
unabl,15
jason,15
lone,15
lock,15
grow,15
organ,15
planet,15
trial,15
nichola,15
direct,15
version,15
video,15
ring,15
institut,15
stand,15
depart,15
coast,15
older,15
romant,15
intend,15
music,15
jess,15
store,15
stage,15
scoobi,15
forest,15
took,15
ellen,15
camp,15
potenti,14
cours,14
weapon,14
trust,14
surfac,14
lord,14
awaken,14
coma,14
enemi,14
observ,14
letter,14
cube,14
unlik,14
psychic,14
half,14
fortun,14
sleep,14
newspap,14
undercov,14
eccentr,14
threat,14
horrifi,14
chain,14
fill,14
mask,14
driver,14
anim,14
warren,14
rais,14
celebr,14
gift,14
sidney,14
jame,14
torment,14
week,14
nick,14
lure,14
cousin,14
promis,14
hostag,14
variou,14
detail,14
immedi,14
america,14
dian,14
write,14
farm,14
anna,14
hour,14
complic,14
joel,14
itali,14
river,14
bulli,14
great,14
gradual,14
reclus,14
kira,14
linda,14
marpl,14
rumor,14
king,14
marina,14
inventor,13
idea,13
process,13
deceit,13
other,13
enlist,13
pain,13
jimmi,13
step,13
estrang,13
shadi,13
betray,13
explos,13
result,13
'the,13
alway,13
rise,13
care,13
polit,13
simon,13
recov,13
footag,13
free,13
frighten,13
host,13
expect,13
chicago,13
brilliant,13
shadowi,13
toward,13
titl,13
unsolv,13
examin,13
leon,13
unit,13
third,13
befriend,13
sergeant,13
refus,13
associ,13
eight,13
talk,13
pair,13
mexico,13
justic,13
hotel,13
offici,13
jail,13
almost,13
realis,13
christma,13
grandfath,13
philip,13
beach,13
relat,13
employ,13
pick,13
funer,13
english,13
aurora,13
thoma,12
legendari,12
poirot,12
mill,12
sadist,12
full,12
consequ,12
daniel,12
chill,12
unfold,12
nurs,12
jerri,12
carl,12
ivan,12
class,12
rest,12
whether,12
camera,12
flee,12
seduct,12
bank,12
project,12
rape,12
antiqu,12
birthday,12
worst,12
kept,12
walk,12
instead,12
spread,12
embroil,12
catherin,12
motiv,12
court,12
hang,12
held,12
thrill,12
decad,12
field,12
abus,12
tragedi,12
grip,12
safeti,12
policeman,12
japan,12
support,12
frank,12
germani,12
scare,12
shaggi,12
loss,12
charm,12
grandmoth,12
defeat,12
inspir,12
alanda,12
renov,12
queen,12
sun-young,12
hawthorn,12
anyon,11
skill,11
consid,11
choic,11
servic,11
hall,11
berlin,11
public,11
profession,11
confin,11
area,11
divorc,11
wound,11
count,11
aunt,11
friendship,11
hill,11
presid,11
inform,11
documentari,11
clair,11
weird,11
strand,11
reunit,11
hero,11
radic,11
paint,11
chines,11
cell,11
bullet,11
assum,11
bloodi,11
heather,11
villain,11
asylum,11
simpl,11
entiti,11
park,11
viru,11
wall,11
staff,11
program,11
practic,11
tension,11
moscow,11
valuabl,11
popular,11
gather,11
intent,11
japanes,11
secretli,11
went,11
eric,11
launch,11
mrs.,11
danni,11
insist,11
hollywood,11
wild,11
fals,11
unexpectedli,11
countrysid,11
serv,11
previou,11
rival,11
academi,11
alli,11
nazi,11
andrew,11
margaret,11
knife,11
custom,11
avoid,11
kang,11
lapd,10
chao,10
media,10
imposs,10
geniu,10
sign,10
object,10
technolog,10
fugit,10
exactli,10
tintin,10
underground,10
gate,10
publish,10
unexplain,10
accept,10
rose,10
transform,10
filmmak,10
rock,10
televis,10
worker,10
storm,10
energi,10
crisi,10
certain,10
read,10
kind,10
traumat,10
complex,10
bear,10
honor,10
custodi,10
raymond,10
brain,10
grand,10
photo,10
global,10
nation,10
editor,10
william,10
rebecca,10
ruthless,10
seduc,10
respons,10
whole,10
treat,10
duti,10
gangster,10
ride,10
civil,10
inexplic,10
latest,10
campbel,10
blind,10
loos,10
devil,10
aspir,10
angela,10
spanish,10
bobbi,10
maniac,10
aveng,10
histor,10
perhap,10
plane,10
multipl,10
mentor,10
contain,10
puzzl,10
sens,10
risk,10
luck,10
featur,10
interview,10
heat,10
ground,10
produc,10
mass,10
pilot,10
shinichi,10
perpetr,10
neighbour,10
motor,10
jin-seok,10
model,10
belong,10
focus,10
grief,10
price,10
shop,10
convict,10
maggi,10
shiori,10
mose,10
bernard,10
lucia,10
task,9
hercul,9
beneath,9
magician,9
ignor,9
safe,9
roger,9
tough,9
guilt,9
georg,9
alter,9
difficult,9
jake,9
california,9
adopt,9
list,9
occupi,9
ashley,9
elderli,9
surpris,9
somebodi,9
consum,9
rule,9
major,9
understand,9
jonathan,9
remak,9
silenc,9
bond,9
white,9
fail,9
urban,9
elit,9
cheat,9
novelist,9
unfortun,9
sculli,9
dare,9
ocean,9
ruin,9
voic,9
desir,9
australian,9
mirror,9
poison,9
mafia,9
mount,9
awak,9
karen,9
foreign,9
paranoid,9
door,9
industri,9
respect,9
dedic,9
orphan,9
menac,9
least,9
done,9
sure,9
fifteen,9
boat,9
fascin,9
millionair,9
handl,9
bomb,9
louisiana,9
scream,9
similar,9
norman,9
main,9
torn,9
unawar,9
although,9
commiss,9
theft,9
sight,9
prostitut,9
suspens,9
clean,9
doubt,9
laurel,9
behavior,9
eden,9
seasid,9
hard,9
string,9
paula,9
factori,9
addict,9
crack,9
shatter,9
magic,9
entrepreneur,9
happi,9
governor,9
boston,9
tree,9
weekend,9
burglari,9
courag,9
dobb,9
await,9
tail,9
tina,9
spot,9
sebastian,9
eras,8
maze,8
unearth,8
intens,8
espionag,8
infiltr,8
regain,8
daili,8
unwittingli,8
fake,8
teach,8
advanc,8
jealousi,8
defend,8
marshal,8
moriarti,8
window,8
ex-wif,8
psychot,8
upcom,8
loyalti,8
banker,8
culprit,8
bumbl,8
presenc,8
bill,8
fantasi,8
peac,8
diner,8
neighborhood,8
midst,8
will,8
scienc,8
belief,8
inhabit,8
amnesia,8
ross,8
dispatch,8
journal,8
shoot,8
welcom,8
emot,8
infam,8
among,8
destruct,8
medic,8
minist,8
politician,8
anyth,8
episod,8
hong,8
experienc,8
ordinari,8
delv,8
stone,8
candid,8
lilith,8
pictur,8
juli,8
deeper,8
cost,8
psychopath,8
goal,8
gain,8
small-town,8
common,8
heiress,8
awri,8
firm,8
total,8
either,8
wonder,8
marco,8
winter,8
negoti,8
femm,8
introduc,8
china,8
entangl,8
underworld,8
winner,8
wors,8
internet,8
elus,8
challeng,8
deni,8
facil,8
news,8
creepi,8
domin,8
slip,8
current,8
therapist,8
chronicl,8
terrorist,8
claudia,8
texa,8
jealou,8
paranoia,8
alibi,8
text,8
invad,8
machin,8
giant,8
unmask,8
wait,8
soror,8
clock,8
unsettl,8
pete,8
block,8
fiance,8
graham,8
scooby-doo,8
franc,8
treatment,8
wilson,8
lurk,8
reput,8
dramat,8
pretti,8
award,8
enough,8
european,8
disast,8
faith,8
provid,8
pacif,8
hugh,8
wish,8
fianc,8
front,8
maria,8
bare,8
huge,8
less,8
comedi,8
irish,8
tradit,8
freak,8
manuscript,8
roland,8
raven,8
conway,8
heard,8
deliv,8
reopen,8
witch,8
counti,8
accord,8
roommat,8
nath,8
lila,8
susannah,8
runner,7
blade,7
scientif,7
circu,7
anni,7
thug,7
neither,7
moral,7
except,7
mastermind,7
illeg,7
stella,7
endless,7
caller,7
escal,7
pose,7
better,7
nowher,7
sleepi,7
priceless,7
ahead,7
suburban,7
admit,7
rare,7
satan,7
consult,7
1950,7
shelter,7
magazin,7
niec,7
psychiatr,7
scandal,7
diari,7
brink,7
northern,7
attach,7
adam,7
drown,7
worri,7
darker,7
defens,7
uniqu,7
limit,7
theatr,7
polici,7
californian,7
18th,7
religi,7
kidnapp,7
inc.,7
notori,7
christin,7
clark,7
hitchcock,7
unimagin,7
effect,7
invas,7
sound,7
chamber,7
bent,7
glass,7
spain,7
gorgeou,7
cant,7
kate,7
cathol,7
divis,7
campu,7
getaway,7
wisecrack,7
musician,7
forens,7
minut,7
knock,7
given,7
site,7
promin,7
prior,7
onto,7
sara,7
joseph,7
split,7
sort,7
settl,7
rooki,7
onlin,7
invis,7
butler,7
tunnel,7
harass,7
academ,7
forgotten,7
sole,7
puppet,7
band,7
cover-up,7
loui,7
bayou,7
mistress,7
diplomat,7
assail,7
match,7
adapt,7
agenc,7
minnesota,7
susan,7
drifter,7
citizen,7
bride,7
honeymoon,7
foul,7
helen,7
border,7
excit,7
blond,7
invent,7
unlock,7
sequel,7
vctor,7
pregnant,7
manipul,7
blue,7
jean,7
ritual,7
pledg,7
design,7
suggest,7
fletch,7
fish,7
seriou,7
robberi,7
fashion,7
michel,7
bottom,7
hole,7
confid,7
critic,7
omin,7
landscap,7
startl,7
cabin,7
singer,7
seclud,7
background,7
normal,7
kiss-shot,7
fourth,7
sibl,7
alison,7
paranorm,7
lodg,7
describ,7
amaz,7
lightn,7
towako,7
knew,7
trick,7
rather,7
desol,7
anger,7
billionair,7
bust,7
organis,7
scholar,7
sniper,7
riddl,7
broadcast,7
regular,7
paradis,7
convent,7
blame,7
incred,7
salli,7
violenc,7
arthur,7
nikola,7
atmospher,7
zach,7
chariti,7
slave,7
russia,7
mystic,7
style,7
erast,7
labyrinth,6
deadliest,6
long-buri,6
destini,6
bright,6
season,6
brook,6
suppos,6
corner,6
stun,6
teddi,6
fame,6
predict,6
confer,6
came,6
rear,6
built,6
rainey,6
shaw,6
increas,6
snowi,6
thrust,6
vast,6
ward,6
deputi,6
nine,6
miami,6
beast,6
type,6
rage,6
decept,6
ventur,6
decis,6
eeri,6
socialit,6
page,6
disrupt,6
architect,6
extrem,6
length,6
appoint,6
form,6
ronni,6
agenda,6
altern,6
cancer,6
undergo,6
kong,6
north,6
financi,6
social,6
harm,6
woodsboro,6
gale,6
calcul,6
wilder,6
implic,6
fulli,6
unsuccess,6
comic,6
subway,6
prestigi,6
sometim,6
mathemat,6
heroin,6
beaten,6
minor,6
headquart,6
christian,6
separ,6
skeptic,6
zero,6
tour,6
condit,6
talent,6
usual,6
approach,6
ghostli,6
unconsci,6
capit,6
greed,6
taylor,6
veng,6
monk,6
belov,6
handsom,6
greatest,6
pressur,6
competit,6
orlean,6
flame,6
brian,6
rome,6
engag,6
kelli,6
suspend,6
south,6
canadian,6
arizona,6
quietli,6
elabor,6
frequent,6
steve,6
europ,6
elli,6
wwii,6
cat-and-mous,6
ambiti,6
mutant,6
coincid,6
attent,6
eddi,6
persuad,6
tangl,6
guid,6
acquaint,6
refug,6
languag,6
level,6
mike,6
mexican,6
driven,6
jewel,6
daphn,6
speak,6
dylan,6
corridor,6
nobodi,6
idyl,6
virgin,6
manor,6
lieuten,6
word,6
despair,6
best-sel,6
crazi,6
newli,6
swensen,6
luci,6
mine,6
concert,6
charlott,6
hostil,6
mistak,6
fanat,6
forrest,6
paper,6
promptli,6
communist,6
accompani,6
prosecutor,6
knowledg,6
crush,6
spree,6
propheci,6
outcast,6
wash,6
koyomi,6
cave,6
collid,6
opportun,6
reward,6
malcolm,6
collaps,6
deciph,6
yu-seok,6
holden,6
davey,6
barrett,6
wrap,6
naruto,6
physic,6
albert,6
townspeopl,6
random,6
nervou,6
scottish,6
dress,6
joyc,6
teagarden,6
born,6
alexandra,6
stab,6
grew,6
doll,6
lizzi,6
borden,6
werewolf,6
romulu,6
freedom,6
birth,6
gover,6
contemporari,6
packag,6
broken,6
nightclub,6
modern,6
toni,6
sharp,6
shortli,6
igor,6
20th,6
kolchak,6
impress,6
susi,6
sonia,6
touto,6
mcdhui,6
jeongjo,6
chihiro,6
fandorin,6
import,6
miki,6
naoko,6
karl,6
marcu,6
irina,6
cyru,6
katz,6
spade,6
geoffrey,6
sink,6
svedberg,6
arrow,6
lovecraft,6
jorgensen,6
yashima,6
patrik,6
conner,6
thirti,5
plung,5
bound,5
curios,5
jade,5
subconsci,5
tycoon,5
aboard,5
biologist,5
zone,5
viewer,5
novic,5
arrang,5
derang,5
sparrow,5
super,5
rivalri,5
advantag,5
auto,5
lisa,5
taunt,5
thrown,5
unseen,5
everyday,5
longtim,5
roam,5
crane,5
especi,5
foster,5
industrialist,5
samuel,5
copi,5
kingdom,5
trigger,5
patron,5
amanda,5
progress,5
male,5
pennsylvania,5
varieti,5
finger,5
perman,5
overcom,5
southern,5
pool,5
lakesid,5
extraordinari,5
auction,5
ex-girlfriend,5
trade,5
grave,5
matthew,5
audienc,5
roman,5
ensur,5
parallel,5
plastic,5
volatil,5
percept,5
loner,5
confirm,5
repeat,5
fred,5
unsuspect,5
backdrop,5
chandler,5
cain,5
mild-mann,5
revel,5
havoc,5
transcend,5
astronaut,5
voyag,5
stewart,5
reel,5
surveil,5
elect,5
washington,5
fund,5
reflect,5
imag,5
kennedi,5
lethal,5
presum,5
score,5
entranc,5
sail,5
hypnot,5
trilog,5
mulder,5
philosophi,5
purpos,5
depth,5
profil,5
spencer,5
command,5
sensat,5
demand,5
shut,5
cooper,5
legaci,5
snow,5
surgeri,5
paralyz,5
baskervil,5
theori,5
mute,5
poet,5
engin,5
upsid,5
legal,5
reluctantli,5
bone,5
collector,5
thiev,5
chan,5
devast,5
valentin,5
dinner,5
alexia,5
slaughter,5
color,5
previous,5
twenti,5
devot,5
well-known,5
root,5
salesman,5
finish,5
flight,5
civilian,5
burk,5
dread,5
nasti,5
kruger,5
italian,5
extens,5
meantim,5
unspeak,5
spent,5
griffin,5
troop,5
keen,5
activist,5
drink,5
spark,5
nile,5
identifi,5
techniqu,5
guardian,5
passag,5
improv,5
wander,5
mythic,5
yorkshir,5
breakdown,5
dollar,5
resurrect,5
cliff,5
hitchhik,5
prompt,5
product,5
longer,5
virtual,5
ethan,5
madman,5
danc,5
holli,5
alfr,5
bakeri,5
squad,5
chloe,5
kindler,5
comrad,5
drop,5
runaway,5
revolv,5
moor,5
relentless,5
jami,5
blow,5
panic,5
inde,5
senat,5
exorcist,5
nuclear,5
bore,5
player,5
malevol,5
rediscov,5
restaur,5
endur,5
subject,5
smith,5
prank,5
bedroom,5
townsfolk,5
conquer,5
noir,5
12-year-old,5
nobl,5
dancer,5
pulp,5
fallen,5
airport,5
conflict,5
rout,5
taggart,5
stuck,5
cloth,5
slain,5
covet,5
midwestern,5
hatr,5
german,5
bibl,5
fulfil,5
unrel,5
interpret,5
hermit,5
curiou,5
listen,5
boundari,5
market,5
holi,5
rutherford,5
skeleton,5
particular,5
kendal,5
uneasi,5
neck,5
cast,5
emma,5
hair,5
spous,5
disguis,5
posit,5
highway,5
contend,5
witchcraft,5
assort,5
prize,5
rash,5
overwhelm,5
promot,5
elimin,5
mayb,5
miller,5
lighthous,5
co-work,5
subsequ,5
crook,5
proce,5
granddaught,5
crime-solv,5
anonym,5
hailey,5
parker,5
kaito,5
kogoro,5
float,5
screenwrit,5
duplic,5
vega,5
culinari,5
throw,5
swing,5
allison,5
heiji,5
heal,5
mile,5
balanc,5
tini,5
nora,5
thorn,5
glamor,5
multin,5
admir,5
retreat,5
oliv,5
archaeologist,5
christi,5
howard,5
heir,5
ripper,5
greg,5
smash,5
volunt,5
maigret,5
distribut,5
mate,5
slate,5
moon,5
independ,5
correspond,5
agatha,5
campaign,5
glader,4
burst,4
somewher,4
spotlight,4
payment,4
belgian,4
orient,4
express,4
appli,4
feder,4
darkest,4
dominika,4
egorova,4
injuri,4
langdon,4
sophi,4
intellectu,4
lack,4
anderton,4
elementari,4
captor,4
heist,4
endeavor,4
turmoil,4
push,4
molli,4
jensen,4
intrepid,4
loyal,4
somehow,4
kane,4
self-destruct,4
deepli,4
dealer,4
eyebal,4
advertis,4
real-lif,4
l.a.,4
slay,4
middle-ag,4
lucki,4
jackson,4
wreck,4
wind,4
render,4
demis,4
protest,4
marksman,4
exil,4
bourn,4
bargain,4
lucif,4
asleep,4
renown,4
nightmarish,4
parrish,4
motel,4
costum,4
vigilant,4
transfer,4
conscious,4
nativ,4
theater,4
orbit,4
cyber,4
realm,4
bishop,4
thrill-seek,4
secretari,4
graduat,4
hit-and-run,4
certif,4
cruel,4
resourc,4
barbara,4
billi,4
wrote,4
unfinish,4
smart,4
provoc,4
grace,4
jezzi,4
lewi,4
chest,4
physicist,4
freddi,4
housekeep,4
ex-lov,4
exact,4
specialist,4
post,4
woodward,4
defi,4
spooki,4
visitor,4
videotap,4
chri,4
alexand,4
reliv,4
high-tech,4
escort,4
tramel,4
statuett,4
reincarn,4
dewey,4
jill,4
x-file,4
physician,4
termin,4
harbor,4
retriev,4
artifact,4
cadet,4
mitch,4
exam,4
jazz,4
strong-wil,4
harsh,4
environ,4
laura,4
himalaya,4
pursuit,4
jigsaw,4
captiv,4
element,4
juliet,4
forbidden,4
awar,4
throughout,4
georgia,4
alleg,4
nanci,4
deviou,4
ensu,4
spectacular,4
view,4
reloc,4
resum,4
signatur,4
cane,4
knack,4
eleg,4
wing,4
lane,4
fantas,4
christina,4
superior,4
blast,4
west,4
genuin,4
miranda,4
australia,4
strict,4
farmhous,4
depress,4
housewif,4
tenant,4
scott,4
coincident,4
flashback,4
caretak,4
unless,4
finkel,4
recollect,4
strive,4
phoenix,4
manufactur,4
sandro,4
danver,4
zane,4
resort,4
crown,4
knight,4
cargo,4
acclaim,4
allen,4
mous,4
conduct,4
temp,4
luxuri,4
elvi,4
switch,4
imperson,4
mummi,4
fool,4
robicheaux,4
feet,4
robin,4
edit,4
secreci,4
maid,4
shoe,4
amuro,4
addit,4
apprentic,4
waitress,4
mutil,4
construct,4
guilti,4
decemb,4
respond,4
allegedli,4
bate,4
polish,4
supposedli,4
routin,4
baltimor,4
brash,4
norton,4
ranch,4
estrada,4
otherlif,4
expand,4
solut,4
sentenc,4
resist,4
phantom,4
entertain,4
compuls,4
velma,4
barn,4
smuggl,4
patricia,4
scari,4
connecticut,4
librarian,4
cope,4
neil,4
popul,4
wide,4
green,4
loft,4
reviv,4
jerom,4
telepath,4
jacob,4
landladi,4
compel,4
highest,4
medicin,4
portray,4
contest,4
cliqu,4
kristen,4
apparit,4
sourc,4
policemen,4
manifest,4
nathan,4
said,4
conclus,4
moment,4
pianist,4
shinigami,4
biggest,4
song,4
individu,4
jone,4
fresh,4
relax,4
stark,4
ceremoni,4
overnight,4
nois,4
tabloid,4
sydney,4
economi,4
babysit,4
unhappi,4
trace,4
plead,4
sean,4
private-ey,4
fiendish,4
suburb,4
truli,4
what,4
intersect,4
1930,4
abbi,4
speed,4
traitor,4
swede,4
basement,4
gantz,4
disori,4
quirki,4
amateur,4
advic,4
predecessor,4
distraught,4
india,4
renew,4
nanni,4
jinji,4
kurosaki,4
kyle,4
maneuv,4
doesnt,4
jenn,4
worrick,4
restor,4
script,4
milo,4
ancestr,4
recogn,4
encourag,4
festiv,4
theyr,4
showdown,4
goodby,4
bogart,4
karswel,4
slausen,4
paradox,4
devis,4
amidst,4
maud,4
bailey,4
mott,4
heel,4
venabl,4
illus,4
solitud,4
valeri,4
narr,4
perpetu,4
biolog,4
establish,4
1965,4
select,4
spring,4
succe,4
allianc,4
throat,4
injur,4
sword,4
grail,4
alcohol,4
victoria,4
recal,4
terri,4
forward,4
trio,4
chocol,4
cooki,4
system,4
compart,4
unlucki,4
derelict,4
daddario,4
biehn,4
evolv,4
instinct,4
shangri-la,4
undead,4
statu,4
cinemat,4
courtroom,4
proceed,4
fuel,4
enorm,4
voodoo,4
jasper,4
vicious,4
compet,4
stormi,4
crestview,4
live-in,4
intensifi,4
lectur,4
carrr,4
kitchen,4
brazil,4
controversi,4
marc,4
mutual,4
sexi,4
cellar,4
myth,4
cultur,4
interrog,4
milena,4
judith,4
request,4
nake,4
shanghai,4
bush,4
gothic,4
amor,4
hesit,4
lesser,4
florenc,4
kenneth,4
instruct,4
part-tim,4
maker,4
knott,4
joke,4
conveni,4
carstair,4
raini,4
monitor,4
poppi,4
helga,4
stroke,4
traffic,4
thomasina,4
cinqu,4
freed,4
bought,4
demolit,4
malibu,4
gospel,4
babysitt,4
earthquak,4
vatican,4
artur,4
sergey,4
kostya,4
shield,4
roadsid,4
kiki,4
brannigan,4
translat,4
sybil,4
windshield,4
dialect,4
mathild,4
ryichi,4
fratern,4
venta,4
quemada,4
besid,4
gallow,4
holt,4
korea,4
closet,4
prefer,4
volney,4
flix,4
barcelona,4
noriko,4
shirono,4
wick,4
immort,4
mall,4
kenji,4
graffiti,4
tell-al,4
giseop,4
disput,4
ah-young,4
dong-su,4
sailor,4
sought,4
dwight,4
karel,4
phantomh,4
freja,4
takizawa,4
hundr,4
erik,4
hanna,4
agata,4
chi-hyon,4
hyon,4
anymor,4
yamamoto,4
anticip,4
invest,4
colbi,4
offbeat,4
walland,4
lattimor,4
flayer,4
eppi,4
timor,4
card,4
wilmarth,4
influenc,4
felt,4
moto,4
madison,4
diver,4
disagre,4
gown,4
marta,4
requir,3
rick,3
optimist,3
implant,3
commut,3
valu,3
wayward,3
ballerina,3
bleak,3
lunar,3
compromis,3
harvard,3
equal,3
conscienc,3
immigr,3
mind-bend,3
horsemen,3
resurfac,3
would-b,3
audit,3
chose,3
powerless,3
brown,3
hollow,3
behead,3
centuries-old,3
cantanker,3
sunken,3
magnat,3
well-mean,3
reaction,3
stake,3
underwat,3
nemesi,3
cross-countri,3
linguist,3
ghostfac,3
method,3
shotgun,3
bounti,3
blizzard,3
mikael,3
millennium,3
nevertheless,3
zombi,3
lamb,3
vengeanc,3
soviet,3
mole,3
silent,3
touch,3
gitt,3
booth,3
swiss,3
combat,3
world-class,3
unveil,3
stir,3
octob,3
creation,3
exchang,3
frustrat,3
core,3
kale,3
turner,3
1970,3
grim,3
thin,3
procedur,3
reserv,3
devic,3
hypnotherapist,3
tens,3
truck,3
iraq,3
coffin,3
walter,3
clari,3
fray,3
sport,3
five-star,3
roadway,3
dispos,3
nearli,3
weather,3
motion,3
alongsid,3
frantic,3
mason,3
recreat,3
singular,3
websit,3
symbol,3
proud,3
particip,3
foil,3
rapist,3
1972,3
arous,3
higher,3
unidentifi,3
impass,3
newborn,3
icon,3
prowl,3
jungl,3
instig,3
trader,3
nerd,3
dana,3
sorrow,3
diseas,3
arsn,3
lupin,3
ferret,3
anniversari,3
pink,3
panther,3
clouseau,3
ranger,3
otherworldli,3
moonlight,3
ulterior,3
suit,3
confus,3
carolina,3
photojournalist,3
environment,3
apprehend,3
robot,3
futurist,3
successor,3
file,3
garden,3
colorado,3
jersey,3
bowel,3
davi,3
grudg,3
spell,3
redempt,3
reject,3
backseat,3
sandra,3
bridg,3
capabl,3
elev,3
handi,3
unnerv,3
painter,3
inadvert,3
embassi,3
unsavori,3
unwil,3
senior,3
harmless,3
sutter,3
circl,3
feed,3
edward,3
gracey,3
retrac,3
slight,3
volcan,3
strangl,3
griev,3
cold-blood,3
maintain,3
shockingli,3
ambigu,3
tackl,3
parasit,3
rapidli,3
guidanc,3
ingeni,3
1980,3
pedro,3
asid,3
sullivan,3
mundan,3
airlin,3
marin,3
salvador,3
exorc,3
enrol,3
latter,3
loom,3
transmiss,3
hitchcockian,3
1959,3
exclus,3
dismemb,3
district,3
decoy,3
signal,3
rush,3
crate,3
unleash,3
laid,3
deriv,3
pleasur,3
inner,3
merrin,3
excav,3
crypt,3
revolutionari,3
replac,3
snatch,3
mariann,3
comed,3
food,3
enjoy,3
warden,3
scoop,3
dave,3
swamp,3
spin,3
decent,3
ransom,3
kogor,3
gray,3
maya,3
upset,3
absenc,3
barri,3
properti,3
philadelphia,3
meal,3
afternoon,3
picturesqu,3
serious,3
simul,3
judg,3
remind,3
caravan,3
mere,3
powel,3
ambit,3
asian,3
backward,3
violin,3
canada,3
defect,3
karol,3
expatri,3
credit,3
humili,3
gromit,3
rever,3
rough,3
hate,3
consist,3
mandi,3
harper,3
n.y.,3
articl,3
youth,3
slasher,3
1960,3
alaska,3
elder,3
wear,3
thread,3
spine-tingl,3
re-enact,3
dalla,3
baffl,3
withdrawn,3
13-year-old,3
rynn,3
kindli,3
unwit,3
descent,3
dementia,3
enthusiasm,3
misfit,3
drunk,3
racist,3
carson,3
punish,3
bestsel,3
nine-year-old,3
unsur,3
health,3
suppli,3
hannay,3
pamela,3
coach,3
hears,3
lina,3
cottag,3
santa,3
instal,3
imaginari,3
'charli,3
ralph,3
guitar,3
1963,3
stepfath,3
dolor,3
manhattan,3
nose,3
brief,3
strain,3
lift,3
dash,3
ex-boyfriend,3
homeless,3
bower,3
bitten,3
affluent,3
1980,3
delight,3
gregori,3
profit,3
dagni,3
crumbl,3
uncomfort,3
hammer,3
favor,3
evad,3
19th,3
attic,3
nobleman,3
servant,3
maquiladora,3
morgan,3
whatev,3
resolv,3
mytholog,3
tuscani,3
reli,3
simpli,3
apocalypt,3
interrupt,3
allur,3
rogu,3
ticket,3
ghastli,3
grappl,3
columbia,3
cryptic,3
amongst,3
ugli,3
gossip,3
revisit,3
hysteria,3
cowboy,3
fabl,3
regi,3
sculptor,3
joanna,3
grant,3
plant,3
disord,3
kurono,3
cabl,3
grandpar,3
limb,3
acerola-orion,3
heart-under-blad,3
annual,3
summerhous,3
violat,3
prey,3
comfort,3
randal,3
interven,3
sandi,3
disgrac,3
pornographi,3
round,3
weav,3
junki,3
jannick,3
harbour,3
chess,3
circular,3
irena,3
ador,3
psycho,3
richmond,3
spiral,3
erdogan,3
advoc,3
nest,3
chore,3
demeanor,3
irresist,3
distrust,3
visual,3
partial,3
anthoni,3
expens,3
drag,3
vice,3
miracul,3
warm,3
stripper,3
benefactor,3
hatchet,3
outdoor,3
sucker,3
14th,3
cynic,3
julian,3
earn,3
wyatt,3
deepen,3
randolph,3
best-known,3
cach,3
echo,3
feroci,3
close-up,3
hardest,3
rehabilit,3
marrow,3
transplant,3
cove,3
victorian,3
obviou,3
edogawa,3
urgent,3
pharmaceut,3
stream,3
strangler,3
morley,3
predica,3
hungri,3
folklor,3
thale,3
section,3
wreckag,3
suitcas,3
stamp,3
policewoman,3
webcam,3
francoi,3
drake,3
medium,3
schoolteach,3
mouri,3
bigger,3
cloud,3
exploit,3
channel,3
canal,3
nastya,3
greenland,3
copenhagen,3
western,3
businessmen,3
juda,3
hurt,3
debt,3
17-year,3
ouija,3
clutch,3
showcas,3
option,3
mouthwat,3
fairi,3
oreki,3
dust,3
warsaw,3
nicola,3
whereabout,3
hornet,3
paid,3
surprisingli,3
consign,3
moos,3
malloy,3
one-tim,3
mechan,3
bleed,3
shaft,3
misunderstood,3
frozen,3
wreak,3
reunion,3
rope,3
council,3
vlogger,3
taxi,3
yellow,3
saturday,3
detent,3
farmer,3
craig,3
recur,3
duffel,3
cash,3
declar,3
grau,3
archer,3
testifi,3
lawrenceton,3
taboo,3
hood,3
arkansa,3
starlet,3
congression,3
madoka,3
wang,3
countess,3
glue,3
haley,3
winant,3
idealist,3
eighteen,3
environmentalist,3
wheel,3
fennan,3
masochist,3
nicknam,3
kingsbi,3
nikki,3
gotten,3
mischiev,3
dysfunct,3
height,3
empti,3
liner,3
reign,3
ex-con,3
otherwis,3
manner,3
pin-pon,3
shoulder,3
piano,3
1955,3
extract,3
altogeth,3
carefre,3
overtak,3
overdos,3
junior,3
shake,3
modern-day,3
impuls,3
pussycat,3
infatu,3
corliss,3
bait,3
stratman,3
wheelchair,3
kudo,3
repair,3
electron,3
exit,3
cycl,3
charismat,3
eun-young,3
assur,3
taiwan,3
embed,3
traffick,3
mississippi,3
afraid,3
substanc,3
whoever,3
combin,3
metaphys,3
freshman,3
march,3
2006,3
fell,3
year-old,3
administr,3
remark,3
neighbourhood,3
stepson,3
rampag,3
anybodi,3
zhang,3
adjust,3
becam,3
peep,3
tribe,3
appl,3
bruis,3
astonish,3
deepest,3
petrovich,3
bori,3
akunin,3
jule,3
smoke,3
luca,3
1969,3
cement,3
hard-boil,3
saki,3
selecao,3
barton,3
gallico,3
robber,3
tomb,3
intact,3
atlant,3
faustu,3
mephistophel,3
frankenstein,3
philo,3
vanc,3
trevor,3
begun,3
gumsho,3
donald,3
strachey,3
favorit,3
screen,3
amish,3
mess,3
deliber,3
summon,3
zohreh,3
keung,3
dreyfuss,3
data,3
cemeteri,3
chairman,3
oliviero,3
mika,3
bourdin,3
binion,3
viciou,3
absolut,3
molest,3
yang,3
shed,3
jessica,3
oppon,3
bump,3
vintag,3
salvar,3
confess,3
jacki,3
carruth,3
unwant,3
post-apocalypt,2
deposit,2
wckd-control,2
deckard,2
boy-geniu,2
disillusion,2
danger-fil,2
tomorrowland,2
focu,2
cobb,2
incept,2
sommerset,2
scoff,2
weekli,2
kick,2
notch,2
competitor,2
chaotic,2
mankind,2
prima,2
uncertain,2
9000,2
life-long,2
supremaci,2
fifth,2
hogwart,2
voldemort,2
'dumbledor,2
soldier-turned-u.s.,2
curat,2
louvr,2
hallow,2
cryptograph,2
neve,2
untangl,2
leonardo,2
vinci,2
capac,2
'precrim,2
late-21st,2
quarri,2
stazi,2
capsul,2
outwit,2
adul,2
spectacl,2
jeffri,2
courtyard,2
fashion-consult,2
freemont,2
zodiac,2
cipher,2
mort,2
scribe,2
swipe,2
holloman,2
most-want,2
petti,2
brooklyn,2
prolif,2
conlon,2
pasta,2
wheat,2
madli,2
bruner,2
goon,2
ichabod,2
none,2
headless,2
horseman,2
ivanovitch,2
sakharin,2
salti,2
haddock,2
thompson,2
thomson,2
unicorn,2
'starter,2
tract,2
certainli,2
tyrann,2
hartford,2
kimbl,2
gerard,2
intric,2
all-expenses-paid,2
unscrupul,2
double-d,2
worship,2
dolphin,2
man-eat,2
shark,2
mistaken,2
craft,2
mccreadi,2
kenzi,2
gennaro,2
freeli,2
tear,2
swedish,2
blomkvist,2
libel,2
vanger,2
ohio,2
youngster,2
catastroph,2
mulholland,2
jodi,2
institution,2
liter,2
pawn,2
larger,2
swept,2
benjamin,2
abigail,2
long-lost,2
lincoln,2
double-cross,2
uninvit,2
tranquil,2
reconstruct,2
column,2
erad,2
rocki,2
esther,2
maryland,2
dollmak,2
orphanag,2
hotshot,2
spacecraft,2
virgil,2
solitari,2
distanc,2
damag,2
overse,2
bland,2
cameraman,2
drug-fuel,2
proposit,2
pseudonym,2
gritti,2
glori,2
healthi,2
face-to-fac,2
lang,2
polanski,2
claustrophob,2
materi,2
skin,2
guinea,2
shadowhunt,2
warrior,2
companion,2
aspect,2
arrog,2
poor,2
saland,2
supervis,2
pedestrian,2
orton,2
coldheart,2
conrad,2
nanosecond,2
ever-chang,2
distinguish,2
charad,2
jenkin,2
10-year-old,2
nondescript,2
explan,2
windsor,2
cincinnati,2
'stab,2
stanwyck,2
macmurray,2
indemn,2
distinctli,2
screenplay,2
look-alik,2
bahama,2
karla,2
tyrel,2
bronson,2
e-mail,2
paranoia-fuel,2
top-secret,2
enhanc,2
darkli,2
sensit,2
vietnam,2
post-war,2
horn,2
flannigan,2
spider,2
coolsvil,2
criminolog,2
jacobo,2
anti-technolog,2
murder-and-mayhem-lov,2
collin,2
overjoy,2
2047,2
salvag,2
starship,2
horizon,2
maiden,2
brotherhood,2
rancher,2
conspir,2
krueger,2
clanci,2
anyway,2
unstabl,2
simultan,2
drift,2
farther,2
republican,2
homestead,2
settlement,2
deed,2
amus,2
keller,2
bolivian,2
team-clay,2
roqu,2
pooch,2
cougar,2
#ÀNOMBRE?,2
aisha,2
heavily-guard,2
unforeseen,2
evalu,2
curran,2
briefcas,2
liar,2
witzki,2
burglar,2
prescott,2
self-help,2
reconnect,2
sandhoff,2
drummi,2
manhunt,2
monica,2
banan,2
pertain,2
existenti,2
duri,2
ransack,2
parisian,2
arsen,2
uptight,2
loosen,2
free-spirit,2
davison,2
scour,2
treasure-laden,2
shipwreck,2
buddi,2
traine,2
dreyfu,2
drill,2
exercis,2
mcdeer,2
shower,2
oblivi,2
doppelgang,2
ambush,2
gulf,2
brainwash,2
manchurian,2
africa,2
premonit,2
leonard,2
wilfrid,2
behalf,2
near-fat,2
highli,2
submit,2
cook,2
clairvoy,2
ex-cop,2
gateway,2
analyst,2
deer,2
hedonist,2
destin,2
gigant,2
polli,2
perkin,2
clone,2
hoffman,2
beat,2
stint,2
yakuza,2
gnome,2
high-stak,2
brent,2
movement,2
phenomenon,2
life-alt,2
often,2
helena,2
botch,2
sutherland,2
recept,2
landlord,2
yagami,2
bennett,2
ruth,2
marx,2
atenton,2
lucr,2
ballet,2
formerli,2
descript,2
outsmart,2
everybodi,2
ming,2
counterpart,2
marsh,2
cybercrim,2
particularli,2
aris,2
orchestra,2
doom,2
burial,2
counselor,2
diabol,2
preacher,2
didnt,2
electr,2
armstrong,2
1900,2
headmistress,2
picnic,2
scenic,2
faculti,2
sick,2
hyster,2
disclos,2
boddi,2
pond,2
norway,2
superintend,2
assault,2
15th,2
pupil,2
diana,2
montreal,2
eyewit,2
mathematician,2
proof,2
proport,2
wave,2
kielowski,2
adolesc,2
massacr,2
succumb,2
quarantin,2
wasnt,2
outand,2
reemerg,2
longo,2
counsel,2
awol,2
jailor,2
outstand,2
martial,2
succed,2
rusti,2
sabich,2
cullen,2
michelangelo,2
antonioni,2
cinema,2
ziminski,2
astrophysicist,2
extraterrestri,2
eerili,2
justin,2
quayl,2
low-level,2
tessa,2
divers,2
phoni,2
shopper,2
commot,2
hattori,2
mediev,2
klute,2
silver,2
shell-shock,2
archaeolog,2
bennel,2
scenario,2
harrison,2
unpredict,2
loser,2
cruis,2
newlyw,2
harmoni,2
inexperienc,2
woke,2
bubba,2
immens,2
greedi,2
stair,2
santoro,2
lifelong,2
naval,2
navig,2
unconvent,2
syke,2
chauffeur,2
bruce,2
rain,2
galleri,2
statement,2
butcher,2
1974,2
clare,2
kemplay,2
chemic,2
1999,2
instrument,2
potter,2
porn,2
tommi,2
exhum,2
cydney,2
hawaii,2
disgruntl,2
marion,2
inquiri,2
morbid,2
failur,2
rayburn,2
renard,2
ethic,2
anthropologist,2
caulder,2
peer,2
netherworld,2
tall,2
cloak,2
formula,2
marni,2
franchis,2
sneak,2
vidocq,2
protg,2
wallac,2
brand,2
enthusiast,2
renegad,2
bernier,2
sprawl,2
berni,2
erupt,2
submarin,2
narrow,2
princip,2
flare,2
high-school,2
aubrey,2
fleme,2
mortal,2
rail,2
tyler,2
verg,2
youngest,2
gambler,2
casino,2
plight,2
stylish,2
glimps,2
wise,2
quaid,2
lurid,2
clifford,2
hallmark,2
gemini,2
cataton,2
resembl,2
damien,2
inquir,2
check,2
flirt,2
issu,2
gregoriu,2
portugues,2
teller,2
degener,2
horrigan,2
literatur,2
surf,2
newcom,2
rebelli,2
rank,2
choos,2
racial,2
austin,2
caldwel,2
easi,2
smaller,2
assad,2
five-year-old,2
closest,2
sommersbi,2
annabella,2
flat,2
accomplic,2
easier,2
frederick,2
froy,2
telli,2
sheet,2
utah,2
meier,2
shortcut,2
johnson,2
chees,2
recip,2
novemb,2
budget,2
selv,2
do-joon,2
vera,2
titular,2
conquest,2
ahmad,2
strip,2
franci,2
pine,2
happili,2
walsh,2
thad,2
appetit,2
network,2
fled,2
quarter,2
korean,2
wayn,2
folk,2
samantha,2
sweden,2
bridget,2
clay,2
cocain,2
scam,2
conserv,2
right-w,2
1958,2
privileg,2
upstair,2
reckless,2
indiscret,2
derek,2
uncanni,2
parol,2
offend,2
enigma,2
welsh,2
rehab,2
loch,2
ness,2
clinic,2
chinatown,2
blackout,2
carniv,2
porch,2
apocalyps,2
tripl,2
bigfoot,2
reynold,2
jump,2
parish,2
jeann,2
deep-root,2
dolph,2
repeatedli,2
trauma,2
isaac,2
limbo,2
tennesse,2
disfigur,2
rodney,2
klein,2
eberhart,2
calm,2
mazzi,2
gloomi,2
shigeta,2
cate,2
blanchett,2
truste,2
16th,2
samurai,2
lodger,2
cherri,2
entitl,2
probat,2
dexter,2
indian,2
royal,2
rebel,2
korzenowski,2
phoeb,2
bottl,2
probe,2
tempt,2
sordid,2
hungari,2
frequenc,2
debunk,2
endang,2
benni,2
long-miss,2
snowbound,2
infidel,2
interweav,2
delinqu,2
morten,2
otto,2
seat,2
carv,2
flier,2
assembl,2
heavi,2
naiv,2
gruel,2
saira,2
vienna,2
freud,2
long-tim,2
garret,2
inept,2
hare,2
damn,2
pirat,2
marguerit,2
jewelri,2
obtain,2
catarina,2
abroad,2
hound,2
malon,2
arlo,2
creator,2
unemploy,2
risen,2
gallon,2
transcontinent,2
galt,2
21-year-old,2
schizophrenia,2
savageri,2
pelita,2
bangsa,2
sooth,2
manopo,2
resign,2
bianca,2
steffi,2
zamora,2
arbitrarili,2
riza,2
angga,2
yunanda,2
keyra,2
chantiq,2
schagerl,2
anxiou,2
short-sight,2
sentiment,2
perplex,2
obstin,2
untrustworthi,2
cruz,2
boxer,2
bang,2
stunningli,2
delinquint,2
dane,2
ribisi,2
farina,2
cop/drug,2
jibe,2
ridicul,2
fransisco,2
sing-a-long,2
vampire-palooza,2
fair,2
draculian,2
snack,2
bariton,2
press,2
downright,2
unwholesom,2
song-fil,2
macabr,2
surgic,2
troup,2
bing,2
discard,2
bogi,2
illegal-alien,2
parapsycholog,2
devil-worship,2
oasi,2
friendli,2
mannequin,2
dreamlik,2
pulitz,2
necessari,2
recognit,2
mona,2
dearli,2
bett,2
midler,2
loud-mouth,2
malcont,2
hudson,2
devito,2
verplanck,2
unceasingli,2
spite,2
dude,2
dapper,2
iron,2
unannounc,2
reconcil,2
cling,2
verdon,2
christabel,2
poem,2
matei,2
struck,2
loafer,2
violet,2
lobotom,2
motorcycl,2
somer,2
kagutaba,2
raikag,2
kumogakur,2
jnin,2
kirigakur,2
iwagakur,2
hzukij,2
full-length,2
mouse-nab,2
rodent,2
fievel,2
bridgeport,2
beltway,2
ration,2
shall,2
watari,2
shunji,2
fujimura,2
catalonia,2
painless,2
neurosurgeon,2
onoff,2
davenport,2
domest,2
premier,2
dooley,2
saint,2
tourist,2
jobson,2
myshkin,2
solicitor,2
genr,2
blur,2
street-smart,2
isabella,2
abort,2
huldra,2
reluct,2
kilmer,2
paratroop,2
covert,2
murdock,2
shirou,2
fuyuki,2
edbrook,2
succeed,2
beck,2
thank,2
thwart,2
teen-ag,2
lynch,2
approv,2
studio,2
straight,2
smilla,2
august,2
nomin,2
barlow,2
june,2
sylvia,2
pusit,2
erot,2
nishi,2
heaven,2
calculu,2
massachusett,2
moniqu,2
predat,2
scarecrow,2
fluke,2
strong,2
begrudgingli,2
deadlin,2
outback,2
pact,2
croatia,2
11-year-old,2
phase,2
evolut,2
ultra,2
1989,2
bristol,2
backyard,2
minersvil,2
brett,2
rickabi,2
savag,2
stevan,2
mena,2
willard,2
pert,2
lieut,2
committe,2
midwest,2
newman,2
atari,2
furnitur,2
refurbish,2
prowess,2
iverson,2
dougla,2
label,2
eden-lik,2
valley,2
world-weari,2
metamorphosi,2
calam,2
cosmic,2
saucer,2
intergalact,2
out-of-this-world,2
unearthli,2
enchant,2
diminish,2
hulk,2
larceni,2
perjuri,2
farewel,2
kyoto,2
buddha,2
one-hand,2
toil,2
sweatshop,2
1892,2
amount,2
sensation,2
headlin,2
infami,2
scrappi,2
mystery-horror,2
hybrid,2
churn,2
wishart,2
entrust,2
scorch,2
breakup,2
loathsom,2
deserv,2
urbanksi,2
cynthia,2
kellogg,2
outing,2
decay,2
focal,2
prehistor,2
phantosaur,2
scare-a-sauru,2
new-ag,2
hypnosi,2
brave,2
unconvinc,2
award-nomine,2
unbreak,2
full-throttl,2
ledbett,2
aunjann,2
leppenraub,2
colm,2
feor,2
athlet,2
harden,2
toss,2
badg,2
dull,2
run-in,2
pretend,2
balloon,2
heali,2
pour,2
torino,2
celin,2
f.b.i,2
enzo,2
camilla,2
armor,2
pierr,2
unknowingli,2
impend,2
marilyn,2
eager,2
rousseau,2
gene,2
delia,2
programm,2
paedophil,2
signific,2
shift,2
1940,2
romand,2
stroud,2
crusad,2
distant,2
mobil,2
montana,2
pollut,2
ryosuk,2
villa,2
jessner,2
atroc,2
kerrigan,2
mischa,2
ursula,2
arli,2
spare,2
tremayn,2
moustach,2
worn,2
laveri,2
coastal,2
groom,2
manchest,2
butterfli,2
crippl,2
wive,2
hors,2
rehears,2
lita,2
jae-hoon,2
guerr,2
carlsson,2
delet,2
grown,2
furthermor,2
hint,2
hannan,2
seedi,2
sang-gil,2
luther,2
simmon,2
vancouv,2
pharmacist,2
well-inform,2
tsukuru,2
masahiro,2
higashid,2
matsuda,2
shibuya,2
ryuzaki,2
sosuk,2
ikematsu,2
showgirl,2
nice,2
versu,2
coil,2
1935,2
jordon,2
vampish,2
dolan,2
hardboil,2
wynkowski,2
nate,2
cibrian,2
galligan,2
leann,2
rime,2
limelight,2
telephon,2
pearl,2
misfortun,2
borgia,2
proper,2
thereaft,2
wagner,2
kingship,2
pure,2
disinherit,2
leith,2
ingrati,2
verdict,2
unoccupi,2
vain,2
maim,2
orfamay,2
deduc,2
missing-person,2
mavi,2
wald,2
exot,2
delor,2
karat,2
winslow,2
wong,2
caution,2
batter,2
heartbroken,2
artista,2
beau,2
star-stud,2
businesswoman,2
specif,2
ptsd,2
spool,2
venu,2
anthropolog,2
replica,2
gogh,2
sunflow,2
faithful,2
soundtrack,2
compos,2
beausoleil,2
deepwat,2
illicit,2
manga,2
seal,2
indoor,2
stringer,2
enderbi,2
dont,2
discont,2
spectral,2
drain,2
hindranc,2
blackpool,2
handcuf,2
foul-mouth,2
inact,2
okumura,2
fujimoto,2
argument,2
pearc,2
implod,2
cabinet,2
punter,2
incompet,2
muffl,2
thud,2
pointless,2
capaci,2
ginko,2
branch,2
kaya,2
mushi,2
deliveri,2
recipi,2
monopoli,2
grind,2
quinn,2
peach,2
sweet-as-pi,2
ingredi,2
whip,2
pogu,2
'blank,2
debauch,2
government,2
perdid,2
piel,2
jaffar,2
laloux,2
fantast,2
matr,2
flower,2
sand,2
twelv,2
trog,2
insati,2
aiden,2
parodi,2
angelo,2
mickey,2
zani,2
send-up,2
flick,2
breather,2
belson,2
promiscu,2
clip,2
blackboard,2
eggplant,2
riter,2
goldsbi,2
flood,2
manni,2
eckhardt,2
chambermaid,2
martini-induc,2
fantasy-pron,2
miracl,2
northwest,2
rhodesia,2
edinburgh,2
deftli,2
ding,2
roulett,2
donglu,2
ching,2
hot-blood,2
gunsling,2
zhui,2
bicycl,2
tiril,2
fanci,2
alarm,2
domingo,2
schroding,2
advis,2
narrowli,2
takakura,2
nogami,2
araragi,2
a.k.a,2
embroideri,2
herinto,2
vertigo,2
keigo,2
higashino,2
award-win,2
luyi,2
miriam,2
webster,2
mariam,2
forefing,2
posthum,2
hypnotist,2
hangman,2
noos,2
yuichiro,2
asakura,2
metro,2
agasa,2
railway,2
divert,2
jenni,2
3000,2
neverlak,2
veterinarian,2
lori,2
macgregor,2
hampshir,2
1839,2
amistad,2
cuba,2
unpreced,2
upris,2
debat,2
theodor,2
joadson,2
exoner,2
baldwin,2
quinci,2
abalon,2
stash,2
forthcom,2
mayor,2
unruli,2
attitud,2
farmhand,2
integr,2
immacul,2
choi,2
do-hyung,2
preserv,2
min-ja,2
anew,2
macshannon,2
beaufirst,2
shell,2
ucla,2
crowder,2
ingest,2
psychedel,2
'paradis,2
elvira,2
glover,2
herrod,2
raze,2
ideal,2
schemer,2
cockroach,2
parmit,2
far-reach,2
1793,2
joseon,2
tributari,2
myung-min,2
1983,2
regret,2
leonova,2
schoolmat,2
vika,2
rudolfovich,2
asham,2
mummifi,2
faint,2
helicopt,2
switzerland,2
bomb-sight,2
maven,2
pois,2
multi-million,2
concentr,2
kowelska,2
fuka,2
koshiba,2
broom,2
jiji,2
tellini,2
belli,2
extradit,2
recaptur,2
stuffi,2
siprien,2
liu-san,2
foundat,2
weber,2
three-day,2
eagl,2
digit,2
mongolian,2
tseven,2
sorcer,2
stone..,2
carol,2
laur,2
debaucheri,2
rouletabil,2
bruno,2
podalyd,2
stangerson,2
sabin,2
azma,2
lonsdal,2
no-on,2
primarili,2
wright,2
naruhod,2
ayasato,2
reiji,2
mitsurugi,2
mayoi,2
posess,2
sci-fi,2
holograph,2
waylon,2
convolut,2
suitor,2
napoleon,2
alfon,2
worden,2
walloon,2
shortest,2
sierra,2
morena,2
islam,2
princess,2
goatherd,2
inquisit,2
cabalist,2
mainland,2
britain,2
shiver,2
fara,2
bake,2
nineti,2
swan,2
stand-offish,2
vist,2
1967,2
harold,2
spymast,2
sympathis,2
1877,2
russian-turkish,2
turkish,2
varvara,2
suvorova,2
vari,2
gentlemen,2
crave,2
drearcliff,2
eldest,2
seren,2
convivi,2
perish,2
extravag,2
thailand,2
'wake,2
menger,2
spong,2
dissip,2
novak,2
introvert,2
vern,2
jarri,2
inaugur,2
six-year,2
girl-friend,2
cosmet,2
babylon,2
fla.,2
sunk,2
styx,2
duplicit,2
lloyd,2
strother,2
ritualist,2
pablo,2
mateo,2
astronom,2
magdalena,2
contamin,2
ammunit,2
claudio,2
carvalho,2
janeiro,2
infertil,2
semi-paralyz,2
subcultur,2
self-real,2
yeong-min,2
tide,2
scrambl,2
in-fight,2
1997,2
depict,2
perfectlybut,2
siames,2
half-moon,2
1998,2
enjou,2
tomo,2
ryougi,2
shiki,2
old-tim,2
gibson,2
vaughn,2
strong-arm,2
tactic,2
jour,2
embitt,2
grade,2
computer-hack,2
thursday,2
existentialist,2
g.k.,2
chesterton,2
1908,2
busun,2
flesh-eat,2
thousand,2
unpublish,2
dicken,2
thames-side-pub,2
upbring,2
berlin-party-kid,2
excess,2
incarn,2
stray,2
anchorwoman,2
wrench,2
singapor,2
'smart,2
tech,2
2017,2
tombsthay,2
tutor,2
aurphet,2
vivian,2
edwig,2
seamstress,2
voraci,2
hideously-mutil,2
specter,2
sabotag,2
document,2
ipswich,2
solicit,2
kerb-crawl,2
meant,2
epicentr,2
borotyn,2
mora,2
zelen,2
1912,2
upper,2
crust,2
misti,2
manali,2
ashwini,2
dixit,2
vodka,2
2020,2
genbo,2
ayam,2
gouriki,2
funtom,2
hiro,2
mizushima,2
hammett,2
roar,2
veronica,2
petersburg,2
khrapov,2
raider,2
layer,2
luke,2
stress,2
senga,2
ormond,2
gook,2
dentist,2
kitti,2
cheer,2
correct,2
immers,2
nelson,2
chef,2
langella,2
radiat,2
plunder,2
blew,2
spiritu,2
cordin,2
hilliard,2
gaci,2
thomasson,2
dive,2
riget,2
donat,2
britt,2
torsten,2
billiard,2
clarissa,2
swore,2
whiz,2
floriana,2
eliza,2
pile,2
andr,2
scourg,2
bigg,2
edwina,2
meinert,2
mathilda,2
swim,2
catalina,2
rent,2
negar,2
roswel,2
marcel,2
jacobson,2
marian,2
chemotherapi,2
hairpiec,2
transgress,2
numb,2
trench,2
purport,2
burkinwel,2
seeth,2
stoltz,2
kooki,2
leigh,2
ivey,2
tiber,2
portland,2
oregon,2
humdrum,2
auggi,2
ex-convict,2
blue-ey,2
bowl,2
intrud,2
hamlin,2
beleagu,2
ironsid,2
tienlu,2
corrigan,2
spectr,2
brauth,2
heinrich,2
melancholi,2
lesbian,2
marsden,2
galapago,2
perfum,2
suan/plot,2
leung,2
chiu,2
tuner,2
humankind,2
staircas,2
newcliff,2
byomkesh,2
bakshi,2
anyhow,2
congratul,2
overhear,2
disclosur,2
reassembl,2
warmli,2
conceal,2
asimava,2
bose,2
asimavo,2
meghnad,2
badh,2
kavya,2
unam,2
remains-,2
whodunnit,2
howdunnit,2
importantli,2
whydunnit,2
sleepyhead,2
willett,2
induc,2
documentary-styl,2
fouk,2
drive-in,2
wheelchair-bound,2
carrol,2
veer,2
gunmen,2
martal,2
half-dead,2
bombay,2
muslim,2
targ,2
bigwig,2
assasin,2
wrongli,2
ex-husband,2
reed,2
chlo,2
winkel,2
soft,2
sing,2
karaok,2
hostess,2
farraday,2
grievanc,2
antholog,2
buttgereit,2
andrea,2
marschal,2
michal,2
kosakowski,2
updat,2
3-year,2
chandrashekhar,2
withdraw,2
grandmast,2
nosi,2
daughter-in-law,2
'julia,2
unfriendli,2
januari,2
cauffield,2
beirut,2
counter-espionag,2
backpack,2
schoolgirl,2
occup,2
skepphult,2
fingerprint,2
giordano,2
henc,2
snoop,2
gunn,2
stockbrok,2
honolulu,2
reappear,2
seanc,2
wooden,2
agit,2
tibbi,2
badli,2
shaken,2
sofa,2
cueva,2
in-hous,2
headstrong,2
textil,2
kyrsi,2
hillbilli,2
andi,2
tracetak,2
wealth,2
one-night,2
jin-ho,2
1992,2
lifeless,2
shown,2
stain,2
class-room,2
run-away,2
laetitia,2
jean-baptist,2
psychosi,2
ingenu,2
rice,2
meek,2
maclan,2
parlor,2
wine,2
footbal,2
collag,2
anspach,2
appos,2
opinion,2
intellect,2
lithgow,2
incit,2
howthorn,2
indonesia,2
ramos-horta,2
syndic,2
incorpor,2
lepk,2
rele,2
outwardli,2
demonstr,2
lavinia,2
greymarsh,2
falck,2
dear,2
1860,2
'princ,2
whicher,2
wiltshir,2
three-year-old,2
savil,2
kent,2
remington,2
dunnfield,2
gentl,2
insight,2
spenser,2
hale,2
crossbow,2
theatric,2
imdb,2
1931,2
genre-bend,2
dracula,2
mythoscop,2
unparallel,2
authent,2
miskaton,2
dwell,2
vermont,2
reader,2
rang,2
realist,2
absurd,2
portrait,2
benevol,2
jewish,2
antagonist,2
attorney-turned-small-town-florist,2
grate,2
grill,2
blasphemi,2
tabb,2
underbelli,2
dick,2
burr,2
greer,2
kong-set,2
dame,2
maltes,2
falcon,2
wherev,2
rotterdam,2
masteri,2
fick,2
safer,2
surrog,2
visibl,2
brush,2
clearli,2
mold,2
propos,2
silvi,2
sylvi,2
rubi,2
dutchman,2
sampl,2
powder,2
hallucin,2
scroll,2
genghi,2
khan,2
tomba,2
fabul,2
scrollsso,2
vengeancebecaus,2
knee,2
carribean,2
27th,2
dimens,2
1938,2
bavaria,2
actulli,2
panama,2
navi,2
fleet,2
kirin,2
nihombashi,2
kaori,2
fukushima,2
kyoichiro,2
kaga,2
hiroshi,2
over-the-hil,2
broad,2
nickel-pl,2
handgun,2
dolli,2
crosshair,2
shroud,2
eagerli,2
freudian,2
1913,2
holmes-styl,2
quintet,2
faceless,2
scuba,2
detour,2
kungshamn,2
denomin,2
1820,2
bankruptci,2
survey,2
monestari,2
johanna,2
bachmann,2
item,2
bunch,2
trixi,2
acquisit,2
castle-lik,2
sift,2
dwarf,2
outbreak,2
ergot,2
fragil,2
stave,2
barnavelt,2
passageway,2
paramed,2
interfer,2
crystal,2
starri,2
bitingli,2
candl,2
13th,2
applic,2
married-divorced-marri,2
whateley,2
1943,2
fought,2
inscript,2
arturo,2
andrad,2
diego,2
botto,2
precis,2
carmelo,2
gmez,2
rene,2
satellit,2
cancel,2
jerzi,2
baltic,2
spurn,2