love,717
life,504
find,407
young,359
fall,305
woman,304
live,296
friend,292
meet,272
year,217
stori,216
famili,214
girl,206
take,200
becom,199
relationship,195
time,181
work,181
marri,176
make,172
world,164
father,156
begin,152
beauti,149
school,148
help,144
wife,142
come,136
daughter,135
first,132
mother,127
film,124
back,123
decid,123
turn,122
start,119
must,119
coupl,118
husband,117
name,116
want,114
romanc,112
discov,111
marriag,110
togeth,109
chang,108
dream,108
best,108
soon,107
learn,104
romant,101
sister,100
home,100
move,96
high,95
york,95
student,95
three,95
women,92
night,91
lover,91
affair,88
leav,87
thing,87
return,86
follow,84
howev,81
town,81
star,80
girlfriend,79
also,78
like,77
differ,76
forc,75
struggl,74
colleg,73
true,73
anoth,73
lead,73
feel,73
even,72
sexual,72
mysteri,72
apart,72
brother,72
parent,71
citi,70
look,69
around,69
secret,68
passion,68
peopl,67
death,66
past,65
attract,65
away,65
grow,65
know,64
small,63
comedi,62
show,62
date,62
teenag,62
heart,61
realiz,60
plan,60
hope,60
keep,60
play,60
final,60
whose,60
chanc,59
never,59
good,59
wealthi,59
music,59
american,59
tell,58
long,57
success,57
travel,57
seem,57
break,56
movi,56
everyth,56
divorc,56
give,55
friendship,55
left,54
face,54
hous,54
later,54
much,53
last,52
base,52
person,51
think,51
save,51
happi,50
john,50
french,50
attempt,50
spend,49
writer,49
complic,49
though,48
littl,48
rich,48
lose,48
still,48
place,48
order,48
deal,48
bring,48
arriv,48
call,48
former,48
summer,47
journey,47
local,47
visit,47
great,46
ever,46
children,46
boyfriend,46
british,46
could,45
determin,45
futur,45
threaten,45
land,45
would,45
career,45
share,44
busi,44
close,43
everi,43
singl,43
experi,43
encount,43
pari,43
need,42
sinc,42
money,42
perfect,42
believ,41
challeng,41
problem,41
handsom,41
murder,41
emot,41
tale,40
parti,40
enter,40
novel,40
event,40
eventu,40
teacher,40
along,40
childhood,40
real,40
hire,40
well,39
kill,39
involv,39
develop,39
older,39
troubl,39
happen,39
form,39
book,39
mani,39
engag,38
trip,38
danger,37
game,37
angel,37
mean,37
stop,37
alex,37
charact,36
escap,36
strang,36
four,36
adventur,36
obsess,36
jack,36
london,36
search,36
fight,36
without,36
director,36
countri,36
widow,36
owner,35
head,35
someth,35
centuri,35
team,35
connect,34
unexpect,34
join,34
artist,34
teach,34
separ,34
group,34
charm,34
island,34
convinc,34
includ,34
next,34
social,34
behind,33
princ,33
power,33
appear,33
part,33
villag,33
train,33
femal,33
miss,33
pass,32
center,32
test,32
lawyer,32
offic,32
fate,32
compani,32
agre,32
open,31
build,31
aspir,31
class,31
drama,31
fianc,31
suddenli,31
month,31
expect,31
caus,31
direct,31
christma,31
question,31
free,31
embark,31
danc,31
sexi,30
forev,30
king,30
upon,30
quickli,30
exist,30
report,30
profession,30
singer,30
lost,30
partner,30
sever,30
care,30
figur,29
classic,29
popular,29
suffer,29
tragedi,29
pregnant,29
boss,29
cours,29
complet,29
sent,29
late,29
princess,29
spirit,29
english,29
manag,29
prove,28
child,28
vampir,28
neighbor,28
desir,28
univers,28
lone,28
franc,28
stay,28
stand,28
famou,28
affect,28
peter,28
georg,28
crush,28
elizabeth,28
write,28
battl,27
result,27
decis,27
actress,27
seri,27
south,27
accid,27
street,27
opposit,27
ladi,27
celebr,27
poet,27
pursu,27
desper,27
blind,27
despit,26
graduat,26
musician,26
magic,26
state,26
five,26
modern,26
creat,26
adapt,25
businessman,25
destroy,25
thought,25
continu,25
nick,25
walk,25
author,25
jane,25
scheme,25
rule,25
player,25
second,25
commit,25
chase,25
road,25
ident,24
surpris,24
right,24
everyon,24
dancer,24
hollywood,24
releas,24
younger,24
execut,24
accept,24
agent,24
queen,24
england,24
possibl,24
kate,24
refus,24
italian,24
made,24
mari,24
stranger,23
betray,23
edward,23
prepar,23
societi,23
meanwhil,23
reunit,23
offer,23
side,23
rais,23
alon,23
bodi,23
henri,23
better,23
adopt,23
professor,23
interest,23
luci,23
babi,23
christian,22
america,22
drawn,22
epic,22
reveal,22
realli,22
plot,22
mental,22
promis,22
across,22
wake,22
seek,22
david,22
line,22
moment,22
situat,22
crash,22
noth,22
maggi,22
inspir,22
earli,22
seduc,22
control,22
hand,22
assign,22
perform,22
jame,22
unit,22
jess,21
hold,21
choos,21
approach,21
found,21
whole,21
alway,21
pair,21
vacat,21
catch,21
doctor,21
realiti,21
assist,21
someon,21
unlik,21
polit,21
fail,21
drug,21
shop,21
ride,21
commun,21
enjoy,21
eddi,21
wonder,21
dead,21
fortun,20
reveng,20
quest,20
present,20
gang,20
closer,20
human,20
design,20
wild,20
produc,20
watch,20
detect,20
playboy,20
allow,20
wrong,20
independ,20
sell,20
room,20
anyth,20
waitress,20
week,20
hide,20
holiday,20
jean,20
bond,20
pretti,20
truth,20
lesson,19
opportun,19
tour,19
hard,19
entir,19
bachelor,19
explor,19
torn,19
known,19
triangl,19
molli,19
william,19
hotel,19
richard,19
quit,19
store,19
male,19
rock,19
toward,19
lifestyl,19
recent,19
michael,19
kind,19
daniel,19
prison,19
send,19
spark,19
unexpectedli,18
armi,18
protect,18
enough,18
wish,18
magazin,18
memori,18
other,18
belov,18
mind,18
wait,18
attend,18
invit,18
talent,18
juli,18
although,18
evil,18
cousin,18
crisi,18
rome,18
fact,18
albert,18
member,18
full,18
histori,18
instead,18
kidnap,18
captur,18
ambiti,18
propos,18
path,17
ultim,17
confront,17
black,17
stage,17
rose,17
courag,17
extrem,17
morn,17
caught,17
dump,17
upsid,17
oper,17
fallen,17
indian,17
teen,17
suspect,17
investig,17
vega,17
anim,17
paul,17
gorgeou,17
song,17
race,17
intrigu,17
chicago,17
match,17
youth,17
mission,17
club,17
architect,17
footbal,17
anna,17
erot,17
fear,17
gener,17
soldier,17
avoid,17
talk,17
sens,17
polic,17
drive,17
arthur,17
bore,17
step,16
spell,16
easi,16
classmat,16
potenti,16
band,16
imagin,16
fashion,16
born,16
board,16
govern,16
advic,16
thrown,16
common,16
retir,16
francisco,16
overcom,16
earth,16
emma,16
middl,16
harri,16
remain,16
might,16
mark,16
violent,16
itali,16
sight,16
support,16
pose,16
studi,16
drink,16
charli,16
consid,16
suicid,16
alic,16
cultur,16
almost,16
academi,16
befriend,16
fantasi,16
free-spirit,16
prostitut,16
settl,16
given,16
mrs.,15
salon,15
pain,15
demand,15
arrang,15
birth,15
eccentr,15
fulfil,15
beach,15
throw,15
natur,15
gift,15
rememb,15
fellow,15
tradit,15
competit,15
bride,15
fairi,15
gone,15
immedi,15
devast,15
sophi,15
secretli,15
action,15
russian,15
excit,15
johnni,15
answer,15
difficult,15
andi,15
plane,15
inherit,15
farm,15
ryan,15
sleep,15
manhattan,15
small-town,15
respons,15
mistress,15
depress,15
rival,15
court,15
actual,15
captain,15
beth,15
photograph,15
antoin,15
senior,14
virgin,14
forest,14
bella,14
fatal,14
within,14
serv,14
resid,14
conflict,14
ship,14
discoveri,14
hero,14
among,14
unusu,14
carri,14
ordinari,14
corrupt,14
seemingli,14
greek,14
steal,14
anni,14
written,14
frank,14
cast,14
alreadi,14
wors,14
strike,14
buddi,14
million,14
client,14
choic,14
deep,14
german,14
blue,14
claim,14
idea,14
restaur,14
surviv,14
alcohol,14
sign,14
hill,14
soul,14
origin,14
process,14
charl,14
respect,14
brilliant,14
estat,14
food,14
role,13
version,13
bell,13
import,13
risk,13
short,13
leader,13
journalist,13
fiction,13
lewi,13
employe,13
newli,13
accident,13
word,13
taken,13
abandon,13
period,13
dark,13
india,13
pilot,13
civil,13
holli,13
unfortun,13
crime,13
track,13
reluctantli,13
resist,13
pretend,13
becam,13
total,13
readi,13
unfold,13
fish,13
contract,13
variou,13
latest,13
emili,13
unravel,13
impress,13
patient,13
crimin,13
gain,13
normal,13
japanes,13
sarah,13
rachel,13
shock,13
reach,13
hunt,13
ambit,13
disappear,13
cross,13
seriou,13
hometown,13
water,13
legendari,13
1950,13
master,13
haunt,13
pictur,13
compet,13
loss,13
skill,13
less,13
often,13
aristocrat,13
piec,13
helen,13
current,13
rescu,13
1960,13
compos,13
bill,13
carlo,13
curs,12
cold,12
collect,12
peac,12
cullen,12
comfort,12
case,12
wear,12
parisian,12
outsid,12
deepli,12
seven,12
realis,12
featur,12
relat,12
entangl,12
scene,12
lord,12
number,12
hospit,12
weekend,12
advertis,12
destini,12
worker,12
maid,12
forbidden,12
happili,12
draw,12
product,12
research,12
employ,12
jerri,12
will,12
trap,12
beat,12
sure,12
altern,12
devot,12
twin,12
birthday,12
bound,12
mutual,12
project,12
funni,12
told,12
strong,12
corpor,12
view,12
novelist,12
charlott,12
bomb,12
twist,12
rebecca,12
spiral,12
uncl,12
privat,12
station,12
understand,12
robert,12
antonio,12
terri,12
captiv,11
roommat,11
pact,11
malefic,11
rise,11
castl,11
sebastian,11
abil,11
vincent,11
reflect,11
prize,11
statu,11
spoil,11
ghost,11
countrysid,11
nicki,11
cynic,11
harbor,11
bank,11
clerk,11
receiv,11
point,11
surgeon,11
cover,11
recruit,11
broken,11
shakespear,11
near,11
co-work,11
strain,11
burn,11
letter,11
imposs,11
special,11
mile,11
awaken,11
neighborhood,11
poor,11
contemporari,11
blossom,11
took,11
spent,11
freedom,11
sara,11
flight,11
worth,11
finish,11
forget,11
increasingli,11
painter,11
presid,11
notic,11
orphan,11
robin,11
announc,11
longtim,11
intent,11
matt,11
lisa,11
matter,11
colleagu,11
matthew,11
groom,11
toni,11
amanda,11
prospect,11
brian,11
blood,11
martin,11
flee,11
militari,11
linda,11
convict,11
exam,11
texa,11
educ,11
addict,11
grey,10
steel,10
interview,10
wound,10
trust,10
stepmoth,10
dash,10
kingdom,10
front,10
scott,10
await,10
suitor,10
mistak,10
bobbi,10
earn,10
recov,10
hear,10
bizarr,10
jonathan,10
trick,10
hilari,10
ventur,10
extraordinari,10
veteran,10
victor,10
nurs,10
confid,10
adam,10
rebel,10
attent,10
desert,10
destin,10
touch,10
honor,10
intertwin,10
royal,10
faith,10
guest,10
river,10
glamor,10
fame,10
insid,10
cope,10
voic,10
boxer,10
ex-girlfriend,10
juliet,10
gold,10
turmoil,10
kiss,10
estrang,10
throne,10
servic,10
camp,10
guard,10
companion,10
innoc,10
breakup,10
distract,10
moor,10
maria,10
pull,10
east,10
strand,10
heiress,10
fire,10
came,10
slowli,10
servant,10
nation,10
sweetheart,10
berlin,10
green,10
pick,10
cook,10
middle-ag,10
hour,10
charg,10
west,10
immigr,10
heartbreak,10
aris,10
televis,10
news,10
resort,10
unmarri,10
reject,10
europ,10
behavior,10
except,10
model,10
urban,10
doubl,10
unhappi,10
simpl,10
trio,10
rather,10
undercov,10
phone,10
pierr,10
dian,10
narayan,10
luxuri,9
backdrop,9
paper,9
enigmat,9
motiv,9
score,9
beast,9
surround,9
crack,9
gangster,9
mount,9
fragil,9
maintain,9
nearli,9
chain,9
anyon,9
biggest,9
seen,9
michel,9
target,9
remak,9
isol,9
ex-wif,9
hors,9
greatest,9
millionair,9
dedic,9
read,9
exactli,9
17-year-old,9
reason,9
rivalri,9
nightclub,9
grown,9
shot,9
ancient,9
russia,9
terribl,9
year-old,9
possess,9
enlist,9
loyal,9
infatu,9
pursuit,9
simpli,9
romeo,9
salli,9
ruin,9
arrest,9
type,9
frustrat,9
instant,9
lilli,9
crown,9
record,9
paig,9
internet,9
coast,9
allen,9
sport,9
quiet,9
term,9
rebelli,9
list,9
hang,9
unknown,9
theater,9
medic,9
belong,9
coach,9
mentor,9
jewish,9
tess,9
crew,9
occur,9
neither,9
daili,9
deadli,9
intens,9
complex,9
thoma,9
nativ,9
rest,9
brought,9
china,9
grace,9
organ,9
heaven,9
jacqu,9
reluct,9
transfer,9
beverli,9
inevit,9
1980,9
effort,9
alien,9
height,9
wind,9
lust,9
phillip,9
hidden,9
pack,9
physic,9
comic,9
loos,9
properti,9
certain,9
clara,9
samantha,9
publish,9
yorker,9
tabl,9
initi,9
isabel,9
u.s.,9
third,9
intern,9
russel,9
acquaint,9
gave,9
zack,9
either,9
woo-jin,9
southern,9
hockey,9
instantli,9
christin,9
public,9
object,9
brink,9
housewif,9
portrait,9
actor,9
aaron,9
balanc,9
newlyw,8
embrac,8
custom,8
sick,8
campu,8
push,8
circl,8
high-school,8
clan,8
sandi,8
fell,8
audit,8
jazz,8
washington,8
greater,8
bliss,8
alli,8
devil,8
industri,8
scienc,8
condit,8
depart,8
ticket,8
went,8
system,8
consequ,8
ador,8
beyond,8
renown,8
porn,8
combin,8
accompani,8
drunken,8
brain,8
chaotic,8
bianca,8
thank,8
plastic,8
adjust,8
notori,8
transform,8
tire,8
done,8
critic,8
accus,8
1930,8
overbear,8
secur,8
midnight,8
strict,8
infam,8
chronicl,8
suggest,8
purpos,8
frequent,8
coma,8
confus,8
wilder,8
instructor,8
lack,8
uptight,8
brother-in-law,8
parallel,8
carter,8
randi,8
reconnect,8
park,8
editor,8
awkward,8
difficulti,8
traci,8
host,8
creatur,8
hong,8
kong,8
replac,8
navig,8
valentin,8
flower,8
hate,8
aliv,8
austen,8
foreign,8
spring,8
circumst,8
wash,8
tragic,8
thirti,8
twenti,8
tough,8
pablo,8
niec,8
unforgett,8
underground,8
joanna,8
flame,8
chri,8
knew,8
climb,8
scientist,8
white,8
tension,8
collid,8
enemi,8
pressur,8
naiv,8
exot,8
quirki,8
unabl,8
mansion,8
alter,8
abus,8
stuck,8
sensual,8
truli,8
detail,8
convers,8
deed,8
oscar,8
inform,8
seduct,8
harold,8
light,8
similar,8
area,8
languag,8
door,8
juan,8
khan,8
treat,8
attitud,8
achiev,8
yearn,8
jin-goo,8
confess,8
warn,8
audienc,8
california,8
sentenc,8
driver,8
field,8
injuri,8
revolv,8
effect,8
debt,8
color,8
lesbian,8
mike,8
guid,8
laura,8
iren,8
experienc,8
chef,8
gray,8
foster,8
maureen,8
deaf,8
threat,7
jeopard,7
disney,7
villain,7
idyl,7
stone,7
pacif,7
reclus,7
repeat,7
string,7
midst,7
danni,7
lure,7
lavish,7
disguis,7
immort,7
remark,7
histor,7
doesnt,7
revolutionari,7
distant,7
grandmoth,7
sweet,7
border,7
wing,7
fade,7
plain,7
limit,7
larg,7
european,7
empir,7
western,7
lifelong,7
japan,7
turbul,7
mask,7
mayb,7
banker,7
fling,7
ballet,7
background,7
outrag,7
suburban,7
reclaim,7
rent,7
jealousi,7
simon,7
jami,7
boat,7
whether,7
greg,7
count,7
vast,7
flashback,7
goal,7
humor,7
cinderella,7
wave,7
clock,7
clair,7
religi,7
legend,7
cash,7
grant,7
termin,7
kelli,7
suburb,7
1970,7
hall,7
span,7
ring,7
andrew,7
funer,7
perhap,7
filmmak,7
recal,7
cancer,7
descend,7
fill,7
disrupt,7
decad,7
defin,7
valu,7
viola,7
intellectu,7
christoph,7
dinner,7
conquer,7
killer,7
posit,7
victim,7
sequenc,7
diseas,7
nino,7
convent,7
command,7
unwittingli,7
merchant,7
clash,7
taylor,7
remot,7
mountain,7
charismat,7
award,7
jule,7
elabor,7
reunion,7
deeper,7
longer,7
suzann,7
nightmar,7
minor,7
quick,7
conserv,7
intellig,7
introduc,7
mate,7
matur,7
cloth,7
lola,7
gari,7
comput,7
creation,7
basketbal,7
opera,7
radio,7
shelley,7
easili,7
assassin,7
whatev,7
bori,7
roll,7
messag,7
doug,7
hannah,7
scare,7
focus,7
coming-of-ag,7
speak,7
luck,7
natali,7
expos,7
sheriff,7
jake,7
pure,7
concern,7
smitten,7
jimmi,7
embarrass,7
sean,7
hwa-yeong,7
verg,7
jump,7
adulthood,7
17th,7
nearbi,7
dutch,7
therapist,7
shoot,7
dave,7
jennif,7
gabriel,7
ex-boyfriend,7
worri,7
tutor,7
rage,7
leagu,7
straight,7
awar,7
alec,7
surf,7
secretari,7
domenico,7
script,7
momo,7
unemploy,7
tokyo,7
shadow,7
tower,7
psychiatr,7
becki,7
mauric,7
skate,7
gene,7
fulli,6
stabil,6
mute,6
held,6
plung,6
pleasur,6
cruel,6
prom,6
icon,6
invad,6
ruthless,6
swan,6
bright,6
enchant,6
staff,6
jacob,6
gather,6
australian,6
midwestern,6
gatsbi,6
cost,6
especi,6
succeed,6
prevent,6
space,6
program,6
passeng,6
rediscov,6
code,6
eight,6
reconcil,6
matchmak,6
hunter,6
temptat,6
swept,6
nice,6
sing,6
heartbroken,6
victoria,6
giant,6
fighter,6
attack,6
pearl,6
carl,6
knight,6
ex-lov,6
embroil,6
patrick,6
bitter,6
controversi,6
tropic,6
anonym,6
pete,6
safe,6
progress,6
zimmer,6
silent,6
modern-day,6
indi,6
pride,6
prejudic,6
sale,6
switch,6
creativ,6
casual,6
sole,6
previou,6
unawar,6
doubt,6
retreat,6
thousand,6
exclus,6
15-year-old,6
financi,6
hair,6
chao,6
idol,6
strong-wil,6
singh,6
nose,6
favorit,6
spin,6
britain,6
jude,6
socialit,6
spot,6
circu,6
feisti,6
lili,6
upper,6
stress,6
sergeant,6
dive,6
planet,6
farmer,6
shelter,6
rare,6
window,6
africa,6
englishman,6
tommi,6
adult,6
african-american,6
suspicion,6
outcast,6
soccer,6
sensit,6
heard,6
bare,6
insur,6
mermaid,6
half,6
disapprov,6
concert,6
bodyguard,6
hook,6
melani,6
north,6
misunderstand,6
nicol,6
video,6
june,6
sometim,6
engin,6
tuscani,6
admir,6
literatur,6
delight,6
long-lost,6
thief,6
landscap,6
loui,6
columnist,6
wrote,6
violet,6
media,6
antic,6
fresh,6
rape,6
angri,6
trail,6
miranda,6
hank,6
barri,6
brooklyn,6
basebal,6
airport,6
style,6
bruno,6
strive,6
treasur,6
sherman,6
freshman,6
moscow,6
julien,6
scam,6
boston,6
launch,6
steve,6
knowledg,6
pregnanc,6
cross-countri,6
marc,6
glori,6
reviv,6
wwii,6
upcom,6
least,6
elli,6
newspap,6
screenwrit,6
consum,6
stewart,6
superstar,6
vanessa,6
motorcycl,6
cruis,6
practic,6
stumbl,6
survivor,6
airlin,6
eric,6
skater,6
encourag,6
psychiatrist,6
temporari,6
harriet,6
sensat,6
davi,6
redempt,6
irish,6
gambl,6
thriller,6
hugh,6
season,6
broadway,6
rumor,6
blond,6
jackson,6
buri,6
poetri,6
empti,6
repair,6
jacki,6
dysfunct,6
union,6
crazi,6
health,6
brazil,6
hitman,6
hood,6
drop,6
mistaken,6
alexi,6
surgeri,6
resolv,6
insan,6
ceremoni,6
lesli,6
portray,6
warmth,6
scholarship,6
punk,6
basic,6
kevin,6
remarri,6
kirbi,6
baker,6
giulia,6
catherin,6
clive,6
flat,6
vicki,6
jill,6
zooni,6
relax,5
therefor,5
celest,5
janitor,5
boundari,5
infant,5
werewolf,5
fals,5
rekindl,5
carraway,5
reel,5
thrust,5
accomplish,5
depend,5
granddaught,5
ruth,5
alicia,5
conspiraci,5
aisl,5
unconvent,5
mortal,5
breath,5
contest,5
church,5
uncomfort,5
femm,5
alzheim,5
amaz,5
activ,5
shoe,5
stake,5
amount,5
loneli,5
bloom,5
influenc,5
anger,5
cute,5
said,5
psychic,5
attach,5
wealth,5
horribl,5
tyler,5
nora,5
peasant,5
assum,5
tournament,5
correspond,5
eager,5
weapon,5
flash,5
hawaii,5
disast,5
marshal,5
darci,5
demon,5
focu,5
seclud,5
endless,5
dexter,5
annual,5
genet,5
stolen,5
pirat,5
definit,5
palac,5
sneak,5
cowboy,5
gentleman,5
random,5
heartach,5
20th,5
exchang,5
duti,5
earlier,5
machin,5
geniu,5
appoint,5
major,5
woodi,5
psycholog,5
typic,5
dean,5
feet,5
1920,5
montagu,5
capulet,5
feud,5
verona,5
comedian,5
mi-yeon,5
clear,5
spiritu,5
sullivan,5
prime,5
particularli,5
overwhelm,5
schedul,5
coincid,5
regular,5
techniqu,5
nine,5
conceal,5
hitch,5
penni,5
provid,5
muse,5
carefre,5
ugli,5
fine,5
issu,5
lena,5
impact,5
disillus,5
derail,5
manner,5
contempl,5
dramat,5
zombi,5
19th,5
heroin,5
savannah,5
rocki,5
uncov,5
margaret,5
humili,5
jealou,5
floor,5
endur,5
task,5
inde,5
spain,5
milo,5
chines,5
heir,5
throughout,5
torrid,5
consol,5
winner,5
etern,5
footstep,5
vital,5
persuad,5
shallow,5
hopelessli,5
loveless,5
ladder,5
solv,5
restor,5
worst,5
dorm,5
punish,5
perspect,5
domest,5
benefit,5
occup,5
jason,5
mikey,5
welcom,5
rout,5
dispos,5
brook,5
stir,5
mistakenli,5
housekeep,5
advantag,5
blackmail,5
peer,5
silk,5
nathan,5
theme,5
provoc,5
garden,5
entertain,5
irresist,5
thrill,5
account,5
incid,5
forth,5
craig,5
uniqu,5
iron,5
screen,5
household,5
ground,5
lucki,5
nazi,5
refug,5
divid,5
round,5
soundtrack,5
intend,5
numer,5
philosophi,5
high-pow,5
materi,5
ireland,5
ignor,5
hip-hop,5
examin,5
nobl,5
mexico,5
friendli,5
politician,5
somehow,5
precoci,5
frankenstein,5
coin,5
thiev,5
luke,5
everybodi,5
narrat,5
magician,5
mafia,5
today,5
winter,5
counselor,5
laurent,5
graham,5
smuggl,5
fascin,5
mesmer,5
panic,5
abroad,5
lawrenc,5
profit,5
puzzl,5
suspici,5
chip,5
fanni,5
stock,5
reput,5
kindheart,5
ellen,5
elop,5
lock,5
downward,5
ensu,5
courtship,5
blow,5
admit,5
vanish,5
prefer,5
nelson,5
paint,5
supervisor,5
timeless,5
mobil,5
homeless,5
nadia,5
richardson,5
pine,5
juliett,5
misfit,5
morgan,5
billi,5
marion,5
plant,5
occasion,5
virtual,5
honeymoon,5
solac,5
arab,5
varieti,5
joseph,5
serious,5
infidel,5
renegad,5
mexican,5
susan,5
diamond,5
pool,5
fond,5
seasid,5
impuls,5
uncontrol,5
wallac,5
chemistri,5
coffe,5
card,5
whirlwind,5
georgia,5
split,5
stalk,5
taiwan,5
gambler,5
post,5
describ,5
suspens,5
tiger,5
aunt,5
working-class,5
offbeat,5
highli,5
misadventur,5
deadlin,5
quartet,5
madam,5
piano,5
roger,5
priest,5
exploit,5
tast,5
mechan,5
appar,5
well-known,5
luce,5
riski,5
tycoon,5
tank,5
tender,5
august,5
grandfath,5
ensur,5
acclaim,5
birde,5
nanci,5
interfer,5
display,5
sissi,5
self,5
spanish,5
walter,5
carmilla,5
suit,5
overprotect,5
arlen,5
bosnian,5
louie,5
illustr,5
rita,5
cooper,5
wall,5
countess,5
spinster,5
dress,5
dudley,5
insist,5
keith,5
camil,5
profess,5
academ,5
veronika,5
slacker,5
emerg,5
sinist,5
chagrin,5
hee-soo,5
afraid,5
luca,5
ideal,5
jona,5
lota,5
'coin,5
delhi,5
macon,5
flip,5
edouard,5
orpheu,5
hanson,5
thompson,5
shadowi,4
inextric,4
break-up,4
promin,4
inexperienc,4
ella,4
successor,4
aurora,4
seattl,4
ignit,4
renesme,4
volturi,4
fitzgerald,4
getaway,4
misfortun,4
peril,4
eleg,4
drifter,4
voyag,4
hopeless,4
breakthrough,4
terrifi,4
strength,4
regain,4
yacht,4
institut,4
tini,4
guardian,4
bump,4
harker,4
phil,4
trainer,4
aftermath,4
retriev,4
realm,4
cheat,4
legal,4
whisk,4
underworld,4
expatri,4
defeat,4
naval,4
johnson,4
manipul,4
reconstruct,4
timid,4
tina,4
junior,4
heist,4
shadi,4
baltimor,4
titl,4
bridget,4
capabl,4
paradis,4
onlin,4
schoolteach,4
promot,4
enabl,4
newfound,4
elit,4
bargain,4
warrior,4
nobleman,4
crossroad,4
expens,4
shell,4
venic,4
anthoni,4
in-law,4
unfaith,4
transit,4
sound,4
introvert,4
aladdin,4
evid,4
shepherd,4
godmoth,4
ball,4
evolv,4
liber,4
chocol,4
moral,4
repres,4
penniless,4
destruct,4
carol,4
breakfast,4
snow,4
josh,4
grown-up,4
expert,4
auction,4
storm,4
commiss,4
connecticut,4
curiou,4
larri,4
visual,4
rascal,4
guilti,4
averag,4
radic,4
minist,4
robinson,4
brutal,4
safeti,4
firm,4
vienna,4
defend,4
bumbl,4
cole,4
collin,4
scandal,4
victori,4
spite,4
saga,4
refer,4
remind,4
ahead,4
marisa,4
posh,4
ethan,4
16th,4
platon,4
pattern,4
grandpar,4
symbol,4
outbreak,4
fierc,4
superior,4
wheelchair,4
visa,4
rural,4
awesom,4
kati,4
confin,4
unpredict,4
claudio,4
pedro,4
meddl,4
afterlif,4
tempestu,4
coloni,4
settler,4
cora,4
slave,4
roman,4
erupt,4
crumbl,4
lynn,4
particular,4
skeptic,4
gabriella,4
element,4
knock,4
elus,4
villa,4
wage,4
sudden,4
excus,4
hell,4
imperson,4
deceas,4
fleet,4
cher,4
huge,4
dublin,4
gisel,4
sort,4
stun,4
trilog,4
carolin,4
escal,4
fake,4
humbert,4
diplomat,4
journal,4
wide,4
rough,4
whim,4
torment,4
construct,4
fantast,4
miller,4
dislik,4
extravag,4
reincarn,4
hudson,4
perman,4
julia,4
fearless,4
converg,4
songwrit,4
coyot,4
subsequ,4
nowher,4
deliv,4
clueless,4
individu,4
australia,4
ranch,4
hundr,4
workahol,4
sequel,4
vivid,4
invent,4
citizen,4
linu,4
sabrina,4
asid,4
biolog,4
contact,4
misanthrop,4
wildli,4
kathryn,4
succe,4
glenn,4
scout,4
check,4
hostil,4
gentl,4
brave,4
preciou,4
patron,4
jordan,4
mother-in-law,4
session,4
dont,4
jeopardi,4
singer-songwrit,4
aspect,4
extent,4
regret,4
marin,4
principl,4
carla,4
imprison,4
showdown,4
doom,4
muslim,4
bear,4
inept,4
unstabl,4
despair,4
philosoph,4
lindsey,4
corner,4
louna,4
minut,4
subject,4
driven,4
denni,4
frighten,4
interrupt,4
establish,4
cult,4
jenni,4
vibrant,4
gillian,4
policeman,4
fred,4
vivaci,4
financ,4
suitabl,4
homosexu,4
choru,4
emperor,4
caesar,4
derek,4
supposedli,4
redford,4
nasti,4
joo-he,4
waiter,4
drew,4
culmin,4
aviat,4
dismiss,4
shortli,4
megan,4
throe,4
miley,4
montana,4
turkey,4
sampl,4
smith,4
fourteen,4
pink,4
entranc,4
kang-he,4
hyeon-sook,4
jessica,4
favor,4
masetto,4
joan,4
jungl,4
slightli,4
disturb,4
religion,4
irrever,4
bishop,4
muriel,4
habit,4
hardi,4
reckless,4
everyday,4
aggress,4
baron,4
rochest,4
justic,4
zach,4
cheerlead,4
smooth,4
violenc,4
holm,4
industrialist,4
silli,4
intim,4
enthusiast,4
swim,4
enrol,4
anniversari,4
narr,4
aram,4
nanni,4
wander,4
gabe,4
drift,4
1900,4
bulli,4
bedroom,4
pakistani,4
sister-in-law,4
franki,4
suav,4
angliqu,4
brothel,4
oppress,4
awri,4
loft,4
jose,4
sylvia,4
holden,4
dealer,4
clean,4
walli,4
present-day,4
violin,4
austria,4
injur,4
pianist,4
laurel,4
diagnos,4
marian,4
wacki,4
perri,4
marti,4
rain,4
routin,4
crook,4
enlighten,4
neighbour,4
reward,4
coastal,4
documentari,4
presenc,4
bentzi,4
emmi,4
sailor,4
monica,4
immatur,4
forgotten,4
neil,4
durga,4
undergo,4
bloodi,4
katherin,4
equal,4
compromis,4
polar,4
athlet,4
louis,4
middle-class,4
nerd,4
listen,4
veronica,4
grief,4
lyudmila,4
tall,4
ex-convict,4
invest,4
archi,4
madea,4
cape,4
colin,4
sheikh,4
pigeon,4
champion,4
1990,4
harvey,4
trigger,4
ditch,4
altar,4
horac,4
gradual,4
napl,4
mara,4
maya,4
gloria,4
miriam,4
ex-con,4
uncertain,4
exil,4
courtesan,4
extra,4
elisabeth,4
fido,4
global,4
imran,4
20-year-old,4
tara,4
satisfi,4
sourc,4
quigley,4
fifteen,4
hisashi,4
taught,4
grip,4
collaps,4
seller,4
mock,4
jeffrey,4
pizza,4
godfrey,4
error,4
cool,4
potion,4
ronald,4
bleek,4
toru,4
naoko,4
sakthivel,4
selvam,4
oldest,4
janeiro,4
othello,4
angela,4
lectur,4
forward,4
choir,4
hairdress,4
brigad,4
kyon,4
devda,4
cheri,4
brett,4
joon-hyeok,4
katharina,4
petruchio,4
moon-he,4
mika,4
gerri,4
tolstoy,4
takashi,4
hyun,4
jong-moo,4
gallimard,4
lanter,4
louisiana,4
priscilla,4
2008,4
2009,4
sang-woo,4
jeong-he,4
felic,4
gestapo,4
shigeru,4
rehan,4
hugo,4
bertha,4
unfamiliar,3
concept,3
jackpot,3
1962,3
devis,3
entic,3
merci,3
wood,3
1959,3
pure-heart,3
harmoni,3
newborn,3
northwest,3
endang,3
bloodsuck,3
nouveau,3
all-girl,3
bandmat,3
fray,3
departur,3
childbirth,3
motion,3
all-out,3
hurri,3
prompt,3
1987,3
blend,3
dracula,3
imag,3
stephen,3
hawk,3
malik,3
weatherman,3
cameraman,3
jersey,3
intimaci,3
trade,3
afford,3
cliqu,3
weird,3
zone,3
houseman,3
joel,3
corps,3
1941,3
size,3
triumph,3
alexand,3
legion,3
stanley,3
ipkiss,3
contain,3
supernatur,3
blame,3
nobodi,3
madli,3
sofia,3
privileg,3
hector,3
snobbish,3
29-year-old,3
inexplic,3
cocain,3
revers,3
parad,3
shower,3
solitari,3
mitchel,3
dylan,3
fast,3
glimps,3
ward,3
proceed,3
regularli,3
disord,3
fugit,3
impetu,3
mess,3
lifetim,3
lovelorn,3
broke,3
ritual,3
ethel,3
tourist,3
eleven,3
byrn,3
focker,3
hypochondriac,3
jasmin,3
jail,3
pleasant,3
bend,3
almsi,3
maker,3
bennet,3
hook-up,3
indulg,3
gypsi,3
sweep,3
witti,3
adulter,3
melvin,3
arkansa,3
alongsid,3
overnight,3
13-year-old,3
virgil,3
engulf,3
core,3
life-long,3
cindi,3
dialogu,3
rancho,3
affection,3
interact,3
fountain,3
particip,3
circuit,3
kick,3
bradley,3
regal,3
psychologist,3
miracl,3
resurfac,3
allegra,3
tabloid,3
dirt,3
clari,3
glamour,3
post-war,3
jock,3
duke,3
olivia,3
wheel,3
seal,3
cameron,3
diaz,3
swap,3
frog,3
unbeknownst,3
chariti,3
precis,3
quarterback,3
burlesqu,3
loung,3
troup,3
amongst,3
caretak,3
wrench,3
tangl,3
martial,3
crystal,3
germani,3
ocean,3
high-profil,3
smart,3
tate,3
yorkshir,3
romanian,3
bottl,3
ashor,3
rolf,3
teresa,3
fascist,3
hatch,3
18th,3
betroth,3
magnific,3
janey,3
approv,3
all-import,3
wildcat,3
forg,3
onto,3
hottest,3
reed,3
atop,3
inadvert,3
traumat,3
drunk,3
memor,3
thirst,3
rebellion,3
revel,3
slip,3
gover,3
accord,3
oblig,3
summon,3
physician,3
reign,3
shrewd,3
coax,3
misguid,3
soar,3
gritti,3
environ,3
basi,3
badli,3
chuck,3
diva,3
firework,3
vulner,3
fairytal,3
rubi,3
gwen,3
detroit,3
emmanuel,3
miyagi,3
built,3
commut,3
avail,3
fund,3
monarchi,3
appal,3
unrequit,3
environment,3
billionair,3
wade,3
preserv,3
stephani,3
whale,3
tuscan,3
worldli,3
racial,3
delv,3
frida,3
openli,3
bold,3
uncompromis,3
incred,3
scamp,3
boost,3
manhattanit,3
ashley,3
volkswagen,3
stronger,3
dare,3
arsen,3
grand,3
prowess,3
self-help,3
elois,3
slum,3
down-on-his-luck,3
mismatch,3
uproari,3
philadelphia,3
akari,3
memoir,3
mortician,3
shine,3
publicist,3
shift,3
alik,3
abduct,3
lloyd,3
leas,3
zeta,3
unless,3
northern,3
16-year,3
inhabit,3
consist,3
sibl,3
stuart,3
appl,3
injustic,3
manhood,3
foot,3
snag,3
ridicul,3
celin,3
greec,3
loser,3
near-futur,3
sophist,3
network,3
juggl,3
roof,3
movement,3
greenwich,3
vietnam,3
star-cross,3
imperi,3
evalu,3
beau,3
runaway,3
missionari,3
longfellow,3
babe,3
liaison,3
depict,3
moonlight,3
insecur,3
kirk,3
section,3
chose,3
option,3
serial,3
pistol,3
whereabout,3
price,3
invas,3
maud,3
barcelona,3
wendi,3
lucr,3
unsur,3
chloe,3
reli,3
underwear,3
ki-chan,3
strongli,3
episod,3
wolf,3
specif,3
delic,3
titular,3
julian,3
escort,3
sunday,3
frame,3
besid,3
iraq,3
credit,3
experiment,3
annika,3
wizard,3
cloud,3
mine,3
preacher,3
templar,3
formula,3
futurist,3
incompat,3
mumbai,3
asperg,3
syndrom,3
stunt,3
reliev,3
meant,3
40-year-old,3
watson,3
bohemian,3
self-destruct,3
adrian,3
homicid,3
text,3
opinion,3
poker,3
psychoanalyst,3
morri,3
regardless,3
petti,3
embitt,3
site,3
market,3
marcu,3
face-to-fac,3
mostli,3
viciou,3
portia,3
exhilar,3
imaginari,3
axel,3
arizona,3
ruse,3
plagu,3
geek,3
buck,3
adolesc,3
princip,3
roxann,3
omar,3
christi,3
elin,3
lenni,3
massachusett,3
navi,3
egyptian,3
domin,3
veng,3
valmont,3
annoy,3
link,3
fisherman,3
fiance,3
remov,3
diner,3
staci,3
betti,3
gotten,3
dirti,3
custodi,3
defi,3
havana,3
dollar,3
knot,3
whistl,3
gemma,3
resili,3
francesca,3
young-goon,3
cure,3
abbott,3
visitor,3
promptli,3
josi,3
inner,3
amidst,3
bourgeoi,3
tumultu,3
crop,3
brand,3
deliri,3
degre,3
honey,3
harlem,3
trailer,3
disarm,3
gunman,3
twice,3
blast,3
hellish,3
labor,3
impend,3
parenthood,3
unprepar,3
havoc,3
packag,3
cant,3
aubrey,3
amor,3
best-sel,3
weak,3
guido,3
ursula,3
safari,3
page,3
feminist,3
retel,3
kyle,3
spurn,3
egotist,3
big-citi,3
conceiv,3
self-esteem,3
radha,3
lang,3
lotteri,3
everywher,3
sheep,3
leopold,3
harder,3
sultri,3
alarm,3
heal,3
one-night,3
ralph,3
region,3
despis,3
assembl,3
nerdi,3
scottish,3
extramarit,3
karen,3
fergu,3
jodi,3
strip,3
crooner,3
museum,3
overachiev,3
crippl,3
puritan,3
hester,3
elig,3
quarrel,3
ranger,3
mendez,3
erica,3
disastr,3
shape,3
roland,3
brief,3
lodg,3
withstand,3
straighten,3
entri,3
angst,3
judi,3
innat,3
jinx,3
shelli,3
bello,3
unnam,3
oklahoma,3
pennsylvania,3
supervis,3
amadeo,3
phoenix,3
frenchman,3
moon,3
nostalgia,3
provenc,3
volunt,3
submarin,3
marni,3
edwardian,3
decent,3
governor,3
handicap,3
nester,3
raid,3
regim,3
extens,3
alyssa,3
loyalti,3
restaurateur,3
exact,3
agenda,3
stole,3
montreal,3
block,3
vittoria,3
t-shirt,3
gulf,3
elderli,3
scotland,3
flora,3
zealand,3
revisit,3
swedish,3
puberti,3
tumor,3
leticia,3
resign,3
venetian,3
overlook,3
moira,3
exuber,3
chandler,3
holocaust,3
outfit,3
jacquelin,3
tide,3
exhaust,3
witch,3
bruce,3
potter,3
myle,3
lagaan,3
champan,3
heroic,3
aamir,3
lift,3
compli,3
conquest,3
paolo,3
offici,3
banner,3
self-doubt,3
express,3
shut,3
began,3
energi,3
allison,3
michigan,3
tachibana,3
'the,3
paco,3
carmen,3
resent,3
lorelei,3
esmond,3
hustler,3
horrif,3
empress,3
fabul,3
sustain,3
toma,3
tereza,3
math,3
gothic,3
clay,3
goddess,3
franci,3
nicola,3
rahul,3
birdi,3
conveni,3
nerv,3
lovestruck,3
quinci,3
bless,3
burrow,3
rupert,3
snowboard,3
rick,3
hot-shot,3
chemic,3
cozi,3
bite,3
mariann,3
none,3
bollywood,3
bubbl,3
absurd,3
valedictorian,3
mathia,3
oliv,3
burt,3
genuin,3
elev,3
recount,3
ambigu,3
pavlichenko,3
press,3
dolittl,3
nikki,3
demarco,3
treatment,3
jae-he,3
scenario,3
embodi,3
supermarket,3
heel,3
ballist,3
wheeler,3
cheer,3
heather,3
idealist,3
bath,3
ricki,3
nake,3
gore,3
theatr,3
puppet,3
havisham,3
estella,3
bona-fid,3
lighthous,3
resum,3
timer,3
deliveri,3
grave,3
allianc,3
cathi,3
doll,3
sawako,3
rope,3
pupil,3
heat,3
bawdi,3
seibei,3
rank,3
carmin,3
milan,3
dani,3
proud,3
autobiograph,3
cosmopolitan,3
incarn,3
golden,3
mont,3
cari,3
jarrod,3
gwang-sik,3
hae-ra,3
neglect,3
hanov,3
lila,3
amateur,3
smile,3
dissolut,3
marceau,3
small-tim,3
mundson,3
brad,3
bust,3
violinist,3
natasha,3
london-bas,3
bunni,3
rafael,3
amaia,3
telugu,3
1944,3
marston,3
mckay,3
terril,3
fieri,3
19-year-old,3
fourth,3
otsutsuki,3
winni,3
adel,3
tenant,3
channel,3
katrina,3
seductress,3
mira,3
prosecutor,3
hurt,3
filumena,3
noni,3
2007,3
franoi,3
classroom,3
outgo,3
telephon,3
valeria,3
annabel,3
cathol,3
edwina,3
keat,3
improv,3
glove,3
anymor,3
gwyn,3
crane,3
fantozzi,3
jeff,3
disabl,3
piqu,3
curios,3
goodby,3
sandwich,3
persuas,3
latin,3
lomax,3
elain,3
sharp,3
duchovni,3
grandson,3
reflex,3
franz,3
noir,3
deniz,3
rosa,3
mid-lif,3
devayani,3
madelein,3
boot,3
adelaid,3
recogn,3
circular,3
hippi,3
angl,3
leonardo,3
transient,3
divers,3
brazilian,3
advanc,3
sweeti,3
jacey,3
'paper,3
arian,3
gradi,3
hedonist,3
sixteen,3
self-discoveri,3
delphin,3
peni,3
dick,3
benson,3
simpson,3
donald,3
herbert,3
haruhi,3
castella,3
judith,3
intercept,3
spici,3
luka,3
alexandra,3
speed,3
paro,3
decker,3
akki,3
spoken,3
fulton,3
elena,3
hortensio,3
karan,3
kristen,3
melt,3
nadya,3
sasha,3
ostwind,3
viewer,3
interlink,3
dougla,3
orlando,3
halley,3
nova,3
izumi,3
hayama,3
munna,3
mun-he,3
alia,3
live-act,2
reseiv,2
opend,2
implement,2
other-worldli,2
circa,2
amphibi,2
anastasia,2
headlong,2
procliv,2
cautiou,2
untold,2
'sleep,2
peaceabl,2
fiercest,2
protector,2
bent,2
108-year-old,2
caution,2
coven,2
ravag,2
malici,2
ageless,2
alleg,2
greaser,2
island-set,2
latt,2
scrape,2
cocktail,2
dingi,2
fabric,2
fork,2
centuries-old,2
fearsom,2
council,2
stifler,2
finch,2
prada,2
eugen,2
freeman,2
infiltr,2
dewitt,2
bukat,2
brock,2
april,2
1912,2
titan,2
upper-class,2
dawson,2
off-guard,2
princeton,2
nash,2
worthwhil,2
contribut,2
legaci,2
mathemat,2
soviet,2
overboard,2
theodor,2
purchas,2
technolog,2
benjamin,2
button,2
backward,2
mina,2
hels,2
hercul,2
hade,2
wildest,2
theori,2
cambridg,2
hindi,2
bueno,2
loop,2
beca,2
harmon,2
usual,2
catskil,2
sober,2
compel,2
eras,2
correct,2
19th-centuri,2
bereft,2
westley,2
amid,2
hunger,2
persian,2
evelyn,2
golightli,2
dime,2
exud,2
dorian,2
goon,2
wheat,2
jensen,2
powerless,2
brown,2
illus,2
deserv,2
gage,2
unfulfil,2
maryland,2
thatcher,2
apprentic,2
jone,2
chauvinist,2
clever,2
adalin,2
lethal,2
stretch,2
castaway,2
unfinish,2
hooker,2
alabama,2
pimp,2
rogu,2
safeguard,2
dagger,2
joey,2
lolita,2
reset,2
nymphet,2
twenty-someth,2
thailand,2
backfir,2
sleazi,2
jade,2
vivian,2
librarian,2
clare,2
lillian,2
bridesmaid,2
angelina,2
joli,2
2005,2
florida,2
offspr,2
adrift,2
1927,2
lamp,2
jafar,2
stamp,2
sex-obsess,2
lara,2
argument,2
suppos,2
chart,2
expans,2
bryant,2
bailey,2
wand,2
glass,2
fairy-tal,2
jeremi,2
carnal,2
toast,2
allur,2
cutthroat,2
float,2
schooler,2
mitsuha,2
taki,2
cusp,2
occupi,2
entrust,2
addit,2
toler,2
genovia,2
cotton,2
elvi,2
aldou,2
antiqu,2
distanc,2
messi,2
damag,2
overse,2
priceless,2
bland,2
bingham,2
unwant,2
heartless,2
exterior,2
life-threaten,2
ex-fianc,2
endeavor,2
rebuild,2
magnat,2
1965,2
twelve-year-old,2
handl,2
satir,2
tenni,2
palm,2
maguir,2
modest,2
irrevers,2
comeback,2
fledgl,2
gilbert,2
wed.,2
bard,2
refresh,2
dreamer,2
miser,2
viru,2
si-yeon,2
capit,2
doorstep,2
bookstor,2
spill,2
bloke,2
landon,2
tight,2
stripper,2
suffoc,2
asleep,2
hazel,2
diagnosi,2
parlor,2
afternoon,2
berg,2
hanna,2
trial,2
stem,2
setback,2
plump,2
shadowhunt,2
airplan,2
dressmak,2
reynold,2
woodcock,2
companionship,2
commitment-phob,2
happy-go-lucki,2
simran,2
duff,2
immin,2
underag,2
awak,2
beckon,2
cupid,2
revu,2
ha-rim,2
cornea,2
melodrama,2
dilemma,2
reimagin,2
riley,2
intensifi,2
swallow,2
battlefield,2
pier,2
oversea,2
dead-end,2
riot,2
scoop,2
paxton,2
numb,2
bing,2
sunlight,2
interven,2
eastern,2
farc,2
sharp-wit,2
beatric,2
countless,2
chosen,2
re-ent,2
senat,2
blaze,2
lava,2
escobar,2
illicit,2
besot,2
clandestin,2
kumail,2
grad,2
troy,2
carpent,2
closet,2
disc,2
jockey,2
geni,2
dodg,2
jilt,2
chamber,2
1964,2
permit,2
danish,2
undeni,2
spectral,2
rodger,2
hammerstein,2
austrian,2
pre-war,2
margo,2
ninja,2
campaign,2
enigma,2
barr,2
enzo,2
rate,2
resembl,2
dolphin,2
arquett,2
revolut,2
harrow,2
oregon,2
song-and-d,2
savvi,2
rosi,2
heart-warm,2
scale,2
klutzi,2
makeov,2
baxter,2
lend,2
contractor,2
immens,2
akahan,2
dormitori,2
shirakawa,2
haruto,2
kurosaki,2
banish,2
ford,2
bureaucrat,2
grudgingli,2
craze,2
self-indulg,2
spous,2
offend,2
intersect,2
marathon,2
assimil,2
emerald,2
conclus,2
inject,2
wanda,2
unattach,2
bangkok,2
okinawa,2
norah,2
down,2
filmor,2
preoccupi,2
30-someth,2
unscrupul,2
chauffeur,2
drain,2
eisenheim,2
vulgar,2
haze,2
dictat,2
p.m.,2
rethink,2
guidanc,2
exasper,2
harvard,2
belgium,2
negoti,2
obtain,2
guerrilla,2
layer,2
decept,2
californian,2
kahlo,2
manolo,2
oblivion,2
tramp,2
mischiev,2
impos,2
stray,2
junkyard,2
buster,2
wyatt,2
level,2
requir,2
duchess,2
veterinarian,2
short-term,2
pace,2
competitor,2
graviti,2
interplanetari,2
anderson,2
dupre,2
barfli,2
houseguest,2
couch,2
burk,2
speaker,2
florist,2
shark,2
skeeter,2
bronson,2
reuben,2
irrespons,2
howard,2
collett,2
takaki,2
elementari,2
three-tim,2
horror,2
seiz,2
rejuven,2
interlud,2
digger,2
slide,2
surprisingli,2
hole,2
hawkin,2
pledg,2
takeov,2
cattl,2
unforgiv,2
darwin,2
rhiannon,2
cara,2
grappl,2
turtl,2
clark,2
akeem,2
hach,2
mario,2
casa,2
valverd,2
nadin,2
pleas,2
blitz,2
christina,2
meaning,2
entwin,2
dicken,2
surmis,2
fun-lov,2
bird,2
covert,2
totalitarian,2
'dirti,2
gnome,2
sherlock,2
technic,2
weekli,2
2000,2
cater,2
messer,2
calendar,2
liverpool,2
life-chang,2
affluent,2
pervers,2
falk,2
beer,2
nave,2
melodi,2
appreci,2
headmast,2
billion,2
butler,2
cultiv,2
robbi,2
eyesight,2
renew,2
attorney,2
krasinski,2
explos,2
victorian,2
speci,2
woodhous,2
perpetu,2
kayley,2
camelot,2
tightli,2
father-in-law,2
discharg,2
bonni,2
duel,2
lucil,2
stifl,2
refuge,2
pour,2
regiment,2
gretta,2
long-term,2
amus,2
finn,2
trusti,2
clue,2
drag,2
therapi,2
disput,2
monaco,2
loom,2
xavier,2
pamper,2
ransom,2
yoon-seo,2
min-jeong,2
repairman,2
collabor,2
topic,2
flavor,2
monster,2
logan,2
alfalfa,2
nostalg,2
klump,2
clutch,2
beleagu,2
fraud,2
clint,2
eastwood,2
pray,2
miner,2
otherworldli,2
tretiak,2
outwit,2
rizwan,2
hindu,2
terrorist,2
patissi,2
neung-geum,2
dreamt,2
woo-hyeon,2
dessert,2
recip,2
melancholi,2
resurrect,2
centr,2
ingmar,2
bergman,2
meek,2
downhil,2
closur,2
kept,2
algorithm,2
carolina,2
server,2
anyway,2
offens,2
column,2
translat,2
lonesom,2
shake,2
unknowingli,2
freak,2
lanc,2
incredul,2
recreat,2
sordid,2
bachelorhood,2
chaplin,2
deem,2
connor,2
owen,2
angelov,2
flintston,2
wilma,2
conniv,2
strait-lac,2
pressman,2
jeremiah,2
neuros,2
lower,2
calvin,2
goofi,2
lean,2
protagonist,2
leonowen,2
trend,2
reform,2
brat,2
foley,2
paula,2
miami,2
juliu,2
sooke,2
hideko,2
pickpocket,2
wayn,2
low-key,2
demeanor,2
nicknam,2
uneasi,2
ottoman,2
loan,2
gruesom,2
payment,2
pincu,2
miracul,2
kielowski,2
addi,2
exit,2
brigg,2
cohabit,2
dish,2
premis,2
cuba,2
katey,2
javier,2
dodo,2
roadsid,2
cafe,2
cain,2
stick,2
arterton,2
il-soon,2
minni,2
insati,2
bryce,2
grade,2
reconsid,2
unwelcom,2
assert,2
mention,2
instrument,2
squar,2
mileston,2
tennesse,2
sperm,2
premier,2
1939,2
bronx,2
coolest,2
t-bird,2
bong-seong,2
sassi,2
lifeguard,2
erin,2
garrett,2
choreograph,2
downtown,2
n.y.,2
hotshot,2
johann,2
vermeer,2
2002,2
yuppi,2
demi,2
impati,2
harvest,2
turn-of-the-centuri,2
counsel,2
recollect,2
wreak,2
trophi,2
speech,2
high-societi,2
satan,2
hamburg,2
prohibit,2
sant,2
distinguish,2
trader,2
portal,2
file,2
roslyn,2
monthli,2
bogart,2
seminar,2
arrog,2
detest,2
kendra,2
ralli,2
thick,2
alfi,2
helena,2
tricki,2
anxiou,2
schoolboy,2
friday,2
fanat,2
disciplin,2
navarr,2
whilst,2
biasi,2
proce,2
content,2
out-of-control,2
spread,2
literari,2
headstrong,2
bathsheba,2
prosper,2
taipei,2
quandari,2
21st,2
absenc,2
next-door,2
bait,2
nichola,2
medit,2
mackenzi,2
butcher,2
foolish,2
newton,2
phoni,2
ostens,2
pawn,2
wick,2
sidekick,2
intrepid,2
underneath,2
raoul,2
ancestr,2
somewhat,2
document,2
charter,2
tyrann,2
stood,2
siler,2
envi,2
rancher,2
feder,2
hail,2
republican,2
davidson,2
evict,2
kitchen,2
sink,2
specialist,2
jean-luc,2
godard,2
sheeni,2
durham,2
pitch,2
cancel,2
kitti,2
1600,2
reverend,2
adulteri,2
marla,2
whatsoev,2
plea,2
war-torn,2
sketch,2
raini,2
deepen,2
fever,2
elina,2
rainbow,2
kingpin,2
contenti,2
agenc,2
dallianc,2
district,2
instinct,2
spaceship,2
linger,2
bleak,2
thornfield,2
abrupt,2
studio,2
print,2
brokenheart,2
fish-out-of-wat,2
wright,2
dropout,2
repeatedli,2
chantri,2
deni,2
irishman,2
bind,2
rightli,2
kline,2
polanski,2
exquisit,2
commenc,2
cabaret,2
pastor,2
wast,2
rebound,2
sammi,2
stereotyp,2
feroci,2
laugh,2
joke,2
businesswoman,2
bergerac,2
surreal,2
beetl,2
robberi,2
casino,2
kyun-woo,2
shame,2
1893,2
beaten,2
taciturn,2
grit,2
o'reilli,2
instruct,2
griev,2
argentina,2
fernando,2
dynam,2
weav,2
valjean,2
cage,2
dine,2
zibbi,2
scari,2
laundri,2
blane,2
einstein,2
temporarili,2
forgeri,2
lyric,2
ensnar,2
jean-ren,2
factori,2
daytim,2
pseudonym,2
would-b,2
colorado,2
reduc,2
squabbl,2
ashbi,2
holt,2
braini,2
mystifi,2
devlin,2
higher,2
decor,2
tempt,2
dorothi,2
attilio,2
andrei,2
eugenia,2
lunat,2
homeland,2
ambival,2
villeneuv,2
cocteau,2
walt,2
overshadow,2
alisdair,2
tens,2
reliv,2
grew,2
self-cent,2
high-rank,2
holi,2
penanc,2
provok,2
foreman,2
awoken,2
1992,2
bernier,2
pension,2
bhaskar,2
tamil,2
2015,2
associ,2
kristin,2
billboard,2
stingo,2
stepsist,2
sharpshoot,2
prone,2
yuddi,2
zhen,2
sympathet,2
lush,2
similarli,2
afflict,2
franco,2
bewitch,2
hurley,2
campbel,2
odett,2
claviu,2
guinever,2
assumpt,2
darker,2
good-natur,2
constant,2
porsch,2
bhuvan,2
plight,2
sadist,2
cricket,2
rollo,2
acquir,2
enforc,2
polici,2
zachari,2
flighti,2
edit,2
concoct,2
stash,2
1951,2
bail,2
aeroplan,2
ponder,2
liter,2
elmo,2
mancini,2
selfish,2
till,2
astronom,2
substanc,2
pollock,2
solut,2
medicin,2
berk,2
felix,2
midsumm,2
thierri,2
librari,2
life-affirm,2
lancelot,2
travi,2
chiyoko,2
unlock,2
madrid,2
marit,2
showgirl,2
divorce,2
stig,2
yudal,2
buxom,2
zare,2
dadan,2
mannequin,2
freddi,2
prinz,2
akin,2
debut,2
emancip,2
oscar-win,2
sabina,2
switzerland,2
1982,2
taeko,2
well-ord,2
cassi,2
guilt,2
marina,2
babu,2
prasad,2
stylish,2
1953,2
dakota,2
crawl,2
climax,2
folk,2
merced,2
anjali,2
camilla,2
adriana,2
deathb,2
scar,2
gentlemen,2
1890,2
ernest,2
nail,2
profil,2
tita,2
infect,2
bront,2
gregoriu,2
portugues,2
enthral,2
highest,2
comrad,2
planner,2
scorses,2
costum,2
honesti,2
excess,2
girlish,2
chan,2
philo,2
brawler,2
orangutan,2
apocalyps,2
toronto,2
johan,2
aloof,2
phase,2
scream,2
skid,2
updat,2
bakshi,2
caress,2
fabio,2
unassum,2
blank,2
freelanc,2
conscienc,2
botch,2
gross,2
heck,2
orient,2
felt,2
yard,2
welsh,2
jordana,2
structur,2
climat,2
upstart,2
interraci,2
suprem,2
fidel,2
dora,2
sommersbi,2
atom,2
keen,2
laboratori,2
gate,2
relentlessli,2
midwest,2
breakout,2
temperament,2
patienc,2
shatter,2
maiden,2
befal,2
combat,2
eleanor,2
roosevelt,2
capac,2
postwar,2
1996,2
hokkaido,2
sayuri,2
chronic,2
underachiev,2
sverin,2
high-class,2
anai,2
jour,2
melinda,2
whitman,2
straight-lac,2
matriarch,2
mild-mann,2
belavia,2
bulldoz,2
drill,2
drown,2
mickler,2
delus,2
allegedli,2
swindl,2
outlook,2
collis,2
demonstr,2
indic,2
grumpi,2
isabella,2
cottag,2
fifteen-year-old,2
flax,2
necessari,2
9-year-old,2
maximillian,2
dustin,2
lunch,2
defect,2
saxophon,2
perfum,2
townspeopl,2
defens,2
recaptur,2
fritz,2
mickey,2
materialist,2
articl,2
nineteenth,2
poignant,2
pioneer,2
damn,2
philander,2
cecilia,2
cairo,2
insepar,2
shanghai,2
improb,2
frantic,2
unconsci,2
appetit,2
illeg,2
dilapid,2
humbl,2
benefactor,2
repress,2
flourish,2
larger,2
dale,2
upstair,2
sorri,2
niki,2
pietro,2
implant,2
oona,2
whoever,2
stare,2
inappropri,2
famous,2
lunchbox,2
sarajevo,2
earl,2
debauch,2
outlaw,2
1985,2
jodhaa,2
akbar,2
rajput,2
orgasm,2
heathcliff,2
earnshaw,2
chief,2
matsumoto,2
tomboy,2
watt,2
perfectli,2
concierg,2
rodin,2
chlo,2
samurai,2
leukemia,2
appeal,2
cheesi,2
housesit,2
sorrow,2
barfuss,2
kimberli,2
sabotag,2
neighbourhood,2
hesit,2
convert,2
deceit,2
poverti,2
quarter,2
feature-length,2
genr,2
hardcor,2
overjoy,2
dismay,2
fullest,2
stroke,2
unjustli,2
fortune-hunt,2
bisexu,2
parrish,2
irrepress,2
gregori,2
diana,2
naomi,2
redefin,2
hostag,2
artistri,2
huxley,2
theatric,2
burger,2
unorthodox,2
timmi,2
beethoven,2
myeong-ho,2
dal-ra,2
mere,2
supper,2
flaubert,2
loner,2
wilson,2
paid,2
delacroix,2
shown,2
edgi,2
gilda,2
overzeal,2
tenley,2
subway,2
conservatori,2
consult,2
yang,2
mumbai-bas,2
kabir,2
long-tim,2
arjun,2
blight,2
bosnia,2
caramel,2
genev,2
nashawn,2
capt,2
bennett,2
intact,2
florenc,2
emerson,2
remedi,2
abhishek,2
stark,2
institution,2
bounti,2
midwif,2
protest,2
jekyl,2
counterpart,2
hyde,2
hannassey,2
cruelti,2
meteor,2
giovanna,2
stella,2
bledel,2
bdsm,2
submiss,2
jobless,2
live-in,2
mathild,2
threesom,2
ludo,2
jaan,2
kashmir,2
miroslava,2
dragon,2
1940,2
forty-year-old,2
paul-andr,2
violett,2
nina,2
redgrav,2
administr,2
matrimoni,2
disclos,2
dissatisfi,2
l.a.,2
tommaso,2
euro,2
viniciu,2
lygia,2
nero,2
hundert,2
xuan,2
reserv,2
sonar,2
succumb,2
precari,2
bittersweet,2
elect,2
olmo,2
directori,2
santana,2
plenti,2
arturo,2
sacrific,2
stubborn,2
wreck,2
partnership,2
binocular,2
beck,2
bullock,2
riotous,2
1945,2
chateau,2
marcel,2
predecessor,2
high-spirit,2
kellogg,2
bartend,2
zorg,2
barrett,2
coup,2
mirabel,2
salesgirl,2
angeliqu,2
strictli,2
sherwood,2
proudli,2
lung,2
surrog,2
playwright,2
danah,2
ill-temp,2
tree,2
herbi,2
cach,2
frederick,2
martha,2
begun,2
fair,2
clone,2
cori,2
rochard,2
turner,2
hapless,2
chernick,2
mississippi,2
yong-ta,2
kenya,2
qualiti,2
bristol,2
sake,2
off-the-wal,2
jeong-woo,2
norimichi,2
yuusuk,2
bodek,2
anchovi,2
orhan,2
suzum,2
jinyiwei,2
dispatch,2
influenti,2
unlucki,2
chemist,2
mona,2
melea,2
halt,2
rehabilit,2
grill,2
levi,2
setoka,2
tear,2
prey,2
mist,2
mourn,2
prior,2
ballerina,2
watanab,2
kizuki,2
kyoto,2
midori,2
patricia,2
castro,2
certainli,2
entourag,2
arnaud,2
rustwat,2
spare,2
photo,2
briefli,2
otto,2
rite,2
spontan,2
ideolog,2
albeit,2
volatil,2
trendi,2
giovana,2
novale,2
aura,2
sandra,2
self-confid,2
poem,2
effi,2
internship,2
mariana,2
everett,2
maudi,2
titu,2
re-liv,2
roller,2
coaster,2
constantli,2
mankind,2
mormon,2
saira,2
marco,2
manni,2
corrina,2
familiar,2
multipl,2
elder,2
half-broth,2
schweiger,2
martino,2
aditya,2
bhatinda,2
francesco,2
necessarili,2
twenty-f,2
liquor,2
rigid,2
moniqu,2
rodeo,2
seong-sik,2
hye-joo,2
joon-seok,2
sweden,2
meghan,2
donahu,2
alter-ego,2
doinel,2
18-year-old,2
valentina,2
hyeon-joon,2
palazzo,2
clem,2
jean-pierr,2
italia,2
fixat,2
alexandr,2
clarabel,2
harland,2
mobster,2
hitler,2
loren,2
mastroianni,2
sacha,2
regard,2
exampl,2
nevil,2
gran,2
bilal,2
calai,2
select,2
suzumiya,2
yuki,2
mikuru,2
koizumi,2
iago,2
chill,2
carvalho,2
soo-kyeong,2
central,2
1955,2
fuel,2
primarili,2
rohan,2
supriya,2
pilar,2
equip,2
cooler,2
bridg,2
graphic,2
bertrand,2
baptista,2
african,2
mandela,2
normalci,2
marx,2
mott,2
marg,2
meantim,2
kira,2
evergreen,2
ji-seon,2
ji-yeong,2
marswel,2
nordley,2
gorilla,2
satisfact,2
mattress,2
kaltenbach,2
mare,2
malaysia,2
lisbela,2
lelu,2
jeoffray,2
maddi,2
erlynn,2
orph,2
mikako,2
chiara,2
taillandi,2
rafa,2
todd,2
cammi,2
photocopi,2
orfeu,2
eurydic,2
lane,2
ismael,2
jahnvi,2
lodger,2
foolishli,2
dedham,2
gabey,2
ozzi,2
gallagh,2
na-yeong,2
ji-he,2
honest,2
racket,2
nexu,2
downfal,2
peru,2
surya,2
illu,2
2018,2
sirisha,2
sridhar,2
lagadapati,2
ramalakshmi,2
cine,2
vakkantham,2
vamsi,2
rene,2
lile,2
ensembl,2
now-grown,2
chico,2
ballad,2
bolero,2
sandrin,2
bonnair,2
vessel,2
brontan,2
choler,2
pialat,2
magnitud,2
cinema,2
force-of-wil,2
christen,2
conductor,2
pronounc,2
limo,2
liev,2
schreiber,2
semi-pornograph,2
jeanni,2
dennehi,2
gugino,2
curve-bal,2
debilit,2
francia,2
carlson,2
romano,2
illustri,2
latina,2
arduou,2
thaw,2
tasteless,2
hoodwink,2
yellow,2
handkerchief,2
gordi,2
redmayn,2
travers,2
post-hurrican,2
1956,2
twenty-one-year-old,2
lindon,2
someday,2
compar,2
dissert,2
molier,2
oral,2
sorbonn,2
'you,2
'low,2
'high,2
frequenc,2
cosmic,2
world-fam,2
proport,2
self-pleasur,2
bed-mat,2
izzi,2
substitut,2
grownup,2
psychopath,2
unlicens,2
milton,2
wild-child,2
curriculum,2
sarcast,2
psychosexu,2
interim,2
psychot,2
bandera,2
transsexu,2
jordanian,2
palestinian,2
descent,2
tala,2
leyla,2
distribut,2
shamim,2
sarif,2
sheetal,2
sheth,2
unseen,2
conservationist,2
trickiest,2
everytim,2
faber,2
curmudgeonli,2
chiropractor,2
lauren,2
gina,2
summit,2
reykjavik,2
1943/44,2
persecut,2
nightli,2
tenderli,2
brodi,2
displeas,2
griffith,2
gender-swap,2
roundi,2
hairstylist,2
libido,2
backer,2
eileen,2
heckart,2
kooki,2
tanner,2
goldi,2
hawn,2
incess,2
archer,2
societ,2
norm,2
affluenc,2
garbag,2
kurdo,2
maki,2
surfboard,2
takako,2
hiroko,2
oshima,2
mishap,2
ishika,2
sanjana,2
kiran,2
displeasur,2
permiss,2
half-bre,2
chavez,2
theatre-go,2
kajol,2
kashmiri,2
casanova,2
flirt,2
gordon-levitt,2
cleav,2
stay-at-hom,2
tobey,2
crudup,2
aspiring-novelist,2
gyllenha,2
guerilla,2
pinson,2
scotia,2
lewli,2
further,2
darbi,2
clinic,2
psychosi,2
gill,2
solidar,2
pretenti,2
autobiographi,2
reitman,2
'boxcar,2
violence-fil,2
rabble-r,2
'big,2
railroad,2
clement,2
arra,2
stylist,2
freeli,2
nervou,2
kiefer,2
bruis,2
paramed,2
jeani,2
midler,2
rock-and-rol,2
imperil,2
merrick,2
leningrad,2
zhenya,2