world,407
find,382
earth,347
alien,321
human,318
time,264
year,256
must,251
planet,226
life,224
discov,222
take,218
young,200
live,198
power,192
mysteri,192
becom,188
forc,185
space,179
group,176
scientist,174
back,173
save,157
come,155
futur,154
make,152
peopl,151
citi,138
kill,136
friend,132
battl,131
fight,130
begin,130
stop,130
help,129
film,129
robot,128
creatur,127
turn,123
love,116
return,114
team,113
race,112
evil,112
father,111
secret,110
escap,109
first,109
work,109
mission,108
danger,107
soon,106
attack,106
govern,106
stori,105
famili,103
game,102
woman,102
destroy,101
surviv,101
experi,96
creat,96
control,95
name,95
follow,93
crew,92
seri,87
togeth,87
three,87
home,86
order,86
attempt,85
call,85
start,85
travel,84
lead,82
bring,82
town,82
past,81
monster,80
place,80
univers,79
investig,79
search,79
death,78
around,78
plan,77
face,76
bodi,76
island,76
land,76
howev,74
want,74
caus,74
agent,72
militari,72
like,72
known,71
murder,71
girl,71
survivor,71
event,70
last,70
meet,69
decid,69
arriv,68
deadli,68
sent,68
disappear,68
hope,68
base,68
learn,67
anoth,66
head,65
strang,65
school,65
machin,64
also,64
anim,63
final,62
four,62
ship,62
look,62
giant,62
american,61
threaten,61
dark,61
thing,60
insid,60
teenag,60
godzilla,60
doctor,60
angel,59
struggl,59
rescu,59
origin,59
small,59
hero,58
david,58
across,57
form,57
exist,56
someth,56
hunt,56
left,56
send,56
happen,56
comput,56
unit,55
nuclear,55
lost,54
night,54
fall,54
student,54
movi,54
weapon,53
soldier,53
even,53
vampir,53
mind,52
transform,52
centuri,52
daughter,52
dead,52
threat,51
test,51
star,51
memori,50
chang,50
protect,49
children,49
killer,49
prison,49
adventur,48
system,48
captain,48
explor,48
mankind,48
violent,48
program,47
near,47
good,47
seek,47
astronaut,47
encount,47
wife,47
enemi,46
dream,46
crash,46
appear,46
destruct,46
research,46
offic,46
technolog,45
peac,45
special,45
warrior,45
could,45
give,45
continu,44
join,44
moon,44
civil,44
everi,44
result,44
hunter,44
project,44
pilot,44
black,43
kidnap,43
determin,43
polic,43
leav,43
tell,43
chanc,43
infect,43
trap,42
side,42
mutant,42
upon,42
believ,42
wake,42
station,42
journey,42
fate,41
abil,41
real,41
littl,41
ancient,41
deep,41
viru,41
behind,41
play,41
keep,40
beauti,40
realiz,40
scienc,40
hous,40
long,40
never,39
king,39
america,39
develop,39
everyon,39
along,39
john,39
away,39
rule,39
would,39
rest,39
band,39
accid,39
high,39
show,39
realiti,38
without,38
member,38
secur,38
design,38
spaceship,38
accident,38
dinosaur,38
includ,38
popul,38
underground,38
ever,38
later,38
women,38
seem,38
whose,38
within,37
break,37
assassin,37
fear,37
armi,37
success,37
cyborg,37
captur,36
crimin,36
soul,36
five,36
build,36
brother,36
discoveri,36
great,36
corpor,36
devic,36
answer,35
question,35
professor,35
video,35
organ,35
tale,35
releas,35
person,35
director,34
commun,34
former,34
defend,34
plot,34
terrorist,34
found,34
think,34
book,34
assist,34
quickli,34
report,34
desert,34
miss,34
everyth,33
well,33
sister,33
intellig,33
genet,33
disast,33
aliv,33
train,33
parent,33
galaxi,33
sever,33
water,33
unknown,33
enter,33
state,33
brutal,33
apart,33
shark,33
leader,32
need,32
safe,32
uncov,32
parti,32
manag,32
unleash,32
fiction,32
societi,32
futurist,32
zombi,32
taken,32
right,32
prevent,31
action,31
invent,31
next,31
defeat,31
terrifi,31
sinist,31
grow,31
charact,31
terror,31
ghost,31
collect,30
global,30
drug,30
hand,30
true,30
feel,30
perfect,30
crime,30
outsid,30
allow,30
anyth,30
trip,30
compani,30
japanes,30
reach,30
pass,29
diseas,29
entir,29
transport,29
invad,29
suddenli,29
sci-fi,29
episod,29
emerg,28
girlfriend,28
hide,28
mother,28
brain,28
jame,28
confront,28
part,28
still,28
presid,28
invas,28
husband,28
visit,28
truth,28
free,28
villag,28
alli,27
recruit,27
speci,27
close,27
major,27
distant,27
short,27
featur,27
given,27
york,27
japan,27
remain,27
abandon,27
teen,27
altern,27
relationship,27
possess,27
sinc,26
meanwhil,26
street,26
expedit,26
know,26
hidden,26
alon,26
recov,26
gener,26
nazi,26
remot,26
made,26
countri,25
natur,25
troubl,25
histori,25
storm,25
shuttl,25
much,25
quest,25
best,25
prove,25
fighter,25
elit,25
convinc,25
brought,25
reveng,25
lord,25
receiv,25
track,25
carri,25
move,25
open,25
path,24
ultim,24
wrong,24
victim,24
steve,24
reveal,24
command,24
noth,24
mean,24
clone,24
u.s.,24
wait,24
strand,24
lose,24
inhabit,24
eventu,24
local,24
claim,24
coloni,24
super,24
warn,24
televis,24
meteor,24
femal,24
nation,23
unexpect,23
post-apocalypt,23
epic,23
prepar,23
stay,23
creator,23
princess,23
nightmar,23
child,23
full,23
heart,23
stumbl,23
zone,23
complet,23
bomb,23
born,23
hire,23
mani,23
second,23
teacher,23
bizarr,23
supernatur,23
spirit,23
frankenstein,23
detect,23
stone,22
challeng,22
light,22
engin,22
wipe,22
oper,22
assign,22
thousand,22
task,22
master,22
famou,22
thought,22
cours,22
though,22
british,22
month,22
orbit,22
fail,22
launch,22
chao,22
isol,22
partner,22
realli,22
possibl,22
problem,22
object,22
advanc,21
defens,21
unfortun,21
park,21
modern,21
conspiraci,21
expert,21
green,21
hold,21
area,21
watch,21
imagin,21
energi,21
experiment,21
colleg,21
nearbi,21
food,21
tokyo,21
gone,20
mutat,20
catastroph,20
intern,20
restor,20
deal,20
brilliant,20
domin,20
activ,20
legendari,20
latest,20
signal,20
contain,20
differ,20
suspect,20
embark,20
ground,20
obsess,20
instead,20
hospit,20
alex,20
line,20
thriller,20
present,20
case,20
devast,20
lone,20
ordinari,20
innoc,20
facil,20
contact,20
spacecraft,20
classic,20
ocean,20
rocket,20
size,19
alter,19
north,19
inventor,19
host,19
respons,19
evolv,19
fire,19
toward,19
suffer,19
massiv,19
consequ,19
citizen,19
radio,19
hostil,19
awaken,19
mask,19
immort,19
fantasi,19
resid,19
bounti,19
quarantin,19
gang,19
locat,19
desper,19
coupl,19
comedi,19
wander,19
walk,19
third,19
reviv,19
abduct,18
rage,18
effort,18
bruce,18
pursu,18
popular,18
slowli,18
superhero,18
gift,18
romanc,18
privat,18
record,18
ident,18
caught,18
shock,18
flight,18
link,18
rise,18
illeg,18
enforc,18
enough,18
someon,18
california,18
mercenari,18
avoid,18
actual,18
late,18
horror,18
worker,18
road,18
riddick,18
author,18
normal,18
steal,18
involv,18
evangelion,18
santa,18
beast,18
flesh,18
martian,18
aveng,17
rogu,17
matter,17
toni,17
public,17
hulk,17
descend,17
plant,17
crisi,17
camera,17
corrupt,17
commit,17
sequel,17
squad,17
construct,17
stand,17
destini,17
store,17
rampag,17
flee,17
artifici,17
spread,17
pari,17
ambiti,17
skill,17
depart,17
evid,17
wasteland,17
speed,17
hell,17
number,17
blue,17
christma,17
android,17
surpris,17
electr,17
intergalact,16
bond,16
villain,16
charg,16
center,16
interest,16
chase,16
combat,16
agre,16
direct,16
situat,16
humankind,16
purpos,16
unlik,16
incred,16
other,16
chosen,16
idea,16
overcom,16
babi,16
transfer,16
replac,16
stolen,16
crash-land,16
geniu,16
henri,16
beach,16
dimens,16
effect,16
mine,16
companion,16
titan,16
figur,16
prehistor,16
brink,15
luke,15
built,15
princ,15
aftermath,15
plagu,15
virtual,15
held,15
beyond,15
throughout,15
damag,15
suicid,15
driver,15
extinct,15
richard,15
fantast,15
medic,15
strike,15
infiltr,15
surfac,15
harri,15
drop,15
hard,15
novel,15
malfunct,15
mexico,15
drawn,15
pair,15
trio,15
sheriff,15
rais,15
magic,15
conquer,15
perform,15
creation,15
combin,15
apocalypt,15
wish,15
ride,15
sourc,15
jack,15
target,14
dare,14
came,14
superman,14
assembl,14
certain,14
piec,14
menac,14
parasit,14
attract,14
enlist,14
middl,14
physic,14
gain,14
veteran,14
snow,14
increasingli,14
choic,14
laboratori,14
horrifi,14
emperor,14
cross,14
nasa,14
fugit,14
singl,14
paul,14
blood,14
extraordinari,14
limit,14
seen,14
juli,14
main,14
horrif,14
aboard,14
submarin,14
scientif,14
knock,14
cold,14
drive,14
london,14
jason,14
frozen,14
collaps,14
phenomenon,14
grant,14
refus,14
spend,14
inform,14
rumor,14
earthquak,14
wood,14
outpost,14
ensu,14
lake,14
queen,14
farmer,14
connect,14
belov,14
offer,14
spider,14
devil,14
cosmic,13
goal,13
moment,13
prime,13
newli,13
alpha,13
span,13
terribl,13
uniqu,13
worldwid,13
faith,13
period,13
border,13
captiv,13
subject,13
pick,13
solv,13
sign,13
colleagu,13
risk,13
voyag,13
forev,13
reunit,13
sport,13
convict,13
class,13
might,13
bloodthirsti,13
pregnant,13
time-travel,13
charli,13
michael,13
passeng,13
midst,13
marin,13
contract,13
emot,13
comic,13
mark,13
board,13
common,13
soviet,13
million,13
landscap,13
surround,13
russian,13
room,13
white,13
luca,13
west,13
boss,13
andrew,13
remak,13
worst,13
marshal,13
dragon,13
witch,13
mountain,13
less,13
suspici,13
demon,13
separ,13
loos,13
capabl,13
peter,12
care,12
awri,12
wors,12
nick,12
runner,12
resist,12
network,12
inspir,12
arthur,12
scene,12
anyon,12
empir,12
cure,12
termin,12
marti,12
near-futur,12
roger,12
oppos,12
level,12
invis,12
doom,12
arctic,12
point,12
jedi,12
knight,12
patient,12
forbidden,12
market,12
introduc,12
nemesi,12
worth,12
horribl,12
guid,12
minut,12
initi,12
spiritu,12
procedur,12
south,12
punk,12
huge,12
actor,12
alreadi,12
psychic,12
kong,12
scheme,12
owner,12
approach,12
high-tech,12
havoc,12
shrink,12
quit,12
samurai,12
simon,12
hear,12
freak,12
refug,12
flash,12
wonder,12
cult,12
josh,12
scanner,12
fill,12
half,12
ruthless,12
solut,12
bent,12
vacat,12
eight,12
lover,12
susan,12
tyler,12
breed,12
process,12
becam,12
sight,12
implant,12
uncl,12
tunnel,12
offici,12
rachel,12
feder,12
disney,12
forest,12
hour,12
haunt,12
cell,12
marri,12
softwar,12
larg,11
twist,11
shot,11
strength,11
unpreced,11
superhuman,11
suit,11
consum,11
push,11
exploit,11
wing,11
kind,11
blade,11
cataclysm,11
expos,11
estrang,11
stage,11
angri,11
twin,11
front,11
touch,11
extraterrestri,11
engag,11
potenti,11
gather,11
understand,11
chill,11
sand,11
ranger,11
rememb,11
alongsid,11
whole,11
progress,11
lethal,11
messag,11
suppli,11
hundr,11
wizard,11
boyfriend,11
jimmi,11
rapidli,11
liter,11
strong,11
wild,11
talent,11
martin,11
trust,11
chain,11
broken,11
intend,11
amaz,11
seriou,11
wage,11
mechan,11
somehow,11
weather,11
swamp,11
fish,11
incid,11
fast,11
baron,11
mega,11
matrix,11
artifact,10
unimagin,10
safeti,10
agenc,10
fellow,10
allianc,10
skywalk,10
victor,10
maintain,10
iron,10
cave,10
autobot,10
decepticon,10
vanish,10
banner,10
career,10
eccentr,10
brown,10
washington,10
widow,10
winter,10
apocalyps,10
thwart,10
underworld,10
katniss,10
buri,10
moral,10
alway,10
throw,10
told,10
reluctantli,10
nearli,10
arrest,10
mental,10
flynn,10
access,10
lightn,10
wealthi,10
preserv,10
totalitarian,10
greatest,10
accept,10
truli,10
admir,10
expect,10
took,10
clear,10
undergo,10
everywher,10
manipul,10
belief,10
sleep,10
thrown,10
clark,10
lane,10
nefari,10
solar,10
shut,10
enigmat,10
busi,10
wear,10
betray,10
ross,10
man-eat,10
clue,10
elimin,10
immedi,10
closer,10
element,10
movement,10
inject,10
environ,10
opposit,10
macleod,10
utopia,10
fierc,10
suspicion,10
kung,10
morn,10
seal,10
technician,10
plane,10
suck,10
player,10
helicopt,10
mike,10
excit,10
rock,10
song,10
monstrou,10
william,10
cost,10
genr,10
sphere,10
crystal,10
atlanti,10
robberi,10
similar,10
sell,10
file,10
rebel,10
nobodi,10
upsid,10
adult,10
intent,10
curs,10
shop,10
jabez,10
gundam,10
cho-in,10
cygnu,10
karl,10
fought,9
share,9
enorm,9
tear,9
furi,9
balanc,9
satellit,9
wayn,9
solo,9
unawar,9
extend,9
onto,9
theme,9
better,9
document,9
lock,9
drama,9
count,9
provid,9
rare,9
luxuri,9
rich,9
individu,9
imposs,9
charl,9
rebuild,9
cover,9
occup,9
verg,9
issu,9
conduct,9
immens,9
brave,9
artist,9
scott,9
cast,9
violenc,9
readi,9
complex,9
shelter,9
robert,9
resourc,9
saucer,9
mystic,9
decad,9
earli,9
loner,9
superpow,9
recent,9
hacker,9
depth,9
smart,9
execut,9
fatal,9
stun,9
obtain,9
outer,9
regain,9
adam,9
civilian,9
feet,9
ravag,9
atmospher,9
franchis,9
curiou,9
explod,9
theori,9
journalist,9
guard,9
product,9
experienc,9
variou,9
mile,9
council,9
awak,9
simpl,9
stranger,9
psychologist,9
kingdom,9
volcano,9
servic,9
daniel,9
presenc,9
visitor,9
adapt,9
intens,9
earlier,9
unusu,9
mecha,9
simpli,9
pack,9
despit,9
surveil,9
biggest,9
version,9
martial,9
tini,9
went,9
support,9
coast,9
rider,9
vision,9
feed,9
packag,9
deliv,9
miller,9
serv,8
drag,8
accus,8
predat,8
thoma,8
maze,8
stark,8
sound,8
francisco,8
caesar,8
galact,8
justic,8
unwil,8
conclus,8
businessman,8
promis,8
replic,8
disrupt,8
romant,8
repair,8
'the,8
jurass,8
biologist,8
appar,8
intrigu,8
establish,8
johnni,8
routin,8
oxygen,8
competit,8
navi,8
swept,8
roam,8
tragic,8
radiat,8
view,8
republ,8
psychiatrist,8
monkey,8
grid,8
condit,8
robocop,8
omnicorp,8
opportun,8
murphi,8
collid,8
deton,8
otherwis,8
foster,8
equal,8
loop,8
renegad,8
befriend,8
elliott,8
employe,8
gradual,8
craft,8
jean,8
driven,8
dracula,8
lycan,8
unlock,8
price,8
gorgeou,8
except,8
punish,8
wast,8
summon,8
luthor,8
saniti,8
extrem,8
conscious,8
field,8
oppress,8
toxic,8
exactli,8
affect,8
stake,8
industri,8
simul,8
newest,8
kitai,8
desol,8
pawn,8
viciou,8
vengeanc,8
pose,8
neighborhood,8
total,8
retriev,8
gruesom,8
laura,8
barren,8
declar,8
studi,8
doomsday,8
freedom,8
connor,8
kane,8
hack,8
suppos,8
wall,8
apprehend,8
hibern,8
odyssey,8
disastr,8
leagu,8
prize,8
explos,8
fairi,8
tension,8
core,8
moscow,8
emma,8
scrap,8
site,8
psychot,8
polit,8
epidem,8
duncan,8
protagonist,8
transmiss,8
classmat,8
samantha,8
cargo,8
friendship,8
somewher,8
unwittingli,8
proport,8
guyver,8
policeman,8
dave,8
type,8
interact,8
assault,8
brad,8
janet,8
revolv,8
deceas,8
orphan,8
youth,8
sexual,8
fuel,8
quiet,8
exact,8
blow,8
particip,8
newcom,8
biolog,8
documentari,8
bank,8
annihil,8
abus,8
legend,8
nurs,8
buddi,8
focus,8
kamen,8
morgan,8
rival,8
boat,8
voic,8
weird,8
zero,8
mall,8
section,8
coffin,8
wreak,8
sword,8
tetsuo,8
door,8
on-board,8
occur,8
koro,8
antoin,8
kenni,8
innov,8
hunter-gratzn,8
address,8
shadow,7
african,7
faction,7
reserv,7
gorilla,7
birth,7
pull,7
hang,7
x-men,7
deadliest,7
fortun,7
unravel,7
billionair,7
imperi,7
breakthrough,7
notic,7
metropoli,7
knowledg,7
cultur,7
surgeon,7
commerci,7
intercept,7
distress,7
impend,7
retir,7
rekindl,7
1985,7
top-secret,7
teleport,7
ryan,7
seemingli,7
mighti,7
notori,7
annual,7
hunger,7
sens,7
step,7
showdown,7
exposur,7
anakin,7
darth,7
vader,7
decim,7
volunt,7
critic,7
billion,7
asteroid,7
helm,7
childhood,7
overpopul,7
ruin,7
literatur,7
impact,7
fianc,7
ring,7
contend,7
resort,7
onslaught,7
peculiar,7
whether,7
detail,7
week,7
difficult,7
real-lif,7
devis,7
telekinet,7
ingenu,7
parallel,7
elderli,7
heroic,7
celebr,7
countrysid,7
spectacular,7
duplic,7
highli,7
redempt,7
tragedi,7
backdrop,7
wave,7
chemic,7
there,7
hong,7
gigant,7
fortress,7
duti,7
today,7
bear,7
mate,7
colon,7
sabotag,7
spot,7
starship,7
paid,7
crusad,7
steel,7
complic,7
prototyp,7
treatment,7
bird,7
snake,7
bargain,7
interplanetari,7
visual,7
stronger,7
hatch,7
priest,7
accompani,7
cryogen,7
foreign,7
amazon,7
fact,7
alic,7
magnet,7
burn,7
comatos,7
recreat,7
tall,7
mafia,7
england,7
formula,7
truck,7
tast,7
clutch,7
econom,7
contin,7
sampl,7
desir,7
jungl,7
atom,7
imag,7
western,7
talk,7
serious,7
disturb,7
gotham,7
shift,7
addict,7
lapd,7
substanc,7
portal,7
21st,7
halloween,7
aggress,7
elli,7
harbor,7
outrag,7
contemporari,7
stuck,7
erad,7
shinji,7
pool,7
hill,7
role,7
spark,7
ladi,7
climb,7
regular,7
humanoid,7
hook,7
slave,7
forth,7
treat,7
rebelli,7
eastern,7
kept,7
jupit,7
loss,7
secretli,7
ranch,7
theyr,7
height,7
warm,7
sharknado,7
data,7
bush,7
instal,7
torment,7
river,7
blind,7
minion,7
low-budget,7
entertain,7
block,7
option,7
pain,7
pollut,7
fleet,7
wash,7
insan,7
terri,7
bobbi,7
miracl,7
vessel,7
invit,7
flood,7
shower,7
melt,7
buck,7
produc,7
takeshi,7
brigad,7
halo,7
blame,7
mayor,7
mothra,7
extract,7
walker,7
fabl,7
polaroid,7
gandahar,7
compound,7
vega,7
t'challa,6
georg,6
gentl,6
climat,6
silenc,6
diana,6
consist,6
polar,6
legaci,6
compet,6
serum,6
pressur,6
press,6
undertak,6
identifi,6
safeguard,6
none,6
chappi,6
prodigi,6
rick,6
matt,6
panic,6
tour,6
rebellion,6
escal,6
erupt,6
clair,6
easi,6
crumbl,6
offspr,6
1996,6
tide,6
among,6
divorc,6
weekend,6
corner,6
regim,6
unchart,6
suburban,6
circumst,6
belong,6
vast,6
supervillain,6
metro,6
clan,6
trail,6
wacki,6
straight,6
render,6
1986,6
reliv,6
advantag,6
spin,6
mindless,6
edit,6
youngster,6
sergeant,6
decis,6
bill,6
display,6
mothership,6
deploy,6
missil,6
glori,6
mist,6
envelop,6
survivalist,6
gummer,6
cash,6
content,6
bare,6
poor,6
omin,6
custom,6
wildest,6
style,6
rico,6
mobil,6
screen,6
wise,6
boov,6
covert,6
warfar,6
accomplish,6
evad,6
dwindl,6
nova,6
walter,6
lisa,6
greater,6
specialist,6
necessari,6
urban,6
nuke,6
greedi,6
phone,6
penal,6
unexpectedli,6
demand,6
digit,6
tron,6
1950,6
compos,6
ozon,6
snatch,6
timelin,6
devlin,6
commiss,6
fifth,6
espionag,6
usual,6
ugli,6
franc,6
taylor,6
divid,6
nativ,6
seiz,6
outwit,6
jordan,6
resurrect,6
tyrant,6
evolut,6
empti,6
kell,6
inevit,6
central,6
escort,6
specif,6
gangster,6
unabl,6
retreat,6
seclud,6
hideou,6
creepi,6
nerd,6
ahead,6
powder,6
mistak,6
darko,6
eeri,6
kick,6
manhattan,6
insect,6
shatter,6
barn,6
savag,6
leopold,6
skeptic,6
kate,6
michel,6
outbreak,6
either,6
repress,6
unman,6
catch,6
mediev,6
wildli,6
castl,6
unless,6
reprogram,6
sweetheart,6
mari,6
music,6
swim,6
miami,6
weak,6
reward,6
reluct,6
genesi,6
frame,6
carlo,6
gordon,6
writer,6
match,6
skull,6
wind,6
radioact,6
patema,6
region,6
reason,6
settl,6
chief,6
1960,6
gantz,6
bride,6
clean,6
underwat,6
draag,6
organis,6
dant,6
wick,6
cope,6
cocoon,6
remov,6
britain,6
stephen,6
fold,6
champion,6
olympu,6
score,6
method,6
equip,6
instant,6
tendenc,6
onlin,6
sole,6
everybodi,6
littlefoot,6
fame,6
darkest,6
africa,6
lurk,6
passag,6
wound,6
doug,6
saturn,6
benson,6
psychopath,6
hilari,6
parodi,6
floor,6
abbi,6
behavior,6
perhap,6
observ,6
superior,6
destin,6
salvag,6
hole,6
motoko,6
delight,6
chicken,6
male,6
codi,6
ninja,6
advic,6
german,6
overwhelm,6
factori,6
conflict,6
skate,6
mcbride,6
heroin,6
hijack,6
trace,6
italian,6
brandon,6
tasmanian,6
happi,6
kyle,6
necro-borg,6
saimon,6
takashi,6
blais,6
vampirella,6
andromeda,6
airwolf,6
handl,5
reclus,5
wakanda,5
throne,5
globe,5
deposit,5
dormant,5
guidanc,5
clock,5
barri,5
reli,5
opinion,5
amongst,5
younger,5
logan,5
contest,5
armor,5
marvel,5
hostag,5
awar,5
mastermind,5
sorcer,5
chamber,5
dystopian,5
1955,5
inadvert,5
ignor,5
2035,5
ensur,5
quietli,5
d.c.,5
embroil,5
profession,5
re-emerg,5
captor,5
stretch,5
spiral,5
district,5
aris,5
scale,5
mortal,5
await,5
secreci,5
stem,5
drill,5
techniqu,5
occupi,5
jodi,5
nest,5
cloud,5
weav,5
shape,5
rippl,5
miracul,5
adopt,5
cybertron,5
beam,5
knew,5
dealer,5
respect,5
fragil,5
optimu,5
darker,5
foot,5
wealth,5
jackson,5
platoon,5
asleep,5
crush,5
costum,5
vigilant,5
grave,5
photograph,5
megalomaniac,5
sexi,5
sidekick,5
collabor,5
radic,5
healthi,5
worm,5
trek,5
contamin,5
writer-director,5
wilder,5
milo,5
manner,5
vice,5
interstellar,5
wasp,5
reorgan,5
hutt,5
patriot,5
impress,5
divis,5
mutual,5
explain,5
courag,5
basement,5
bore,5
overrun,5
extermin,5
dispatch,5
entiti,5
baker,5
prospect,5
transcend,5
enterpris,5
handsom,5
firm,5
incap,5
ambush,5
pacif,5
coma,5
wreck,5
glow,5
proof,5
fled,5
christoph,5
layer,5
phoenix,5
averag,5
french,5
veng,5
tree,5
harmoni,5
deterior,5
stepford,5
senior,5
russia,5
highland,5
began,5
seed,5
inmat,5
spencer,5
hollywood,5
fulfil,5
beat,5
sensual,5
comet,5
dinner,5
confin,5
confirm,5
revolutionari,5
radar,5
fell,5
consid,5
qualiti,5
mimic,5
satir,5
hatr,5
bubbl,5
matthew,5
oppon,5
armageddon,5
engulf,5
root,5
stuff,5
overtaken,5
todd,5
confus,5
all-out,5
birthday,5
environment,5
mansion,5
season,5
rebirth,5
friendli,5
suggest,5
neon,5
racer,5
actress,5
rooki,5
express,5
duke,5
unfold,5
employ,5
model,5
treacher,5
toilet,5
neighbor,5
cube,5
intertwin,5
prey,5
harvest,5
revolt,5
humor,5
florida,5
lunar,5
babylon,5
heal,5
recess,5
wolverin,5
sentient,5
cabin,5
vaccin,5
homicid,5
faster,5
northern,5
competitor,5
vehicl,5
thor,5
twenti,5
gold,5
hyun-seo,5
furiou,5
seven,5
sweep,5
resembl,5
ball,5
valley,5
mass,5
imprison,5
pirat,5
science-fict,5
rang,5
tower,5
albert,5
describ,5
holocaust,5
mainland,5
shin,5
hallucin,5
devour,5
trade,5
rather,5
aspir,5
kari,5
court,5
broadcast,5
attent,5
import,5
joanna,5
canadian,5
listen,5
fallen,5
siriu,5
amnesia,5
mayhem,5
perspect,5
welcom,5
occurr,5
deeper,5
kenshiro,5
billi,5
word,5
x-ray,5
shoot,5
miner,5
warlord,5
derang,5
ruler,5
clau,5
mythic,5
hyde,5
kusanagi,5
labor,5
eater,5
swarm,5
metal,5
ashor,5
motor,5
distinct,5
commando,5
elvi,5
alert,5
triangl,5
museum,5
shaw,5
synthet,5
hors,5
hungri,5
treasur,5
statu,5
traumat,5
studio,5
deem,5
madison,5
chan,5
acid,5
holiday,5
attach,5
reduc,5
asylum,5
anthoni,5
suppress,5
sail,5
skeleton,5
transplant,5
wonderland,5
thiev,5
animatrix,5
eleph,5
flare,5
holi,5
inflict,4
uncertain,4
wakandan,4
panther,4
quill,4
manhunt,4
okoy,4
discredit,4
antidot,4
peacekeep,4
eras,4
ultron,4
uneasi,4
pave,4
unsettl,4
intric,4
roof,4
supplier,4
regul,4
glader,4
labyrinth,4
mexican,4
upend,4
guardian,4
leia,4
loveabl,4
increas,4
primat,4
especi,4
chimpanze,4
rhode,4
boundari,4
valerian,4
laurelin,4
territori,4
influenc,4
2019,4
mcfli,4
anonym,4
ceas,4
unsolv,4
isla,4
nublar,4
fulli,4
envis,4
taxi,4
otherworldli,4
ambassador,4
logic,4
daunt,4
reed,4
super-strong,4
kowalski,4
peeta,4
quarter,4
panem,4
ford,4
battleground,4
dedic,4
pyramid,4
grown,4
closest,4
arena,4
yorker,4
surreal,4
sith,4
unveil,4
cole,4
1990,4
kevin,4
vincent,4
oversea,4
controversi,4
pristin,4
man-mad,4
elysium,4
looper,4
self,4
victorian,4
award,4
mitchel,4
gerti,4
chaotic,4
longer,4
procreat,4
sanctuari,4
hawaii,4
hopper,4
jone,4
chronicl,4
sacr,4
bumbl,4
xavier,4
hate,4
nightstalk,4
abigail,4
hybrid,4
bulli,4
bound,4
nephew,4
sure,4
uncanni,4
jumper,4
anywher,4
thrust,4
custodi,4
daydream,4
mere,4
hitchhik,4
derail,4
lucki,4
unexplain,4
staff,4
manufactur,4
carl,4
cage,4
subdu,4
obliter,4
sentenc,4
nightmarish,4
daili,4
fashion,4
freez,4
burt,4
orson,4
1970,4
histor,4
moor,4
co-star,4
gene,4
'time,4
respond,4
archaeologist,4
thatch,4
brundl,4
unbeknownst,4
julian,4
airport,4
raccoon,4
urgent,4
protector,4
venom,4
cassi,4
sullivan,4
relat,4
lifetim,4
rodney,4
multipl,4
weaponri,4
graboid,4
gant,4
lucian,4
enslav,4
zion,4
cypher,4
danni,4
succumb,4
reaper,4
resurfac,4
brood,4
grim,4
robinson,4
atlant,4
deadlier,4
2010,4
undercov,4
neutron,4
australian,4
encamp,4
kirk,4
resum,4
sensit,4
hair,4
dutchman,4
least,4
bottom,4
cane,4
stray,4
idyl,4
pokemon,4
laser,4
melani,4
poison,4
graviti,4
mcleod,4
peebl,4
ziest,4
ramirez,4
profit,4
exil,4
szalinski,4
helmet,4
starr,4
obscur,4
niec,4
turtl,4
prostitut,4
atlantean,4
millionair,4
unwit,4
ferngulli,4
chop,4
campaign,4
hord,4
14th,4
brent,4
mount,4
inner,4
reactiv,4
darryl,4
revok,4
convert,4
outlaw,4
serial,4
patron,4
gojira,4
tretiak,4
templar,4
tripp,4
witwicki,4
brief,4
exot,4
hitler,4
germani,4
reconcil,4
scotland,4
swordsmen,4
probe,4
household,4
creativ,4
warden,4
troublesom,4
scream,4
cliff,4
astro,4
pandem,4
contagion,4
utopian,4
gulf,4
extra,4
structur,4
instruct,4
blob,4
spawn,4
harass,4
firefox,4
union,4
meantim,4
guest,4
exit,4
donni,4
twilight,4
merci,4
coulson,4
blonski,4
redneck,4
robin,4
patrol,4
batman,4
loyal,4
curios,4
laughter,4
saga,4
thunder,4
arren,4
krono,4
favorit,4
jane,4
hometown,4
administ,4
vital,4
unspeak,4
cameraman,4
celest,4
hotel,4
decommiss,4
deveraux,4
inspector,4
platt,4
frank-n-furt,4
biker,4
elabor,4
muscular,4
tokyo-3,4
proceed,4
retitl,4
nomad,4
valeri,4
underneath,4
gave,4
outlandish,4
starfight,4
coincid,4
avatar,4
2009,4
snowfield,4
adulthood,4
theatric,4
eternia,4
skeletor,4
grayskul,4
drain,4
southern,4
loveless,4
scrambl,4
rag-tag,4
cartoon,4
vidocq,4
addit,4
kenichi,4
bridg,4
insist,4
nine,4
treadwel,4
fuse,4
johnson,4
chip,4
term,4
news,4
arizona,4
psycholog,4
appetit,4
paper,4
blend,4
saturday,4
alaska,4
nice,4
bike,4
acclaim,4
gavin,4
fifti,4
merg,4
azuma,4
previou,4
clandestin,4
brainard,4
twice,4
untold,4
grace,4
trevor,4
borrow,4
narrat,4
modifi,4
visionari,4
keen,4
cousin,4
telli,4
meier,4
charlott,4
strict,4
telepath,4
stargat,4
gou'ald,4
programm,4
mccarthi,4
bullet,4
2030,4
april,4
physicist,4
liber,4
colonel,4
sneak,4
monolith,4
motiv,4
shall,4
summer,4
fund,4
22nd,4
ancestor,4
disguis,4
felt,4
gang-du,4
powerless,4
previous,4
cancel,4
pursuit,4
philadelphia,4
farm,4
bite,4
east,4
l.a.,4
arcan,4
trilog,4
focu,4
concern,4
luck,4
bigger,4
crack,4
culprit,4
fiend,4
religi,4
choos,4
chri,4
maniac,4
thaw,4
companionship,4
upset,4
dread,4
tribe,4
ewok,4
liquid,4
macabr,4
daft,4
12th,4
fratern,4
proce,4
ventur,4
booz,4
templ,4
capsul,4
blond,4
soil,4
towani,4
mace,4
cindel,4
omnitrix,4
injuri,4
hypnot,4
sentai,4
royal,4
varieti,4
sudden,4
intrud,4
exhibit,4
shazam,4
refuge,4
camp,4
money,4
promot,4
despair,4
institut,4
silent,4
crown,4
rout,4
eclips,4
frighten,4
although,4
glacier,4
lewi,4
jekyl,4
fourth,4
cannon,4
sketch,4
compil,4
aurora,4
crocodil,4
kinetech,4
anderson,4
dale,4
kyon,4
begun,4
crazi,4
failur,4
nasti,4
clara,4
feroci,4
insati,4
subway,4
state-of-the-art,4
hall,4
spree,4
associ,4
droid,4
supposedli,4
naruto,4
temujin,4
guinea,4
specimen,4
ripley,4
paranoid,4
fresh,4
feudal,4
mcclure,4
loser,4
rough,4
present-day,4
giamatti,4
amok,4
slug,4
scan,4
done,4
spell,4
helen,4
tobi,4
habit,4
wormhol,4
grew,4
pirk,4
laugh,4
mata,4
hellboy,4
goddess,4
calvin,4
tropic,4
carol,4
credit,4
odin,4
donkey,4
aspect,4
bunker,4
cant,4
festiv,4
infam,4
chen,4
sort,4
filmmak,4
traitor,4
sinbad,4
kassim,4
zenobia,4
tuvok,4
outcast,4
fieri,4
sophi,4
reclaim,4
whisk,4
relax,4
bumblebe,4
pseudonym,4
rodan,4
ghidorah,4
ponder,4
attend,4
rosenzweig,4
agenda,4
split,4
beer,4
coleman,4
fairytal,4
unorthodox,4
roll,4
your,4
prof.,4
rivalri,4
vietnam,4
treiz,4
kushrenada,4
inhuman,4
kyu-nam,4
pure,4
unknowingli,4
yamata,4
jami,4
sonia,4
marco,4
grumpi,4
wrath,4
eyeborg,4
mizobata,4
lilli,4
christi,4
platform,4
relic,4
raider,4
1992,4
hawk,4
snowglob,4
homeroom,4
grade,4
junior,4
vlad,4
2014,4
environmentalist,4
richardson,4
proog,4
crawl,4
wolfgang,4
miranda,4
nessi,4
riley,4
interfer,4
european,4
neuron,4
superson,4
maroon,4
tornado,4
janitor,4
seizur,4
a-law,4
celesti,4
ro-man,4
fantasia,4
lavond,4
travi,4
aerial,4
despot,3
assum,3
battlefield,3
halt,3
fearsom,3
requir,3
allen,3
magician,3
selv,3
hideout,3
newfound,3
culmin,3
dual,3
forg,3
minist,3
devot,3
almost,3
twenty-two,3
unintent,3
s.h.i.e.l.d,3
tabl,3
merciless,3
chewbacca,3
tribut,3
simmer,3
brodi,3
malevol,3
coloss,3
volcan,3
owen,3
sadli,3
nobl,3
mistakenli,3
jeffrey,3
dictat,3
overcrowd,3
legal,3
freeman,3
golden,3
injur,3
part-man,3
renown,3
driller,3
ex-wif,3
lifestyl,3
action-pack,3
relentless,3
revolut,3
2027,3
thin,3
lieuten,3
naval,3
shane,3
elud,3
grey,3
cherish,3
werewolf,3
thank,3
bone,3
glass,3
zealot,3
disfigur,3
illus,3
blur,3
motley,3
acquir,3
mistaken,3
draw,3
bell,3
profound,3
populac,3
saban,3
asset,3
exchang,3
alter-ego,3
gritti,3
groceri,3
conceal,3
cancer,3
fearless,3
critter,3
peril,3
card,3
airborn,3
buckley,3
not-too-dist,3
switch,3
scorch,3
pattern,3
repeat,3
precis,3
seth,3
housefli,3
umbrella,3
badass,3
academi,3
promptli,3
banish,3
jabba,3
flesh-eat,3
clairvoy,3
suitcas,3
independ,3
strain,3
smith,3
everyday,3
excus,3
hurtl,3
wildlif,3
singular,3
defus,3
outback,3
array,3
charismat,3
examin,3
breach,3
sprung,3
shadowi,3
nicknam,3
ex-convict,3
lawrenc,3
fragment,3
expel,3
guilti,3
lauren,3
harm,3
13th,3
runaway,3
long-lost,3
capt,3
chuck,3
reminisc,3
riot,3
maximum,3
mario,3
20th,3
southwest,3
detour,3
homeworld,3
lack,3
stuf,3
upris,3
parol,3
sink,3
diver,3
fractur,3
nowher,3
playboy,3
unsuspect,3
jealousi,3
media,3
archaeolog,3
life-lik,3
benjamin,3
berserk,3
sunk,3
mute,3
guerrilla,3
corp,3
hardcor,3
symbol,3
slip,3
implic,3
a.k.a,3
getaway,3
neither,3
re-entri,3
tourist,3
speak,3
unnam,3
purchas,3
page,3
growth,3
netherworld,3
gladiat,3
reject,3
viral,3
blink,3
townsfolk,3
jock,3
cool,3
worri,3
1945,3
upper,3
bolt,3
lovabl,3
newton,3
teach,3
slightli,3
color,3
vortex,3
absent-mind,3
cockroach,3
roach,3
anger,3
philosophi,3
frank,3
distraught,3
lava,3
unreleas,3
sean,3
barker,3
concept,3
thirteen,3
unpopular,3
rate,3
channel,3
dredg,3
arsen,3
dump,3
reno,3
12th-centuri,3
materi,3
tire,3
constant,3
grip,3
absorb,3
date,3
1980,3
irradi,3
unconvent,3
irrit,3
cutter,3
compris,3
meal,3
swap,3
10-year-old,3
politician,3
kindli,3
larger,3
tape,3
reawaken,3
victori,3
enrag,3
alchemist,3
scari,3
nerdi,3
dragonfli,3
gainax,3
blu-ray,3
traffick,3
cloth,3
enjoy,3
prohibit,3
tough,3
stock,3
pier,3
fossil,3
2000,3
orlando,3
fend,3
harrow,3
ballard,3
wide,3
slightest,3
scare,3
endang,3
librari,3
written,3
uninhabit,3
hardship,3
reborn,3
gari,3
reich,3
clown,3
phillip,3
afternoon,3
flubber,3
12-year-old,3
conveni,3
defi,3
marriag,3
domest,3
infanc,3
enhanc,3
warmth,3
makeshift,3
honest,3
kara,3
trooper,3
rent,3
nightclub,3
club,3
crater,3
remark,3
thrill,3
symbiot,3
game-chang,3
theorist,3
ragtag,3
mind-bend,3
polici,3
timer,3
whoever,3
thirti,3
puzzl,3
gate,3
deform,3
korean,3
ethan,3
deunan,3
powel,3
deepest,3
interven,3
appl,3
mariana,3
trench,3
self-destruct,3
2048,3
jessi,3
crowd,3
awesom,3
meant,3
shipwreck,3
aunt,3
unidentifi,3
sane,3
sophist,3
counterpart,3
sixth,3
luckili,3
julia,3
1989,3
taggart,3
1957,3
easili,3
inherit,3
perfectli,3
wolfman,3
mummi,3
nicola,3
succe,3
smuggl,3
immigr,3
eponym,3
v-cinema,3
ex-aid,3
taiga,3
lovelica,3
kuroto,3
suspens,3
social,3
walt,3
pictur,3
winni,3
immun,3
maria,3
chapter,3
conspir,3
cybernet,3
2000,3
2013,3
marc,3
thunderbird,3
paxton,3
coup,3
sleepi,3
ireland,3
rash,3
tentacl,3
co-exist,3
unfulfil,3
unsatisfi,3
phoni,3
decept,3
darkman,3
durant,3
2024,3
hector,3
scarc,3
reincarn,3
elder,3
edwina,3
digimon,3
parrotmon,3
paranorm,3
stow,3
advertis,3
often,3
gear,3
depict,3
pluck,3
penguin,3
egypt,3
pharaoh,3
wield,3
impos,3
reggi,3
kurono,3
inch,3
screamer,3
grandfath,3
fred,3
randal,3
griffin,3
revers,3
whatev,3
californian,3
fifteen,3
trigger,3
deplet,3
europ,3
thirst,3
chunk,3
valu,3
australia,3
denial,3
comfort,3
frequenc,3
improv,3
review,3
genm,3
awoken,3
kull,3
breath,3
decod,3
autom,3
infinit,3
blast,3
pinocchio,3
particularli,3
surg,3
nekron,3
batter,3
potion,3
concoct,3
batou,3
cartel,3
foolish,3
endless,3
fodder,3
priceless,3
seventh,3
affair,3
wrap,3
conan,3
o'brien,3
quatermass,3
ultimatum,3
jasmin,3
ceil,3
reproduc,3
earthl,3
banker,3
arous,3
boil,3
cyberpunk,3
plung,3
centr,3
propheci,3
2011,3
haruhi,3
announc,3
wallac,3
unearth,3
resuscit,3
dawson,3
surgic,3
patrick,3
tomato,3
fist,3
pole,3
eager,3
nelson,3
post,3
archangel,3
unprepar,3
reptilian,3
hardest,3
gamer,3
hi-tech,3
predict,3
measur,3
expir,3
current,3
thale,3
covet,3
lore,3
oldest,3
townspeopl,3
glitch,3
realis,3
void,3
propel,3
archeolog,3
elizabeth,3
prometheu,3
18th,3
diamond,3
smarter,3
prosthet,3
aquat,3
swallow,3
croc,3
well-known,3
skin,3
hirokin,3
titl,3
sunken,3
cafe,3
hypnotist,3
zoltan,3
incit,3
swear,3
arif,3
leung,3
tian,3
sour,3
carrier,3
ecoban,3
groundbreak,3
snoop,3
best-sel,3
enabl,3
junkyard,3
caravan,3
drifter,3
mayan,3
phase,3
prolong,3
broker,3
nardol,3
venu,3
asgard,3
loki,3
cheung,3
franci,3
allegi,3
proteg,3
campbel,3
meat,3
philipp,3
candi,3
drastic,3
marg,3
retro,3
aimless,3
jefferson,3
mostli,3
diner,3
bigfoot,3
unthink,3
myth,3
sheena,3
intellect,3
blackmail,3
versu,3
mutil,3
2010,3
dwarf,3
airlin,3
telekinesi,3
wataru,3
manifest,3
anti,3
dive,3
dispos,3
yard,3
chronolog,3
segawa,3
guitar,3
homeland,3
hurrican,3
dougla,3
confer,3
india,3
rain,3
ching,3
insert,3
1969,3
sector,3
bermuda,3
lucr,3
nobita,3
thano,2
infami,2
infin,2
mantel,2
nakia,2
queen-moth,2
princess-kid,2
dora,2
milaj,2
'special,2
ronan,2
primatologist,2
davi,2
unshak,2
extraordinarili,2
silverback,2
similarli,2
ever-chang,2
s.h.i.e.l.d.,2
jumpstart,2
mightiest,2
enact,2
geostorm,2
fuell,2
selfless,2
metahuman,2
curri,2
steppenwolf,2
parademon,2
sleight,2
ensembl,2
wckd-control,2
weari,2
parentag,2
afghan,2
cinemat,2
venturesom,2
dash,2
r2-d2,2
c-3po,2
rodman,2
alzheim,2
dramat,2
pepper,2
pott,2
'rhodey,2
ingeni,2
incurs,2
cross-hair,2
28th,2
ever-expand,2
converg,2
scour,2
unbridl,2
arrog,2
leas,2
cyber-enhanc,2
nostromo,2
three-memb,2
surroundingssom,2
badand,2
smog-chok,2
deckard,2
quartet,2
eighti,2
privaci,2
frieland,2
subvert,2
function,2
hammond,2
appli,2
common-plac,2
abid,2
techno-phob,2
2257,2
adjust,2
ever-widen,2
scope,2
falcon,2
formid,2
enemyth,2
monitor,2
world-destroy,2
irrevoc,2
grimm,2
spacewalk,2
alone-teth,2
deafen,2
gulp,2
expans,2
escapad,2
copilot,2
gambler,2
lando,2
calrissian,2
everdeen,2
74th,2
mellark,2
capitol,2
75th,2
quell,2
adversari,2
freeli,2
demis,2
dear,2
gradi,2
trainer,2
gale,2
finnick,2
unsatisfactori,2
going-away,2
skyscrap,2
onset,2
galaxy-wid,2
separatist,2
thousand-year-old,2
seduc,2
apprentic,2
obi-wan,2
kenobi,2
yoda,2
kathryn,2
railli,2
goin,2
tech-savvi,2
quorra,2
12-hour,2
free-for-al,2
indefinit,2
eugen,2
depend,2
gattaca,2
2028,2
multin,2
conglomer,2
drone,2
detroit,2
part-robot,2
sharehold,2
honcho,2
truman,2
stamper,2
hotshot,2
cocksur,2
sublim,2
ferrier,2
dockwork,2
less-than-perfect,2
2159,2
secretari,2
ofcial,2
anti-immigr,2
doesnt,2
unlucki,2
damon,2
avail,2
seren,2
19th,2
atla,2
tykwer,2
wachowski,2
e.t.,2
intervent,2
dire,2
activist,2
profoundli,2
repli,2
splash,2
coalit,2
predestin,2
tempor,2
1980s-era,2
megamind,2
grappl,2
limitless,2
comprehens,2
absolut,2
kenton,2
washed-up,2
trash,2
crosshair,2
daylight,2
hannib,2
deftli,2
selen,2
werewolv,2
bloodlin,2
blockbust,2
2015,2
biff,2
tannen,2
peski,2
almanac,2
last-ditch,2
unscath,2
elijah,2
sidelin,2
scourg,2
pounc,2
rice,2
instantli,2
sworn,2
warmheart,2
sofia,2
physician,2
cold-blood,2
linguist,2
antiterror,2
knife,2
surgeri,2
low-level,2
bureaucrat,2
lowri,2
monotoni,2
day-to-day,2
recur,2
virtuou,2
damsel,2
tuttl,2
bureaucraci,2
demolish,2
dent,2
prefect,2
1979,2
ohio,2
super-8,2
deputi,2
lamb,2
anxiou,2
moon-bas,2
waken,2
jacq,2
vaucan,2
insur,2
sagan,2
septuplet,2
infight,2
unceremoni,2
demot,2
overthrow,2
grove,2
dozen,2
saucer-shap,2
'destroy,2
coordin,2
counterattack,2
interior,2
antihero,2
incarcer,2
deniabl,2
high-risk,2
commut,2
mild-mann,2
kent,2
crackdown,2
swingin,2
groovi,2
superag,2
austin,2
shagadel,2
bald,2
unthaw,2
vanessa,2
kensington,2
dens,2
drayton,2
five-year-old,2
fountain,2
supersuck,2
wrangl,2
earl,2
bassett,2
gerri,2
persuad,2
ender,2
homeplanet,2
face-to-fac,2
scrape,2
re-run,2
convent,2
on-screen,2
northeastern,2
wahlberg,2
zooey,2
deschanel,2
leguizamo,2
betti,2
shyamalan,2
undeni,2
small-town,2
emotionless,2
currenc,2
necess,2
negoti,2
keeper,2
supernova,2
qualifi,2
historian,2
ulyss,2
02:22,2
self-awar,2
crossfir,2
hell-bent,2
harvardvil,2
leon,2
kennedi,2
redfield,2
high-octan,2
g-viru,2
infantri,2
non-commiss,2
arachnoid,2
lang,2
dyne,2
hank,2
ant-man,2
award-nomin,2
hardi,2
16-year-old,2
widespread,2
overly-confid,2
reloc,2
accomplic,2
seperatist,2
diplomat,2
agreement,2
copperbottom,2
ratchet,2
weld,2
obsolet,2
super-hero,2
nev.,2
entrepreneur,2
dabbl,2
utter,2
armada,2
prequel,2
feud,2
sonja,2
viktor,2
dynam,2
raig,2
13-year-old,2
unfamiliar,2
cockpit,2
terrain,2
beacon,2
anticip,2
zathura,2
space-them,2
furya,2
humdrum,2
suburbanit,2
still-quarantin,2
countless,2
half-alien,2
lennox,2
temper,2
2058,2
stowaway,2
hugo,2
drax,2
below-and,2
anti-technolog,2
ghetto,2
ex-thug,2
rockatanski,2
dusti,2
postapocalypt,2
unend,2
gasolin,2
scraggli,2
fuel-depot,2
humungu,2
scrupl,2
short-term,2
three-year,2
paycheck,2
jail,2
synthes,2
ignit,2
pope,2
jericho,2
stewart,2
icbm,2
ossa,2
craft.they,2
narcot,2
god-deliri,2
faxx,2
swiss,2
ketchum,2
collector,2
embed,2
temblor,2
quak,2
erotic,2
tyrann,2
stryder,2
wanda,2
corvi,2
wrongli,2
crow,2
2455,2
landmass,2
rust,2
long-gon,2
intrepid,2
friday,2
prejudic,2
suburbia,2
circa,2
empathet,2
lockout,2
fals,2
ex-govern,2
15th,2
lambert,2
swordsman,2
nakano,2
mako,2
fault,2
eerili,2
2025,2
rameriz,2
flashback,2
accur,2
toddler,2
bunni,2
vespa,2
space-bum-for-hir,2
clueless,2
yogurt,2
schwartz,2
church,2
priestess,2
2032,2
spartan,2
pentagon,2
2505,2
dumbed-down,2
smartest,2
krypton,2
mettl,2
gen.,2
kryptonian,2
war-ravag,2
unlimit,2
chun-li,2
bison,2
crime-fight,2
grittier,2
aquaman,2
cabbie-turned-chauffeur,2
tong,2
tuxedo,2
temporarili,2
belt,2
inexperienc,2
sprite,2
crysta,2
folk,2
rainforest,2
lumberjack,2
aldo,2
beneath,2
perceiv,2
disench,2
high-stak,2
over-his-head,2
femm,2
nada,2
down-on-his-luck,2
sunglass,2
bombard,2
submit,2
scarier,2
normal-look,2
t-viru,2
heart-pound,2
blood-,2
thirsti,2
stealthi,2
licker,2
canin,2
climact,2
bowel,2
geophysicist,2
rotat,2
seam,2
resolv,2
pain/damag,2
ruth,2
ceaser,2
firemen,2
fireman,2
montag,2
vocat,2
pro-literatur,2
psychotherapist,2
englishman,2
gunsling,2
paleontologist,2
kyohei,2
yemani,2
teem,2
berlin,2
traine,2
ivan,2
fusion,2
russel,2
'brief,2
incompat,2
oil-dril,2
displac,2
subterranean,2
lantern,2
wife/cr,2
akan,2
cryptic,2
molecular,2
permeat,2
valid,2
adolf,2
fhrer,2
iceland,2
reconsid,2
mister,2
canada,2
eden,2
shaken,2
gray,2
barb,2
wire,2
frequent,2
anomali,2
stalker,2
ndr-114,2
youngest,2
bicentenni,2
applianc,2
menial,2
2022,2
absolom,2
robbin,2
unbear,2
pulp,2
1930,2
aviat,2
secord,2
rocket-pack,2
mechanic/mentor,2
peevi,2
emigr,2
virus.a,2
pound,2
soundtrack,2
inexor,2
1993,2
terrestri,2
splice,2
armour-pl,2
bend,2
toast,2
1958,2
germ,2
vain,2
herrington,2
mind-control,2
faculti,2
cruel,2
taunt,2
first-strik,2
rumour,2
indetect,2
ex-vietnam,2
sixti,2
spunki,2
painter,2
1138,2
mundan,2
consumpt,2
puppet,2
corey,2
updat,2
black-and-whit,2
sitwel,2
emil,2
patsi,2
space-tim,2
chaka,2
alfr,2
nightw,2
stead,2
batwoman,2
adventurer/surgeon/rock,2
musician,2
buckaroo,2
banzai,2
cavali,2
rusti,2
space-freight,2
kassandra,2
joke,2
wive,2
rein,2
entomologist,2
fluid,2
child-lik,2
reapprais,2
mend,2
childlik,2
offbeat,2
letting-go,2
diminut,2
dicki,2
junkjard,2
avalon,2
gateway,2
chopper,2
teru,2
kumo,2
fissur,2
brea,2
roark,2
geologist,2
lightman,2
broderick,2
sheedi,2
wizardli,2
bio-armor,2
drive-in,2
gelatin,2
technology-reli,2
off-the-grid,2
exercis,2
buke,2
tight-knit,2
breathabl,2
nonexist,2
reestablish,2
suspend,2
ex-boyfriend,2
19th-centuri,2
nobleman,2
harder,2
absenc,2
stella,2
percent,2
nffa,2
sociolog,2
vent,2
oppressor,2
margin,2
trial-citi,2
challi,2
grimbridg,2
novelty-salesman,2
silver,2
shamrock,2
conal,2
cochran,2
11-year-old,2
home-shop,2
quirki,2
mill,2
intimaci,2
one-man,2
voltag,2
counter-terrorist,2
boyhood,2
blizzard,2
slaughter,2
solari,2
cosmonaut,2
chimp,2
misadventur,2
servant,2
senil,2
sorcerermayhem,2
drawback,2
'renew,2
civic,2
ceremoni,2
30th,2
rearm,2
next-gener,2
unisol,2
malon,2
check,2
plant-lik,2
flat,2
transvestit,2
butler,2
danc,2
'rocki,2
u.n.,2
nerv,2
makinami,2
illustr,2
asuka,2
langley,2
shikinami,2
gendo,2
ikari,2
seel,2
2.22,2
dvd/blu-ray,2
16th,2
condemn,2
renounc,2
puritan,2
philand,2
furri,2
shave,2
salon,2
spacemen,2
long-suff,2
repo,2
chevi,2
rogan,2
therapi,2
institution,2
supervis,2
psammead,2
gravel,2
sunset,2
flame,2
short-liv,2
2095,2
unalt,2
colorado,2
tenuou,2
autobot-lead,2
ussr,2
follow-up,2
snowi,2
potter,2
treason,2
lucia,2
republican,2
militia,2
steeli,2
headmistress,2
carmen,2
casar,2
run-in,2
caretak,2
jacinto,2
locksmith,2
gwildor,2
sorceress,2
life-forc,2
align,2
bestow,2
god-lik,2
legless,2
arliss,2
gunfight,2
master-of-disguis,2
artemu,2
gill,2
befal,2
tailspin,2
itali,2
primordi,2
collier,2
mystifi,2
1900,2
self-hypnosi,2
appreci,2
outlast,2
supersoldi,2
baddi,2
durand-durand,2
leela,2
insult,2
space-redneck,2
demolit,2
derbi,2
gaug,2
pump,2
stranglehold,2
wade,2
rings-inspir,2
fantasy-land,2
race-car,2
1830,2
biograph,2
etienn,2
boisset,2
riker,2
imbu,2
lander,2
goofi,2
hourglass,2
1.01,2
1.11,2
comic-strip,2
tank-rid,2
anti-heroin,2
mega-corpor,2
overseen,2
ziggurat,2
tima,2
robot-girl,2
scold,2
human/fli,2
bartok,2
inc.,2
chromosom,2
restrict,2
spock,2
grizzl,2
buzz,2
lightyear,2
zurg,2
replenish,2
decreas,2
medicin,2
perpetu,2
tantalu,2
astound,2
bacteri,2
relief,2
disobey,2
unauthor,2
excav,2
porou,2
crevic,2
life-form,2
cherri,2
blown,2
tracker,2
lawless,2
diod,2
fittest,2
duchovni,2
seann,2
juliann,2
blood-thirsti,2
wisconsin,2
juri,2
peer,2
strateg,2
cone-shap,2
robotlik,2
beldar,2
prymatt,2
paramu,2
n.j.,2
middle-class,2
feature-length,2
natasha,2
henstridg,2
nose,2
2025,2
seat,2
'invad,2
disproportion,2
nome,2
oblivi,2
fellowship,2
treehous,2
colin,2
tinto,2
videogam,2
pulse-pound,2
carolina,2
atticu,2
gage,2
cradl,2
cliqu,2
ribbon,2
embodi,2
academ,2
excel,2
rank,2
misfit,2
tara,2
markov,2
deathstrok,2
europa,2
eurasia,2
toll,2
neo-cel,2
tetsuya,2
casshern,2
live-act,2
1973,2
sinis,2
olham,2
mass-abduct,2
ezra,2
lieberman,2
susten,2
kida,2
crop,2
absent,2
weebo,2
medfield,2
sara,2
fort,2
lauderdal,2
fla.,2
overjoy,2
perplex,2
coincident,2
themyscira,2
proud,2
headstrong,2
amazonian,2
unhappi,2
disembodi,2
hotli,2
human-lik,2
ygam,2
terr,2
educ,2
subcultur,2
vampire-lik,2
stamina,2
acut,2
crossed-fir,2
ultraviolet,2
nine-year-old,2
adventuresom,2
action-fantasi,2
sunless,2
angrili,2
noon,2
paretta,2
griev,2
8-year-old,2
elbourn,2
marku,2
hamper,2
2087,2
pluto,2
nash,2
high-fli,2
hottest,2
mogan,2
ivanova,2
derelict,2
hyperspac,2
texan,2
rancher,2
astrophysicist,2
stall,2
undet,2
remast,2
re-cut,2
re-imagin,2
censorship,2
nuditi,2
runtim,2
compar,2
uncut,2
longest-run,2
skaara,2
strangest,2
ministri,2
inquisit,2
wondrou,2
tibetan,2
herbert,2
ex-girlfriend,2
'perfect,2
franklyn,2
perman,2
dystop,2
ongo,2
omnipot,2
'fireman,2
noir,2
budget,2
mascot,2
outrun,2
2001,2
h.a.l.9000,2
veil,2
seclus,2
revel,2
stuart,2
oona,2
would-b,2
charm,2
supermarket,2
clerk,2
legion,2
kendrick,2
overprotect,2
miniatur,2
holograph,2
saya,2
makiho,2
seventi,2
piedmont,2
scoop,2
jeremi,2
alcohol,2
laid,2
translat,2
shekhar,2
trick,2
sailor,2
snack,2
nam-il,2
drunk,2
tournament,2
fascin,2
forbin,2
colossu,2
bender,2
incompet,2
subsequ,2
abroad,2
puppi,2
ladybug,2
unstabl,2
entangl,2
jump,2
dagni,2
footbal,2
portray,2
kansa,2
brennick,2
quick-wit,2
pterano,2
sold,2
slaveri,2
uptight,2
greenland,2
spare,2
behav,2
amulet,2
dollar,2
bundang,2
suburb,2
seoul,2
symptom,2
inferno,2
holland,2
harshest,2
hiiro,2
snipe,2
akira,2
wireless,2
ideal,2
inexplic,2
award-win,2
deranian,2
cynic,2
stalk,2
co-e,2
detent,2
astonish,2
sex-craz,2
ecolog,2
mage,2
lowli,2
empress,2
rural,2
account,2
fertil,2
graduat,2
anaconda,2
homeless,2
heavili,2
tiger,2
wreckag,2
cream,2
motorcycl,2
offens,2
endor,2
defenseless,2
pinwheel,2
kobayashi,2
electron,2
casella,2
wrote,2
geek,2
corps,2
traci,2
encourag,2
standard,2
xuan,2
sonar,2
mermaid,2
repres,2
recaptur,2
quaint,2
whale,2
carcass,2
industrialist,2
chines,2
hideo,2
suzuki,2
exhaust,2
scaveng,2
desert-lik,2
forag,2
remnant,2
rejuven,2
blaster,2
hoskin,2
sapper,2
digi-egg,2
koromon,2
agumon,2
greymon,2
august,2
tetrax,2
gwen,2
ruka,2
facad,2
escape,2
joker,2
eberhart,2
connecticut,2
anubi,2
yugi,2
eighth,2
battlestar,2
galactica,2
pegasu,2
prior,2
mazzi,2
mode,2
gill-man,2
lagoon,2
vendor,2
kato,2
shigeta,2
comrad,2
cabl,2
steam,2
cranley,2
shooter,2
audienc,2
whilst,2
immers,2
navig,2
particular,2
harsh,2
risen,2
reckless,2
besid,2
garbag,2
self-styl,2
dessert,2
sensat,2
recharg,2
reconstruct,2
aryan,2
stern,2
leap,2
f.r.e.d.i,2
forthcom,2
moira,2
humili,2
bloodbath,2
tens,2
shortwav,2
supremaci,2
capit,2
doubt,2
amus,2
amiss,2
pilgrim,2
vonnegut,2
nyle,2
wont,2
kiriya,2
lazer,2
cruis,2
akivasha,2
tank,2
3000,2
cyber,2
cyberina,2
vein,2
vegan,2
dupe,2
re-work,2
minor,2
extent,2
semest,2
atol,2
cylon,2
adama,2
aircraft,2
larn,2
jarol,2
ichigo,2
rukia,2
senna,2
funni,2
timid,2
aramaki,2
501st,2
togusa,2
2045,2
practic,2
rose,2
stink,2
unseen,2
genius,2
okamura,2
katsuhiro,2
tomo,2
undead,2
kaihoro,2
headquart,2
imperil,2
modern-day,2
reshap,2
torn,2
milit,2
demet,2
roommat,2
war-torn,2
cooper,2
slimi,2
grotesqu,2
turbo,2
februari,2
elementari,2
benedict,2
stole,2
craze,2
maul,2
collis,2
bodybuild,2
harold,2
geni,2
u-boat,2
caprona,2
gannon,2
letha,2
jewel,2
christina,2
shinya,2
tsukamoto,2
ishikawa,2
suitabl,2
alan,2
suzumiya,2
yuki,2
mikuru,2
koizumi,2
decor,2
heard,2
unemploy,2
archer,2
2049,2
meteorit,2
metaphor,2
pharmaceut,2
whereabout,2
spoof,2
asgardian,2
accord,2
financi,2
recollect,2
enclos,2
automat,2
expens,2
debaucheri,2
jimi,2
centauri,2
recount,2
minbari,2
shell,2
backwat,2
1978,2
b-movi,2
mayb,2
9-year-old,2
hollow,2
shapeshift,2
endur,2
oakwood,2
h-725,2
profil,2
rampant,2
somewhat,2
folklor,2
huldra,2
seduct,2
pterodactyl,2
petri,2
hexx,2
olivia,2
bureau,2
repercuss,2
juda,2
habitat,2
lifelik,2
iscandar,2
battleship,2
claustrophob,2
near-fat,2
chamberlain,2
allspark,2
megatron,2
lifeless,2
finest,2
shed,2
expend,2
a-team,2
throttl,2
blood-curdl,2
horrid,2
maclean,2
dune,2
landi,2
madcap,2
send-up,2
canned-laughter-fil,2
sitcom,2
off-the-wal,2
stitch,2
1950s-style,2
interspers,2
lampoon,2
skewer,2
silliest,2
spectacl,2
run-away,2
immeasur,2
shikamaru,2
sakura,2
troop,2
exclus,2
flag,2
victoria,2
least-lik,2
schoolteach,2
slick,2
turk,2
humanitarian,2
commander-in-chief,2
g.o.r.a,2
super-comput,2
terrorist-attack,2
appeal,2
tone,2
condo,2
stomp,2
'low,2
'high,2
innat,2
world-fam,2
elena,2
spite,2
seismologist,2
12.7,2
forgot,2
antarct,2
primit,2
beowulf,2
grendel,2
hrothgar,2
agoraphob,2
hewlett,2
contempt,2
catwoman,2
shipment,2
traffic,2
grind,2
standstil,2
characterist,2
pitch,2
faulti,2
oakland,2
telemarket,2
cassiu,2
reunion,2
awkward,2
agon,2
interpret,2
vanya,2
paralyz,2
anxieti,2
articl,2
allevi,2
chickpea,2
jacob,2
myrick,2
afghanistan,2
ostens,2
influenti,2
muslim,2
cleric,2
'bermuda,2
fore,2
heather,2
locklear,2
louvr,2
sarcophagu,2
ghostli,2
caller,2
dominion,2
prologu,2
grand,2
o'bannon,2
col.,2
cale,2
leprechaun,2
circl,2
sammi,2
byeong-gu,2
heavenli,2
afterward,2
undersea,2
jobe,2
hover,2
eren,2
wong,2
chest,2
modul,2
butcher,2
natural-born,2
ransom,2
jacki,2
mckay,2
senreich,2
twelv,2
soar,2
cheat,2
bradi,2
divers,2
xchang,2
sherman,2
sapien,2
pest,2
camelot,2
drown,2
genocid,2
brauchman,2
krauss,2
spore,2
eddi,2
rubi,2
dekarang,2
hurl,2
cowboy,2
helder,2
blackwolf,2
enchantress,2
irwin,2
melvin,2
scavang,2
infest,2
invited-refuge,2
intensifi,2
eleven,2
kuze,2
2020,2
assur,2
angelino,2
infertil,2
dick,2
untouch,2
plastic,2
variat,2
strider,2
ludwig,2
user,2
directli,2
nanotechnolog,2
cyber-terror,2
unfathom,2
prestigi,2
relay,2
senat,2
diabol,2
smithsonian,2
lincoln,2
fiction/adventure/comedi,2
disgruntl,2
hilar,2
extravag,2
destoroyah,2
meltdown,2
metermaid,2
reaction,2
select,2
milquetoast,2
limpet,2
fondest,2
mordecai,2
rigbi,2
volleybal,2
coach,2
marcu,2
antoniu,2
cleopatra,2
farah,2
consent,2
stepmoth,2
baboon,2
caliph,2
obstacl,2
delta,2
quadrant,2
dilithium,2
necessit,2
jurisdict,2
pavel,2
chekov,2
starfleet,2
specialis,2
intercontinent,2
brain-swap,2
pois,2
mountaintop,2
ghota,2
benevol,2
astronom,2
tammi,2
waitress,2
kindr,2
roxi,2
schedul,2
lena,2
holoway,2
grudg,2
argo,2
galliot,2
sentinel,2
creed,2
mechagodzilla,2
condor,2
that,2
tremayn,2
ramon,2
ashley,2
veggietal,2
larri,2
breastford,2
smuggler,2
castaway,2
tech,2
sci-fi/horror,2
stereotyp,2
laloux,2
massacr,2
poverti,2
frontier,2
sylvain,2
skinwalk,2
livestock,2
debat,2
deth,2
zane,2
1987,2
cusp,2
battle-scar,2
yellow,2
sensationalist,2
welsh,2
scall,2
interview,2
ricki,2
ufolog,2
gorman,2
vixen,2
encroach,2
matoran,2
stein,2
kleve,2
asid,2
quarrelsom,2
burrow,2
pellucidar,2
perri,2
cush,2
lizard-lik,2
long-term,2
igor,2
grom,2
petersburg,2
pine,2
compromis,2
rayford,2
hatti,2
durham,2
chaim,2
isra,2
cultiv,2
cahoot,2
multi-millionair,2
einstein,2
sydney,2
patent,2
beatui,2
curi,2
unscrupul,2
naiv,2
kellar,2
laini,2
jerk,2
joel,2
1892,2
gover,2
mourn,2
rocker,2
too-cool,2
six-str,2
succeed,2
arrow,2
doubl,2
grass,2
handicap,2
coward,2
winner,2
orchestr,2
kaiju,2
mii-san,2
morlar,2
sunni,2
orphanag,2
dement,2
super-rac,2
rollick,2
extravaganza,2
monk,2
boulder,2
firebas,2
hine,2
ever-deepen,2
lousi,2
juliu,2
jenson,2
editor,2
envi,2
enrich,2
publish,2
webster,2
marimaia,2
dekim,2
relana,2
peacecraft,2
barton,2
splinter,2
lush,2
bronx,2
italian-turkish,2
co-product,2
antonio,2
margher,2
cobbl,2
four-part,2
miniseri,2
shown,2
loincloth,2
cave-bab,2
corinn,2
cleri,2
familiar,2
stalwart,2
steiner,2
caligol,2
ubiquit,2
luciano,2
pigozzi,2
andr,2
verifi,2
marta,2
alicia,2
jung-sik,2
young-sook,2
awe-inspir,2
yokohama,2
rigid,2
homosexu,2
heterosexu,2
honda,2
riki,2
takeuchi,2
aikawa,2
mellow,2
ex-militari,2
cataton,2
dai-gurren,2
bleeding-heart,2
teller,2
inventor/con-artist,2
shada,2
skagra,2
aaron,2
thorkel,2
backer,2
leech,2
sounga,2
augment,2
chrono,2
nata,2
camaro,2
trunk,2
lend,2
pebbl,2
homesvil,2
'bodi,2
rapid,2
decomposit,2
big-screen,2
spider-man,2
afro-latino,2
endow,2
parker,2
feast,2
resurg,2
cach,2
circuit,2
vote,2
virtual-r,2
three-dimension,2
baxter,2
whiz,2
saunder,2
cassidi,2
capac,2
undef,2
yuji,2
kaoru,2
man-siz,2
triumph,2
wicked,2
sucess,2
setup,2
messi,2
ambul,2
fougerol,2
renaud,2
noah,2
reportedli,2
still-human,2
maraud,2
daddi,2
sequenc,2
highlight,2
seesar,2
mild,2
incur,2
bridezilla-to-b,2
instig,2
all-se,2
optic,2
tada,2
wherea,2
poignant,2
discworld,2
marci,2
record-break,2
extol,2
virtu,2
voldar,2
loma,2
simple-mind,2
lackey,2
cheer,2
yoroi,2
junpei,2
polymar,2
underw,2
tomb,2
egyptian,2
tutankhamun,2
mccadden,2
ankh-vanhari,2
diamond-lik,2
sharp,2
fungu,2
foli,2
berger,2
dancer,2
immunis,2
trespass,2
graffiti,2
immortality-obsess,2
sea-god,2
zenon,2
dismantl,2
trauma,2
lash,2
calcul,2
chillingli,2
pend,2
jimbo,2
farrar,2
tomboy,2
redhead,2
curl,2
roland,2
joff,2
ajey,2
jhankar,2
anglo-maratha,2
indian,2
deepli,2
drunken,2
seasid,2
cont,2
rambl,2
wealthiest,2
sustain,2
phantom,2
reptil,2
twenty-sixth,2
heap,2
leakag,2
missl,2
tidal,2
vietnamvets-turned-heavi,2
aground,2
carribean,2
well-arm,2
list,2
thug,2
elus,2
h-bomb,2
gidor,2
tung,2
interrupt,2
patlabor,2
hata,2
osiri,2
spool,2
doyl,2
quinn,2
northfork,2
miyazaki,2
dialog,2
voltan,2
spoil,2
neighbourhood,2
lothor,2
shibuya,2
megaguiru,2
liotta,2
lyle,2
swann,2
synopsi,2
danica,2
mckellar,2
olymp,2
apolo,2
ohno,2
syfi,2
afoul,2
gypsi,2
blacken,2
theyll,2
march,2
kunugigaoka,2
nagisa,2
shiota,2
ryosuk,2
yamada,2
request,2
whomev,2
biollant,2
g-forc,2
mogera,2
xt-59,2
trough,2
glimps,2
talisa,2
soto,2
drakulon,2
substitut,2
daltri,2
.daniel,2
unwelcom,2
huang,2
forget,2
regret,2
lest,2
charter,2
edibl,2
komodo,2
cobra,2
ncaa,2
basketbal,2
shoe,2
caprici,2
tour-guid,2
happili,2
open-end,2
licens,2
entireti,2
roughli,2
gigabyt,2
free/open,2
blender,2
remad,2
remix,2
re-purpos,2
download,2
neil,2
armstrong,2
disembark,2
gooey,2
one-ey,2
burgeon,2
sassi,2
dull,2
goodby,2
cesar,2
romero,2
hillari,2
brook,2
sallow,2
indiscret,2
kidda,2
peasant,2
logar,2
fool,2
1.000.000,2
mollusk,2
2961,2
heret,2
matriarch,2
murphey,2
cryptozoologist,2
loch,2
ness,2
facial,2
scar,2
pike,2
ashburn,2
karen,2
60-foot,2
plesiosaur,2
arkanar,2
rumata,2
intellectu,2
posit,2
statement,2
aleksei,2
cruelti,2
tangibl,2
1998,2
rubbl,2
amino,2
obviat,2
leftov,2
attrit,2
litter,2
distanc,2
cargo-ship,2
margot,2
scholl,2
eolomea,2
approv,2
disassembl,2
unhappili,2
superstar,2
magnat,2
farley,2
flavor,2
sleev,2
luka,2
roman,2
architect,2
luciu,2
bath,2
roma,2
therma,2
sorceror,2
mordrid,2
white-clad,2
helio,2
freddi,2
huffman,2
once-almost-marri,2
turkey-lik,2
regard,2
architectur,2
2044,2
amped-up,2
robotechnolog,2
spring,2
char,2
england.an,2
lowest,2
low-lif,2
whitey,2
entwin,2
unlikeliest,2
round,2
e-19,2
ciminera,2
bottl,2
slam,2
struck,2
ogil,2
back-stori,2
2022,2
float,2
warner,2
shallow,2
alexandra,2
'alex,2
yacht,2
grate,2
bigelow,2
suspic,2
gerbac,2
faint,2
improb,2
broke,2
restrain,2
'paranoia,2
madmen,2
outfit,2
incub,2
high-school,2
blogger,2
morti,2
reanim,2
morbid,2
syndrom,2
visibl,2
glenn,2
evidenc,2
night-club,2
singer,2
perturb,2
utterli,2
enthral,2
untam,2
alejandra,2
housewif,2
lean,2
fabin,2
veronica,2
dwell,2
microcomput,2
rebecca,2
reconnect,2
beckon,2
comprehend,2
reform,2
finish,2
salesman,2
demonstr,2
hand-held,2
heavi,2
rainstorm,2
cemeteri,2
1961,2
yorkshir,2
trojan,2
soggi,2
meadow,2
trailer,2
upriv,2
2314,2
abolish,2
infrastructur,2
integr,2
particl,2
infantil,2
meister,2
setsuna,2
seiei,2
aeolia,2
schenberg,2
backwood,2
post-,2
altitud,2
5000,2
hiker,2
prototype-th,2
hallow,2
dreamer,2
howl,2
luci,2
affirm,2
hesit,2
heat,2
fighter-pilot,2
grandson,2
neo-nazi,2
surf,2
grandma,2
greatli,2
decemb,2
2012,2
impli,2
context,2
allegro,2
troppo,2
interject,2
slow,2
refer,2
pessimist,2
optim,2
79,2
zabi,2
duchi,2
zeon,2
furthest,2
entirely-homosexu,2
mid-east,2
christ,2
crook,2
dorm,2
wilbur,2
mackey,2
befri,2
antioch,2
veterinari,2
elliot,2
scratch,2
parapleg,2
hobgoblin,2
vault,2
dawn,2
1099,2
a.d.,2
battle-weari,2
shape-sift,2
hone,2
dirti,2
homeward,2
length,2
ultra,2
hardwar,2
libyan,2
stringfellow,2
santini,2
re-possess,2
shiver,2
fara,2
bake,2
nineti,2
swan,2
stand-offish,2
vist,2
sarg,2
smaller,2
dust,2
defa,2
warmli,2
hae-jun,2
kenji,2