find,356
murder,291
life,274
young,263
take,225
becom,223
world,193
famili,184
mysteri,184
year,183
must,180
forc,175
kill,174
discov,170
woman,169
killer,168
live,167
turn,167
soon,163
secret,154
help,154
agent,152
time,151
make,147
death,140
lead,136
investig,135
friend,134
team,134
begin,133
group,131
polic,130
stori,120
town,120
mission,119
wife,119
citi,117
back,117
power,114
come,111
danger,110
home,109
detect,107
escap,105
crime,105
game,104
daughter,103
work,100
crimin,99
peopl,97
father,96
john,95
save,95
start,95
mother,94
former,94
attempt,93
name,90
past,88
girl,88
surviv,88
plan,87
govern,87
hous,87
event,86
offic,86
kidnap,85
order,84
learn,83
prison,83
film,82
york,82
return,82
drug,81
brother,81
love,81
deadli,80
human,79
seri,77
fight,77
call,77
person,76
american,76
stop,75
three,75
case,73
assassin,73
follow,72
terrorist,72
meet,72
togeth,71
dead,71
uncov,70
seem,70
target,68
school,68
night,68
head,67
train,67
first,66
howev,66
gang,66
real,64
victim,64
small,64
protect,63
partner,63
decid,63
control,62
face,62
teenag,62
thing,61
reveng,61
oper,61
serial,60
local,60
crew,60
want,60
involv,60
attack,59
search,59
move,59
trap,58
race,58
bond,58
bring,58
hunt,57
dark,57
anoth,57
battl,57
beauti,57
child,57
earth,56
left,56
true,56
disappear,56
travel,56
leav,56
fall,56
angel,55
sent,55
desper,54
even,54
play,54
rescu,53
soldier,53
u.s.,53
husband,53
arriv,52
behind,52
seek,52
coupl,52
track,51
determin,51
also,51
sister,50
final,50
heist,50
bodi,50
dream,50
unit,50
jame,49
threaten,48
realiz,48
suspect,48
base,48
thriller,48
fear,47
futur,47
later,47
whose,47
jack,47
four,47
british,47
happen,47
accid,47
prove,46
experi,46
terror,46
violent,46
member,46
struggl,45
last,45
next,45
part,45
prevent,45
convinc,45
truth,45
tell,45
found,45
know,45
memori,44
street,44
littl,44
aliv,44
break,44
known,44
ident,44
everi,44
corrupt,44
evil,44
student,44
join,43
look,43
russian,43
money,43
receiv,43
leader,42
along,42
chang,42
miss,42
apart,42
bank,42
within,42
boss,42
someth,41
wrong,41
hand,41
strang,41
enemi,41
enter,41
good,41
brutal,41
believ,41
like,40
well,40
alien,40
captur,40
high,40
stay,39
state,39
haunt,39
includ,39
ship,39
children,39
creatur,38
terrifi,38
action,38
creat,37
plot,37
intern,37
island,37
hold,37
frank,37
crash,37
nightmar,37
everyth,36
discoveri,36
encount,36
never,36
could,36
lord,36
busi,36
success,36
close,36
secur,36
remot,35
releas,35
michael,35
harri,35
assign,35
horror,35
skill,34
thief,34
remain,34
servic,34
movi,34
london,34
need,34
caus,34
paul,34
without,34
deal,33
send,33
countri,33
nuclear,33
realiti,33
mike,33
sever,33
women,33
marri,33
undercov,33
keep,32
parti,32
troubl,32
ultim,32
offer,32
rest,32
would,32
space,32
watch,32
away,32
ever,32
desert,32
scientist,31
though,31
white,31
comput,31
girlfriend,31
grow,31
gener,31
jimmi,31
deep,31
star,31
place,31
special,31
quickli,31
mind,30
corpor,30
chanc,30
task,30
hope,30
convict,30
five,30
upon,30
best,30
nation,30
justic,30
think,30
noth,30
still,30
taken,30
presid,30
hide,29
societi,29
anyth,29
blood,29
obsess,29
hire,29
hospit,29
johnni,29
develop,29
plagu,28
sinc,28
late,28
clue,28
organ,28
abil,28
visit,28
cross,28
pursu,28
build,28
relationship,28
femal,28
mafia,28
destroy,28
elit,28
bomb,28
black,28
stalk,28
vampir,28
execut,28
polit,28
lose,28
path,27
homicid,27
complet,27
career,27
weapon,27
pari,27
test,27
million,27
supernatur,27
might,27
hell,27
ruthless,27
book,27
david,27
retir,26
unknown,26
confront,26
insid,26
entir,26
side,26
arrest,26
parent,26
share,26
fail,26
recent,26
claim,26
compani,26
veteran,26
differ,26
give,26
made,26
caught,26
around,26
colleg,25
step,25
commit,25
armi,25
steal,25
militari,25
station,25
pull,25
room,25
chase,25
journalist,25
evid,25
pass,24
question,24
attorney,24
innoc,24
demon,24
infiltr,24
origin,24
unravel,24
twist,24
suffer,24
isol,24
consequ,24
point,24
mental,24
histori,24
someon,24
right,24
soul,24
spirit,24
perfect,24
free,24
occur,24
carl,24
rule,24
trip,24
suicid,24
conspiraci,24
fellow,23
planet,23
everyon,23
gangster,23
resist,23
reveal,23
estrang,23
thought,23
danni,23
hunter,23
lawyer,23
survivor,23
patient,23
teen,23
unlik,23
seal,23
exist,23
form,23
middl,23
recov,23
open,23
appear,23
abus,23
stranger,23
alon,23
freddi,23
legendari,22
shock,22
tortur,22
clear,22
promis,22
long,22
jungl,22
cold,22
board,22
underground,22
fate,22
author,22
classic,22
expos,22
heart,22
report,22
jason,22
pair,22
strand,22
sinist,22
carri,22
privat,22
near,22
command,22
nick,22
plant,22
commun,21
safe,21
system,21
machin,21
quest,21
rich,21
affair,21
transform,21
effort,21
martial,21
expert,21
recruit,21
lock,21
seen,21
moral,21
childhood,21
line,21
crook,21
other,21
doctor,21
captain,21
owner,21
road,21
dealer,21
villag,21
french,21
light,21
tragic,21
fatal,21
gone,20
continu,20
reluctantli,20
plung,20
massiv,20
journey,20
neighbor,20
manag,20
band,20
unleash,20
latest,20
center,20
covert,20
notori,20
psychiatrist,20
rogu,20
rose,20
risk,20
number,20
rare,20
wealthi,20
outsid,20
ghost,20
incid,20
vacat,20
stolen,20
abduct,20
richard,20
spend,20
cover,20
psycholog,20
extrem,20
younger,20
accident,20
possess,20
show,20
wipe,19
emerg,19
lapd,19
across,19
top-secret,19
park,19
fill,19
research,19
driver,19
nazi,19
accus,19
increasingli,19
instal,19
vega,19
cash,19
passeng,19
feel,19
agre,19
class,19
inspector,19
peac,19
boyfriend,19
lost,19
hidden,19
realli,19
buri,19
stumbl,19
rape,19
writer,19
eventu,19
suddenli,19
master,19
seemingli,19
televis,19
thoma,18
threat,18
intellig,18
anyon,18
forev,18
depart,18
solv,18
dispatch,18
warrior,18
sadist,18
prepar,18
south,18
rise,18
betray,18
hostag,18
monster,18
viru,18
famou,18
diseas,18
demand,18
hour,18
allow,18
illeg,18
invad,18
cat-and-mous,18
enough,18
storm,18
hard,18
kong,18
wake,18
worker,18
mobster,18
abandon,18
embark,18
presenc,18
situat,18
babi,18
camp,18
director,18
simpl,18
colleagu,18
charli,18
twin,18
mark,18
chain,18
chao,17
businessman,17
respons,17
challeng,17
given,17
anni,17
financi,17
meanwhil,17
dare,17
leon,17
nearli,17
rais,17
casino,17
blackmail,17
plane,17
video,17
devic,17
enforc,17
mean,17
carter,17
reach,17
frighten,17
ring,17
remak,17
mani,17
brought,17
viciou,17
robert,17
psychologist,17
violenc,17
result,17
client,17
rachel,17
thiev,17
possibl,17
agenc,17
natur,16
disast,16
scene,16
francisco,16
aftermath,16
california,16
christian,16
regain,16
unexpect,16
seiz,16
hotel,16
church,16
mastermind,16
minut,16
perform,16
soviet,16
loyalti,16
ocean,16
infam,16
seduc,16
bizarr,16
hong,16
aveng,16
wait,16
area,16
martin,16
blind,16
horribl,16
priest,16
figur,16
price,16
rage,16
month,16
jake,16
door,16
torment,16
interest,16
medic,16
policeman,16
locat,16
jeff,16
doubl,16
actual,16
connect,16
explor,16
frame,16
earlier,16
strike,16
bloodi,16
alic,16
great,16
alter,16
contain,16
facil,16
devil,16
trail,16
alex,16
japanes,16
loos,16
warn,16
silenc,15
answer,15
connor,15
greatest,15
fighter,15
cours,15
intend,15
sarah,15
trust,15
refus,15
third,15
submarin,15
weekend,15
disturb,15
renegad,15
offici,15
wing,15
explos,15
curs,15
immedi,15
sleep,15
horrif,15
faith,15
sell,15
player,15
lethal,15
circumst,15
terribl,15
fortun,15
professor,15
lake,15
hole,15
deeper,15
will,15
shark,15
catch,15
care,14
sexual,14
push,14
district,14
imposs,14
termin,14
except,14
among,14
barney,14
christma,14
forest,14
imagin,14
mcclane,14
berlin,14
camera,14
chri,14
activ,14
artist,14
explain,14
morn,14
major,14
relentless,14
tough,14
univers,14
hero,14
profession,14
charg,14
teacher,14
chill,14
ladi,14
ordinari,14
goal,14
civil,14
second,14
surround,14
quit,14
mexico,14
america,14
diamond,14
sight,14
guard,14
anim,14
tale,14
exact,14
bullet,14
zone,14
rooki,14
ensu,14
brain,14
ex-con,14
approach,14
kate,14
expedit,14
lover,14
stand,14
link,14
uncl,14
edward,14
shot,13
global,13
sound,13
intens,13
code,13
genet,13
particip,13
effect,13
full,13
prey,13
citizen,13
adventur,13
shoot,13
negoti,13
horrifi,13
loss,13
born,13
trial,13
harbor,13
chicago,13
psychic,13
farm,13
rebel,13
matter,13
shadi,13
achiev,13
sign,13
stanley,13
launch,13
sequel,13
shadow,13
magic,13
squad,13
wound,13
account,13
project,13
news,13
suburban,13
ambiti,13
variou,13
desir,13
hijack,13
pick,13
knowledg,13
closer,13
attract,13
suspici,13
england,13
underworld,13
navi,13
bargain,13
mountain,13
charm,13
ground,13
rival,13
crack,13
scott,13
debt,13
psychopath,13
japan,13
invit,13
gruesom,13
fire,13
pilot,12
promin,12
drawn,12
batman,12
eight,12
seven,12
market,12
highli,12
spread,12
contract,12
sentenc,12
defend,12
engin,12
view,12
belov,12
program,12
boston,12
inform,12
henri,12
midst,12
divorc,12
treasur,12
georg,12
charact,12
river,12
beyond,12
match,12
prostitut,12
'the,12
retriev,12
vanish,12
problem,12
block,12
design,12
phone,12
cell,12
suspicion,12
ancient,12
arthur,12
public,12
safeti,12
trade,12
water,12
emot,12
rock,12
much,12
anna,12
vision,12
william,12
quiet,12
site,12
cult,12
brilliant,11
radic,11
featur,11
thug,11
nemesi,11
shadowi,11
rome,11
lurk,11
specialist,11
stake,11
complex,11
moonlight,11
freedom,11
instead,11
devast,11
simon,11
invas,11
incred,11
ahead,11
normal,11
matt,11
lure,11
vigilant,11
victorian,11
psychot,11
captiv,11
savag,11
punk,11
combat,11
immigr,11
complic,11
better,11
panic,11
newli,11
prime,11
version,11
direct,11
veng,11
whether,11
turner,11
shelter,11
derang,11
tens,11
certain,11
experienc,11
marriag,11
mous,11
institut,11
escal,11
common,11
word,11
chines,11
ride,11
deceas,11
rapidli,11
count,11
juli,11
sheriff,11
neighborhood,11
texa,11
urban,11
subject,11
settl,11
surpris,11
produc,11
defeat,11
cube,11
sibl,11
manipul,11
land,11
myer,11
legend,11
wilder,11
slowli,11
older,11
messag,11
laura,11
countrysid,11
pictur,11
resid,11
flee,11
befriend,11
potenti,10
enigmat,10
villain,10
consid,10
idea,10
arrang,10
feder,10
establish,10
attend,10
alreadi,10
centuri,10
accept,10
winter,10
sniper,10
sport,10
crisi,10
honor,10
told,10
popul,10
jeffrey,10
behavior,10
parol,10
mexican,10
legal,10
scienc,10
drama,10
elus,10
smith,10
holiday,10
provid,10
torn,10
held,10
draw,10
almost,10
modern,10
gold,10
drive,10
deliv,10
although,10
deni,10
talk,10
disgrac,10
blomkvist,10
awaken,10
sens,10
role,10
unfold,10
molli,10
murtaugh,10
marshal,10
idyl,10
exorc,10
robber,10
separ,10
blow,10
guest,10
tape,10
alli,10
motel,10
small-town,10
grace,10
expect,10
sourc,10
sullivan,10
singl,10
friendship,10
predat,10
analyst,10
poor,10
walk,10
foreign,10
blame,10
estat,10
feet,10
scheme,10
krueger,10
actor,10
summer,10
alway,10
steve,10
intent,10
shuttl,10
respect,10
cure,10
unfortun,10
emma,10
grisli,10
wonder,10
eric,10
destruct,10
photograph,10
diabol,10
theori,10
present,10
buddi,10
forg,10
jess,10
routin,10
catastroph,10
defens,10
hear,10
earli,10
sculli,10
riot,10
dirti,10
contact,10
robberi,10
gradual,10
grant,10
collaps,10
michel,10
detail,10
similar,10
initi,10
chad,10
maze,9
runner,9
built,9
magician,9
domin,9
unearth,9
focu,9
unimagin,9
season,9
high-stak,9
poker,9
grip,9
movement,9
process,9
finish,9
mercenari,9
deceit,9
central,9
interrog,9
australia,9
choos,9
elud,9
motiv,9
high-tech,9
document,9
action-pack,9
score,9
period,9
fiction,9
lewi,9
whole,9
stronger,9
luxuri,9
corner,9
futurist,9
tragedi,9
l.a.,9
dollar,9
gate,9
stash,9
washington,9
roam,9
reluct,9
rout,9
steven,9
vietnam,9
brown,9
startl,9
niec,9
english,9
field,9
technolog,9
quaid,9
fantasi,9
orlean,9
sole,9
longtim,9
exactli,9
unhing,9
wish,9
victor,9
chemic,9
understand,9
darker,9
harrow,9
await,9
collector,9
manhattan,9
method,9
romanc,9
nativ,9
australian,9
especi,9
adopt,9
shop,9
testifi,9
kingpin,9
biggest,9
employ,9
face-to-fac,9
piec,9
rampant,9
north,9
bishop,9
globe,9
sergeant,9
scandal,9
hill,9
eeri,9
guid,9
comic,9
previou,9
mansion,9
toward,9
photo,9
climber,9
record,9
louisiana,9
murphi,9
secretli,9
pursuit,9
onlin,9
cabin,9
handsom,9
realis,9
whilst,9
manhunt,9
awri,9
wolf,9
travi,9
carol,9
eccentr,9
spark,9
moon,9
actress,9
advanc,9
wood,9
social,9
chan,9
collect,9
valeri,9
peter,9
jacqu,9
tunnel,9
butcher,9
beat,9
fact,9
decad,9
europ,9
spiral,9
traumat,9
flight,9
talent,9
youth,9
intric,8
reli,8
glader,8
blade,8
assum,8
import,8
lone,8
virtual,8
trace,8
associ,8
commando,8
franc,8
throughout,8
thrown,8
hollywood,8
union,8
exchang,8
court,8
geniu,8
salt,8
duti,8
serv,8
greed,8
showdown,8
suppli,8
cole,8
1990,8
read,8
civilian,8
fianc,8
drifter,8
voyag,8
fugit,8
gain,8
extraordinari,8
surfac,8
touch,8
unchart,8
sexi,8
wors,8
miami,8
narcot,8
kidnapp,8
saland,8
creepi,8
cyru,8
mask,8
damien,8
assist,8
heroin,8
none,8
roxann,8
daniel,8
advantag,8
foot,8
peril,8
tourist,8
bourn,8
counterfeit,8
africa,8
germani,8
worst,8
went,8
compound,8
injur,8
ex-cop,8
guilt,8
saniti,8
subway,8
walter,8
sampl,8
expend,8
episod,8
doll,8
birthday,8
paranoia,8
knock,8
avoid,8
short,8
blofeld,8
missil,8
scientif,8
underwat,8
matthew,8
employe,8
resurrect,8
dedic,8
walker,8
stone,8
phenomena,8
occurr,8
susan,8
increas,8
nica,8
chucki,8
andi,8
grave,8
footag,8
entiti,8
wild,8
inspir,8
stage,8
maggi,8
diver,8
least,8
champion,8
cost,8
replac,8
unabl,8
julian,8
sara,8
affect,8
hitman,8
pregnant,8
element,8
devlin,8
german,8
unsuspect,8
explod,8
accompani,8
moscow,8
quarantin,8
physic,8
galina,8
pose,8
bore,8
somi,8
darko,8
celebr,8
irish,8
jacki,8
fund,8
altern,8
despit,8
eddi,8
unwittingli,8
mine,8
week,8
jill,8
requir,7
network,7
maintain,7
labyrinth,7
deadliest,7
sick,7
campu,7
gotham,7
media,7
allianc,7
britain,7
desol,7
landscap,7
ensur,7
kick,7
suppos,7
banker,7
reign,7
cyborg,7
destin,7
unwil,7
commiss,7
conflict,7
down,7
audienc,7
chosen,7
ethan,7
hang,7
cartel,7
vincent,7
condit,7
becam,7
button,7
itali,7
collid,7
nasa,7
renown,7
chest,7
declar,7
bloodthirsti,7
welcom,7
redempt,7
contend,7
object,7
region,7
christin,7
spectacular,7
astronaut,7
evad,7
hacker,7
circl,7
dougla,7
novelist,7
colorado,7
unstabl,7
merci,7
rigg,7
intrud,7
junior,7
samuel,7
spin,7
nine,7
satan,7
courag,7
mutat,7
swiss,7
unveil,7
cruel,7
scrambl,7
unawar,7
impenetr,7
damag,7
trevor,7
instructor,7
worth,7
tension,7
ransom,7
proof,7
conscious,7
studi,7
clash,7
truck,7
worri,7
surgeon,7
opportun,7
necessari,7
seduct,7
religi,7
equip,7
italian,7
conspir,7
west,7
bowden,7
teach,7
smuggl,7
guilti,7
beneath,7
tour,7
russia,7
scar,7
prowl,7
franchis,7
wage,7
maverick,7
southern,7
silent,7
cathol,7
traffick,7
refug,7
newborn,7
misfit,7
breed,7
menac,7
holli,7
trigger,7
marin,7
nightclub,7
singer,7
vengeanc,7
trilog,7
cave,7
josh,7
navig,7
biker,7
widow,7
readi,7
weather,7
lucr,7
stephen,7
divis,7
marco,7
callahan,7
co-work,7
bitter,7
escort,7
drone,7
unorthodox,7
cook,7
maniac,7
1960,7
enlist,7
spencer,7
birth,7
barri,7
jonah,7
press,7
botch,7
nanci,7
nearbi,7
activist,7
jennif,7
boat,7
anger,7
infect,7
border,7
transplant,7
waitress,7
inmat,7
easi,7
assembl,7
done,7
jail,7
ignor,7
petti,7
popular,7
unsolv,7
wilson,7
write,7
joel,7
corps,7
vctor,7
polli,7
post-apocalypt,6
came,6
satellit,6
clock,6
wick,6
took,6
front,6
warfar,6
senior,6
pleasur,6
harvey,6
dent,6
reput,6
overwhelm,6
endur,6
brook,6
maiden,6
vesper,6
sparrow,6
term,6
punish,6
robot,6
12-year-old,6
rivalri,6
partnership,6
nypd,6
seriou,6
overtaken,6
stunt,6
donovan,6
biolog,6
engag,6
charismat,6
ex-wif,6
limit,6
senat,6
turf,6
bobbi,6
comfort,6
snowi,6
capit,6
airport,6
thousand,6
erupt,6
benjamin,6
deton,6
access,6
content,6
wesley,6
aspir,6
rumor,6
whereabout,6
marseil,6
bomber,6
gather,6
rambo,6
crash-land,6
temporarili,6
adapt,6
mikael,6
immens,6
aristocrat,6
antiqu,6
predict,6
etern,6
repres,6
frustrat,6
doug,6
burnett,6
pretend,6
choic,6
nowher,6
sleepi,6
bone,6
chamber,6
mephistophel,6
accomplic,6
kershaw,6
deputi,6
gen.,6
hummel,6
disrupt,6
genuin,6
reaper,6
russel,6
anthoni,6
written,6
amnesia,6
fisherman,6
triad,6
onto,6
coup,6
handl,6
concern,6
exit,6
sixth,6
floor,6
environment,6
speak,6
17-year-old,6
slip,6
multipl,6
cocain,6
store,6
elderli,6
undergo,6
presidenti,6
bigger,6
stonebank,6
faster,6
minist,6
politician,6
roman,6
matrix,6
zion,6
signal,6
harden,6
skin,6
kind,6
volatil,6
unexpectedli,6
ryan,6
millennium,6
switch,6
harvard,6
barn,6
omin,6
cadi,6
error,6
funer,6
icon,6
trucker,6
kipp,6
slave,6
boomer,6
attent,6
kennedi,6
heather,6
smart,6
headquart,6
construct,6
transport,6
inherit,6
wealth,6
websit,6
smuggler,6
remark,6
fallon,6
swamp,6
paleontologist,6
epidem,6
insan,6
crazi,6
viral,6
outbreak,6
fend,6
hypnot,6
previous,6
hall,6
samantha,6
treat,6
pacif,6
note,6
section,6
ford,6
deviou,6
capabl,6
beckett,6
werewolf,6
grown,6
jean,6
treacher,6
broker,6
thrill,6
motion,6
lane,6
getaway,6
support,6
obtain,6
valuabl,6
unintend,6
mulder,6
shaw,6
honeymoon,6
picard,6
current,6
porter,6
passion,6
madman,6
loomi,6
particularli,6
recreat,6
jillian,6
erin,6
custodi,6
strip,6
ivan,6
playboy,6
prize,6
captor,6
relax,6
tall,6
assad,6
martha,6
kham,6
eleph,6
mallori,6
green,6
chief,6
principl,6
controversi,6
traine,6
danila,6
konstantin,6
winston,6
king,6
kirsti,6
fame,6
janitor,6
hatcher,6
hometown,6
taesik,6
donni,6
guitar,6
invest,6
sale,6
overcom,6
seclud,6
larg,6
psychiatr,6
nurs,6
tenant,6
academi,6
boogeyman,6
orbit,6
carniv,6
fascin,6
karen,6
unspeak,6
romant,6
puzzl,6
eastern,6
pierr,6
hate,6
date,6
clan,6
energi,6
luthan,6
cutler,6
deposit,5
eras,5
climat,5
symbol,5
mass,5
rebellion,5
roommat,5
boundari,5
pain,5
subsequ,5
brand,5
tear,5
espionag,5
subconsci,5
darkest,5
superior,5
theme,5
fake,5
schedul,5
unborn,5
mechan,5
earn,5
bound,5
ross,5
opposit,5
dutch,5
gordon,5
reconcil,5
loop,5
franci,5
spain,5
cast,5
dramat,5
yorker,5
throw,5
descend,5
nervou,5
util,5
less,5
ethic,5
valu,5
closest,5
dewitt,5
april,5
ticket,5
guardian,5
grasp,5
reunit,5
heroic,5
quan,5
hotshot,5
occupi,5
overpopul,5
lifestyl,5
unlucki,5
equal,5
summon,5
sidelin,5
knew,5
invent,5
self,5
swept,5
rememb,5
independ,5
lust,5
institution,5
thailand,5
skeptic,5
drag,5
novel,5
shape,5
procedur,5
blur,5
regan,5
marcu,5
policemen,5
brooklyn,5
roger,5
hollow,5
culprit,5
fragil,5
glass,5
sanctuari,5
extort,5
mason,5
alcatraz,5
paid,5
inhabit,5
copi,5
unscrupul,5
physician,5
cold-blood,5
consum,5
appeal,5
high-profil,5
alongsid,5
excit,5
custom,5
examin,5
gambl,5
upsid,5
lynn,5
pawn,5
bodyguard,5
cloak,5
swat,5
sensat,5
occup,5
kale,5
confin,5
ronni,5
dean,5
incrimin,5
quentin,5
perspect,5
leagu,5
endang,5
reloc,5
remaind,5
jump,5
townspeopl,5
statu,5
provok,5
harsh,5
cloud,5
mist,5
identifi,5
expens,5
transfer,5
olympu,5
lang,5
drown,5
claustrophob,5
speed,5
pupil,5
level,5
notic,5
luca,5
fanat,5
ambassador,5
economi,5
magazin,5
immort,5
graduat,5
filmmak,5
angri,5
youngest,5
sear,5
simul,5
giant,5
revolv,5
racer,5
sort,5
total,5
doom,5
unfinish,5
cultur,5
revel,5
cover-up,5
shake,5
freak,5
aggress,5
taunt,5
conscienc,5
unwit,5
shore,5
publish,5
alzheim,5
lifetim,5
spine-tingl,5
asylum,5
string,5
wander,5
cohort,5
tokyo,5
internet,5
cain,5
orchid,5
crocodil,5
diplomat,5
1976,5
cotten,5
treatment,5
colombian,5
profil,5
flood,5
post,5
gift,5
sure,5
cant,5
jenni,5
double-cross,5
sprawl,5
port,5
staff,5
felon,5
forens,5
apprehend,5
thrill-seek,5
blue,5
musician,5
aboard,5
lauri,5
suit,5
halloween,5
everyday,5
reclus,5
reggi,5
homeless,5
millionair,5
hundr,5
sociopath,5
spree,5
recal,5
sudden,5
sandra,5
luci,5
dread,5
wall,5
miller,5
restaur,5
thai,5
colonel,5
inadvert,5
contractor,5
wave,5
sacrific,5
armor,5
deform,5
infant,5
cope,5
mole,5
ming,5
chen,5
skull,5
outwit,5
elvi,5
imperson,5
lionel,5
solomon,5
gray,5
wire,5
damm,5
ritual,5
warden,5
disguis,5
beast,5
mistress,5
tanker,5
climb,5
henchmen,5
august,5
perhap,5
backdrop,5
depth,5
wright,5
retain,5
castl,5
toni,5
check,5
color,5
peterson,5
luck,5
deaf,5
imag,5
nine-year-old,5
newcom,5
paranorm,5
adult,5
firm,5
jone,5
valentin,5
embroil,5
elabor,5
pack,5
shockingli,5
burn,5
museum,5
codi,5
east,5
reviv,5
cameraman,5
trauma,5
fast,5
wwii,5
china,5
clean,5
european,5
crystal,5
oliv,5
mutual,5
tommi,5
largo,5
bright,5
santa,5
music,5
mayhem,5
documentari,5
milo,5
decis,5
fierc,5
kindler,5
liam,5
kira,5
trench,5
worldwid,4
roof,4
skynet,4
capitol,4
long-buri,4
earthquak,4
paper,4
inexperienc,4
inner,4
implant,4
ture,4
bleak,4
wckd,4
vastli,4
jurass,4
isla,4
fulli,4
function,4
hammond,4
taxi,4
neither,4
chaotic,4
chiffr,4
dominika,4
egorova,4
injuri,4
cleaner,4
next-door,4
loose-cannon,4
mathilda,4
guild,4
oath,4
dictat,4
scout,4
engulf,4
supremaci,4
jealousi,4
invis,4
trophi,4
joker,4
nazi-occupi,4
basterd,4
specif,4
reich,4
rain,4
royal,4
gari,4
doubt,4
heiress,4
culmin,4
defus,4
balanc,4
size,4
surreal,4
volunt,4
overli,4
interraci,4
syndic,4
inflict,4
concentr,4
bukat,4
1912,4
titan,4
ruth,4
15th,4
outwardli,4
fantast,4
mose,4
conting,4
1979,4
techniqu,4
2005,4
drop,4
elysium,4
secretari,4
jodi,4
preserv,4
doesnt,4
polar,4
illusionist,4
looper,4
breath,4
verbal,4
archaeologist,4
valentina,4
deliveri,4
literatur,4
colter,4
experiment,4
missionari,4
asid,4
war-torn,4
gypsi,4
lift,4
straight,4
invinc,4
swedish,4
pierc,4
tattoo,4
cameron,4
rather,4
inexplic,4
endless,4
lara,4
relic,4
suggest,4
anderton,4
confer,4
coma,4
tast,4
murdock,4
superhuman,4
sharp,4
cohaagen,4
ferri,4
compos,4
willi,4
superstit,4
nose,4
somewhat,4
crippl,4
powerless,4
distraught,4
crane,4
raoul,4
blaze,4
fieri,4
adrian,4
slain,4
spur,4
double-d,4
worship,4
townsfolk,4
bloodlust,4
softwar,4
tatiana,4
venic,4
brink,4
neck,4
allegi,4
calli,4
wile,4
cataclysm,4
newspap,4
col.,4
esther,4
mild-mann,4
upcom,4
indonesian,4
insomnia,4
punch,4
allen,4
polici,4
unbeknownst,4
peck,4
housewif,4
happili,4
strength,4
regular,4
caller,4
tracker,4
extra-terrestri,4
barbara,4
trader,4
individu,4
tech-savvi,4
expertis,4
adam,4
cassandra,4
depict,4
freed,4
nasti,4
triniti,4
rooney,4
parallel,4
materi,4
crumbl,4
lack,4
hack,4
encrypt,4
otherworldli,4
devot,4
concoct,4
riski,4
canadian,4
supervis,4
egyptian,4
gene,4
currenc,4
retreat,4
apparit,4
rebirth,4
smarter,4
roan,4
purg,4
derail,4
pattern,4
manner,4
acquit,4
oversea,4
frantic,4
weaponri,4
cale,4
paramilitari,4
gummer,4
flesh-eat,4
entrepreneur,4
scam,4
reliv,4
austin,4
julia,4
muscl,4
ex-partn,4
taylor,4
faberg,4
riddick,4
delv,4
sunk,4
instruct,4
squar,4
asian,4
implic,4
pink,4
wrap,4
campaign,4
escobar,4
surfer,4
appoint,4
newlyw,4
mankind,4
prehistor,4
pool,4
2010,4
1999,4
sierra,4
domest,4
awar,4
shootout,4
ranger,4
fallen,4
lenni,4
practic,4
katherin,4
aquatica,4
capac,4
mimic,4
toughest,4
introduc,4
tool,4
bride,4
deprav,4
korea,4
draven,4
raptur,4
fuller,4
matur,4
ideal,4
brave,4
poison,4
insect,4
feroci,4
headhunt,4
hard-nos,4
robocop,4
cane,4
prototyp,4
1962,4
bottl,4
joseph,4
western,4
dust,4
beach,4
spyder,4
miracul,4
serbian,4
lawrenc,4
mistaken,4
femm,4
lynch,4
reno,4
rivet,4
random,4
rebelli,4
cycl,4
cavern,4
creep,4
kabl,4
phil,4
maddi,4
bulli,4
denni,4
congressman,4
clever,4
eisenheim,4
crown,4
tailspin,4
upper,4
treasuri,4
hurrican,4
longer,4
life-or-death,4
dire,4
fulfil,4
brief,4
influenc,4
paint,4
zero,4
simpli,4
outlaw,4
riker,4
reed,4
x-file,4
fals,4
vault,4
mentor,4
gulf,4
1950,4
bison,4
conduct,4
sink,4
berserk,4
romulan,4
shinzon,4
territori,4
retribut,4
brad,4
carolina,4
amazon,4
beck,4
yakuza,4
bennel,4
belt,4
favorit,4
suav,4
tabloid,4
desk,4
jewish,4
jung,4
sabina,4
file,4
yorkin,4
nake,4
craft,4
tonight,4
tong,4
jami,4
said,4
huge,4
gunsling,4
slay,4
megan,4
bell,4
recoveri,4
snow,4
conni,4
liter,4
sweep,4
beckert,4
seedi,4
grief,4
paranoid,4
backseat,4
thrust,4
calcul,4
resort,4
either,4
rough,4
rampag,4
connecticut,4
regard,4
marion,4
juliet,4
landlord,4
seoul,4
tobacco,4
industri,4
atenton,4
resum,4
madam,4
cathi,4
extract,4
unless,4
vatican,4
state-of-the-art,4
consult,4
integr,4
grand,4
defi,4
norma,4
simultan,4
marsh,4
creation,4
well-known,4
geologist,4
underneath,4
tretiak,4
templar,4
formula,4
snap,4
ingeni,4
convent,4
zane,4
chechen,4
polish,4
channard,4
phenomenon,4
hungri,4
blast,4
flame,4
slight,4
agenda,4
deer,4
anonym,4
intertwin,4
preacher,4
loner,4
eaten,4
depress,4
mid-western,4
harass,4
mann,4
rusti,4
briefcas,4
radio,4
mariachi,4
mistak,4
airplan,4
casey,4
converg,4
ministri,4
steed,4
mrs.,4
dinner,4
bend,4
queen,4
oxford,4
hedg,4
empir,4
1930,4
sooke,4
hideko,4
proceed,4
diana,4
pleas,4
ration,4
quietli,4
insur,4
award,4
winner,4
tower,4
qualiti,4
laden,4
pakistani,4
impostor,4
o'neil,4
laid,4
african,4
amidst,4
strauss,4
bust,4
lili,4
sewer,4
cargo,4
mutant,4
rebecca,4
forget,4
shatter,4
fiance,4
hanssen,4
suspens,4
ward,4
confid,4
rural,4
burglar,4
purpos,4
helen,4
climax,4
coast,4
grandmoth,4
backpack,4
tangl,4
merciless,4
moor,4
lieuten,4
griffin,4
reunion,4
entangl,4
allegedli,4
athlet,4
aunt,4
khan,4
lutz,4
club,4
malevol,4
gerri,4
alcohol,4
1970,4
counselor,4
alaska,4
chip,4
wayn,4
mesrin,4
rhoda,4
glori,4
persuad,4
1974,4
norman,4
bate,4
holm,4
loyal,4
mayor,4
decept,4
emili,4
wade,4
carlo,4
legion,4
imprison,4
magnet,4
wind,4
unusu,4
patricia,4
aubrey,4
fleme,4
mortal,4
richest,4
jane,4
gambler,4
billi,4
terri,4
vice,4
durga,4
metro,4
telli,4
becki,4
mccoy,4
hostil,4
nathan,4
host,4
supplier,3
thirti,3
rick,3
steel,3
interview,3
grey,3
finest,3
knight,3
circu,3
payment,3
portray,3
twenty-two,3
competitor,3
21st,3
safeguard,3
indestruct,3
uncertain,3
caretak,3
dismantl,3
luther,3
magnitud,3
mistakenli,3
upstat,3
progress,3
unmask,3
roll,3
depend,3
freeman,3
brock,3
departur,3
sci-fi,3
constantli,3
humbl,3
vendetta,3
backward,3
legitim,3
taliban,3
foster,3
cocki,3
doormat,3
belong,3
interpol,3
temptat,3
mythic,3
multi-million,3
revolutionari,3
constitut,3
regim,3
dame,3
bookish,3
decor,3
hardli,3
davidson,3
chauffeur,3
english-languag,3
patriarch,3
rotten,3
airborn,3
hand-to-hand,3
powel,3
factori,3
surveil,3
macneil,3
befal,3
georgetown,3
karra,3
prolif,3
conlon,3
pasta,3
chose,3
sheldon,3
wilk,3
miseri,3
chastain,3
wheat,3
jensen,3
madli,3
bruner,3
goon,3
buttoned-down,3
unnecessari,3
ichabod,3
behead,3
headless,3
horseman,3
unscath,3
elijah,3
render,3
brownston,3
break-in,3
altman,3
burnham,3
focal,3
autobot,3
decepticon,3
optimu,3
cyclist,3
sadli,3
pure-heart,3
simpson,3
go-get,3
fabl,3
'ghost,3
rider,3
lugo,3
musclemen,3
asset,3
kimbl,3
gerard,3
goodspe,3
urgent,3
patrick,3
repar,3
servicemen,3
uncanni,3
onslaught,3
scourg,3
pounc,3
mayan,3
oppress,3
all-expenses-paid,3
kingdom,3
folklor,3
grimm,3
enchant,3
motley,3
peculiar,3
insati,3
voice-id,3
tech,3
spectr,3
rosa,3
snatch,3
istanbul,3
dalton,3
hast,3
'fixer,3
life-threaten,3
johnson,3
trick,3
column,3
dodg,3
clau,3
hitler,3
self-destruct,3
motorcycl,3
strain,3
northern,3
apprentic,3
baffl,3
list,3
run-down,3
untouch,3
raid,3
spotter,3
assault,3
drastic,3
assess,3
humankind,3
ashley,3
ambit,3
assur,3
theft,3
tarantino,3
nobl,3
high-secur,3
helpless,3
gentl,3
ex-convict,3
envelop,3
main,3
five-year-old,3
conceal,3
face-off,3
booth,3
healthi,3
reserv,3
respond,3
style,3
polanski,3
iraq,3
iraqi,3
super,3
somehow,3
channel,3
ralli,3
plastic,3
warren,3
malici,3
gabriel,3
administr,3
realm,3
1981,3
expand,3
decay,3
peer,3
telekinesi,3
revolut,3
next-gener,3
hitchcock,3
titl,3
stewart,3
not-too-dist,3
keeper,3
distress,3
posit,3
reimagin,3
physicist,3
branch,3
elect,3
elimin,3
precis,3
rancher,3
environ,3
ventur,3
premier,3
jealou,3
survivalist,3
impress,3
stella,3
covertli,3
arrog,3
bounti,3
hitch,3
johnathan,3
glimps,3
dress,3
eclips,3
look-alik,3
hi-tech,3
gumsho,3
bosnian,3
divid,3
mari,3
maria,3
core,3
enhanc,3
persist,3
intrus,3
resourc,3
appar,3
demis,3
kristen,3
foul,3
newfound,3
plumb,3
transcend,3
sometim,3
ex-mercenari,3
amid,3
peak,3
canyon,3
disc,3
meticul,3
thesi,3
biblic,3
outpost,3
frozen,3
smile,3
mayb,3
afflict,3
unrel,3
unlock,3
letter,3
pedophil,3
homemak,3
bump,3
pharmaceut,3
greater,3
wise-crack,3
thorn,3
deploy,3
stray,3
vessel,3
danish,3
austria,3
chum,3
interfer,3
one-by-on,3
alarm,3
colombia,3
plenti,3
succeed,3
bosnia,3
hunger,3
snake,3
confirm,3
recur,3
relat,3
subterfug,3
christ,3
largest,3
tropic,3
terrain,3
flash,3
sake,3
round,3
dispos,3
tumbl,3
wont,3
cutter,3
wreck,3
rediscov,3
freez,3
accomplish,3
nerd,3
davi,3
kept,3
2009,3
malfunct,3
maximum,3
plummer,3
manufactur,3
classifi,3
compromis,3
unconsci,3
unconvent,3
racetrack,3
odyssey,3
congo,3
jean-luc,3
enterpris,3
nobodi,3
parker,3
anderson,3
exploit,3
saddl,3
consist,3
exam,3
confus,3
submit,3
artifact,3
mariana,3
steeli,3
disciplin,3
frankenstein,3
clairvoy,3
northeast,3
collar,3
technic,3
stubborn,3
admit,3
virgin,3
often,3
mirror,3
gateway,3
enrol,3
driven,3
spell,3
parrish,3
hound,3
goodby,3
screen,3
height,3
doyl,3
confeder,3
joan,3
hercul,3
poirot,3
panick,3
helena,3
bullock,3
lonesom,3
scottish,3
plead,3
mrck,3
testimoni,3
influenti,3
flashback,3
cobbl,3
spaciou,3
handi,3
remov,3
olymp,3
wrestl,3
quaint,3
audit,3
bangkok,3
sidney,3
trunk,3
snuff,3
paralyz,3
signatur,3
kane,3
colin,3
hopkin,3
high-rol,3
reaction,3
disastr,3
sympathi,3
gorgeou,3
vast,3
aircraft,3
retel,3
depriv,3
creator,3
bear,3
irrevoc,3
bestow,3
somewher,3
scare,3
counterpart,3
dian,3
aris,3
feed,3
luke,3
select,3
bred,3
wonderland,3
spanish,3
montana,3
option,3
there,3
mile,3
guerrilla,3
grifter,3
cenobit,3
damn,3
began,3
today,3
brood,3
frequent,3
stalker,3
seed,3
arsonist,3
torch,3
curiou,3
hell-bent,3
solut,3
minor,3
discuss,3
type,3
repeatedli,3
easili,3
mistrust,3
attach,3
deepli,3
wrath,3
surprisingli,3
nocturn,3
epic,3
genr,3
spiritu,3
penchant,3
commenc,3
request,3
undead,3
highway,3
suburb,3
californian,3
auto,3
seizur,3
liaison,3
unforgiv,3
psycho,3
tradit,3
visitor,3
disgruntl,3
ryback,3
vital,3
storylin,3
shakespear,3
magnat,3
angela,3
stuck,3
maid,3
pickpocket,3
anniversari,3
collis,3
systemat,3
stole,3
claud,3
reorgan,3
huston,3
rush,3
protagonist,3
corey,3
health,3
poorli,3
shut,3
ditch,3
horn,3
psychoanalyst,3
confess,3
2001,3
hawk,3
dash,3
1958,3
afford,3
narrowli,3
milit,3
margaret,3
disput,3
autist,3
vacation,3
architect,3
twelv,3
clown,3
cheat,3
hike,3
bronx,3
2008,3
boxer,3
oppon,3
ewan,3
griev,3
detroit,3
fonda,3
tyler,3
humili,3
unexplain,3
nightmarish,3
therapist,3
clair,3
intrigu,3
stylish,3
fifteen,3
loui,3
volcano,3
poignant,3
joey,3
habit,3
atom,3
marybeth,3
clutch,3
bayou,3
advic,3
bill,3
divers,3
overnight,3
insist,3
degener,3
brodi,3
pressur,3
unthink,3
samurai,3
exclus,3
foundat,3
credit,3
crate,3
farrel,3
butler,3
skydiv,3
shipment,3
coriolanu,3
pete,3
companion,3
slaughter,3
clone,3
phantom,3
acquaint,3
campbel,3
idealist,3
penn,3
merrin,3
excav,3
drew,3
classmat,3
unauthor,3
martial-art,3
fergu,3
miranda,3
prospect,3
cruis,3
exil,3
hellish,3
legaci,3
moment,3
philip,3
pennsylvania,3
drink,3
clouseau,3
boyl,3
humor,3
failur,3
emil,3
toxic,3
mendez,3
lifelong,3
carmen,3
broken,3
voorhe,3
leak,3
sweet,3
faulti,3
keong,3
absenc,3
suzann,3
cousin,3
porn,3
stealth,3
kelli,3
templ,3
down-on-his-luck,3
fresh,3
racial,3
highest,3
reason,3
orphan,3
seasid,3
clandestin,3
tabl,3
hatch,3
prequel,3
alicia,3
jacob,3
nois,3
reev,3
surgeri,3
denker,3
irrespons,3
amaz,3
reactor,3
dove,3
promot,3
mandi,3
absolut,3
absent,3
unwant,3
emin,3
safecrack,3
ill-gotten,3
extinct,3
quick,3
taut,3
fundamentalist,3
reilli,3
zaid,3
loft,3
dane,3
ripley,3
cooper,3
lacey,3
amaia,3
combin,3
rynn,3
incarcer,3
beverli,3
financ,3
shepard,3
lisa,3
fashion,3
byung-du,3
unsur,3
laurel,3
hannay,3
flat,3
saya,3
derek,3
skinhead,3
lina,3
fred,3
benyon,3
silver,3
starr,3
'charli,3
mitch,3
na-mi,3
shahid,3
pinhead,3
jupit,3
unpreced,2
geostorm,2
ex-hitman,2
sleight,2
caesar,2
wckd-control,2
2029,2
offens,2
tecom,2
katniss,2
everdeen,2
autocrat,2
deckard,2
rescue-chopp,2
anastasia,2
headlong,2
procliv,2
selina,2
kyle,2
bane,2
resurfac,2
spotlight,2
beatric,2
prior,2
cobb,2
incept,2
cryptanalyst,2
alan,2
nail-bit,2
code-break,2
cypher,2
bletchley,2
scorch,2
obstacl,2
nublar,2
dinosaur,2
envis,2
viewer,2
sommerset,2
novic,2
mill,2
scoff,2
2257,2
unintent,2
weekli,2
notch,2
montenegro,2
lynd,2
felix,2
leiter,2
tyrann,2
supercomput,2
teleport,2
1984,2
insurg,2
hegemoni,2
human-resist,2
prima,2
ballerina,2
harmless,2
someoneor,2
somethingbegin,2
lieor,2
judgment,2
radar,2
steer,2
t-1000,2
now-adult,2
custodian,2
footstep,2
newer,2
protector,2
torranc,2
overlook,2
wendi,2
knife,2
enthusiast,2
heavi,2
demolitionist,2
life-long,2
airmen,2
guerilla,2
blend,2
occasion,2
jewish-american,2
scalp,2
aldo,2
french-jewish,2
theater,2
quantum,2
solac,2
wisecrack,2
single-handedli,2
wheelman,2
rudolf,2
abel,2
stickel,2
chimera,2
evelyn,2
swore,2
defector,2
going-away,2
skyscrap,2
2035,2
1996,2
kathryn,2
railli,2
goin,2
monkey,2
accommod,2
janu,2
goldeney,2
bad-guy,2
butt,2
carver,2
hand-pick,2
tess,2
overcrowd,2
12-hour,2
free-for-al,2
indefinit,2
eugen,2
gattaca,2
whitey,2
bulger,2
101-year-old,2
granddaught,2
lizzi,2
calvert,2
lovett,2
bodin,2
buell,2
anatoli,2
mikailavich,2
keldysh,2
10th,2
upper-class,2
caledon,2
hockley,2
dawson,2
fabrizio,2
rossi,2
third-class,2
02:20,2
c.i.a,2
portabl,2
off-duti,2
smart-mouth,2
revenge-fuel,2
senseless,2
politically-motiv,2
corleon,2
forgiv,2
proteg,2
asteroid,2
honcho,2
truman,2
drill,2
driller,2
stamper,2
helm,2
cocksur,2
otherwis,2
sublim,2
june,2
ahmad,2
shah,2
ferrier,2
dockwork,2
less-than-perfect,2
lightn,2
2159,2
pristin,2
man-mad,2
ruin,2
rhode,2
ofcial,2
anti-immigr,2
damon,2
daunt,2
distract,2
gibson,2
leather-clad,2
sexpot,2
draft,2
hone,2
innat,2
reward,2
avail,2
bleed,2
kint,2
keyser,2
soze,2
pedro,2
prowess,2
jefferson,2
franklin,2
embed,2
seren,2
totalitarian,2
beckon,2
brokenheart,2
hard-boil,2
glove,2
ukranian,2
odessa,2
intercept,2
carpent,2
commut,2
enabl,2
re-liv,2
behalf,2
ex-green,2
beret,2
salween,2
extens,2
loan,2
once-promis,2
brash,2
gorilla,2
thade,2
policymak,2
stieg,2
larsson,2
weari,2
lisbeth,2
acrophobia,2
basket,2
barf,2
grissom,2
just-releas,2
croft,2
tomb,2
raider,2
crop,2
'precrim,2
late-21st,2
quarri,2
biologist,2
stazi,2
dwell,2
scent,2
textur,2
perceiv,2
downtrodden,2
daredevil,2
rekal,2
mind-trip,2
super-spi,2
chancellor,2
carlin,2
time-shift,2
capsul,2
elementari,2
doublecross,2
reuben,2
tishkoff,2
explicit,2
hen-peck,2
lowri,2
foot-loos,2
fanci,2
reclaim,2
consign,2
klebb,2
kronsteen,2
decod,2
lektor,2
ravish,2
willingli,2
frazier,2
depp,2
elsi,2
angelina,2
joli,2
zimmer,2
jrme,2
sall,2
reconstruct,2
world-class,2
embassi,2
fist,2
isabella,2
showroom,2
underw,2
cheap,2
small-tim,2
blackbriar,2
upgrad,2
treadston,2
stir,2
erad,2
stauffenberg,2
adolf,2
fhrer,2
brennan,2
argument,2
fingerprint,2
negat,2
rocki,2
9-year,2
void,2
recently-stillborn,2
jigsaw,2
amanda,2
puppet-mast,2
denlon,2
reinhart,2
chessboard,2
childbirth,2
midwif,2
journal,2
prescript,2
anxieti,2
jakarta,2
slum,2
bravest,2
pre-dawn,2
uwai,2
evolut,2
klaatu,2
shall,2
extermin,2
machinist,2
reznik,2
lathe-oper,2
hazard,2
fatigu,2
weird,2
woodi,2
satir,2
tenni,2
palm,2
sweat,2
stalin-era,2
leadership,2
pocket,2
full-length,2
rodriguez,2
two-film,2
trailer,2
catapult,2
unforeseen,2
supermodel,2
pooch,2
floorboard,2
ex-rad,2
gunshot,2
rotweil,2
well-educ,2
flaw,2
diego,2
exasper,2
'escape-proof,2
undaunt,2
rooftop,2
thin,2
barren,2
soundstag,2
stylishli,2
minimalist,2
two-fac,2
favor,2
flare,2
contempt,2
dogvil,2
mathematician,2
lovelessli,2
migr,2
christina,2
upper-middle-class,2
jordan,2
irretriev,2
dens,2
drayton,2
groceri,2
garber,2
infilitr,2
slick,2
publicist,2
laser,2
rifl,2
cancer,2
retak,2
avert,2
six-memb,2
thorson,2
conrad,2
co-found,2
old-school,2
versu,2
long-hidden,2
memoir,2
coffin,2
lighter,2
indic,2
omen,2
stronghold,2
superpow,2
degre,2
pre-cognit,2
sentinel,2
morpheu,2
advis,2
oracl,2
keymak,2
recurr,2
delet,2
president-elect,2
wireless,2
co-e,2
adrenaline-fuel,2
repent,2
tricked-out,2
synthet,2
withstand,2
guinea,2
penthous,2
extramarit,2
lorrain,2
shear,2
mitt,2
billion,2
mainfram,2
jobson,2
n'er-do-wel,2
lambert,2
statist,2
gestur,2
iranian,2
boil,2
'exfiltr,2
destro,2
cobra,2
widescreen,2
technicolor,2
1934,2
dori,2
morocco,2
necess,2
'time,2
archnemesi,2
ernst,2
mountaintop,2
contessa,2
traci,2
draco,2
staf,2
raimi,2
kenan,2
contempor,2
symbologist,2
langdon,2
brotherhood,2
illuminati,2
formid,2
macray,2
monitor,2
burgeon,2
charlen,2
repeat,2
02:22,2
proud,2
cigar-smok,2
bible-quot,2
rapist,2
fourteen,2
illiter,2
gotten,2
cagey,2
bibliophil,2
sold,2
archenemi,2
catacomb,2
impact,2
mi-7,2
high-pow,2
gadget,2
once-disgrac,2
organis,2
redeem,2
tarnish,2
sawyer,2
heavili,2
burt,2
nev.,2
worm,2
newest,2
graboid,2
riddl,2
pound,2
one-two,2
quid,2
druggi,2
rock-star,2
slice,2
hottest,2
unwind,2
shanna,2
arlen,2
stuntman,2
leer,2
wheel,2
street-rac,2
york-to-lo,2
cross-countri,2
gauntlet,2
supercharg,2
vehicl,2
factor,2
southwestern,2
mostow,2
priceless,2
uneas,2
2004,2
scariest,2
backyard,2
gunnison,2
facehugg,2
hybrid,2
alien/pred,2
maroon,2
utter,2
rama,2
breakthrough,2
definit,2
afterlif,2
countless,2
reset,2
acolyt,2
bahama,2
karla,2
tyrel,2
bronson,2
combust,2
sing,2
getz,2
smart-aleck,2
butter,2
e-mail,2
scarf,2
snowman,2
breach,2
segreg,2
ludlow,2
disillus,2
focus,2
coastal,2
brass,2
1969,2
strategist,2
kopechn,2
18th,2
plea,2
pablo,2
archdioces,2
darren,2
cirqu,2
wolf-man,2
beard,2
paranoia-fuel,2
unsuccess,2
darkli,2
provoc,2
disapprov,2
tightli,2
watchdog,2
nightli,2
patrol,2
golden,2
engrav,2
smash,2
scaramanga,2
unjust,2
offend,2
courtesi,2
mandatori,2
minimum,2
lenienc,2
opportunist,2
joann,2
keeghan,2
atlant,2
hugo,2
drax,2
domain,2
grandmother.aft,2
root,2
lavish,2
dank,2
cellar,2
buoy,2
victoria,2
blood-thirsti,2
piranha,2
swim,2
singular,2
anti-technolog,2
murder-and-mayhem-lov,2
ghetto,2
ex-thug,2
neutron,2
keller,2
samara,2
mend,2
overtak,2
conscript,2
swath,2
bloodsh,2
countrywid,2
unnatur,2
tenuou,2
neil,2
mccauley,2
top-notch,2
hanna,2
recogn,2
1991,2
gunmen,2
gabe,2
aron,2
ralston,2
boulder,2
utah,2
nero,2
data-disc,2
whirl,2
meant,2
sweden,2
underag,2
morrissey,2
appli,2
debunk,2
overrun,2
refuel,2
mcalest,2
mako,2
harvest,2
tissu,2
backer,2
lloyd,2
antarctica,2
elat,2
flourish,2
craven,2
bleakest,2
collus,2
erron,2
therapeut,2
facilit,2
session,2
all-too-familiar,2
isnt,2
barclay,2
all-grown-up,2
tiffani,2
long-ago,2
devilish,2
express,2
busan,2
bank-rob,2
blueprint,2
million-dollar,2
thirst,2
guitarist,2
crow,2
hannon,2
14-year,2
32-year,2
caitlin,2
honesdal,2
rice,2
krispi,2
flower,2
two-fist,2
borneo,2
upriv,2
nest,2
anaconda,2
voraci,2
fifty-foot-long,2
miscarriag,2
gregori,2
nuke,2
god-deliri,2
replic,2
issu,2
faxx,2
float,2
adrift,2
bere,2
salvag,2
jutland,2
deciph,2
angl,2
true-crim,2
postwar,2
vienna,2
pulp,2
penniless,2
lime,2
maj.,2
calloway,2
head-over-heel,2
grief-stricken,2
crawford,2
calif.,2
macmanu,2
sheep,2
ireland,2
nicknam,2
adversari,2
estrada,2
brandon,2
reconnaiss,2
outrun,2
hangman,2
talbot,2
amend,2
bitten,2
flesh,2
temblor,2
quak,2
expel,2
penal,2
coloni,2
doomsday,2
mutini,2
happi,2
burrough,2
tooth,2
fairi,2
benoit,2
magimel,2
christoph,2
crimson,2
usher,2
mimick,2
apostl,2
nieman,2
religion,2
pave,2
garrison,2
hotspot,2
action-thril,2
sanctum,2
mcguir,2
roxburgh,2
esa-ala,2
wakefield,2
hurley,2
ioan,2
gruffudd,2
dwindl,2
unavoid,2
mind-control,2
multiplay,2
on-lin,2
slayer,2
mass-scal,2
9-years-old,2
turbul,2
meth,2
arena,2
colt,2
octopu,2
antarct,2
steam,2
observ,2
solitud,2
castaway,2
unflapp,2
collin,2
appointe,2
chairman,2
committe,2
overse,2
assistant/mistress,2
seventeen-year-old,2
betroth,2
princ,2
tumult,2
monarchi,2
ignit,2
reinvigor,2
u-boat,2
'enigma,2
louis,2
thelma,2
aspect,2
self-strength,2
categori,2
mint,2
performer-turned-snitch,2
israel,2
skier,2
chairlift,2
badli,2
wikileak,2
founder,2
assang,2
domscheit-berg,2
growth,2
irrepar,2
rift,2
mercenary..,2
commission,2
2013,2
marathon,2
city-wid,2
profess,2
chanteus,2
crossfir,2
sight-restor,2
manor,2
mattei,2
garag,2
mezzo-mezzo,2
purport,2
cancer-afflict,2
misdemeanor,2
hooch,2
dana,2
sorrow,2
sandhoff,2
drummi,2
monica,2
banan,2
pertain,2
runaway,2
kenji,2
long-lost,2
lockout,2
ex-govern,2
outer,2
shane,2
repay,2
fought,2
juror,2
kristi,2
inescap,2
horrifyingli,2
dozen,2
racin,2
casework,2
immin,2
ambush,2
raymond,2
then-captain,2
vice-presidenti,2
nomine,2
kuwait,2
brainwash,2
manchurian,2
kubrick,2
recognit,2
ex-prison,2
monetari,2
chun-li,2
crime-fight,2
expans,2
unexplor,2
ulterior,2
deanna,2
troi,2
betaz,2
starfleet,2
human-back,2
remu,2
right-hand,2
colonia,2
dignidad,2
sect,2
babysit,2
ridicul,2
brenda,2
daryl,2
berri,2
earthli,2
reservoir,2
tail,2
payback,2
candid,2
mctiernan,2
casanova,2
strong-wil,2
mouthi,2
brazilian,2
disposit,2
muster,2
tyrant,2
photojournalist,2
d.c.,2
driscol,2
unfeel,2
grotesqu,2
short-ord,2
economically-depress,2
rust,2
'scorpio,2
take-no-prison,2
scorpio,2
nail,2
haddonfield,2
stab,2
slash,2
interwoven,2
princip,2
prank,2
uninvit,2
kray,2
orchestr,2
racket,2
leonard,2
nipper,2
heel,2
rapid,2
notorieti,2
sportsman,2
armacost,2
fade,2
hydrogen,2
sulfid,2
netherland,2
gestapo,2
unbalanc,2
spielrein,2
sigmund,2
freud,2
colon,2
lovingli,2
loneli,2
picture-perfect,2
ugli,2
dose,2
bounc,2
conquer,2
sharpen,2
fingertip,2
math,2
savant,2
uncook,2
wheelchair,2
brother-in-law,2
nanni,2
cabbie-turned-chauffeur,2
clark,2
tuxedo,2
masked-man,2
fourth,2
chuck,2
'popey,2
heroin-smuggl,2
brolin,2
ulyss,2
turnbul,2
malkovich,2
interst,2
childer,2
drug-deal,2
crusad,2
sudanes,2
comatos,2
healthcar,2
amityvil,2
1935,2
11-year,2
all-consum,2
heinou,2
repel,2
high-school,2
disench,2
over-his-head,2
reject,2
bedraggl,2
faraday,2
all-american,2
grizzl,2
delusion,2
kiefer,2
sutherland,2
years-long,2
bridg,2
bike,2
argentina,2
split,2
zoologist,2
werewolv,2
patron,2
wildest,2
life-lik,2
recept,2
mid-hour,2
nitroglycerin,2
slightest,2
jolt,2
kenya,2
nine-year,2
kyohei,2
yemani,2
gojira,2
1994,2
cottag,2
kimmi,2
elev,2
roenick,2
unnerv,2
panamanian,2
marksman,2
foxcatch,2
multimillionair,2
sponsor,2
pont,2
1988,2
expo,2
wigand,2
libbi,2
aoyama,2
leaf,2
yamazaki,2
asami,2
ballet,2
kern,2
effici,2
navaron,2
barnsbi,2
broad,2
daylight,2
soundproof,2
parole,2
rental,2
whistleblow,2
amelia,2
donaghi,2
lincoln,2
rhyme,2
formerli,2
spinal,2
tantal,2
grim,2
dirtiest,2
seminari,2
kovak,2
o'donoghu,2
holiest,2
impoverish,2
mojav,2
surrog,2
sunday,2
pump,2
self-mad,2
sleek,2
privaci,2
click,2
rainforest,2
deed,2
unpunish,2
predica,2
uphold,2
spit,2
lesson,2
idri,2
elba,2
rahway,2
hayden,2
christensen,2
eali,2
attica,2
taker,2
strategi,2
nearer,2
reckless,2
dillon,2
inch,2
elsa,2
clive,2
splice,2
dren,2
human-chimera,2
wooden,2
cross-hair,2
dilemma,2
herald,2
cybercrim,2
exult,2
overshadow,2
'not,2
background,2
hallow,2
orchestra,2
conductor,2
kuklinski,2
kenni,2
modern-day,2
prospector,2
hustler,2
dreamer,2
lucki,2
luckless,2
grandios,2
last-ditch,2
indonesia,2
what,2
fusion,2
'brief,2
incompat,2
averag,2
length,2
coney,2
wrongli,2
gangbang,2
riviera,2
recently-fre,2
sergei,2
bodrov,2
hockey,2
swindl,2
dolbi,2
doorway,2
solar,2
probe,2
re-entri,2
half,2
shaken,2
unnam,2
barb,2
anomali,2
analysi,2
nato,2
kristoff,2
jean-claud,2
actionon,2
lessto,2
slovakian,2
contraband,2
smoothli,2
firemen,2
brian,2
mccaffrey,2
13-year,2
oskari,2
kinsfolk,2
lobbyist,2
lobbi,2
legisl,2
2022,2
troublesom,2
absolom,2
robbin,2
paramount,2
brendan,2
dictatorship,2
jamaican,2
inferno,2
didnt,2
raini,2
valencia,2
.but,2
miser,2
pawnshop,2
trumpet,2
horsemen,2
apocalyps,2
religious-sl,2
devout,2
shocker,2
maker,2
close-knit,2
skylar,2
self-preserv,2
faith-bas,2
philanthropist,2
croc,2
pond,2
mob-control,2
sleepless,2
1986,2
gyunggi,2
provinc,2
whisper,2
louder,2
doo-man,2
young-goo,2
muslim,2
hamburg,2
footprint,2
bent,2
carn,2
mentally-handicap,2
lill,2
migraine-lik,2
time-travel,2
undisclos,2
sought,2
'ronin,2
thorni,2
drunken,2
summit,2
second-highest,2
garrett,2
succumb,2
rescuer,2
soda,2
stomach,2
azul,2
melodrama,2
soon-to-be-decommiss,2
missouri,2
ex-cia,2
strannix,2
krill,2
battleship,2
11:14pm,2
arch-villain,2
wynter,2
peel,2
baxter,2
greet,2
comet,2
elizabeth,2
essex,2
vere,2
earl,2
24-hour,2
guil,2
tyranni,2
handmaiden,2
kouzuki,2
swindler,2
elop,2
madhous,2
accord,2
mcfee,2
maureen,2
profoundli,2
pilotless,2
jumbo,2
nerv,2
sarchi,2
explan,2
jesuit,2
mendoza,2
valiant,2
renov,2
hesit,2
adversaryth,2
itand,2
dual,2
rejoin,2
brigg,2
betti,2
fitzgerald,2
voltan,2
high-rank,2
painter,2
marvel,2
brilliantli,2
action-adventur,2
dolph,2
lundgren,2
dong-gun,2
jang,2
badland,2
bosworth,2
geoffrey,2
fuel,2
devour,2
barcelona,2
11/11/11,2
phobia,2
helplessli,2
breathless,2
mahoney,2
capric,2
coloss,2
amacor,2
gobi,2
mongolia,2
unproduct,2
copilot,2
beij,2
c-119,2
boxcar,2
arrow,2
clayton,2
samir,2
collabor,2
twilight,2
updat,2
slightli,2
black-and-whit,2
capsiz,2
sailboat,2
barrier,2
reef,2
osama,2
inconclus,2
ramif,2
unannounc,2
soil,2
pentagon,2
vermont,2
outgo,2
constanc,2
psychoanalysi,2
hot-head,2
d'artagnan,2
musket,2
throne,2
septemb,2
11th,2
jimeno,2
mcloughlin,2
wreckag,2
corvin,2
hawkin,2
jerri,2
tank,2
hotdog,2
daedalu,2
format,2
chimp,2
ikon,2
degrad,2
cate,2
unidentifi,2
medallion,2
kidney,2
neuman,2
inkhata,2
nelson,2
mandela,2
congress,2
carnag,2
adulter,2
soccer,2
litig,2
1949,2
scissor,2
mute,2
amnesiac,2
orphanag,2
hypnosi,2
sonand,2
counter-terror,2
retrain,2
goku,2
piccolo,2
wielder,2
unlimit,2
jeffri,2
unbreak,2
fresh-wat,2
stackhous,2
clara,2
overambiti,2
hell-lik,2
civilis,2
offshor,2
tree,2
distrust,2
econom,2
anton,2
jian,2
sean,2
nevil,2
larger,2
islam,2
morgu,2
pandora,2
monstrou,2
boyd,2
terenc,2
harm,2
lurid,2
entomologist,2
drumgool,2
measur,2
florida,2
misunderstand,2
devis,2
recollect,2
ceil,2
profit,2
robin,2
hood,2
helicopt,2
salvador,2
strive,2
hitmen,2
fissur,2
brea,2
10-year-old,2
proport,2
cleveland,2
chronicl,2
clerk,2
gavilan,2
harrison,2
calden,2
tinseltown,2
rate,2
defect,2
atmospher,2
kruger,2
swamp-dwel,2
crowley,2
loveless,2
meat,2
sensit,2
inject,2
therapi,2
transmiss,2
spill,2
eclect,2
ex-husband,2
mathemat,2
strangl,2
ronin,2
merchant,2
descent,2
armstrong,2
prosecutor,2
argu,2
decim,2
rumour,2
fearsom,2
decrepit,2
fish,2
imboca,2
dagon,2
unholi,2
auschwitz,2
dementia,2
heaven,2
suspend,2
atwel,2
fling,2
real-lif,2
troop,2
belgian,2
snipe,2
jessi,2
videogam,2
countess,2
subterranean,2
fenc,2
opera,2
deriv,2
editor,2
rail,2
downfal,2
somebodi,2
run-in,2
deveraux,2
unisol,2
crowd,2
mariann,2
scenario,2
tournament,2
republican,2
repair,2
rebuild,2
rife,2
creek,2
tini,2
friendli,2
starl,2
lecter,2
cannib,2
warlord,2
lena,2
chico,2
momo,2
ernest,2
occult,2
outback,2
wasteland,2
food,2
geirang,2
meter,2
cage,2
primari,2
stretch,2
hothead,2
bullitt,2
morgan,2
ravag,2
unemploy,2
jazz,2
kurt,2
kickbox,2
craze,2
09-nov,2
foil,2
sequenc,2
charl,2
kevin,2
addam,2
remedi,2
villier,2
undetect,2
verg,2
revers,2
oleg,2
packag,2
mummi,2
marti,2
platt,2
archetyp,2
inevit,2
shortli,2
naiv,2
flew,2
hook,2
grad,2
bungl,2
santoro,2
playwright,2
ellen,2
compuls,2
authent,2
milton,2
mercilessli,2
sacrif,2
shawn,2
bare,2
repress,2
robicheaux,2
dive,2
prefer,2
male,2
churchil,2
introvert,2
shoe,2
maya,2
improv,2
upset,2
discredit,2
everywher,2
farrow,2
13-year-old,2
imaginari,2
snowfield,2
properti,2
whirlwind,2
unfaith,2
philadelphia,2
instrument,2
sydney,2
potter,2
high-ris,2
hitchhik,2
electron,2
untrac,2
dement,2
hart,2
cliff,2
cydney,2
soror,2
o'reilli,2
jackson,2
celin,2
katrina,2
pleasant,2
ball,2
oppos,2
product,2
normalci,2
down-and-out,2
rayburn,2
renard,2
interact,2
coerc,2
compar,2
gunpoint,2
nora,2
law-abid,2
destini,2
jenna,2
languag,2
higher,2
appl,2
solitari,2
would-b,2
wildli,2
yanke,2
judg,2
alain,2
switzerland,2
anthropologist,2
caulder,2
toll,2
mount,2
kindli,2
eternia,2
skeletor,2
grayskul,2
ladder,2
gaultier,2
sister-in-law,2
heal,2
delassal,2
meek,2
hatr,2
zombi,2
fireman,2
conveni,2
blond,2
netherworld,2
salesman,2
nicol,2
tactic,2
carjack,2
alexand,2
sebastian,2
taught,2
tingl,2
philipp,2
petit,2
violin,2
canada,2
marni,2
serious,2
vidocq,2
alchemist,2
portrait,2
goodnight,2
forgotten,2
advertis,2
bernier,2
ghostli,2
zealot,2
sang-hyun,2
shotgun,2
programm,2
besieg,2
berni,2
articl,2
blown,2
hussein,2
misguid,2
ngela,2
stanaforth,2
dylan,2
model,2
jessica,2
eleven,2
nefari,2
beaten,2
jonathan,2
compet,2
encourag,2
raee,2
webcam,2
comrad,2
inde,2
claridg,2
maryland,2
parasit,2
whatev,2
violet,2
tantalu,2
astound,2
fossil,2
bacteri,2
relief,2
disobey,2
porou,2
crevic,2
life-form,2
mcgee,2
keith,2
vicki,2
locklear,2
barrymor,2
exhibit,2
youngster,2
maretto,2
world-fam,2
anchor,2
regardless,2
lindsay,2
lohan,2
pledg,2
friedrich,2
drrenmatt,2
truemont,2
holloway,2
thanksgiv,2
propel,2
winch,2
proce,2
humanitarian,2
retrac,2
burmes,2
hugh,2
enquiri,2
myrick,2
hackman,2
undiscov,2
incom,2
nice,2
acceler,2
adrenalin,2
snowboard,2
substanti,2
horror-thril,2
face-blind,2
facial,2
rowdi,2
hare,2
ram-raid,2
archaic,2
tension-fil,2
kimberli,2
meltdown,2
newsreel,2
godel,2
lemmon,2
forcibl,2
ceremoni,2
gloomier,2
niagara,2
n.y.,2
amiss,2
overreact,2
philosophi,2
atheist,2
silkwood,2
metallurgi,2
plutonium,2
contamin,2
blatant,2
violat,2
marlow,2
rubi,2
twice,2
triangl,2
sway,2
yasin,2
split-second,2
soran,2
simmon,2
wear,2
clay,2
babu,2
rana,2
prasad,2
madrid,2
dorff,2
barret,2
murdoch,2
basqu,2
1943,2
jerom,2
clifford,2
'job,2
torino,2
deathb,2
narc,2
stall,2
fearless,2
exorcist,2
gemini,2
landladi,2
eager,2
rope,2
centr,2
hallum,2
stress,2
elliot,2
gregoriu,2
portugues,2
compel,2
mcelroy,2
streetwis,2
cape,2
horrigan,2
dalla,2
sixteen-year-old,2
carefre,2
enjoy,2
outcast,2
ex-lov,2
zhen,2
shanghai,2
counter,2
telephon,2
compli,2
detain,2
dear,2
out-of-control,2
charlott,2
lesli,2
pyke,2
jade,2
protest,2
jetlin,2
caldwel,2
czar,2
despair,2
smaller,2
thinner,2
assail,2
footbal,2
burden,2
felt,2
death-row,2
manifest,2
borrow,2
sommersbi,2
patholog,2
annabella,2
stun,2
heat,2
vietnames,2
allison,2
difficult,2
crater,2
mick,2
lair,2
spare,2
forger,2
anyway,2
darlen,2
raquin,2
froy,2
twenti,2
creativ,2
fright,2
amus,2
curti,2
shinigami,2
bless,2
nanahara,2
electr,2
stargat,2
gou'ald,2
mccarthi,2
inquisit,2
load,2
tare,2
kearney,2
merril,2
communist,2
tasmanian,2
ricki,2
slim,2
revolt,2
noir,2
22nd,2
selv,2
dynasti,2
chung,2
jushinta,2
do-joon,2
sculptur,2
haiti,2
malli,2
monolith,2
h.a.l.9000,2
vampire-hunt,2
goriest,2
mule,2
keat,2
watson,2
ancestor,2
korean,2
deunan,2
egan,2
erik,2
makiho,2
piedmont,2
hord,2
backwood,2
leatherfac,2
pill,2
genji,2
heik,2
gunman,2