find,394
christma,306
famili,302
life,293
love,235
young,229
take,219
help,215
stori,214
year,214
becom,194
friend,192
time,183
daughter,183
town,177
murder,171
live,164
work,163
father,159
discov,156
home,155
woman,154
world,153
mother,153
make,153
must,142
begin,133
meet,131
come,127
husband,125
want,124
girl,121
death,116
return,114
turn,114
forc,111
school,110
togeth,108
investig,107
wife,106
back,105
fall,103
follow,102
true,102
decid,101
star,99
first,99
film,99
start,99
small,95
learn,94
save,94
mysteri,94
soon,93
also,93
movi,92
look,92
base,89
lead,88
plan,88
relationship,87
citi,87
hous,86
kill,86
three,84
polic,83
secret,83
high,82
children,81
santa,80
leav,80
power,80
special,79
marri,78
move,77
name,77
holiday,77
littl,77
local,76
peopl,75
call,75
even,75
past,73
realiz,72
coupl,72
team,71
thing,69
tell,69
show,68
battl,68
order,67
final,67
killer,67
know,66
seri,65
busi,65
chang,65
former,65
travel,64
best,64
island,64
brother,64
play,63
parent,63
child,63
seem,62
magic,61
need,61
next,61
howev,61
found,61
includ,60
hope,60
bring,60
night,60
detect,60
miss,59
away,59
dream,58
event,58
break,57
head,57
dead,57
behind,57
person,57
sister,56
struggl,56
care,56
stop,56
career,56
face,55
perfect,55
teenag,54
search,54
case,54
real,53
keep,53
beauti,52
well,52
danger,52
whose,51
spirit,51
anoth,51
televis,51
romanc,50
origin,50
long,50
join,50
book,50
earth,50
believ,49
accid,49
doctor,49
crime,49
york,49
success,49
good,49
music,48
mari,48
much,48
student,48
arriv,48
victim,48
like,48
lose,48
suspect,48
attempt,47
train,47
happen,47
compani,46
futur,46
prove,46
visit,46
group,46
involv,46
camp,45
american,45
boyfriend,45
open,45
offic,45
sinc,45
marriag,45
feel,45
give,45
adventur,44
women,44
babi,44
left,44
alway,44
determin,44
captain,43
spend,43
place,43
celebr,43
around,43
without,43
surpris,43
never,43
stay,42
accept,42
truth,42
perform,42
carri,42
summer,41
fight,41
stranger,41
heart,41
german,41
late,40
differ,40
widow,40
handsom,40
hunt,40
apart,40
last,40
prison,40
band,39
bodi,39
four,39
mani,39
john,39
attack,39
famou,39
execut,39
shock,38
king,38
share,38
disappear,38
alien,38
happi,38
date,38
everi,38
agent,38
build,38
teen,37
offer,37
featur,37
ever,37
destroy,37
right,37
wendi,37
anim,37
later,37
attract,37
control,37
suicid,37
laura,37
singl,37
trip,36
deadli,36
troubl,36
along,36
mountain,36
money,36
hand,36
known,36
great,36
michael,36
track,35
chanc,35
actual,35
problem,35
lost,35
colleg,35
jennif,35
nation,35
race,35
might,35
scientist,35
drama,35
complet,35
creat,35
quickli,35
would,35
receiv,35
indi,35
caus,34
explor,34
adopt,34
written,34
childhood,34
faith,34
claim,34
experi,34
hannah,34
made,34
wish,34
could,34
rule,33
journey,33
game,33
send,33
store,33
angel,33
accus,33
owner,33
jack,33
report,33
tragic,33
door,33
kate,33
danc,32
everyon,32
someth,32
accident,32
appear,32
mean,32
inspir,32
hire,32
memori,32
complic,32
despit,32
fear,32
escap,32
nick,32
member,31
director,31
nuclear,31
desper,31
documentari,31
convinc,31
reunit,31
jenni,31
wrong,31
close,31
novel,30
charli,30
state,30
teacher,30
presid,30
taken,30
sent,30
surviv,30
wealthi,30
answer,30
threaten,30
caught,30
seek,30
uncov,30
partner,30
still,30
support,30
lupin,30
harri,30
privat,30
histori,29
encount,29
parti,29
tale,29
seemingli,29
gener,29
someon,29
assist,29
human,29
trial,29
henri,29
settl,29
boss,29
agre,29
strang,29
land,29
challeng,29
everyth,29
jane,29
pilot,29
hospit,29
diana,29
paul,29
popular,28
across,28
girlfriend,28
serial,28
recent,28
plot,28
bond,28
molli,28
charl,28
flight,28
bill,28
plane,28
deal,28
london,27
road,27
america,27
competit,27
farm,27
suddenli,27
pass,27
upon,27
fame,27
peter,27
reveal,27
hometown,27
grow,27
five,27
releas,27
evil,26
think,26
role,26
solv,26
captur,26
anni,26
ladi,26
forev,26
other,26
elizabeth,26
chri,26
kidnap,26
jame,26
protect,26
estat,26
emili,26
commun,26
govern,26
produc,26
side,25
charm,25
resort,25
season,25
eventu,25
ride,25
street,25
direct,25
continu,25
present,25
unexpect,25
retir,25
front,25
promot,25
posit,25
countri,25
emma,25
second,25
commit,25
femal,25
u.s.,25
form,25
charact,25
british,25
develop,25
project,24
passion,24
queen,24
brown,24
prepar,24
class,24
england,24
polit,24
short,24
comedi,24
fact,24
design,24
assign,24
confront,24
locat,24
vacat,24
white,24
samantha,24
room,24
classic,23
cross,23
noth,23
matt,23
obsess,23
gift,23
trap,23
dark,23
clau,23
deliv,23
vampir,23
creatur,23
princ,23
rescu,23
ident,23
divorc,23
write,23
talent,23
realli,23
drive,23
eddi,23
texa,23
armi,23
jone,23
teach,23
georg,23
modern,22
rais,22
adapt,22
entir,22
alex,22
sever,22
mind,22
ancient,22
kati,22
closer,22
mark,22
west,22
park,22
cassi,22
meanwhil,22
rise,22
professor,22
scandal,22
lover,22
legendari,22
figur,22
hall,22
neighbor,22
writer,22
belov,22
import,21
program,21
north,21
festiv,21
unit,21
possibl,21
sarah,21
univers,21
hide,21
hero,21
though,21
shop,21
romant,21
space,21
legend,21
author,21
possess,21
hold,21
light,21
part,21
treasur,21
watch,21
steal,21
dramat,21
interest,21
drug,20
matter,20
gang,20
path,20
tradit,20
witch,20
enter,20
week,20
task,20
million,20
pregnant,20
insid,20
instead,20
inherit,20
boston,20
manag,20
ultim,20
connect,20
went,20
defeat,20
sheriff,20
middl,20
brought,20
estrang,20
fire,20
refus,20
lawyer,20
crew,20
nazi,20
larg,20
piec,20
hunter,20
leader,20
becam,20
soldier,20
ryan,20
effort,20
earli,20
seriou,19
cast,19
month,19
cours,19
crash,19
enemi,19
aunt,19
older,19
russian,19
charg,19
promis,19
demon,19
strike,19
suffer,19
question,19
friendship,19
holli,19
sell,19
entertain,19
result,19
coach,19
latest,19
emot,19
actress,19
william,19
hollywood,19
rachel,19
hercul,19
mike,19
interview,19
richard,19
artist,19
anna,19
grandfath,19
rock,18
number,18
beach,18
orphan,18
fail,18
luke,18
tree,18
full,18
ghost,18
stage,18
river,18
mayor,18
immedi,18
fast,18
social,18
eric,18
cook,18
host,18
pair,18
wild,18
villag,18
studio,18
jeff,18
justic,18
surround,18
centuri,18
younger,18
french,18
english,18
bomb,18
scheme,18
free,18
footbal,18
heather,18
major,18
talk,18
shark,17
bradi,17
song,17
difficult,17
devast,17
storm,17
model,17
abus,17
exist,17
attend,17
although,17
coast,17
cold,17
separ,17
birthday,17
green,17
unexpectedli,17
karen,17
befriend,17
pick,17
newli,17
catch,17
transport,17
loss,17
snow,17
curs,17
pari,17
expect,17
news,17
public,17
step,17
letter,17
crimin,17
hour,17
terror,17
underground,17
corrupt,17
quit,17
alreadi,17
agenc,17
south,17
david,16
desert,16
mission,16
wors,16
resid,16
occur,16
station,16
master,16
food,16
missi,16
realiti,16
pull,16
took,16
evid,16
juli,16
respect,16
singer,16
fianc,16
sweetheart,16
fellow,16
martin,16
wind,16
reveng,16
jason,16
haunt,16
sale,16
greatest,16
disturb,16
episod,16
militari,16
arrang,16
award,16
isol,16
ship,16
parker,16
unfortun,16
post,16
water,16
ruthless,16
incid,16
east,15
societi,15
villain,15
simpl,15
twist,15
anyon,15
weekend,15
luci,15
royal,15
idea,15
washington,15
natur,15
style,15
engag,15
francisco,15
enjoy,15
lodg,15
attorney,15
initi,15
bride,15
stephen,15
terrorist,15
indian,15
california,15
expos,15
princess,15
walk,15
especi,15
dress,15
hear,15
christoph,15
gold,15
concert,15
sharp,15
rural,15
cancer,15
stand,15
journalist,15
academi,15
susan,15
ring,15
servic,15
thought,15
phone,15
grand,15
knock,15
invit,14
sequel,14
disney,14
diseas,14
wait,14
longer,14
outsid,14
lawrenc,14
titl,14
rich,14
compet,14
overcom,14
propos,14
effect,14
rival,14
rivalri,14
guard,14
duncan,14
quiet,14
staff,14
jake,14
wave,14
twin,14
colleagu,14
shot,14
center,14
made-for-tv,14
ruin,14
foster,14
resist,14
offici,14
secur,14
soul,14
clue,14
heath,14
restaur,14
sign,14
uncl,14
convict,14
almost,14
recruit,14
better,14
statu,14
colonel,14
alison,14
consid,14
willi,14
narnia,14
card,14
kathi,14
toad,14
deede,14
fashion,13
gray,13
product,13
enlist,13
renov,13
intern,13
warrior,13
channel,13
account,13
civil,13
assassin,13
sara,13
soror,13
gwen,13
embark,13
stolen,13
winter,13
stone,13
cousin,13
worst,13
push,13
suspicion,13
excit,13
fill,13
machin,13
warn,13
choic,13
expert,13
elli,13
near,13
mansion,13
skill,13
choos,13
slave,13
given,13
half,13
notic,13
pain,13
spent,13
indiana,13
wake,13
rekindl,13
decis,13
note,13
blue,13
church,13
depart,13
sexual,13
tragedi,13
clock,13
sure,13
terrifi,13
brad,13
allow,13
globe,13
sentenc,13
driven,13
protest,13
oliv,13
footag,13
target,13
wood,13
black,13
undercov,13
hugh,13
board,13
employ,13
forward,13
comput,13
mack,12
reach,12
process,12
businessman,12
lake,12
castl,12
list,12
slowli,12
normal,12
remot,12
soviet,12
situat,12
toward,12
pressur,12
within,12
giant,12
alli,12
told,12
lack,12
pioneer,12
clark,12
jess,12
favorit,12
lone,12
reluct,12
profession,12
linda,12
crush,12
aliv,12
network,12
passeng,12
honor,12
remain,12
japanes,12
research,12
monster,12
hors,12
billi,12
nurs,12
legal,12
brian,12
captiv,12
chef,12
combin,12
affect,12
pretend,12
duti,12
ambiti,12
geniu,12
josh,12
cruis,12
megan,12
aurora,12
action,12
chase,12
margaret,12
andrew,12
fate,12
bakeri,12
match,12
attent,12
kept,12
katharina,12
launch,12
taylor,12
julia,12
trail,12
tour,12
innoc,12
sydney,12
ranch,12
controversi,12
discoveri,12
betray,12
photograph,12
terribl,12
nearli,12
fortun,12
portrait,12
mental,12
horror,12
system,12
gain,12
scott,12
amber,12
andi,12
deep,12
respons,12
flee,12
adel,12
germani,12
test,11
ross,11
britain,11
somehow,11
restor,11
johnni,11
rest,11
pole,11
earlier,11
aspir,11
emerg,11
sometim,11
achiev,11
prize,11
uniqu,11
alon,11
nice,11
mrs.,11
spring,11
vega,11
mexico,11
custom,11
internet,11
anniversari,11
garden,11
intrigu,11
supernatur,11
birth,11
scene,11
destruct,11
risk,11
studi,11
client,11
countrysid,11
miller,11
antiqu,11
trace,11
bizarr,11
readi,11
pretti,11
biggest,11
joan,11
unlik,11
moment,11
jenna,11
kiss,11
unawar,11
trust,11
keith,11
contest,11
helen,11
wear,11
actor,11
kevin,11
volunt,11
abandon,11
came,11
rang,11
steven,11
europ,11
detail,11
ocean,11
super,11
broadcast,11
record,11
stefan,11
born,11
deepli,11
prime,11
addict,11
camera,11
less,11
point,11
jesu,11
string,11
rather,11
understand,11
unabl,11
court,11
frame,11
politician,11
reunion,11
italian,11
fantast,11
priest,11
alcohol,11
champion,11
arrest,11
knew,11
collect,11
winner,11
recov,11
dave,11
serv,11
jonathan,11
housewif,11
sens,11
factori,11
boat,11
canadian,11
subject,10
surf,10
hilari,10
ballet,10
prevent,10
quest,10
cure,10
affair,10
opportun,10
lifetim,10
exchang,10
kansa,10
bitter,10
delta,10
decad,10
throughout,10
introduc,10
eccentr,10
purchas,10
appar,10
site,10
cynic,10
mate,10
recount,10
davi,10
sinist,10
jacki,10
rememb,10
sophi,10
dean,10
cooki,10
culinari,10
spark,10
defens,10
cultur,10
chronicl,10
june,10
religi,10
dexter,10
version,10
formula,10
seattl,10
simon,10
count,10
unleash,10
blood,10
either,10
cloth,10
voic,10
theatr,10
mourn,10
extraordinari,10
quaint,10
reconnect,10
barbara,10
wwii,10
lili,10
suspici,10
annual,10
rose,10
wall,10
desir,10
drop,10
shortli,10
hotel,10
louisiana,10
medic,10
listen,10
whether,10
frank,10
fantasi,10
novelist,10
view,10
intens,10
depict,10
jail,10
brutal,10
observ,10
zach,10
lure,10
charismat,10
courag,10
manipul,10
household,10
approach,10
dracula,10
imagin,10
unravel,10
hidden,10
shut,10
theft,10
daili,10
condit,10
pictur,10
patient,10
holm,10
clair,10
intend,10
word,10
empir,10
vision,10
violent,10
imprison,10
codi,10
weapon,10
andrea,10
newlyw,10
invas,10
credit,10
consequ,10
jungl,10
musician,10
greg,10
avoid,10
trooper,10
lydia,10
artaban,10
vicki,10
bull,9
varieti,9
pack,9
beyond,9
certain,9
carlo,9
1986,9
bridg,9
franc,9
etern,9
broken,9
suppos,9
materi,9
lucki,9
escal,9
union,9
focus,9
missil,9
crown,9
jump,9
gradual,9
whole,9
florida,9
miser,9
brilliant,9
balanc,9
shuttl,9
audienc,9
thank,9
chosen,9
unknown,9
l.a.,9
rape,9
jewel,9
planet,9
brandon,9
auction,9
instantli,9
organ,9
waitress,9
wonder,9
onlin,9
sophist,9
fals,9
aaron,9
jordan,9
bore,9
menac,9
septemb,9
corpor,9
clone,9
judg,9
throw,9
notori,9
airport,9
retreat,9
drake,9
infam,9
persuad,9
shannon,9
worth,9
firm,9
nightmar,9
treat,9
fool,9
nate,9
derek,9
blond,9
shape,9
ball,9
smith,9
area,9
cope,9
southern,9
devot,9
roger,9
unfold,9
tommi,9
individu,9
nephew,9
miracl,9
safe,9
messag,9
editor,9
psycholog,9
alan,9
exactli,9
bank,9
zenigata,9
guid,9
centr,9
wide,9
maggi,9
transform,9
lesson,9
dealer,9
comic,9
hitler,9
trade,9
dare,9
dancer,9
except,9
triangl,9
erni,9
pursuit,9
weather,9
youth,9
oper,9
knowledg,9
troop,9
line,9
disast,9
cost,9
satan,9
forgotten,9
lindsay,9
embrac,9
fair,9
dedic,9
dinosaur,9
defend,9
torn,9
ground,9
trick,9
soap,9
player,9
honeymoon,9
male,9
underwat,9
elit,9
nina,9
ornament,9
tycoon,9
remark,9
tanner,8
teamwork,8
niec,8
adam,8
rebel,8
newcom,8
matthew,8
stake,8
truli,8
poppi,8
awaken,8
swap,8
frustrat,8
portray,8
fiction,8
rapidli,8
covet,8
compass,8
halloweentown,8
elect,8
ford,8
viewer,8
towani,8
forest,8
mace,8
cindel,8
abduct,8
morn,8
sandi,8
transfer,8
governor,8
homicid,8
paradis,8
thief,8
knight,8
mayb,8
total,8
miranda,8
humili,8
link,8
devic,8
stalk,8
plant,8
bestsel,8
arthur,8
suburban,8
insight,8
regain,8
hellboy,8
vermont,8
remov,8
everybodi,8
health,8
rebelli,8
real-lif,8
proud,8
magazin,8
guest,8
imag,8
intent,8
approv,8
replac,8
contain,8
rome,8
demand,8
confid,8
drawn,8
garag,8
thrown,8
walker,8
snowstorm,8
histor,8
rediscov,8
orchestr,8
badli,8
whatev,8
announc,8
vineyard,8
harvest,8
type,8
gather,8
coloni,8
peac,8
stumbl,8
incred,8
traci,8
minist,8
comfort,8
damag,8
mail,8
thriller,8
prefer,8
friendli,8
huge,8
docudrama,8
industri,8
tini,8
griev,8
lieuten,8
toni,8
upcom,8
dollar,8
grant,8
reluctantli,8
millionair,8
steve,8
impress,8
reflect,8
berlin,8
decemb,8
beaten,8
occurr,8
select,8
ideal,8
revolv,8
requir,8
competitor,8
nanni,8
market,8
photo,8
wrote,8
wise,8
1940,8
cover-up,8
bulli,8
album,8
independ,8
drink,8
manhattan,8
comedian,8
robinson,8
clam,8
ahead,8
draw,8
buck,8
robot,8
concern,8
extrem,8
heat,8
central,8
carlin,8
jessica,8
hill,8
cant,8
exclus,8
poison,8
elderli,8
easi,8
clear,8
drown,8
horrif,8
creation,8
amnesia,8
basebal,8
buddi,8
remi,8
athlet,8
theme,8
diamond,8
closet,8
clean,8
revel,8
barn,8
survivor,8
ruffian,8
silenc,8
mira,8
dina,8
sick,8
taryn,8
1990,8
cate,8
aggress,7
loos,7
mitchel,7
secretli,7
kingdom,7
bell,7
driver,7
shane,7
showcas,7
stellar,7
candid,7
campu,7
associ,7
accomplish,7
maintain,7
moon,7
teddi,7
strand,7
entrepreneur,7
plead,7
jenn,7
fake,7
alongsid,7
grace,7
parad,7
focu,7
media,7
premier,7
chief,7
hard,7
brand,7
adjust,7
spare,7
hurt,7
groom,7
disguis,7
aspect,7
strong,7
harrison,7
socialit,7
eight,7
lauren,7
enabl,7
resurrect,7
rancher,7
moral,7
threat,7
video,7
veterinarian,7
ensu,7
ticket,7
inhabit,7
thrill,7
angri,7
newspap,7
dump,7
stepfath,7
fell,7
request,7
carol,7
sloan,7
brave,7
enough,7
pursu,7
distanc,7
stall,7
sleuth,7
neighborhood,7
field,7
cater,7
repair,7
noah,7
farmer,7
period,7
advertis,7
twenti,7
flame,7
year-old,7
small-town,7
speci,7
surfac,7
8-year-old,7
retel,7
wive,7
misunderstand,7
variou,7
lethal,7
fort,7
randal,7
april,7
thoma,7
similar,7
publish,7
respond,7
valley,7
deliveri,7
crack,7
progress,7
anyth,7
cover,7
trigger,7
montana,7
tear,7
halloween,7
fulfil,7
press,7
thirti,7
resent,7
bump,7
kelli,7
injur,7
cell,7
20th,7
worker,7
golden,7
housekeep,7
heal,7
ensur,7
injuri,7
painter,7
amount,7
custodi,7
moodi,7
rank,7
kristin,7
murphi,7
stand-up,7
forg,7
fujiko,7
resourc,7
fatal,7
bear,7
theori,7
amateur,7
physic,7
tape,7
theater,7
poor,7
reclaim,7
long-lost,7
maddi,7
said,7
wound,7
1970,7
realis,7
adult,7
intellig,7
cabin,7
blame,7
norman,7
jersey,7
gari,7
dale,7
somewher,7
root,7
failur,7
belinda,7
trench,7
caspian,7
aslan,7
joseph,7
hammer,7
michel,7
western,7
assum,7
acquaint,7
meiko,7
treatment,7
subsequ,7
mirror,7
maya,7
violenc,7
lisa,7
emmi,7
dian,7
conservationist,6
consult,6
carl,6
unpredict,6
highli,6
havoc,6
cool,6
hundr,6
tanker,6
fact-bas,6
rocker,6
instructor,6
optimist,6
quirki,6
horrifi,6
doro,6
outpost,6
spell,6
cheetah,6
spain,6
pact,6
detour,6
chines,6
fierc,6
snowman,6
reindeer,6
often,6
snowboard,6
marni,6
piper,6
culmin,6
african,6
abil,6
vast,6
popul,6
ewok,6
doesnt,6
communist,6
bureaucraci,6
third,6
frosti,6
drain,6
previous,6
march,6
conveni,6
temporari,6
fish,6
habit,6
dylan,6
contact,6
await,6
middleton,6
audrey,6
candl,6
alexi,6
surfer,6
invent,6
hailey,6
potenti,6
15-year-old,6
massachusett,6
joann,6
depend,6
chain,6
senior,6
midst,6
joanna,6
territori,6
aboard,6
donald,6
technolog,6
dispatch,6
myrl,6
ballard,6
caretak,6
crook,6
european,6
tourist,6
postabl,6
shaggi,6
perfectionist,6
robberi,6
reput,6
cooper,6
patricia,6
recreat,6
kristi,6
mall,6
seat,6
wine,6
maid,6
ashley,6
hillari,6
meredith,6
squar,6
profil,6
rare,6
kade,6
glamor,6
relat,6
caitlin,6
clara,6
boutiqu,6
madelin,6
jonni,6
prom,6
christian,6
fiona,6
ex-boyfriend,6
fifti,6
coron,6
conquer,6
17-year-old,6
biolog,6
largest,6
touch,6
instruct,6
imposs,6
sold,6
icon,6
australia,6
seen,6
deputi,6
cancel,6
hockey,6
breath,6
doubt,6
increasingli,6
rosa,6
elev,6
beast,6
conflict,6
seal,6
began,6
diagnos,6
properti,6
inspector,6
morgan,6
georgia,6
object,6
susi,6
chariti,6
tick,6
cathi,6
behavior,6
mutual,6
reckless,6
fallen,6
underworld,6
enchant,6
voyag,6
turkey,6
drill,6
handl,6
blow,6
myth,6
graduat,6
vida,6
built,6
son-in-law,6
vanish,6
cayman,6
roll,6
pacif,6
paper,6
overwork,6
seth,6
torment,6
unruli,6
matchmak,6
block,6
outrag,6
dust,6
guilti,6
sabotag,6
sonya,6
choreograph,6
confus,6
plagu,6
braben,6
blind,6
unemploy,6
jewish,6
essex,6
startl,6
hawaii,6
cross-countri,6
frozen,6
lilli,6
method,6
highest,6
climb,6
sherlock,6
watson,6
thompson,6
shatner,6
expens,6
journal,6
mankind,6
versac,6
critic,6
sergeant,6
nathan,6
size,6
devereaux,6
antoinett,6
region,6
o'flaherti,6
down,6
midnight,6
compel,6
mention,6
frontier,6
marshal,6
betsi,6
museum,6
leah,6
pearl,6
tunnel,6
tornado,6
summon,6
level,6
rebellion,6
whicher,6
luck,6
robert,6
award-win,6
check,6
elus,6
ransom,6
shown,6
harm,6
rough,6
1980,6
ex-husband,6
northern,6
indic,6
companion,6
eager,6
cheat,6
veteran,6
sound,6
narrat,6
plain,6
deceas,6
drew,6
impact,6
employe,6
trio,6
unstabl,6
regret,6
kind,6
matur,6
familiar,6
terri,6
waterg,6
2013,6
crumbl,6
carton,6
africa,6
overview,6
culloden,6
scottish,6
casey,6
outlaw,6
sampson,6
sack,6
jinta,6
prep,6
chamber,6
stephani,6
burt,6
molest,6
vietnam,6
caravan,6
delay,6
shore,6
citizen,6
grab,6
suppli,6
championship,6
psychiatr,6
crazi,6
edmund,6
picasso,6
satir,6
funer,6
seven,6
wilder,6
daedalu,6
greek,6
videogam,6
choke,6
hampton,6
finn,6
fingal,6
conceiv,6
canada,6
brick,6
deaf,6
jeong-hwa,6
lundi,6
wyli,6
jensyn,6
iverson,6
billionair,5
dive,5
troy,5
academ,5
club,5
unusu,5
1930,5
fend,5
idyl,5
superstar,5
drum,5
remind,5
houseman,5
naughti,5
addam,5
grandma,5
annoy,5
potter,5
overwhelm,5
suggest,5
directli,5
fearless,5
twelv,5
vincent,5
india,5
council,5
mortal,5
amaz,5
1964,5
campaign,5
legaci,5
split,5
assembl,5
circl,5
prodigi,5
utah,5
vinc,5
virtual,5
cash,5
melt,5
austin,5
session,5
avenu,5
shelter,5
wealth,5
swarm,5
page,5
wilson,5
preoccupi,5
erupt,5
sing,5
heroin,5
endur,5
impend,5
serious,5
pois,5
navig,5
servant,5
kringl,5
grew,5
sherman,5
cheerlead,5
marco,5
phil,5
insur,5
lewi,5
purpos,5
unseen,5
2006,5
jeremi,5
sandra,5
unwittingli,5
switch,5
span,5
sapien,5
greedi,5
spray,5
thug,5
hardship,5
smart,5
nine,5
lena,5
updat,5
montgomeri,5
inform,5
reaction,5
cute,5
turbul,5
speak,5
rude,5
amus,5
mistress,5
spoil,5
mass,5
burn,5
inadvert,5
japan,5
katherin,5
high-pow,5
knack,5
deeper,5
obstacl,5
opposit,5
none,5
destini,5
reclus,5
swept,5
tech,5
baker,5
broker,5
background,5
issu,5
breakfast,5
pennsylvania,5
everywher,5
lock,5
decept,5
dialogu,5
viciou,5
travi,5
impli,5
factual,5
mickey,5
hate,5
babe,5
sculpt,5
genet,5
belong,5
donor,5
accompani,5
prostitut,5
culprit,5
cult,5
warren,5
presenc,5
facad,5
done,5
joey,5
carolin,5
necessari,5
bird,5
harrow,5
angela,5
roommat,5
trainer,5
oscar,5
renown,5
rocki,5
nativ,5
current,5
presum,5
kolchak,5
cold-blood,5
demis,5
grind,5
stronger,5
arena,5
clinton,5
penni,5
heaven,5
crisi,5
2009,5
suburb,5
instal,5
flower,5
display,5
stock,5
humbl,5
jare,5
teammat,5
shell,5
harass,5
gabriel,5
guardian,5
prank,5
archer,5
examin,5
radio,5
tutor,5
holden,5
itali,5
circuit,5
kane,5
influenc,5
debut,5
neither,5
yard,5
cheer,5
punish,5
victorian,5
motorcycl,5
co-star,5
1960,5
sunshin,5
exhaust,5
madsen,5
encourag,5
hijack,5
assault,5
screen,5
graham,5
marc,5
classmat,5
insurmount,5
reloc,5
shed,5
resign,5
classroom,5
embroil,5
ohio,5
gross,5
saturday,5
heir,5
document,5
influenti,5
duke,5
command,5
hallmark,5
satellit,5
asteroid,5
loot,5
sacrific,5
spiritu,5
guidanc,5
cabl,5
confeder,5
homestead,5
bliss,5
erik,5
gangster,5
post-war,5
bosnia,5
stagecoach,5
counti,5
massiv,5
fonda,5
tangl,5
allen,5
ireland,5
simpli,5
blossom,5
mount,5
enrol,5
quartet,5
tast,5
adrian,5
nixon,5
scienc,5
1973,5
barbi,5
octob,5
raven,5
premonit,5
ignor,5
fought,5
ordinari,5
expedit,5
forbidden,5
janet,5
sole,5
repris,5
jami,5
acclaim,5
accord,5
african-american,5
archibald,5
karin,5
sweet,5
remors,5
valu,5
experienc,5
practic,5
pride,5
manner,5
earn,5
racer,5
gambl,5
ricki,5
1916,5
dinner,5
filmmak,5
fascin,5
remak,5
workahol,5
lion,5
frequent,5
wreck,5
file,5
salli,5
blown,5
hanna,5
pleasur,5
describ,5
troubleshoot,5
regan,5
jealou,5
measur,5
cain,5
high-school,5
demonstr,5
modern-day,5
abort,5
forget,5
comrad,5
rent,5
reason,5
august,5
freedom,5
worri,5
distrust,5
previou,5
mill,5
bargain,5
youngest,5
quarrel,5
hiroshi,5
evolv,5
eagerli,5
virginia,5
rita,5
atlanta,5
hostag,5
review,5
reynold,5
ranger,5
pharmaceut,4
durant,4
begun,4
lynch,4
maia,4
lela,4
dazzl,4
basketbal,4
aviat,4
noel,4
cara,4
grappl,4
turtl,4
mann,4
anger,4
whilst,4
californian,4
mitchi,4
chloe,4
sensat,4
bergen,4
manni,4
poss,4
grandpa,4
remedi,4
bother,4
enthusiast,4
occas,4
friedrich,4
snowi,4
amongst,4
pageant,4
chanel,4
dorinda,4
aqua,4
barcelona,4
warsaw,4
scale,4
homecom,4
juggl,4
martial,4
perspect,4
nose,4
bright,4
bite,4
excus,4
holocaust,4
presidenti,4
'accident,4
luti,4
pledg,4
extend,4
divers,4
middle-class,4
denver,4
blankenhoop,4
hitch,4
wagon,4
luggag,4
garret,4
mostli,4
incompet,4
magician,4
unless,4
stow,4
2008,4
mccain,4
alaskan,4
kick,4
strategist,4
10th,4
marti,4
clem,4
solut,4
ex-wif,4
christina,4
imdb,4
nightingal,4
stepson,4
rope,4
fund,4
pitch,4
down-on-her-luck,4
zachari,4
repres,4
babysitt,4
supervis,4
rogu,4
biker,4
evergreen,4
luckili,4
interact,4
seventeen-year-old,4
funni,4
planner,4
strain,4
partnership,4
disabl,4
common,4
swensen,4
coffe,4
domin,4
weak,4
bombard,4
avalon,4
minnesota,4
brittani,4
comed,4
scari,4
prospect,4
buri,4
cheap,4
shoe,4
puppi,4
norton,4
shame,4
tender,4
nicol,4
jean,4
bradshaw,4
xchang,4
destin,4
privileg,4
limit,4
monstrou,4
werewolf,4
wagner,4
lightn,4
sword,4
mayhem,4
cranki,4
wyom,4
trader,4
clash,4
last-minut,4
fairi,4
14-year-old,4
salt,4
accomplic,4
held,4
kitchen,4
duel,4
unwant,4
loner,4
disdain,4
catherin,4
russel,4
counsel,4
hart,4
dash,4
scoop,4
impoverish,4
stun,4
teagarden,4
part-tim,4
advic,4
poland,4
puzzl,4
1943,4
krakow,4
suitcas,4
nowher,4
wonderland,4
shift,4
futurist,4
stylish,4
coma,4
jilt,4
fairytal,4
didnt,4
hair,4
fast-pac,4
marion,4
kyli,4
bake,4
eaten,4
windsor,4
rehears,4
lita,4
39-year-old,4
bachelor,4
skeleton,4
spite,4
chemistri,4
fifteen,4
biopic,4
least,4
thrust,4
shatter,4
broadway,4
rider,4
cowboy,4
explos,4
stir,4
websit,4
anorexia,4
mantl,4
interior,4
landmark,4
salsa,4
ricardo,4
backdrop,4
swamp,4
predat,4
transplant,4
katelin,4
olymp,4
skater,4
skate,4
scholarship,4
brothel,4
clasp,4
prestigi,4
impuls,4
gentleman,4
darci,4
cartel,4
bloodthirsti,4
financi,4
blain,4
1944,4
navi,4
sixti,4
valentin,4
welcom,4
untold,4
interrupt,4
creativ,4
honest,4
provid,4
portland,4
promin,4
nicknam,4
trevor,4
chao,4
shake,4
sanctuari,4
despond,4
18th,4
nightclub,4
valuabl,4
everyday,4
breed,4
explain,4
incarcer,4
snowglob,4
today,4
load,4
shep,4
activ,4
reject,4
revolut,4
main,4
undergo,4
spencer,4
reserv,4
demolit,4
tackl,4
meddl,4
booth,4
chore,4
leigh,4
jealousi,4
foul,4
coincident,4
tire,4
extra,4
atom,4
spider-man,4
cruel,4
zeke,4
equal,4
evan,4
rubi,4
marin,4
deterior,4
deni,4
access,4
superpow,4
horribl,4
aylwood,4
manor,4
townspeopl,4
delv,4
venic,4
prix,4
convert,4
phantom,4
coup,4
construct,4
mastermind,4
uniform,4
batman,4
75th,4
warner,4
wedg,4
suzi,4
elis,4
susanna,4
suspens,4
banker,4
liberti,4
daniel,4
exot,4
kayla,4
dustin,4
spontan,4
collaps,4
cargo,4
bass,4
tyrann,4
morecamb,4
1977,4
erin,4
longtim,4
exhibit,4
mystic,4
steel,4
mercenari,4
britt,4
burgess,4
lifelong,4
lurk,4
refuge,4
suit,4
belief,4
rivkah,4
unbreak,4
2017,4
ranallo,4
colour,4
regiment,4
imperi,4
templ,4
one-off,4
leprechaun,4
commiss,4
boogey,4
grim,4
sensit,4
calam,4
sunni,4
greec,4
philosoph,4
bruno,4
lapland,4
recently-widow,4
julina,4
compound,4
administr,4
perri,4
innov,4
harlem,4
indel,4
jigen,4
galvez,4
helmeth,4
cylind,4
metal,4
compos,4
prayer,4
buss,4
helicopt,4
nine-year-old,4
alik,4
systemat,4
pool,4
shrink,4
baskervil,4
absenc,4
jensen,4
anonym,4
paid,4
janu,4
dismay,4
krissi,4
vinci,4
preciou,4
mock,4
aris,4
rosco,4
holograph,4
loretta,4
seduct,4
twiki,4
donatella,4
wellesley,4
draft,4
harper,4
meant,4
explod,4
carli,4
sheer,4
diabol,4
attica,4
upris,4
1971,4
sink,4
catastroph,4
vatican,4
diplomat,4
strip,4
instant,4
utterli,4
agatha,4
christi,4
commentari,4
mummi,4
gilbert,4
winterfest,4
hawkin,4
harsh,4
heartach,4
1945,4
albert,4
einstein,4
turmoil,4
munich,4
leagu,4
llama,4
scrambl,4
graci,4
precoci,4
poirot,4
heiress,4
moffat,4
2001,4
grown,4
one-night,4
renew,4
reviv,4
turner,4
mistak,4
feature-length,4
serena,4
carter,4
goal,4
auto,4
numer,4
confer,4
burden,4
bate,4
importantli,4
self,4
lord,4
tate,4
sudden,4
languag,4
homosexu,4
happili,4
aveng,4
cantervil,4
firefight,4
carson,4
victor,4
grandmoth,4
upsid,4
co-work,4
hank,4
miguel,4
1997,4
downfal,4
nemesi,4
scam,4
bruce,4
amish,4
policeman,4
shakespear,4
bubbl,4
victoria,4
immin,4
infidel,4
fred,4
usual,4
highway,4
suitor,4
scotti,4
disappoint,4
therapi,4
cuisin,4
athen,4
cleaner,4
unconsci,4
policemen,4
lloyd,4
self-discoveri,4
reev,4
shadow,4
marit,4
thor,4
bernard,4
bottl,4
geni,4
mcbride,4
mazur,4
safari,4
2016,4
sleepwalk,4
miscarriag,4
nanci,4
shirley,4
postal,4
obtain,4
contin,4
lawson,4
shaken,4
hopelessli,4
hazzard,4
upset,4
darnay,4
oblivi,4
novemb,4
fusili,4
selou,4
enorm,4
conglomer,4
rate,4
librari,4
griff,4
subway,4
robber,4
rainfal,4
weatherman,4
made-for-televis,4
belmont,4
1975,4
foolish,4
headlin,4
scream,4
yacht,4
debt,4
psychiatrist,4
seuss,4
attitud,4
edgar,4
upper,4
viru,4
multipli,4
monitor,4
ultraviru,4
mole,4
badger,4
brook,4
1991,4
1974,4
stitch,4
surrog,4
infant,4
pier,4
shushan,4
convent,4
cocain,4
pierluigi,4
confin,4
'the,4
illustr,4
healthi,4
programm,4
skip,4
marijuana,4
goodnight,4
jonesi,4
holi,4
hoober-bloob,4
argu,4
stile,4
guilt,4
sixteen,4
asid,4
eliot,4
tyron,4
roosevelt,4
dega,4
pablo,4
boucher,4
schweitzer,4
cantanker,4
medal,4
braveri,4
weekli,4
alexandr,4
two-part,4
betti,4
broderick,4
hector,4
ridg,4
shelbi,4
paxton,4
diagnosi,4
express,4
leoni,4
deadlin,4
kidnapp,4
thursday,4
cruelti,4
heathcliff,4
irish,4
brooker,4
wright,4
regular,4
zilic,4
willa,4
zaharia,4
among,4
marsh,4
temporarili,4
russ,4
pragu,4
bittersweet,4
tuppenc,4
self-defens,4
harker,4
luxuri,4
anthoni,4
lynn,4
krapp,4
clumsi,4
adamsberg,4
suzann,4
element,4
depth,4
chapman,4
medicin,4
nadin,4
fisher,4
maclain,4
collin,4
gavin,4
anti-soci,4
behaviour,4
birmingham,4
historian,4
asakawa,4
gill,4
adjac,4
maxwel,4
kathleen,4
bedtim,4
breann,4
supposedli,4
pilar,4
chando,4
vaniti,4
galleri,4
insist,4
amulet,4
howl,4
hoodoo,4
curt,4
drexler,4
bellat,4
mabo,4
alexand,4
polish,4
philadelphia,4
macklin,4
imperson,4
finkleman,4
bryan,4
sean,4
dolphin,4
basil,4
earl,4
beck,4
fisherman,4
dino,4
pedro,4
winnipeg,4
winni,4
hottest,3
vanessa,3
tune,3
kindli,3
present-day,3
slick,3
flashi,3
doubl,3
delight,3
heirloom,3
prehistor,3
relax,3
a.k.a,3
nearbi,3
averag,3
monk,3
oust,3
glow,3
dentist,3
misfit,3
d.c.,3
johnson,3
spot,3
amanda,3
util,3
civilian,3
distress,3
wash,3
viewpoint,3
particularli,3
signatur,3
danni,3
contend,3
refug,3
palin,3
gear,3
rapist,3
grey,3
dwindl,3
tara,3
item,3
conjur,3
jewelri,3
brain,3
storylin,3
unforgett,3
discredit,3
earthquak,3
therapist,3
alexia,3
orient,3
bloom,3
intellectu,3
vigilant,3
postman,3
chocol,3
gossip,3
13-year-old,3
banish,3
wolf,3
typic,3
quarterback,3
correspond,3
sleepi,3
empress,3
overdos,3
hell,3
grief,3
airlin,3
2006,3
heavili,3
todd,3
olivia,3
complaint,3
wage,3
manhunt,3
2002,3
ritual,3
scoobi,3
scrappi,3
hennessey,3
bonu,3
idiosyncrat,3
mccartney,3
contract,3
newborn,3
schedul,3
sleep,3
sweep,3
stepdaught,3
reli,3
bridal,3
exercis,3
melissa,3
mario,3
lopez,3
dysfunct,3
christmastim,3
richardson,3
samaritan,3
belgian,3
lovabl,3
pleasant,3
advanc,3
colorado,3
code,3
architect,3
strong-wil,3
silver,3
renaiss,3
matriarch,3
corner,3
specif,3
thanksgiv,3
transsexu,3
worn,3
unsolv,3
decades-old,3
stepbroth,3
mogul,3
ghetto,3
jeopardi,3
chill,3
unorthodox,3
clutch,3
gorgeou,3
blaze,3
campbel,3
lacey,3
slow,3
evalu,3
blogger,3
long-term,3
contempl,3
doom,3
anguish,3
sprawl,3
disapprov,3
dalton,3
allison,3
franki,3
dish,3
wheel,3
undeni,3
remodel,3
roof,3
commut,3
fade,3
ridicul,3
2005,3
triumphant,3
firmli,3
lindsey,3
scenic,3
confess,3
sabrina,3
barrier,3
mermaid,3
leann,3
limelight,3
bare,3
hound,3
amid,3
wasnt,3
batter,3
eden,3
bang,3
ruth,3
floor,3
biologist,3
engin,3
recipi,3
natasha,3
mormon,3
sect,3
fanci,3
aristocrat,3
antonio,3
tough,3
grisli,3
feisti,3
alamo,3
thatcher,3
chronic,3
outspoken,3
one-hour,3
trademark,3
lifestyl,3
adversari,3
summari,3
chicago,3
ceremoni,3
derang,3
will,3
persever,3
alfr,3
hitchcock,3
hedren,3
peak,3
shoot,3
collis,3
owen,3
loui,3
mayer,3
pinnacl,3
termin,3
valeri,3
crystal,3
intrus,3
hast,3
unexplain,3
immens,3
elud,3
wisecrack,3
bitten,3
drunk,3
conspiraci,3
heart-wrench,3
barri,3
misunderstood,3
circumst,3
outbreak,3
alexandra,3
ingredi,3
pure,3
marcu,3
spotlight,3
grave,3
breakdown,3
implant,3
procedur,3
surgeon,3
sidelin,3
corrin,3
exec,3
advantag,3
cave,3
guillotin,3
perci,3
polici,3
establish,3
1992,3
abli,3
ground-break,3
unsuccess,3
stunt,3
shambl,3
screw,3
bought,3
bone,3
integr,3
fighter,3
constantli,3
rebecca,3
adulthood,3
dilemma,3
selfish,3
mischiev,3
collid,3
adolf,3
bunker,3
instinct,3
basi,3
runaway,3
patrol,3
rossi,3
read,3
plung,3
biograph,3
distraught,3
edit,3
pastor,3
tight-knit,3
margo,3
wineri,3
begrudgingli,3
length,3
leak,3
surgeri,3
strength,3
price,3
slain,3
substanti,3
cuba,3
overthrow,3
brink,3
plutonium,3
smoke,3
shelley,3
prior,3
manifest,3
movie-length,3
on-air,3
admit,3
shopper,3
uptight,3
stern,3
adolesc,3
heritag,3
repeatedli,3
preacher,3
diego,3
long-stand,3
finish,3
profound,3
finland,3
polygam,3
disciplin,3
toughest,3
homag,3
goemon,3
departur,3
leonard,3
trek,3
visual,3
re-creat,3
interplanetari,3
closest,3
o'connor,3
squadron,3
col.,3
deborah,3
height,3
worldwid,3
bankrupt,3
transylvania,3
ex-con,3
bonni,3
thwart,3
gulf,3
volcanologist,3
volcano,3
miami,3
freak,3
experiment,3
satisfi,3
disgrac,3
bishop,3
nasti,3
prairi,3
corridor,3
madison,3
blend,3
gordon,3
mess,3
embitt,3
arizona,3
skier,3
infiltr,3
penchant,3
legion,3
holliday,3
bridget,3
beth,3
rant,3
dynam,3
orderli,3
baggag,3
cornish,3
buckley,3
motiv,3
greed,3
finger,3
freeman,3
salesman,3
ethan,3
scroog,3
complex,3
1994,3
derail,3
bunch,3
structur,3
idol,3
man-eat,3
kirk,3
absent,3
madam,3
smuggl,3
harvey,3
wane,3
saint,3
roman,3
suspend,3
scotland,3
astronaut,3
probabl,3
hello,3
grate,3
outwit,3
tenant,3
emori,3
picturesqu,3
archiv,3
weaponri,3
basement,3
margin,3
craft,3
grandchildren,3
extinct,3
greet,3
cynthia,3
stevi,3
surprisingli,3
barrist,3
asylum,3
motel,3
re-open,3
dicken,3
orphanag,3
pickpocket,3
gypsi,3
smash,3
perpetr,3
sympathet,3
jeanni,3
nelson,3
alic,3
abruptli,3
squad,3
brainwash,3
evolut,3
walt,3
solo,3
uncondit,3
wrongli,3
overprotect,3
pamper,3
hopeless,3
1910,3
brief,3
liaison,3
chemic,3
9-year-old,3
christin,3
locker,3
bail,3
1950,3
middle-ag,3
rejoin,3
murki,3
opinion,3
avail,3
digit,3
afterward,3
reverend,3
opportunist,3
pregnanc,3
tyler,3
stroke,3
clearli,3
winston,3
rossman,3
unsuit,3
sport,3
relic,3
discret,3
hour-long,3
tide,3
1900,3
artilleri,3
verg,3
sebastian,3
corbett,3
sadist,3
deviou,3
conspir,3
dawn,3
1976,3
retriev,3
packag,3
conniv,3
narr,3
big-citi,3
asset,3
outer,3
burglar,3
propel,3
kindheart,3
roast,3
contemporari,3
activist,3
opera,3
gabi,3
glori,3
high-societi,3
monti,3
gunsling,3
buffalo,3
bold,3
illustri,3
railroad,3
untim,3
samuel,3
clinic,3
25th,3
clan,3
wreak,3
jarod,3
seduc,3
denni,3
liber,3
throne,3
takeo,3
mask,3
snap,3
kilbourn,3
feud,3
absurd,3
derbi,3
psychot,3
converg,3
term,3
templer,3
covert,3
anjanett,3
brotherli,3
pirat,3
option,3
playboy,3
patrick,3
paint,3
preserv,3
fickl,3
kennedi,3
right-hand,3
lucr,3
atmospher,3
premis,3
viral,3
hood,3
heroic,3
dalla,3
jule,3
nomin,3
institut,3
quentin,3
jill,3
australian,3
best-sel,3
intim,3
symbol,3
particip,3
melani,3
zealand,3
extens,3
orson,3
hearst,3
retali,3
nervou,3
brim,3
literari,3
dispar,3
despair,3
ridden,3
china,3
cobb,3
1982,3
border,3
wander,3
pattern,3
wilcox,3
triumph,3
calvin,3
reader,3
malic,3
warmli,3
spider,3
averi,3
rosemari,3
weird,3
ralli,3
deliber,3
deed,3
kristofferson,3
ventur,3
shadi,3
sceneri,3
churchil,3
telephon,3
victori,3
conclus,3
veng,3
disco,3
distract,3
reform,3
lesbian,3
mythic,3
justin,3
wheelchair,3
primetim,3
dempsey,3
liquor,3
beneath,3
buttercup,3
russia,3
gentli,3
tokyo,3
segment,3
tail,3
colleen,3
counterfeit,3
content,3
smoothli,3
tropic,3
discuss,3
sylt,3
hansen,3
ex-lov,3
coleman,3
formid,3
neonat,3
budget,3
energi,3
admir,3
vittorio,3
android,3
artifact,3
spanish,3
sketch,3
flamboy,3
committe,3
lyonya,3
devyatov,3
robin,3
alvirah,3
takayanagi,3
misti,2
calhoun,2
top-secret,2
wipeout,2
novelti,2
reel,2
electrifi,2
fish-out-of-wat,2
wacki,2
wow-abunga,2
efron,2
gabriella,2
hudgen,2
braini,2
audit,2
paulin,2
petrova,2
posi,2
nurtur,2
streatfield,2
caretta,2
rutledg,2
head-on,2
benevol,2
redempt,2
troublemak,2
offspr,2
cruella,2
malefic,2
evvi,2
jafar,2
rusti,2
mous,2
carangi,2
diner,2
attribut,2
downward,2
spiral,2
mdot,2
finley,2
dana,2
over-the-top,2
antic,2
fourteen,2
ba'al,2
stargat,2
sg-1,2
catskil,2
memor,2
addit,2
troll,2
calendar,2
branch,2
gomez,2
morticia,2
annabel,2
health-consci,2
chain-smok,2
know-it-al,2
edda,2
regularli,2
appal,2
promptli,2
lament,2
meal,2
creepi,2
russo,2
complain,2
proper,2
forlorn,2
linu,2
galleria,2
strut,2
amiga,2
nato,2
missouri,2
silo,2
unschedul,2
unnecessari,2
shen,2
mold,2
kung,2
homework,2
inner,2
red-nos,2
hermey,2
yukon,2
corneliu,2
prospector,2
abomin,2
rudoph,2
sleigh,2
rudolph,2
sharknado,2
orlando,2
uncar,2
leblanc,2
bollywood,2
atop,2
snow-cap,2
adrenaline-fuel,2
cloud,2
self-doubt,2
sheffield,2
lyndon,2
11-month,2
archenemi,2
ursula,2
self-proclaim,2
hale,2
phoeb,2
strole,2
co-found,2
courtney,2
thorne-smith,2
schull,2
rift,2
kappa,2
alumna,2
savannah,2
kion,2
'lion,2
array,2
landscap,2
shuttlecraft,2
endor,2
jermitt,2
catarin,2
gorax,2
deej,2
transmitt,2
blaster,2
four-year,2
elder,2
sixteenth,2
palm,2
roswel,2
clunker,2
yugo,2
zani,2
long-tim,2
rags-to-rich,2
strap,2
seventh,2
eighth,2
holloway,2
hamper,2
steward,2
rydel,2
rizzo,2
pink,2
discard,2
silk,2
top-hat,2
washed-up,2
schoolchildren,2
newly-liv,2
colder,2
climat,2
freight,2
heilemann,2
halperin,2
republican,2
savvi,2
roach,2
2012,2
indulg,2
scotch,2
inexperienc,2
onassi,2
dbutant,2
withdrew,2
grasp,2
desert-lik,2
leggat,2
martha,2
disher,2
chair,2
silent,2
much-need,2
botan,2
swirl,2
donat,2
clerk,2
bledel,2
levi,2
mystifi,2
absent-mind,2
aneurysm,2
short-term,2
anew,2
cowabunga,2
splash,2
mckenzi,2
flick,2
full-blown,2
amidst,2
dreami,2
overflow,2
high-energi,2
endless,2
bennett,2
home-away-from-holiday-hom,2
camryn,2
twitch,2
comedy/sci-fi/adventur,2
mainland,2
multipl,2
hayley,2
anticip,2
drakken,2
duff,2
moniqu,2
gina,2
oblig,2
scarecrow,2
sombertown,2
warlock,2
chip,2
mouthwat,2
zenon,2
sour,2
lanc,2
jock,2
lancelot,2
clarkson,2
jeffrey,2
clint,2
wooden,2
furi,2
fedora,2
underp,2
s**t,2
'mouth,2
thelma,2
fluiditi,2
lyric,2
heart-break,2
markl,2
januari,2
re-broadcast,2
beamer,2
bingham,2
burnett,2
glick,2
grandcola,2
wainio,2
peterson,2
instantan,2
corpi,2
ghost-infest,2
publicity-hound,2
bruttenholm,2
bloodbath,2
harpi,2
hellhound,2
feroci,2
goddess,2
hecat,2
mick,2
josi,2
bissett,2
hawaiian,2
slope,2
folklor,2
thunder,2
bureau,2
paranorm,2
samurai,2
dimens,2
feudal,2
pyrokinet,2
fishboy,2
pissed-off,2
dragon,2
twitchel,2
wheez,2
slush,2
crow,2
wilkin,2
emaci,2
knive,2
dead-set,2
vase,2
alana,2
boden,2
fanat,2
skeet,2
ulrich,2
hilli,2
encamp,2
wanda,2
barze,2
deirdr,2
lovejoy,2
starv,2
followup,2
aponso,2
afford,2
ghostwrit,2
cookbook,2
tame,2
peel,2
layer,2
tough-guy,2
persona,2
vulner,2
big-shot,2
complement,2
boil,2
neufund,2
brambach,2
aglaia,2
szyszkowitz,2
16-year-old,2
hindu,2
roundabout,2
zayn,2
baig,2
urzendowski,2
loyal,2
all-star,2
thirty-someth,2
eldest,2
chemist,2
bike,2
lane,2
gidget,2
smitten,2
hunki,2
milan,2
hauser,2
spoon,2
walter,2
judgment,2
simultan,2
jrgen,2
heut,2
wird,2
gelebt,2
resel,2
consign,2
dani,2
dresss,2
lynwood,2
long-miss,2
acerb,2
unlov,2
simple-mind,2
vocal,2
reginald,2
phenomenon,2
long-,2
carlton,2
whitcomb,2
malick,2
hudson,2
bethani,2
lenz,2
jenner,2
polar,2
lend,2
totalitarian,2
uneth,2
1892,2
stuff,2
gover,2
humankind,2
krug,2
exquisit,2
feet,2
whiz,2
marano,2
leigh-allyn,2
necklac,2
high-end,2
chabert,2
devis,2
laid-,2
curvebal,2
harriet,2
welsch,2
hawthorn,2
gingerbread,2
all-expenses-paid,2
halfway,2
bacon,2
sacramento,2
dame,2
cockney,2
smile,2
1993,2
cheeki,2
chirpi,2
1993,2
evacu,2
deek,2
ronni,2
littlewood,2
bombshel,2
consumm,2
raptur,2
applaus,2
blue-collar,2
sovereign,2
unaccept,2
mother-in-lawth,2
queenand,2
bassist,2
taser,2
immobil,2
skeptic,2
dateless,2
baltania,2
mathemat,2
librarian,2
divid,2
autumn,2
disput,2
1920,2
pile,2
tumultu,2
reef,2
yagami,2
alaska,2
horseback,2
thinspir,2
founder,2
butterflyana,2
fulli,2
exorcis,2
1961,2
yanke,2
sculptor,2
reignit,2
callahan,2
float,2
snake-head,2
kingsford,2
asthma,2
ceas,2
burgeon,2
scare,2
nightli,2
escort,2
movement,2
history-mak,2
boycott,2
polygamist,2
walton,2
kick-start,2
priscilla,2
donovan,2
mangl,2
seguin,2
chupacabra,2
predatori,2
wayward,2
premiership,2
mavi,2
signal,2
klau,2
neil,2
upheav,2
cinema,2
1963,2
companionship,2
hypothet,2
forgot,2
edward,2
lorna,2
jeanett,2
silicon,2
contractor,2
nobodi,2
nail,2
winchel,2
zombi,2
crowd,2
somebodi,2
blade,2
dramatis,2
blair,2
sand,2
attic,2
urgent,2
face-to-fac,2
testimoni,2
awkward,2
whenev,2
getaway,2
somewhat,2
surgic,2
stripper,2
dollangang,2
pimpernel,2
snatch,2
boleyn,2
piccolo,2
francisca,2
snchez,2
craig,2
rental,2
lighthous,2
corp,2
tuskege,2
airman,2
airbas,2
prejudic,2
combat,2
gabbi,2
messing,2
copilot,2
demornay,2
tabl,2
afraid,2
infatu,2
worm,2
grip,2
radic,2
imaginari,2
boogeyman,2
increas,2
pedestrian,2
bicycl,2
too-good-to-be-tru,2
24-jul,2
in-depth,2
highlight,2
tilki,2
nikki,2
dowdl,2
tobia,2
ill-prepar,2
heartbreak,2
maven,2
webcam,2
multi-million,2
keen,2
mis-hear,2
martini,2
penguin,2
dastardli,2
vlad,2
impal,2
warlord,2
scarc,2
rescuer,2
brighten,2
reset,2
guigo,2
tlio,2
fisheri,2
roberto,2
paulo,2
unceremoni,2
soon-to-be-publish,2
leap,2
zone,2
nichola,2
parallel,2
chronomet,2
gould,2
mutant,2
variat,2
jasper,2
smithe,2
facil,2
colonist,2
roanok,2
1587,2
provis,2
ananai,2
nors,2
earthli,2
carstair,2
unnerv,2
watcher,2
mode,2
pilgrimag,2
monza,2
monaco,2
bugatti,2
lamborghini,2
canal,2
tarmac,2
ferrari,2
berlinetta,2
merced,2
pagani,2
huayra,2
porsch,2
aston,2
vanquish,2
centenari,2
bentley,2
royc,2
face-bend,2
mono,2
paperwork,2
airstrip,2
meteor,2
spirit-lik,2
bulldoz,2
rampag,2
elijah,2
four-memb,2
nikoli,2
putin,2
outskirt,2
ex-militari,2
karat,2
headach,2
edgi,2
bros.,2
logan,2
gulfport,2
mississippi,2
hurrican,2
struck,2
harshman,2
talley,2
furthermor,2
garritson,2
shaki,2
window,2
cat-and-mous,2
slimi,2
thirteenth,2
ferri,2
reliv,2
webster,2
irreplac,2
mackenzi,2
newfound,2
fond,2
lancast,2
gladli,2
nathaniel,2
cambria,2
pearson,2
lemon,2
never-end,2
cement,2
inject,2
serum,2
reflex,2
equip,2
gadget,2
indestruct,2
shield,2
sentinel,2
five-star,2
deciph,2
certif,2
lynett,2
eason,2
harlequin,2
falicia,2
blake,2
fast-lan,2
pimp,2
unwind,2
lonesom,2
lift,2
psychologist,2
barren,2
winfield,2
rain-slick,2
hook,2
portion,2
populac,2
quarantin,2
altern,2
cautionari,2
tolkin,2
gutsi,2
torch,2
afflict,2
moira,2
butterfli,2
mirab,2
ex-market,2
liverpool,2
script,2
1969,2
'golden,2
mcpartlin,2
pushi,2
celest,2
jeffers-johnson,2
kaitlin,2
doubleday,2
.now,2
stuck,2
non-boyfriend,2
muster,2
well-intent,2
amend,2
instil,2
hard-boil,2
tome,2
farmhous,2
renegad,2
hurtl,2
disarm,2
ounc,2
roughshod,2
bullet-pack,2
newswoman,2
jaim,2
pressli,2
shockingli,2
raley,2
gannon,2
curri,2
woke,2
vindic,2
arson,2
amityvil,2
uncertain,2
rbezahl,2
baro,2
harrant,2
plunder,2
sawmil,2
hera,2
at-larg,2
wichita,2
hone,2
snafu,2
debacl,2
christmas-i,2
parisi,2
fine,2
american-born,2
uninterest,2
revalu,2
1941,2
atroc,2
fraiss,2
vicious,2
toronto,2
soni,2
50th,2
orchestra,2
spectacl,2
concept,2
mauro,2
pay-per-view,2
relentless,2
emperor,2
tiberiu,2
bravest,2
subdu,2
cyclop,2
decim,2
saddl,2
battalion,2
flag,2
standard,2
eagl,2
never-before-seen,2
1978,2
guyana,2
taint,2
punch,2
teen-ag,2
hobbi,2
photographi,2
lifeguard,2
anomali,2
misus,2
mandi,2
irwin,2
lahana,2
phoenix,2
house-swap,2
cavanagh,2
solitud,2
bellow,2
condo,2
kingsburi,2
callen,2
findlay,2
nash,2
semest,2
defin,2
helsinki,2
railway,2
jallu,2
1200,2
mile,2
bradley,2
celia,2
mommi,2
mistakenli,2
snotti,2
freethink,2
like-mind,2
ryder,2
prophet,2
ervil,2
princip,2
amok,2
disregard,2
superior,2
unconvent,2
kapahala,2
oahu,2
tsunami,2
kauai,2
12-year-old,2
step-grandmoth,2
boarder,2
turf,2
melodi,2
divorce,2
record-break,2
buckwheat,2
gumbi,2
spike,2
henchman,2
shade,2
mcfli,2
worthi,2
prosecutor-turned-therapist,2
powerhous,2
mensa,2
acut,2
thin,2
strict,2
horizon,2
bibl,2
strictli,2
mandatori,2
fratern,2
foot,2
cling,2
covington,2
alabama,2
sixteen-year,2
genius,2
nimoy,2
blooper,2
levar,2
burton,2
chad,2
snack,2
inquisitor,2
unnot,2
trudi,2
miniseri,2
gino,2
bartali,2
fausto,2
coppi,2
unintend,2
leonardo,2
handwritten,2
comprehens,2
inventor,2
mindscap,2
polymath,2
peer,2
zettabyt,2
norma,2
capt,2
jovial,2
time-warp,2
1987,2
2491,2
global,2
starfight,2
huer,2
wilma,2
deer,2
oh-so-foxi,2
cartoon,2
blanc,2
portabl,2
computer-brain,2
theopoli,2
overs,2
bling-bl,2
widely-read,2
brazen,2
world-renown,2
gianni,2
colantoni,2
allegra,2
lucia,2
welch,2
santo,2
feor,2
rehab,2
re-ignit,2
peninsular,2
wellington,2
rothschild,2
platoon,2
riflemen,2
surli,2
irishman,2
hagman,2
'proper,2
treason,2
munster,2
ex-fianc,2
iceland,2
deflect,2
rapid,2
mid-term,2
arctic,2
abner,2
laboratori,2
platform,2
offshore-dril,2
burst,2
vitrini,2
confirm,2
long-dorm,2
illeg,2
deep-sea,2
magma,2
pump,2
1943-45,2
cathol,2
kappler,2
openli,2
vogel,2
paulson,2
mabiu,2
seam,2
lengthi,2
wynn,2
triathlet,2
peak-perform,2
rigor,2
cutting-edg,2
hypnotherapi,2
render,2
repress,2
regimen,2
glass,2
ceil,2
tyrant,2
citizombi,2
immort,2
tapioca,2
refuel,2
k.n.d,2
trauma,2
conscious,2
mcgrath,2
mosqu,2
mcgillion,2
restaurant/cat,2
eateri,2
stay-hom,2
3-year-old,2
jammin,2
paramount,2
cableac,2
gently-observ,2
dack,2
rambo,2
elyssa,2
davalo,2
stuart,2
kemschler,2
wheatley,2
brute,2
purg,2
sympath,2
comedy-adventur,2
twelve-year-old,2
rethink,2
palladino,2
chopper,2
reservoir,2
cutthroat,2
steer,2
koenigsberg,2
justu,2
great-granddaught,2
mila,2
magnat,2
ahold,2
monument,2
leipzig,2
dune,2
peter-ord,2
berchtesgaden,2
dreamtool,2
life-alt,2
big-tim,2
messeng,2
wickedest,2
dodg,2
wyatt,2
earp,2
wili,2
sheep,2
bluff,2
dim-wit,2
chaotic,2
shaun,2
speed,2
rooftop,2
turn-of-the-centuri,2
astronom,2
sphinx,2
boulder,2
hole,2
fraud,2
aidan,2
gatiss,2
benedict,2
digniti,2
porter,2
unwav,2
meteorologist,2
addison,2
thoroughgood,2
strife,2
traine,2
viktor,2
agenda,2
catapult,2
fifth,2
bikini,2
sacr,2
certainli,2
lattimor,2
martian,2
sibl,2
self-destruct,2
enthusiasm,2
convers,2
gene,2
nasa,2
remad,2
luka,2
sidney,2
hatti,2
merrishaw,2
cape,2
chart,2
abbi,2
fugit,2
submarin,2
annihil,2
baxter,2
backfir,2
altar,2
cherish,2
fran,2
weav,2
vasili,2
arsen,2
ralph,2
gave,2
guarante,2
grandpar,2
retitl,2
outbid,2
coin,2
gone,2
translat,2
routin,2
vacant,2
persuas,2
thiev,2
paralys,2
pathfind,2
stepmoth,2
f-16,2
harduvel,2
joint,2
teri,2
polo,2
bedsid,2
dire,2
ginni,2
hallucin,2
gruel,2
sustain,2
creator,2
calli,2
disneyland,2
franchis,2
hapless,2
harmoni,2
nevertheless,2
desire,2
passerbi,2
oregon,2
pamela,2
boldli,2
richi,2
murderess,2
seed,2
penn,2
hang,2
gambler,2
santavil,2
mishap,2
crust,2
well-mean,2
candi,2
kirbi,2
rodriguez,2
unrel,2
mayfield,2
gann,2
joshua,2
stiller,2
diminish,2
hesit,2
detractor,2
motocross,2
disastr,2
forrest,2
ambit,2
trailer,2
lahey,2
mcdougal,2
otherwis,2
eeri,2
diari,2
disillus,2
valerio,2
iren,2
freddi,2
howard,2
demeanor,2
appreci,2
cottag,2
rickman,2
lunch,2
nostalg,2
ogden,2
groundhog,2
registr,2
econom,2
#ÀNOMBRE?,2
again-,2
nerdi,2
shrew,2
school-kid,2
invad,2
uncredit,2
saucer,2
conan,2
doyl,2
pitiless,2
dictat,2
theseu,2
hippolyta,2
hermia,2
mechan,2
25-year,2
bronson,2
newspaperman,2
runway,2
theatric,2
margeri,2
penelop,2
gladi,2
panic,2
snowbal,2
spree,2
woolley,2
stringer,2
tighten,2
first-ev,2
strongli,2
reconstruct,2
step-sist,2
hahn,2
lindbergh,2
namesak,2
hauptmann,2
gallagh,2
infus,2
radetski,2
stiefel,2
wormald,2
bella,2
muoz,2
lukasiak,2
denis,2
petski,2
philander,2
unwari,2
wexler,2
night-tim,2
definit,2
toast,2
blackmail,2
daytim,2
sabina,2
fernando,2
mighti,2
freyja,2
mild,2
buyer,2
melbourn,2
1886,2
gentlemen,2
hansom,2
kilda,2
shockwav,2
flush,2
gold-rush,2
boom,2
shepherd,2
piranha,2
kiril,2
olga,2
liquid,2
guis,2
taiga,2
prohor,2
leisur,2
hand-mad,2
knife,2
bohn,2
re-imagin,2
1979,2
python,2
debat,2
comet,2
bedroom,2
madli,2
wasp,2
pesticid,2
sines,2
indescrib,2
quaker-lik,2
falsifi,2
minimum,2
extort,2
changer,2
optim,2
pivot,2
woodward,2
bernstein,2
doggedli,2
virgin,2
peril,2
delawar,2
trenton,2
untam,2
escapad,2
tough-talk,2
canari,2
cohort,2
cowgirl,2
travers,2
dora,2
vivaci,2
gold-heart,2
ozark,2
sideway,2
firework,2
summeral,2
work-obsess,2
westward,2
settler,2
lahay,2
expand,2
long-promis,2
offset,2
close-knit,2
asund,2
colett,2
swiss,2
mama,2
josephin,2
moonshin,2
bonk,2
snow-cov,2
aleksand,2
leker,2
gangen,2
forstyrr,2
vasker,2
dren,2
egen,2
nkkel,2
flere,2
forvikling,2
fortel,2
anne-cath,2
vestli,2
bundi,2
dissolut,2
manett,2
undim,2
ensnar,2
condemn,2
concoct,2
baudouin,2
moshi,2
desprer,2
frederick,2
fluent,2
handi,2
caper,2
lettow-vorbeck,2
lifeblood,2
infecti,2
near-death,2
watkin,2
1746,2
jacobit,2
tore,2
highland,2
mishandl,2
hail,2
breakthrough,2
cinematographi,2
non-profession,2
prebbl,2
bed-and-breakfast,2
roxi,2
fargo,2
articl,2
keat,2
wolman,2
teanna,2
fletcher,2
speaker,2
uproot,2
pound,2
deserv,2
tower,2
eastman,2
two-month,2
deploy,2
swanson,2
galadriel,2
stineman,2
olli,2
alec,2
crewson,2
garber,2
shook,2
milton,2
2004-05,2
dimwit,2
meati,2
foil,2
invis,2
olthwait,2
shovel,2
raid,2
denley,2
moor,2
morstan,2
1857,2
mere,2
barbra,2
streisand,2
reagan-era,2
prolifer,2
diva,2
1972,2
autom,2
applianc,2
miswir,2
hippie-dippi,2
brooklynes,2
pronunci,2
transmit,2
hoip,2
camouflag,2
thoroughbr,2
filli,2
undef,2
kentucki,2
espn,2
simoneau,2
shepard,2
whiteley,2
geld,2
2007,2
shreveport,2
elmont,2
songstress,2
fania,2
fnelon,2
pluck,2
auschwitz,2
sooth,2
bona,2
fide,2
threw,2
entangl,2
volatil,2
cardin,2
nemo,2
ferrer,2
atlanti,2
fiendish,2
upstand,2
embed,2
enslav,2
rhode,2
morwitz,2
forgiv,2
knit,2
tri-athlet,2
pour,2
sting,2
unbeliev,2
berat,2
accusing..,2
upgrad,2
errand,2
tranc,2
that,2
peacemak,2
castaway,2
rockford,2
acclim,2
jackson,2
riki,2
alleg,2
jodi,2
inevit,2
hoover,2
clyde,2
acrimoni,2
dissolv,2
comeback,2
phenomena,2
locatetv.com,2
snowden,2
recharg,2
seger,2
asia,2
scientif,2
retrovirus,2
erythrocyt,2
retroviru,2
replic,2
enzymat,2
apparatu,2
nucleic,2
acid,2
ex-hockey,2
appoint,2
eras,2
picnic,2
riverbank,2
allegi,2
curb,2
proflig,2
20-year,2
magistr,2
impertin,2
wile,2
jailer,2
washer,2
weasel,2
ex-cop,2
mobster,2
gangland,2
wrong-do,2
boyd,2
hydro,2
prolong,2
beau,2
rag-tag,2
recuper,2
underneath,2
disc,2
garth,2
excercis,2
stop-mot,2
post-1973,2
rankin/bass,2
toronto-bas,2
cuppa,2
2008,2
rooney,2
comin,2
anderson,2
miser/heat,2
mauri,2
guzelian,2
lilo,2
glitch,2
barton,2
winslow,2
alyssa,2
milano,2
conni,2
selleca,2
out-of-work,2
massacr,2
1916,2
unbeknownst,2
dozen,2
albino,2
nooki,2
preppi,2
guido,2
slaughter,2
father-son,2
wrack,2
galvan,2
carolina,2
stalker,2
made-for-cable-tv,2
riot,2
1968,2
democrat,2
transcript,2
tarantino,2
benz,2
laps,2
fundrais,2
frequentarsi,2
proceed,2
abid,2
commemor,2
brock,2
cattaneo,2
marta,2
usher,2
seminar,2
fraser,2
plastic,2
fridel,2
brood,2
carousel,2
deck,2
trim,2
cecilia,2
ex-employe,2
guillermo,2
unfaith,2
acquir,2
vener,2
riverboat,2
goali,2
ander,2
endear,2
brac,2
cullen,2
afghanistan,2
nurestan,2
nevada,2
spelman,2
parish,2
run-ov,2
spellman,2
vietenam,2
1999,2
millenium,2
enlighten,2
entail,2
tenktones,2
heret,2
shortcut,2
easili,2
1925,2
runner,2
sub-four,2
rydert,2
tailspin,2
cassidi,2
reprioritis,2
1819,2
broke,2
rumour,2
middlemarch,2
floss,2
sila,2
marner,2
wheat,2
hitch-hik,2
reap,2
guru,2
libbi,2
30th,2
corwin,2
unlucki,2
environmentalist,2
weight,2
awestruckuntil,2
bernhard,2
eco-consci,2
consist,2
1912,2
matine,2
morphin,2
debaucheri,2
twenty-someth,2
diver,2
massai,2
meto,2
fringe-ear,2
oryx,2
rockwel,2
foreman,2
laid,2
pre-m,2
disobey,2
shipment,2
ubangan,2
barthelemi,2
succumb,2
s.s.a..,2
babysit,2
swordsman-poet,2
eleph,2
walsh,2
mangat,2
ordeal,2
garner,2
godchild,2
skagg,2
belatedli,2
congression,2
wari,2
if/when,2
lost-mail,2
undeliver,2
miracul,2
recently-orphan,2
mentor,2
off-beat,2
deposit,2
convention,2
bender,2
silvia,2
sabin,2
erfurt,2
romania,2
checkpoint,2
nerv,2
arduou,2
thailand,2
voyeurist,2
riski,2
passion-charg,2
classi,2
erot,2
zalman,2
scorn,2
holland,2
labyrinth,2
archeologist,2
seaburgh,2
aldeburgh,2
suffolk,2
anglia,2
legendarili,2
carla,2
midwif,2
marcel,2
core,2
aimlessli,2
mott,2
layla,2
navid,2
formul,2
powelz,2
maximis,2
interpret,2
fullest,2
dich,2
sober,2
certainti,2
rosenau,2
editor-in-chief,2
hardli,2
stressed-out,2
faint,2
untrac,2
triplet,2
jakob,2
buchmann,2
tobin,2
disrepair,2
loom,2
rapport,2
weinstein,2
marvin,2
ellison,2
poker,2
disagr,2
voight,2
skipper,2
'rainbow,2
greenpeac,2
dock,2
auckland,2
1985,2
vessel,2
superintend,2
neill,2
harbor,2
therefor,2
isanhart,2
laurin,2
antagonist,2
amelia,2
earhart,2
lackner,2
katrinka,2
neglect,2
judi,2
clive,2
minut,2
iowa,2
swim,2
hindley,2
linton,2
antholog,2
brenden,2
boost,2
rhonda,2
vengeanc,2
gotten,2
pong,2
signific,2
atari,2
arcad,2
medium,2
dara,2
o'briain,2
romero,2
humor,2
uniniti,2
gamer,2
spoken,2
much-desir,2
ever-pres,2
self-control,2
panama,2
'specialist,2
trough,2
'ricki,2
edmond,2
pulp,2
zoran,2
serbian,2
paramilitari,2
'order,2
'finish,2
coven,2
divis,2
netforc,2
gates-typ,2
loophol,2
browser,2
net-forc,2
bakula,2
world-fam,2
skyfal,2
85th,2
februari,2
23rd,2
self-esteem,2
vintag,2
snob,2
francesca,2
unjustli,2
ironclad,2
merrimack,2
1862-march,2
1862,2
chess,2
danson,2
eleanor,2
exploit,2
blue-ey,2
conrad,2
digger,2
juvenil,2
delinqu,2
stat,2
kobe,2
bryant,2
mentorship,2
18-year,2
tenur,2
sulliway,2
sleepaway,2
internship,2
kizzmit,2
lancer,2
ignit,2
martz,2
unmarri,2
family-court,2
didrikson,2
tomboy,2
1932,2
golfer,2
wrestler,2
tougher,2
witti,2
six-year,2
miraz,2
spectacular,2
gallico,2
delic,2
garland,2
goos,2
stark,2
hauntingli,2
beard,2
modest,2
philip,2
rhayad,2
misshapen,2
shun,2
isnt,2
overli,2
waterfowl,2
waiflik,2
agutt,2
frith,2
radiat,2
requisit,2
naiveti,2
1953,2
ferrel,2
detectivesoliv,2
normanar,2
redirect,2
sunday,2
plea,2
joysometh,2
1917,2
counterpart,2
neutral,2
sergei,2
diaghilev,2
attach,2
countess,2
toledo,2
reassign,2
unequip,2
ministeri,2
czech,2
inextric,2
wartim,2
maelstrom,2
blitz,2
corbin,2
upscal,2
convey,2
deceiv,2
necessarili,2
prudenc,2
demob,2
treati,2
bolshevik,2
roller,2
round,2
geoffrey,2
random,2
chavel,2
cammermey,2
maren,2
stepford,2
hardi,2
henchard,2
sail,2
pajaro,2
wardrob,2
propheci,2
ruler,2
nobl,2
springtim,2
1958,2
assess,2
predica,2
69-year-old,2
'separ,2
grain,2
husk,2
fertil,2
nourish,2
creep,2
'when,2
fork,2
plateau,2
mongolia,2
staunch,2
coerc,2
avalanch,2
raul,2
aram,2
novicorp,2
mega-corpor,2
casablanca,2
desk,2
rehabilit,2
doppl,2
misplac,2
connolli,2
byrn,2
vettriano,2
maclean,2
brini,2
brunett,2
swimmer,2
bermuda,2
vignett,2
ensembl,2
beggar,2
provok,2
onlook,2
wrath,2
piti,2
skittish,2
tryst,2
sexpot,2
helplessli,2
miniatur,2
neighbour,2
hazard,2
con-man,2
fawcett,2
all-natur,2
cheri,2
'holi,2
bossi,2
father-potenti,2
trident,2
varga,2
psycho-thril,2
insecur,2
hyper-competit,2
grudg,2
jackpot,2
zoologist,2
postwar,2
west-germani,2
mascot,2
meteorit,2
dispos,2
transit,2
environ,2
gumsho,2
jaclyn,2
kalemb,2
claudia,2
appl,2
beantown,2
dewhurst,2
o'quinn,2
dirti,2
udara,2
disrupt,2
roseann,2
irrit,2
appalachia,2
ill-educ,2
backwood,2
suffici,2
garcia,2
suck,2
contra,2
nicaragua,2
ex-footbal,2
daddi,2
broad,2
debbi,2
nestor,2
carbonel,2
grayson,2
westbourn,2
addi,2
re-releas,2
beryl,2
mason,2
doorstep,2
fleet,2
wyler,2
sullavan,2
leland,2
hayward,2
robard,2
cochlear,2
2015,2
cctv,2
mixtur,2
ex-soldi,2
bouncer,2
sportsmen,2
visitor,2
carver,2
whereabout,2
bradle,2
ascent,2
stricken,2
polio,2
consequenti,2
first-centuri,2
scriptur,2
emmau,2
plymouth,2
mass.,2
great-aunt,2
everett,2
mather,2
breun,2
orgin,2
backpack,2
iraq,2
ptsd,2
reassembl,2
fragment,2
kazuyuki,2
jean-marc,2
rocher,2
capac,2
squir,2
komalschek,2
cruelli,2
freed,2
unborn,2
'doubl,2
indemn,2
occult,2
gourmet,2
gnni,2
demmonget,2
smell,2
scheffk,2
speedi,2
recoveri,2
recommend,2
risto,2
solid,2
sharpen,2
criminolog,2
hard-nos,2
big-money,2
goings-on,2
ainscow,2
timothi,2
spall,2
brenda,2
blethyn,2
32-year-old,2
rebekah,2
staton,2
asperg,2
syndrom,2
i.r.a,2
bomber,2
roch,2
detain,2
interrog,2
copper,2
predominantli,2
ulster,2
constabulari,2
bokolo,2
mamad,2
sweeper,2
recip,2
trash,2
headmast,2
2-disc,2
chaplin,2
1921,2
2004,2
clip,2
paleontologist,2
voice-ov,2
cass,2
hungarian-born,2
katya,2
davidov,2
kirkland,2
faberg,2
yankee-hungarian,2
rostov,2
stubbornli,2
dodgi,2
gudrun,2
kuper,2
borodin,2
theo,2
kojak,2
helpless,2
tella,2
landon,2
extent,2
hard-edg,2
macho,2
plumber,2
photojournalist,2
cubitt,2
mcallist,2
bertinelli,2
falk,2
powerpuff,2
mojo,2
jojo,2
hostil,2
huey,2
kingfish,2
likabl,2
freshman,2
whittendal,2
pledge-seek,2
beta,2
sigma,2
halstead,2
dayton,2
heavi,2
glib,2
stewart,2
bick,2
peta,2
lemk,2
tress,2
redhead,2
frill,2
flat,2
neo-nazi,2
predomin,2
skoki,2
dougla,2
surrogaci,2
winwood,2
pyrene,2
1922,2
upright,2
malcolm,2
mcdowel,2
clockwork,2
orang,2
eileen,2
atkin,2
turret,2
chateau,2
jezreel,2
motley,2
sleev,2
trot,2
greatli,2
displeas,2
haystack,2
tolstoy,2
agreement,2
simpler,2
color,2
cossack,2
homesick,2
stubborn,2
rene,2
descend,2
pierr,2
speech,2
thrse,2
theres,2
newly-w,2
low-rent,2
izzi,2
mooney,2
mhlhausen,2
lina,2
saga,2
ancestor,2
milner,2
houston,2
relentlessli,2
crutch,2
sunken,2
galleon,2
ultra-secret,2
effici,2
invulner,2
reicker,2
smaller,2
bend,2
queer,2
tangli,2
barefoot,2
unpreced,2
highest-sel,2
stamp,2
empower,2
chat,2
oren,2
nard,2
henchmen,2
beat,2
out-smart,2
keeper,2
strode,2
henson,2
hollow,2
bigfoot-lik,2
kooki,2
steenburgen,2
secretari,2
cartier,2
rand,2
rep.,2
tammi,2
rachael,2
hershey,2
ecuadorean,2
rancho,2
lightweight,2
tournament,2
semifin,2
bout,2
awaad,2
sarnavskiy,2
tirloni,2
januson,2
glimmer,2
shipwreck,2
caribbean,2
crashland,2
strew,2
bluish-glow,2
townfolk,2
amiss,2
temperatur,2
soar,2
koiki,2
torr,2
strait,2
spearhead,2
overthrew,2
terra,2
nulliu,2
macedonian,2
tribe,2
persian,2
then-known,2
balkan,2
sterl,2
investor,2
wade,2
colton,2
ingrat,2
guest-hous,2
partial,2
allit,2
irat,2
inexplic,2
unheed,2
narrowli,2
unlock,2
mcmartin,2
unqualifi,2
videotap,2
unprofession,2
pointer,2
deem,2
unfit,2
concentr,2
1931,2
helmut,2
hoffman,2
nighi,2
self-styl,2
karl,2
shea,2
idealist,2
chauffeur,2
s.a.,2
erich,2
stroheim,2
epic,2
hot-dog,2
vendor,2
sklskr,2
denmark,2
emigr,2
merrili,2
toyota,2
eberlin,2
now-divorc,2
autist,2
react,2
re-evalu,2
samson,2
delilah,2
ziggi,2
loser,2
friedman,2
copywrit,2
discont,2
kenyon,2
rudamey,2
argument,2
delusion,2
reilli,2
higgin,2
nora,2
flynn,2
gunnar,2
chiddingfield,2
kala,2
iraqi,2
hawk,2
saniti,2
cait,2
hine,2
re-edit,2
sitcom,2
newsroom,2
handyman,2
alarm,2
psych,2
grad,2
entri,2
exam,2
publicli,2
perfectli,2
luca,2
majesti,2
mccreadi,2
desmond,2
cybernet,2
crime-fight,2
twenty-two,2
breakin,2
dorothi,2
wrestl,2
magu,2
birthplac,2
messiah,2
oront,2
wast,2
bedford,2
'itv,2
'macneil,2
conneri,2
'corneliu,2
'emlyn,2
scofield,2
slam,2
partridg,2
collector,2
enhanc,2
eaton,2
reappear,2
eddington,2
telepath,2
1865,2
war-crim,2
wirz,2
andersonvil,2
businesswoman,2
ebenita,2
poorli,2
maud,2
marley,2
checkbook,2
liar,2
supervisor,2
ullerup,2
polaha,2
loggerhead,2
cleveland,2
sordid,2
fling,2
type-a,2
smelt,2
bland,2
emsworth,2
moreov,2
choru,2
wodehous,2
terroris,2
drifter,2
power-craz,2
53-year-old,2
blyth,2
danner,2
plate,2
ex-beau,2
palanc,2
riegert,2
dunaway,2
skye,2
prdelka,2
coverag,2
monday,2
p.m.,2
georgetown,2
overal,2
1996,2
76er,2
unapologet,2
score,2
old-tim,2
movie-star,2
singer/,2
hoofer,2
rebond,2
granddaught,2
preston,2
drag-rac,2
thousandth,2
human-s,2
solid-light,2
herb,2
tarragon,2
velociraptor,2
rubio,2
triceratop,2
dinokind,2
roughrid,2
beatric,2
benedick,2
independent-mind,2
bicycle-rid,2
suffragett,2
trickeri,2
revolt,2
mini-submarin,2
l'amour,2
boxleitn,2
enrout,2
ontario,2
namn,2
a.a.miln,2
pooh,2
cull,2
frost,2
1977,2
pre-interview,2