town,510
find,401
outlaw,311
take,311
indian,297
gang,283
kill,272
western,269
murder,256
west,245
gold,231
brother,230
father,222
help,210
young,207
famili,192
sheriff,182
friend,179
ranch,178
film,170
becom,149
want,149
land,147
daughter,147
return,141
arriv,138
american,137
back,137
rancher,137
life,136
john,135
star,135
come,130
woman,128
cowboy,127
head,127
local,125
mexican,124
wife,123
must,123
texa,121
make,121
stori,119
wild,119
year,119
lead,118
forc,116
marshal,115
love,115
cattl,114
name,112
fight,111
girl,109
escap,108
three,105
live,105
money,105
prison,105
bill,104
save,102
hors,102
attack,101
apach,100
join,100
civil,98
time,98
small,98
bring,96
train,95
decid,95
former,94
hire,94
also,93
home,93
group,93
billi,93
plan,93
bank,93
territori,92
reveng,91
armi,89
learn,89
bandit,88
ride,88
white,88
discov,88
meet,88
death,85
railroad,84
follow,83
turn,82
mine,82
owner,80
soon,80
mexico,80
killer,79
hunter,78
leav,78
play,77
rescu,76
leader,76
gunfight,75
work,75
jack,74
look,73
bounti,72
togeth,72
soldier,72
order,72
seek,72
search,71
desert,71
captur,70
adventur,70
california,69
know,68
fall,67
citi,67
offic,67
stop,66
dead,65
begin,65
chief,65
start,65
steal,64
gunsling,63
black,63
hand,63
kidnap,63
robberi,63
keep,63
mountain,63
stagecoach,62
along,62
crook,62
battl,61
troubl,61
marri,61
last,60
travel,60
jame,60
wagon,59
mysteri,58
partner,58
robert,58
georg,58
fort,58
cavalri,58
danger,57
send,57
women,57
jail,57
band,57
seri,57
ranger,56
peac,56
face,56
first,56
peopl,56
poss,54
give,54
sister,54
attempt,54
later,54
whose,53
captain,53
claim,53
justic,52
frontier,52
tribe,52
across,52
track,52
stolen,51
agent,51
saloon,51
long,51
howev,50
husband,50
place,50
upon,50
robber,50
settler,50
hope,49
trail,49
show,49
hunt,49
govern,49
good,48
shoot,48
enemi,47
journey,47
away,47
base,47
stranger,46
rich,46
ruthless,45
well,45
four,45
johnni,45
gambler,45
frank,45
arizona,44
farmer,44
final,44
settl,44
tell,44
baron,44
releas,44
like,44
beauti,43
team,43
side,43
hidden,43
anoth,43
border,43
accus,43
confeder,43
sent,43
direct,43
mother,42
involv,42
drive,42
rider,42
left,41
mission,41
mari,41
littl,41
innoc,41
known,40
gener,40
crime,40
movi,40
jeff,40
stage,40
call,40
union,39
manag,39
miner,39
real,39
boss,39
william,38
power,38
protect,38
lost,38
part,38
secret,38
luke,38
need,38
shot,38
flee,38
wound,37
widow,37
plot,37
taken,37
treasur,37
cross,37
frame,37
evil,36
chase,36
corrupt,36
sell,36
written,36
judg,36
rang,36
surviv,35
notori,35
u.s.,35
charact,35
caught,35
role,35
chang,35
state,35
respons,35
prove,35
world,34
instead,34
encount,34
centuri,34
french,34
henri,34
steve,34
hero,33
stand,33
valley,33
coupl,33
investig,33
thing,33
aveng,33
grow,33
still,33
nevada,32
gunman,32
includ,32
hide,32
brown,32
rais,32
break,32
lawman,32
stay,32
citizen,32
found,31
vengeanc,31
confront,31
even,31
without,31
caus,31
rodeo,31
doctor,31
famou,31
martin,31
girlfriend,31
director,31
uncl,31
silver,30
sioux,30
retir,30
wyom,30
catch,30
wealthi,30
offer,30
tale,30
carri,30
best,30
charg,30
murphi,30
trap,30
richard,29
ryan,29
complic,29
rival,29
everyon,29
parent,29
presid,29
behind,29
line,29
great,29
compani,29
buffalo,29
past,28
struggl,28
legendari,28
america,28
rush,28
foreman,28
right,28
believ,28
lone,28
command,28
crimin,28
made,28
toward,28
arrest,28
pursu,28
never,28
actual,28
hold,27
classic,27
true,27
nativ,27
major,27
violenc,27
younger,27
fear,27
intent,27
larg,27
lynch,27
sidekick,27
rustler,27
passeng,27
effort,27
earli,27
scout,27
continu,27
hostil,27
accept,26
move,26
game,26
homestead,26
free,26
eventu,26
honest,26
pose,26
troop,26
terror,26
countri,26
jane,26
clear,26
gene,26
commit,25
southern,25
middl,25
given,25
remain,25
hang,25
spaghetti,25
close,25
reach,25
enlist,25
raid,25
rocki,25
open,25
lose,25
molli,25
sever,25
ident,25
defend,24
around,24
farm,24
reveal,24
origin,24
interest,24
five,24
chanc,24
fortun,24
oper,24
control,24
action,24
villain,24
roger,24
noth,24
bull,24
ladi,24
morgan,24
determin,23
villag,23
showdown,23
dream,23
cheyenn,23
montana,23
pioneer,23
actor,23
hous,23
legend,23
loot,23
water,23
form,23
suppli,23
governor,23
quest,23
rape,23
area,23
sing,23
seven,22
survivor,22
reward,22
escort,22
transport,22
east,22
promis,22
north,22
person,22
race,22
townspeopl,22
unfortun,22
happen,22
busi,22
violent,22
threaten,22
properti,22
unit,22
ghost,22
romanc,22
convict,22
michael,22
shipment,22
river,22
northern,22
brutal,21
unlik,21
desper,21
visit,21
agre,21
event,21
massacr,21
cooper,21
smith,21
matt,21
conflict,21
mike,21
would,21
much,21
bell,21
neighbor,21
rule,21
suspect,21
attent,21
child,21
jess,21
harri,21
king,21
herd,21
thiev,20
mask,20
post,20
scheme,20
reserv,20
wait,20
pair,20
result,20
camp,20
success,20
guid,20
wilder,20
high,20
colorado,20
pull,20
polic,20
destroy,20
wayn,20
hate,20
care,20
adopt,20
drama,20
next,20
trapper,20
build,20
hill,20
canada,20
orphan,20
attract,20
mason,20
stewart,20
mani,20
member,20
taylor,20
inherit,20
abandon,20
meanwhil,20
kansa,20
dave,20
other,19
assign,19
late,19
wade,19
support,19
trio,19
differ,19
drifter,19
master,19
bloodi,19
tommi,19
elliott,19
grant,19
renegad,19
locat,19
greedi,19
pass,19
rout,19
django,19
wander,19
parti,19
allow,19
persuad,19
convinc,19
pretti,19
seem,19
wolf,19
buck,19
problem,19
babi,19
jone,19
slave,18
colonel,18
ambush,18
warren,18
preacher,18
reluctantli,18
chines,18
prize,18
road,18
safe,18
though,18
appear,18
dakota,18
recov,18
latter,18
prospector,18
jake,18
seminol,18
scott,18
rebel,18
sentenc,18
gambl,18
canadian,18
lola,18
cook,18
mesquit,18
hawk,18
remot,17
bear,17
among,17
histori,17
realiz,17
clint,17
ensu,17
better,17
rifl,17
custer,17
resid,17
process,17
fianc,17
militari,17
respect,17
recent,17
music,17
surpris,17
nearbi,17
jimmi,17
victim,17
undercov,17
feud,17
revolut,17
alic,17
collect,17
heart,17
night,17
modern,17
cattleman,17
cast,17
hayden,17
dusti,17
poor,16
stallion,16
aliv,16
trial,16
frontiersman,16
near,16
holden,16
johnson,16
refug,16
mark,16
spanish,16
develop,16
futur,16
teenag,16
oklahoma,16
poker,16
expect,16
challeng,16
revolutionari,16
lake,16
quickli,16
befriend,16
charl,16
mont,16
assist,16
oppos,16
bradi,16
mean,16
waco,16
british,16
anyth,16
featur,16
episod,16
warn,16
lawyer,16
assum,16
serv,16
salli,16
holt,16
caldwel,16
prevent,15
warrior,15
path,15
prostitut,15
enter,15
inform,15
betray,15
special,15
south,15
guard,15
miss,15
deal,15
thief,15
seen,15
dress,15
deputi,15
lover,15
townsfolk,15
sheep,15
eddi,15
entir,15
tough,15
reput,15
present,15
station,15
rough,15
plain,15
ford,15
fame,15
fellow,15
hard,15
dougla,15
reluct,15
valuabl,15
steven,15
clash,15
ballard,15
possess,15
1870,15
immigr,15
situat,15
titl,15
cameron,15
burn,15
lincoln,15
santa,15
banker,15
refus,15
second,15
york,15
fact,15
fail,15
everi,15
buddi,15
element,15
fargo,15
buster,15
blame,15
adam,15
mounti,15
serial,15
carson,15
health,14
1800,14
desperado,14
accompani,14
faith,14
accident,14
exact,14
number,14
buri,14
eastern,14
wrong,14
boston,14
comedi,14
short,14
dalton,14
everyth,14
deed,14
alon,14
commun,14
could,14
femal,14
enough,14
hostag,14
celebr,14
score,14
mitchum,14
trader,14
folk,14
honor,14
polit,14
half,14
relationship,14
rustl,14
complet,14
mayor,14
dawson,14
pictur,14
reason,14
price,14
eagl,14
popul,14
peter,14
chri,14
sign,14
allen,14
organ,14
beaver,14
fred,14
mail,14
chito,14
crash,14
hoppi,14
fate,13
butch,13
viciou,13
evan,13
deliv,13
fals,13
shelter,13
pursuit,13
imprison,13
prepar,13
threat,13
defeat,13
brand,13
ship,13
marriag,13
rest,13
drunken,13
craig,13
strike,13
song,13
beat,13
colt,13
francisco,13
barker,13
joseph,13
natur,13
although,13
novel,13
wipe,13
loos,13
ring,13
concern,13
wire,13
dick,13
park,13
rock,13
million,13
dale,13
walter,12
univers,12
epic,12
tonto,12
unscrupul,12
intend,12
talk,12
companion,12
pursuer,12
earn,12
experi,12
held,12
injur,12
tension,12
broken,12
uncov,12
winner,12
kane,12
someon,12
establish,12
ransom,12
recruit,12
juli,12
youngest,12
travi,12
realli,12
point,12
fire,12
duel,12
full,12
horn,12
skill,12
watch,12
vigilant,12
affect,12
hatton,12
worker,12
hatr,12
easi,12
lane,12
demand,12
zorro,12
austin,12
jason,12
think,12
wood,12
raider,12
henchmen,12
clean,12
letter,12
debt,12
author,12
collin,12
wyatt,12
hickok,12
lanc,12
19th,12
linda,12
brant,12
jacob,12
moor,12
tallon,12
joan,12
dark,11
nurs,11
test,11
player,11
wish,11
fugit,11
suddenli,11
cassidi,11
pack,11
spring,11
period,11
minist,11
receiv,11
report,11
school,11
elder,11
card,11
japanes,11
religi,11
slaughter,11
lucki,11
payrol,11
notic,11
cole,11
immedi,11
cost,11
garrett,11
oregon,11
expedit,11
cheat,11
republ,11
davi,11
isol,11
share,11
gunmen,11
perform,11
hell,11
jackson,11
abus,11
saddl,11
sold,11
virginia,11
kennedi,11
comanch,11
joel,11
mccrea,11
lieuten,11
cattlemen,11
stephen,11
despit,11
grab,11
exchang,11
freedom,11
consid,11
profession,11
gain,11
idea,11
thwart,11
loui,11
feel,11
sergeant,11
dodg,11
machin,11
practic,11
gordon,11
henchman,11
rose,11
arthur,11
cash,11
irish,11
mccord,11
smuggl,11
phoni,11
sandi,11
anna,11
ryder,11
jean,11
ultim,10
southwest,10
memori,10
plagu,10
children,10
regiment,10
closer,10
toughest,10
cogburn,10
drink,10
nation,10
possibl,10
gone,10
fighter,10
unawar,10
russian,10
goal,10
ground,10
lord,10
topo,10
compet,10
drunk,10
matter,10
presenc,10
came,10
hangman,10
straight,10
someth,10
curli,10
scene,10
1880,10
separ,10
australian,10
safeti,10
adapt,10
case,10
washington,10
dude,10
twin,10
construct,10
wors,10
duti,10
sinc,10
reed,10
exist,10
singer,10
rebellion,10
winnet,10
draw,10
businessman,10
swear,10
cleef,10
tragedi,10
engag,10
trick,10
belong,10
sequel,10
overrun,10
mistak,10
luck,10
charli,10
especi,10
romant,10
remak,10
pretend,10
friendship,10
cowhand,10
hear,10
brought,10
career,10
anyon,10
grave,10
hideout,10
drew,10
overcom,10
neither,10
danc,10
fletcher,10
destin,10
version,10
cours,10
comic,10
texan,10
ahead,10
edit,10
elect,10
bride,10
edward,10
cruel,10
strip,10
webb,10
labor,10
medicin,10
dancer,10
field,10
anthoni,10
ambiti,10
market,10
bodi,10
rise,10
spirit,10
riley,10
maria,10
pedro,10
plane,10
starr,10
genr,10
patrol,10
stoog,10
autri,10
german,9
stake,9
quiet,9
gradual,9
suicid,9
weapon,9
mormon,9
harass,9
triniti,9
oppress,9
wang,9
bishop,9
thornton,9
cover,9
boyd,9
rogu,9
provid,9
unexpect,9
veng,9
gather,9
poni,9
embark,9
fill,9
devot,9
truth,9
evid,9
apart,9
quit,9
vampir,9
marston,9
crazi,9
expans,9
bitter,9
alway,9
steel,9
estrang,9
await,9
haunt,9
exploit,9
australia,9
alaska,9
teach,9
emperor,9
avoid,9
unknown,9
deceas,9
confus,9
vera,9
mitchel,9
armstrong,9
spent,9
cargo,9
execut,9
whole,9
bronson,9
baker,9
liber,9
dollar,9
newli,9
store,9
hometown,9
landown,9
belinda,9
counti,9
ever,9
thrown,9
disguis,9
slim,9
harvey,9
suffer,9
produc,9
profit,9
difficult,9
expos,9
flame,9
mount,9
hannah,9
match,9
heroic,9
will,9
opposit,9
quick,9
cheroke,9
trade,9
clay,9
engin,9
mile,9
kelli,9
sort,9
earlier,9
forest,9
hood,9
grand,9
mind,9
weston,9
excit,9
sourc,9
diego,9
ward,9
suspici,9
detect,9
rumor,9
hall,9
thousand,9
mistaken,9
replac,9
larri,9
duke,9
less,9
veteran,8
yuma,8
chaney,8
ross,8
grit,8
welcom,8
wall,8
pike,8
dutch,8
heist,8
driven,8
task,8
employ,8
initi,8
feder,8
invit,8
danni,8
touch,8
express,8
disgrac,8
crippl,8
geronimo,8
vienna,8
illeg,8
shadow,8
realiti,8
restor,8
wealth,8
bound,8
butler,8
bonanza,8
quigley,8
mckay,8
approach,8
clan,8
question,8
mcnalli,8
yellow,8
push,8
alien,8
combat,8
knowledg,8
object,8
russel,8
sacr,8
rather,8
unabl,8
lewi,8
outfit,8
spot,8
lawmen,8
gangster,8
english,8
aristocrat,8
enforc,8
opportun,8
pick,8
20th,8
circu,8
offici,8
paul,8
choic,8
alli,8
action-pack,8
earth,8
winter,8
spend,8
hour,8
throw,8
sadist,8
missouri,8
forget,8
step,8
retali,8
defens,8
greed,8
fernando,8
granger,8
wilson,8
turner,8
houston,8
flat,8
cabin,8
guilti,8
tree,8
squatter,8
cach,8
moon,8
dedic,8
despot,8
divid,8
inhabit,8
strand,8
read,8
histor,8
bennett,8
mackay,8
logan,8
loyalti,8
choos,8
theft,8
settlement,8
student,8
becam,8
sulli,8
tenderfoot,8
duncan,8
decis,8
thought,8
newspap,8
suitor,8
arrow,8
invent,8
co-star,8
raymond,8
reno,8
angela,8
vision,8
cloth,8
studio,8
hale,8
provo,8
swdb,8
culprit,8
stir,8
whether,8
switch,8
nearli,8
hoyt,8
elop,8
shelbi,8
sebastian,8
1965,8
brett,8
summer,8
proce,8
pinkerton,8
trigger,8
b-western,8
sundown,8
hollist,8
saunder,8
19th-centuri,8
hargi,8
popular,8
lassit,8
harmon,8
1840,8
doubl,8
borax,8
fuzzi,8
gabbi,8
osceola,8
durant,8
canasta,8
heath,8
rever,8
susan,8
lawson,8
roland,7
confederaci,7
loner,7
savag,7
beyond,7
courag,7
gun-sling,7
1890,7
hole,7
sundanc,7
evad,7
bunch,7
bargain,7
lyle,7
identifi,7
strang,7
outpost,7
suppos,7
badland,7
kate,7
drug,7
region,7
mitch,7
wonder,7
done,7
assault,7
condit,7
boyfriend,7
explor,7
obsess,7
youth,7
highli,7
vega,7
blaze,7
month,7
clark,7
northwest,7
doom,7
strength,7
alreadi,7
sabata,7
obtain,7
passion,7
devil,7
servant,7
holdup,7
public,7
grip,7
saga,7
ralph,7
goodnight,7
load,7
accid,7
storm,7
self,7
lawless,7
'the,7
pardon,7
ferri,7
passag,7
senat,7
brave,7
thoma,7
martha,7
statehood,7
secretli,7
human,7
morn,7
blood,7
singl,7
o'rourk,7
corbett,7
club,7
retriev,7
artist,7
bickford,7
blue,7
yaqui,7
montgomeri,7
fiance,7
drawn,7
carlo,7
employe,7
central,7
manuel,7
least,7
court,7
coloni,7
contract,7
sabotag,7
lack,7
barton,7
crockett,7
treati,7
empir,7
jubal,7
yukon,7
silent,7
absenc,7
calam,7
fast,7
virginian,7
bigot,7
treacher,7
sullivan,7
cahoot,7
sierra,7
afoul,7
round,7
dirti,7
schoolteach,7
said,7
gatl,7
bart,7
might,7
teacher,7
troup,7
diablo,7
bowi,7
blow,7
disappear,7
helen,7
wrongli,7
kept,7
shawne,7
radio,7
flashback,7
abduct,7
saxon,7
manhood,7
rampag,7
almost,7
cass,7
fake,7
cisco,7
grandfath,7
italian,7
becker,7
stoni,7
fanci,7
wake,7
buyer,7
crawford,7
gari,7
fair,7
lust,7
kirbi,7
casper,7
madden,7
entri,7
smoke,7
sunset,7
curti,7
stanley,7
independ,7
rawlin,7
mckenzi,7
freed,6
plantat,6
contain,6
futurist,6
infam,6
gentl,6
miguel,6
matti,6
rooster,6
trek,6
wind,6
simpl,6
outcast,6
nobodi,6
idol,6
arrang,6
robot,6
benjamin,6
harsh,6
rope,6
repeatedli,6
blake,6
eldest,6
assassin,6
noon,6
mcadam,6
demon,6
long-lost,6
color,6
ralli,6
depart,6
glen,6
proper,6
woolli,6
afterward,6
unbeknownst,6
sleev,6
clerk,6
answer,6
terril,6
daisi,6
slowli,6
arrog,6
particular,6
explain,6
hopeless,6
double-cross,6
inspir,6
pacif,6
katherin,6
headstrong,6
rail,6
iron,6
nemesi,6
augusta,6
heavi,6
angel,6
advanc,6
news,6
merchant,6
lightn,6
guardian,6
laura,6
subsequ,6
combin,6
supposedli,6
write,6
anim,6
gemma,6
cool,6
mercenari,6
infiltr,6
particip,6
brawl,6
janet,6
wili,6
piec,6
wagon-train,6
treat,6
willi,6
brennan,6
doretta,6
coach,6
usher,6
sometim,6
exil,6
foil,6
thumb,6
self-defens,6
graduat,6
third,6
madam,6
posit,6
mostli,6
andrew,6
amnesti,6
none,6
bond,6
backdrop,6
pete,6
cowpok,6
superior,6
fallen,6
emerg,6
fought,6
sole,6
spread,6
sens,6
slip,6
forev,6
barri,6
incit,6
naiv,6
worth,6
fist,6
matthew,6
professor,6
elderli,6
badg,6
torn,6
preston,6
burnett,6
sweetheart,6
within,6
overland,6
nowher,6
medic,6
creek,6
inevit,6
elliot,6
recal,6
older,6
barbara,6
increas,6
yearn,6
proud,6
educ,6
clair,6
knew,6
coburn,6
hungarian,6
sacramento,6
payment,6
redeem,6
nasti,6
jumper,6
princ,6
england,6
embitt,6
everglad,6
earp,6
foot,6
tucson,6
nanci,6
imperson,6
gentri,6
mayo,6
casino,6
interfer,6
jeffrey,6
teal,6
theater,6
constantli,6
string,6
skin,6
shootout,6
sarah,6
salt,6
hardship,6
callaway,6
relief,6
mayhem,6
alcohol,6
huron,6
trust,6
gant,6
sure,6
maraud,6
made-for-tv,6
deadli,6
servic,6
note,6
captiv,6
driver,6
explos,6
burgad,6
prompt,6
mickey,6
audi,6
happi,6
assort,6
freight,6
nina,6
variou,6
patsi,6
ethan,6
cohort,6
wing,6
randolph,6
heroin,6
unjustli,6
magnat,6
nick,6
forgotten,6
pistolero,6
wilk,6
boat,6
patch,6
mill,6
adulthood,6
often,6
space,6
tenneray,6
fashion,6
extend,6
hooker,6
narr,6
charm,6
fatal,6
telegraph,6
denni,6
land-grab,6
chuck,6
strong,6
import,6
spectacular,6
bruce,6
allison,6
typic,6
bret,6
rankin,6
mustang,6
chapter,6
florida,6
allan,6
ellison,6
aguila,6
effect,6
beth,6
donner,6
oppon,6
calhoun,6
margarito,6
ranc,6
editor,6
castl,6
tonka,6
nelson,6
jill,6
dade,6
resist,6
fallon,6
saulter,6
franklin,6
daffi,6
cimarron,6
ramerez,6
halfbre,6
baptist,6
hawken,6
cooki,6
banner,6
milan,6
curt,6
mack,6
willington,6
beaufort,6
lobo,6
legal,6
invad,6
dali,6
crowley,6
lock,5
rage,5
stumbl,5
seemingli,5
volunt,5
hugh,5
cocki,5
resort,5
announc,5
gritti,5
bulli,5
humor,5
peasant,5
princess,5
captor,5
glori,5
patron,5
eastwood,5
tend,5
spiritu,5
capt,5
recount,5
board,5
funer,5
1930,5
1830,5
hogan,5
achiev,5
toni,5
childhood,5
totem,5
landscap,5
ancient,5
forcibl,5
frequent,5
pregnant,5
coyot,5
dissatisfi,5
dispens,5
deep,5
karl,5
hatch,5
elabor,5
lure,5
insur,5
sharpshoot,5
target,5
valu,5
spoil,5
averel,5
thursday,5
approv,5
repres,5
kick,5
principl,5
manner,5
smash,5
biggest,5
manhunt,5
jessi,5
advertis,5
donovan,5
discoveri,5
advantag,5
sight,5
told,5
radic,5
resourc,5
escal,5
terrifi,5
sean,5
rafferti,5
book,5
blacksmith,5
unusu,5
allianc,5
broadway,5
ambit,5
gallow,5
huge,5
quaker,5
1967,5
occasion,5
gentleman,5
loyal,5
inexperienc,5
trip,5
thug,5
modern-day,5
fresh,5
ralston,5
sergio,5
leon,5
caravan,5
born,5
cowgirl,5
brothel,5
ulzana,5
experienc,5
terri,5
anyway,5
huerta,5
nicholson,5
somewher,5
outback,5
surehand,5
post-civil,5
stray,5
walsh,5
albert,5
psychot,5
maid,5
chao,5
blind,5
todd,5
drift,5
agenda,5
twist,5
zombi,5
cold,5
aris,5
recogn,5
righteou,5
allegi,5
bent,5
empti,5
pardner,5
traver,5
finger,5
parker,5
stroke,5
throughout,5
cultur,5
storylin,5
cheer,5
hold-up,5
paper,5
brad,5
onto,5
troubleshoot,5
law-abid,5
readi,5
newcom,5
hank,5
gilbert,5
oliv,5
otherwis,5
tyler,5
tradit,5
narrat,5
reverend,5
grandmoth,5
televis,5
alamo,5
hardin,5
uniqu,5
grizzli,5
appoint,5
heavili,5
storekeep,5
file,5
gossett,5
jersey,5
ruse,5
fastest,5
elimin,5
london,5
hotel,5
except,5
sympath,5
ex-armi,5
therebi,5
1971,5
l'amour,5
aunt,5
whenev,5
intrepid,5
kidnapp,5
alex,5
jonathan,5
truli,5
societi,5
chair,5
townsmen,5
pleas,5
flint,5
racist,5
desir,5
deepli,5
confess,5
grief,5
besid,5
glenn,5
1950,5
depth,5
amount,5
deliveri,5
stamped,5
mighti,5
entertain,5
niec,5
chad,5
sante,5
angri,5
lopez,5
pickpocket,5
1947,5
conspir,5
o'donnel,5
revolt,5
utah,5
kincaid,5
rachel,5
privat,5
cowardic,5
mauric,5
riverboat,5
neck,5
graze,5
neighbour,5
transform,5
fuel,5
gate,5
cloud,5
navajo,5
previou,5
stun,5
fiction,5
resembl,5
farrel,5
mourret,5
gypsi,5
kickbox,5
plummer,5
priest,5
accomplic,5
somewhat,5
took,5
despis,5
carpetbagg,5
seiz,5
carey,5
gloria,5
ex-confeder,5
grudg,5
occupi,5
corrigan,5
santel,5
galt,5
keith,5
truck,5
warner,5
devis,5
rank,5
misfit,5
secur,5
chip,5
dispar,5
jona,5
durango,5
hatcher,5
david,5
compass,5
matur,5
year-old,5
lesson,5
alibi,5
circuit,5
boon,5
rudolph,5
ancestor,5
screen,5
champion,5
critic,5
gibson,5
18th,5
shine,5
barcroft,5
fine,5
polici,5
promptli,5
baddi,5
childbirth,5
theme,5
williamson,5
1957,5
dexter,5
getaway,5
abilen,5
provok,5
island,5
frog,5
cannonbal,5
stone,5
hopkin,5
anchor,5
etern,4
tower,4
ella,4
motherless,4
divorc,4
ex-con,4
midst,4
rojo,4
baxter,4
decept,4
1892,4
rango,4
hilt,4
clever,4
rapidli,4
doggedli,4
peace-lov,4
bambino,4
beauregard,4
fantasi,4
ernest,4
borgnin,4
fierc,4
travers,4
nebraska,4
psycholog,4
peril,4
stick,4
account,4
worst,4
gruesom,4
sexual,4
didnt,4
hitman,4
sara,4
codi,4
easili,4
competit,4
quarrel,4
surreal,4
crabb,4
hidalgo,4
massiv,4
cantanker,4
meantim,4
madrid,4
esmeralda,4
robbin,4
rayn,4
nine,4
lefti,4
tomboy,4
laugh,4
hijack,4
quick-draw,4
cora,4
dislik,4
hannassey,4
traitor,4
revisit,4
destruct,4
estevez,4
chavez,4
diamond,4
phillip,4
coat,4
1860,4
contend,4
parch,4
owen,4
cochis,4
advic,4
subordin,4
necessari,4
regard,4
consequ,4
nephew,4
admir,4
taker,4
interpret,4
wear,4
adversari,4
flynn,4
surli,4
alik,4
richest,4
reloc,4
nearest,4
stalk,4
louis,4
fend,4
feet,4
kirk,4
railway,4
holi,4
shatterhand,4
contact,4
conway,4
mute,4
stan,4
shaken,4
simpli,4
style,4
emiliano,4
zapata,4
guerrilla,4
austrian,4
1900,4
timeless,4
march,4
mace,4
comrad,4
wage,4
giuliano,4
youngster,4
kindli,4
handsom,4
uomo,4
junior,4
marqui,4
countess,4
harbor,4
triangl,4
tame,4
moos,4
rabbi,4
scatter,4
mckenna,4
weather,4
flood,4
atroc,4
preciou,4
idealist,4
wane,4
anderson,4
entangl,4
influenti,4
mrs.,4
mose,4
plant,4
kentucki,4
fleurett,4
elvi,4
faster,4
enorm,4
hurt,4
crane,4
mestizo,4
stuart,4
ansara,4
fortress,4
hellcat,4
european,4
o'hara,4
debuin,4
mcintosh,4
embezzl,4
gulch,4
resolv,4
phoeb,4
andrea,4
elud,4
wallac,4
provinc,4
weak,4
masquerad,4
intim,4
ridg,4
either,4
flirt,4
snow,4
cold-blood,4
chandler,4
gunrunn,4
arnold,4
herbert,4
tactic,4
drunkard,4
doubt,4
clown,4
soul,4
descend,4
hilari,4
recuper,4
feisti,4
appar,4
rees,4
seduc,4
oilprinc,4
saint,4
sieg,4
mortgag,4
focus,4
1940,4
worthless,4
forg,4
fascin,4
accomplish,4
ruth,4
flagg,4
rile,4
amongst,4
heel,4
increasingli,4
six-shoot,4
tycoon,4
keaton,4
jealousi,4
shape,4
colleg,4
hospit,4
shadi,4
usual,4
embroil,4
chicago,4
guerilla,4
walk,4
michaela,4
brian,4
kati,4
rehabilit,4
reform,4
surveyor,4
electr,4
pinki,4
right-hand,4
tombston,4
interrupt,4
split,4
thank,4
crew,4
jami,4
garner,4
crusad,4
impend,4
motion,4
warpath,4
1955,4
drag,4
pain,4
upris,4
real-lif,4
barb,4
fewer,4
avail,4
o'connor,4
milian,4
lomax,4
foley,4
habit,4
poison,4
financi,4
opportunist,4
barrow,4
campeau,4
reec,4
jeremi,4
twelv,4
archi,4
iroquoi,4
naturalist,4
writer,4
anahareo,4
madison,4
holliday,4
1885,4
pressur,4
fur-trapp,4
favor,4
salvat,4
greer,4
modoc,4
dora,4
ohio,4
parallel,4
macedonian,4
handl,4
hardwork,4
mild-mann,4
mabri,4
juan,4
cutthroat,4
longmir,4
sucker,4
ex-gunsling,4
nella,4
nicol,4
runaway,4
swedish,4
mccarthi,4
smoki,4
'jone,4
burlesqu,4
midnight,4
chronicl,4
surrend,4
regain,4
howard,4
zanti,4
alan,4
shown,4
patient,4
prospect,4
lang,4
hickman,4
shall,4
connor,4
2014,4
peggi,4
mare,4
indonesia,4
2018,4
infinit,4
screenplay,4
eric,4
core,4
ruler,4
mohican,4
carr,4
kenneth,4
dash,4
coward,4
lawrenc,4
jefferson,4
morrel,4
hombr,4
bradley,4
matthau,4
scala,4
unmask,4
maintain,4
charad,4
insid,4
telegram,4
barrett,4
contin,4
converg,4
melgrov,4
incom,4
hassard,4
con-man,4
sooner,4
boot,4
yeller,4
goldfield,4
lili,4
certain,4
gen.,4
blackwel,4
church,4
derang,4
orest,4
fragment,4
hazard,4
galena,4
magazin,4
old-styl,4
resign,4
afraid,4
breathtak,4
pastur,4
reminisc,4
sympathi,4
activ,4
bandito,4
fifth,4
entrench,4
infect,4
bullet,4
figur,4
motiv,4
week,4
mathew,4
vote,4
reunit,4
gringo,4
would-b,4
rememb,4
gridley,4
franco,4
girard,4
macdonald,4
carver,4
scare,4
tire,4
chester,4
stepfath,4
tokalah,4
killian,4
condemn,4
tracker,4
dynamit,4
emissari,4
brock,4
marsh,4
small-town,4
lanki,4
kenneback,4
http,4
majest,4
smelt,4
averi,4
elain,4
jeremiah,4
mcewen,4
racket,4
purchas,4
street,4
kelton,4
sidewind,4
phantom,4
robertson,4
gang-rap,4
statement,4
clusker,4
brook,4
philip,4
blain,4
kind,4
dillon,4
flight,4
sibl,4
beneath,4
footag,4
documentari,4
today,4
stereoscop,4
smitten,4
barstow,4
soften,4
santo,4
granddaught,4
show-down,4
witch,4
rosario,4
robin,4
snooker,4
www.spaghetti-western.net,4
bestow,4
phylli,4
westgat,4
method,4
cousin,4
whiti,4
minor,4
rode,4
subject,4
weber,4
ciannelli,4
jori,4
disney,4
duchess,4
timber,4
legion,4
beau,4
sandov,4
mckee,4
starrett,4
smiley,4
golden,4
whip,4
scam,4
script,4
merlin,4
marlo,4
pate,4
clifford,4
monterey,4
claud,4
difficulti,4
custom,4
stirl,4
nichol,4
princip,4
antelop,4
tackett,4
monogram,4
sovereign,4
marvin,4
instal,4
jorth,4
socialit,4
tyron,4
duryea,4
quinc,4
covet,4
signatur,4
fidencio,4
mariana,4
clearli,4
june,4
jeffer,4
d'gajo,4
justin,4
pratt,4
patricia,4
deput,4
viva,4
mccleari,4
mcdonald,4
taggart,4
amus,4
angeliqu,4
shipley,4
mississippi,3
toppl,3
drought-plagu,3
insert,3
insist,3
purpos,3
forbidden,3
europ,3
plenti,3
pale,3
mistakenli,3
menac,3
genuin,3
shortli,3
award,3
mystic,3
extrem,3
courier,3
contest,3
sleepi,3
silverado,3
narrowli,3
outskirt,3
undesir,3
proof,3
wrongdo,3
tear,3
birthday,3
nevertheless,3
thrive,3
corpor,3
ridden,3
aboard,3
stash,3
aborigin,3
homicid,3
indian-h,3
vast,3
loss,3
emilio,3
jose,3
kiefer,3
sutherland,3
punish,3
unforgiv,3
restless,3
humili,3
tarnish,3
awar,3
meant,3
shaman,3
redempt,3
missi,3
solut,3
center,3
instant,3
cabl,3
hogu,3
automobil,3
sword,3
samurai,3
portray,3
pillag,3
farmhous,3
relentless,3
creat,3
influenc,3
shane,3
quietli,3
militia,3
maximilian,3
wagonload,3
sand,3
joyou,3
regret,3
gregori,3
ringo,3
realm,3
hung,3
guerrero,3
zachari,3
graham,3
dorsey,3
amanda,3
myrl,3
crow,3
wilkin,3
rove,3
erin,3
cruz,3
slater,3
compromis,3
defi,3
forward,3
stem,3
martial,3
whereabout,3
attach,3
seduct,3
hoffman,3
commerci,3
akira,3
kurosawa,3
fourth,3
tempestu,3
current,3
quarri,3
countrysid,3
loan,3
longtim,3
budget,3
holli,3
ongo,3
bonney,3
endang,3
monk,3
endur,3
sweep,3
horror,3
undetect,3
appropri,3
indigen,3
count,3
amiabl,3
capit,3
villa,3
fierro,3
incid,3
chet,3
rollin,3
shorti,3
alfonso,3
smart,3
strongli,3
word,3
cynic,3
tempt,3
banditri,3
resent,3
shut,3
diseas,3
mortal,3
antonio,3
tour,3
emot,3
colton,3
mythic,3
scandal,3
lucr,3
half-bre,3
lyedeck,3
interven,3
shoot-out,3
blaxploit,3
judi,3
1889,3
1867,3
latin,3
rosa,3
elit,3
photograph,3
foundl,3
elia,3
tate,3
satir,3
lemonad,3
ruthlessli,3
incompet,3
term,3
garri,3
o'malley,3
dana,3
jurisdict,3
displac,3
introduct,3
rare,3
breed,3
fonda,3
halland,3
swindl,3
cart,3
bought,3
numer,3
seedi,3
reclaim,3
strategi,3
wide-screen,3
dealer,3
peterson,3
contribut,3
shed,3
tadlock,3
heartbreak,3
bloodthirsti,3
lizzi,3
kristofferson,3
earl,3
solv,3
lusciou,3
colleen,3
depict,3
ex-gunfight,3
predict,3
burial,3
victori,3
sagebrush,3
half-broth,3
guilt,3
injustic,3
dutchman,3
acquaint,3
1000,3
fool,3
dozen,3
steadi,3
rashomon,3
promin,3
richer,3
court-marti,3
drought,3
profess,3
slaveri,3
prudenc,3
wide-open,3
trevor,3
pennsylvania,3
buckskin,3
decad,3
option,3
grifter,3
carrol,3
tail,3
grey,3
poem,3
sled,3
powel,3
negoti,3
garth,3
intertwin,3
myrna,3
firearm,3
speak,3
unto,3
romp,3
fictiti,3
evict,3
resurrect,3
glanc,3
defenc,3
untam,3
spree,3
idaho,3
ticket,3
chingachgook,3
strive,3
deerslay,3
delaney,3
tobin,3
silverheel,3
cree,3
reject,3
introduc,3
coast,3
reid,3
cavendich,3
medallion,3
section,3
intercept,3
rowdi,3
yate,3
jericho,3
dolan,3
hundr,3
pound,3
joaquin,3
brazil,3
horseback,3
latest,3
product,3
descent,3
passiv,3
franci,3
hamilton,3
gardner,3
leas,3
civilian,3
klondik,3
unwant,3
seton,3
mccloud,3
sharp,3
cantrel,3
hardi,3
endless,3
embarrass,3
bold,3
badmen,3
brodi,3
dean,3
milquetoast,3
founder,3
1848,3
sudden,3
hamper,3
domin,3
whore,3
rooki,3
coffin,3
messag,3
furnac,3
cancel,3
treason,3
snake,3
memoir,3
vanauken,3
ceremoni,3
greek,3
mentor,3
kitti,3
spain,3
horribl,3
moodi,3
refin,3
disappoint,3
obvious,3
tortur,3
nora,3
risk,3
brew,3
jorg,3
devolv,3
blend,3
ulterior,3
politician,3
freddi,3
blair,3
sterl,3
paxton,3
reign,3
corral,3
christian,3
easier,3
ventur,3
boyhood,3
colbi,3
josey,3
inmat,3
versu,3
hilton,3
francesco,3
masi,3
familiar,3
main,3
nero,3
lesley,3
seland,3
counterfeit,3
carter,3
rawl,3
deserv,3
badli,3
dictat,3
impoverish,3
sherman,3
lullabi,3
terhun,3
deckett,3
bird,3
overjoy,3
polli,3
boxleitn,3
jenni,3
1954,3
gray,3
kimbrough,3
straighten,3
plunder,3
tragic,3
ex-soldi,3
gift,3
insan,3
grade,3
paradis,3
intrigu,3
paint,3
furi,3
royal,3
endeavor,3
misde,3
dispossess,3
lorn,3
grown,3
ordeal,3
tennesse,3
merci,3
parrish,3
proceed,3
undertak,3
barlow,3
funni,3
jessup,3
intric,3
payton,3
cure,3
bitterli,3
backfir,3
audienc,3
green,3
orlean,3
victor,3
accord,3
unfold,3
fleme,3
beck,3
maroon,3
saturday,3
matine,3
foran,3
perhap,3
paid,3
lundi,3
bravestarr,3
wild-west,3
ensur,3
weng,3
hollywood,3
tasker,3
hart,3
imag,3
kong,3
clip,3
hoot,3
roden,3
deaf,3
homosexu,3
impress,3
wast,3
meteor,3
psychopath,3
defect,3
mediat,3
prevail,3
outdoor,3
long-run,3
suggest,3
deposit,3
bragg,3
roper,3
redwood,3
spare,3
foreign,3
finish,3
mccall,3
asid,3
meat,3
malon,3
gaucho,3
cheap,3
wooley,3
dispos,3
bomb,3
brain,3
harvest,3
last-minut,3
frozen,3
sloan,3
enrout,3
incognito,3
plead,3
packag,3
noel,3
rigbi,3
showboat,3
ireland,3
relat,3
lumber,3
bard,3
law-and-ord,3
tyrel,3
inskip,3
madron,3
abbott,3
troublemak,3
pickford,3
serb,3
patriarch,3
kenan,3
credit,3
occur,3
ignor,3
filmmak,3
rotten,3
sage,3
belov,3
check,3
auction,3
femm,3
cordeen,3
1958,3
ritter,3
conniston,3
airplan,3
1952,3
rescuer,3
execution,3
lloyd,3
heritag,3
sonora,3
vacat,3
probabl,3
attorney,3
trask,3
duell,3
impost,3
deschain,2
odim,2
collid,2
comb,2
strongbox,2
absolut,2
shackl,2
wrist,2
iron-fist,2
dolarhyd,2
common,2
cavendish,2
dunbar,2
junction,2
03:10,2
1820,2
glass,2
maul,2
munni,2
once-ruthless,2
bounty-hunt,2
greenhorn,2
waylaid,2
long-simm,2
benefit,2
cowardli,2
new-found,2
masterpiec,2
harmonica,2
14-year-old,2
reuben,2
sloth,2
reprob,2
augment,2
laboeuf,2
blizzard,2
american-h,2
indio,2
dirt,2
less-than-courag,2
lizard,2
affabl,2
closest,2
lacon,2
dead-shot,2
'sundanc,2
land-hungri,2
harriman,2
fertil,2
slapstick,2
excess,2
chon,2
clumsi,2
imperi,2
o'bannon,2
greatest,2
150-man,2
recreat,2
wildest,2
life-lik,2
berserk,2
engstrom,2
tector,2
gorch,2
setup,2
orchestr,2
deke,2
casualti,2
piou,2
independent-mind,2
cuddi,2
iowa,2
daunt,2
low-lif,2
brigg,2
stark,2
constant,2
terroris,2
pray,2
otherworldli,2
two-bit,2
demeanor,2
diminish,2
haul,2
selfsam,2
aforement,2
spencer,2
horrifi,2
verifi,2
unemploy,2
replay,2
rivalri,2
taboo,2
inferno,2
clearwat,2
wherev,2
gunsmith,2
korean,2
manchuria,2
weird,2
reconnaiss,2
asian,2
dong-gun,2
jang,2
bosworth,2
huston,2
academi,2
geoffrey,2
harlot,2
one-in-a-thousand,2
winchest,2
alvarez,2
trans-form,2
mole,2
strewn,2
symbol,2
mara,2
self-reflect,2
muse,2
vanquish,2
knife,2
stockburn,2
adventure-fil,2
arabia,2
custodi,2
muster,2
unwit,2
sharp-shoot,2
foursom,2
sensuou,2
unsavori,2
hard-nos,2
dancin,2
guitar,2
emma,2
hard-work,2
disturb,2
40th,2
sofa,2
birthday-night,2
phil,2
enterpris,2
half-human,2
half-vampir,2
dangl,2
oath,2
list,2
ugli,2
darbi,2
boeuf,2
campbel,2
corey,2
odyssey,2
arkansa,2
roddi,2
mcdowal,2
suzann,2
pleshett,2
malden,2
fish-out-of-wat,2
stow,2
nonstop,2
punch,2
belli,2
j.p.,2
hara,2
dingo,2
expatri,2
cat-and-mous,2
leech,2
selfish,2
hewn,2
rufu,2
maragon,2
cord,2
perfidi,2
fulli,2
scurlock,2
mongrel,2
uninvit,2
1845,2
astray,2
scarc,2
rejuven,2
soil,2
fearless,2
sombr,2
mytholog,2
desol,2
honour,2
self-destruct,2
corn,2
thirti,2
bannon,2
perfect,2
embodi,2
callou,2
stern,2
homer,2
reckless,2
amor,2
anymor,2
lenient,2
sacrif,2
tyrant,2
midwest,2
disdain,2
sonni,2
light,2
breakfast,2
kingpin,2
deni,2
reconcil,2
hell-bent,2
summon,2
marti,2
clem,2
unexpectedli,2
food,2
propos,2
squad,2
obstacl,2
ocean,2
bolivia,2
pine,2
shaggi,2
reimagin,2
assail,2
homeand,2
themselvesa,2
unpredict,2
spoken,2
santer,2
supervisor,2
re-rout,2
measur,2
technician,2
avert,2
defiant,2
migrat,2
1825,2
understand/accept,2
lifestyl,2
seattl,2
nightmar,2
panic,2
correct,2
longworth,2
bungl,2
doyl,2
olli,2
saloon-sing,2
nathaniel,2
maim,2
dominion,2
stinki,2
gun-tot,2
alleg,2
clarif,2
admit,2
eleven,2
unarm,2
rajoo,2
itiner,2
heart-of-gold,2
dictatorship,2
porfirio,2
diaz,2
honey,2
seor,2
ocao,2
escudo,2
ballantin,2
skimmel,2
tender,2
unforgett,2
rodger,2
hammerstein,2
leander,2
mcnelli,2
uphold,2
peck,2
sick,2
confin,2
bessi,2
forgiven,2
machet,2
relic,2
bass,2
height,2
starbuck,2
bumbl,2
quirt,2
giulio,2
petroni,2
luciano,2
vincenzoni,2
meceita,2
front,2
spar,2
laps,2
domain,2
mcqueen,2
bonner,2
champ,2
annual,2
trane,2
maximillian,2
laborder,2
duvarr,2
grim,2
ador,2
dawn,2
rivet,2
retribut,2
valor,2
leigh,2
disreput,2
millard,2
union-offic,2
meeker,2
appeas,2
curtiz,2
errol,2
southwestern,2
jeep,2
chestnut,2
avram,2
philadelphia,2
poland,2
congreg,2
eula,2
hepburn,2
vein,2
glyn,2
mclyntock,2
lifetim,2
jefford,2
uncomfort,2
wong,2
afloat,2
shenandoah,2
lockhart,2
coronado,2
waggoman,2
gunhand,2
1909,2
christoph,2
hitch,2
newlyw,2
willard,2
copper-min,2
cahil,2
sound,2
dogwood,2
deceit,2
seed,2
breen,2
militiaman,2
marchand,2
prestley,2
courtney,2
mushroom,2
sissi,2
hankshaw,2
thurman,2
hitchhik,2
model,2
background,2
mate,2
whoop,2
jellybean,2
rain,2
phoenix,2
beauty-,2
chato,2
deeper,2
penalti,2
classmat,2
j.e.b,2
leavenworth,2
abolitionist,2
harper,2
berni,2
casey,2
markham,2
reni,2
santoni,2
1960,2
anglo,2
#ÀNOMBRE?,2
maverick,2
sommer,2
frontierswoman,2
attain,2
maureen,2
firehand,2
horrend,2
jonah,2
disfigur,2
compassion,2
ke-ni-tay,2
compel,2
naiviti,2
prejudic,2
confid,2
qual,2
collater,2
burk,2
craden,2
louisiana,2
moccasin,2
slayton,2
sworn,2
prairi,2
dumb,2
minut,2
thaw,2
wabbl,2
nicknam,2
kiowa,2
pilot,2
pancho,2
bannock,2
sabbath,2
whatev,2
spell,2
issu,2
instruct,2
sanchez,2
swann,2
outfox,2
attitud,2
larami,2
harmoni,2
mcintock,2
improv,2
covington,2
integr,2
grabber,2
paco,2
social,2
leagu,2
cangaceiro,2
coirana,2
risen,2
plight,2
beset,2
disast,2
broker,2
castro,2
design,2
whiskey,2
mirror,2
beast,2
suav,2
draft,2
post-apocalypt,2
mous,2
tini,2
affair,2
shelli,2
minion,2
outspoken,2
useless,2
decim,2
brigad,2
realis,2
stretch,2
kingsley,2
footstep,2
twenti,2
rural,2
marseil,2
pastor,2
shakespear,2
eleanor,2
forsyth,2
brazilian,2
physic,2
myth,2
succe,2
tomb,2
reavi,2
shoulder,2
cliff,2
ravag,2
gunfir,2
breckenridg,2
stribl,2
butterfli,2
collector,2
encamp,2
palefac,2
hereford,2
marcu,2
lana,2
claudett,2
colbert,2
pinnacl,2
alexand,2
jessica,2
dispatch,2
graff,2
leadership,2
wive,2
candid,2
select,2
hackett,2
yolaf,2
sale,2
xanto,2
daniel,2
jerri,2
slain,2
potter,2
torch,2
delroy,2
lakota,2
satan,2
livestock,2
1876,2
cinematographi,2
overview,2
unintent,2
enjoy,2
occup,2
weaken,2
fang,2
dishonest,2
immin,2
anni,2
foster,2
cravat,2
host,2
egan,2
circumst,2
cinematograph,2
taza,2
naich,2
intellig,2
quinci,2
scoundrel,2
strong-wil,2
estat,2
mutin,2
linford,2
grappl,2
loretta,2
allegheni,2
1939,2
clad,2
coonskin,2
kentuckian,2
cope,2
1760,2
part-tim,2
firecreek,2
steadili,2
prari,2
goodby,2
toma,2
cuchillo,2
knife-throw,2
hot-blood,2
financ,2
ex-lov,2
annoy,2
presum,2
theolog,2
humphrey,2
bogart,2
philipp,2
stlzl,2
navig,2
heartbeat,2
reproduct,2
pharmacist,2
britt,2
citizenri,2
epidem,2
obstruct,2
monahan,2
jilt,2
cattle-driv,2
smuggler,2
lookout,2
purgatori,2
holiday,2
admitt,2
heaven,2
screw,2
appal,2
conserv,2
ajawaan,2
biographi,2
lectur,2
wickedest,2
irrespons,2
black-hat,2
trampa,2
dispers,2
urgent,2
bole,2
montez,2
falling-out,2
catlow,2
brynner,2
crenna,2
leonard,2
nimoy,2
arbuckl,2
intertitl,2
gambler/saloon,2
bullhum,2
hickup,2
fatti,2
ticklish,2
loud,2
whimsic,2
englishman,2
houlihan,2
addresse,2
perc,2
westward,2
1933,2
birthplac,2
pester,2
cougar,2
pivot,2
burr,2
meek,2
one-on-on,2
knive,2
ex-gunman,2
spill,2
eeri,2
dietrich,2
hanner,2
lockup,2
elijah,2
ottoman,2
sultan,2
drover,2
scuffl,2
animos,2
thicken,2
conn,2
conagh,2
loneli,2
nineteenth,2
heali,2
two-wagon,2
hound,2
creditor,2
applaus,2
awhil,2
peripatet,2
hellion,2
pink,2
tight,2
geographi,2
moral,2
speedi,2
pantoliano,2
no-nonsens,2
merciless,2
beltran,2
vietnam,2
whittmar,2
gleason,2
squeez,2
croni,2
olandt,2
tiflin,2
steinbeck,2
salina,2
incompat,2
city-lov,2
shepperd,2
strudwick,2
country-happi,2
bicker,2
companionship,2
patern,2
jade,2
expertis,2
westbound,2
batch,2
fieri,2
handcuf,2
wanted-dead-or-al,2
fiorentino,2
sheffer,2
shun,2
ex-partn,2
importantli,2
sheridan,2
beverli,2
lynn,2
richardson,2
adult,2
olen,2
brigham,2
kent,2
zina,2
arapaho,2
re-claim,2
harpoon,2
whaler,2
swede,2
lode,2
stall,2
lookalik,2
photo,2
sticki,2
patriot,2
overwhelm,2
forgiv,2
shopgirl,2
rendezv,2
samuel,2
ill-kempt,2
jabowski,2
birch,2
dandi,2
herald,2
nake,2
neighborhood,2
pin-up,2
drunker,2
clock,2
tick,2
'someth,2
detach,2
dover,2
mcbride,2
hernandez,2
chosen,2
turnaround,2
dynam,2
blackfoot,2
entranc,2
prequel,2
forth,2
gomez,2
abil,2
violet,2
denbow,2
lear,2
comfort,2
launch,2
crypt,2
satago,2
carnag,2
similar,2
guess,2
mint,2
1980,2
juliano,2
serra,2
pelada,2
bald,2
amazon,2
pollut,2
shatter,2
cinema,2
zach,2
strap,2
befel,2
train-robberi,2
keho,2
ingrati,2
corp,2
ballet,2
spaghetti-western.net,2
cantina,2
tango,2
minni,2
ostrich,2
swordfight,2
curious,2
oblig,2
cummin,2
wiluan,2
screenwrit,2
actress,2
ario,2
bayu,2
donni,2
alamsyah,2
lucock,2
yoshi,2
sudarso,2
sunni,2
pang,2
zack,2
pakusadewo,2
pevita,2
pearc,2
salma,2
mikha,2
tambayong,2
framework,2
zhao,2
khoo,2
indonesian,2
javanes,2
poverti,2
mexican-american,2
hispan,2
concernsin,2
parta,2
acquiesc,2
anglo-american,2
alec,2
salesman,2
lillian,2
dual,2
costum,2
revolv,2
cathi,2
drum,2
discharg,2
prior,2
uniform,2
nest,2
destini,2
relax,2
wash,2
lucia,2
swagger,2
distract,2
carteret,2
half-indian,2
unconsci,2
lohman,2
juanita,2
henrickson,2
harden,2
lenz,2
request,2
happili,2
vestig,2
falsli,2
chaser,2
loud-mouth,2
cowpunch,2
polo,2
flounder,2
kelih,2
ex-wif,2
guileless,2
earthli,2
excel,2
father-son,2
kilgor,2
remors,2
enabl,2
bar-girl,2
escapad,2
tough-talk,2
canari,2
illustri,2
vivaci,2
gold-heart,2
season,2
tender-foot,2
movement,2
overthrow,2
munro,2
tribesmen,2
magua,2
unka,2
natti,2
bumppo,2
falkenaug,2
widowmak,2
slue,2
disrupt,2
badman,2
assembl,2
vanc,2
inasmuch,2
virtual,2
galleri,2
bray,2
formid,2
villaini,2
prim,2
madg,2
jacquelin,2
provis,2
'death,2
'indian,2
breaker,2
eyri,2
prefer,2
cheap-labor,2
franchis,2
journalist,2
foment,2
lozoya,2
dmitri,2
vassilovich,2
orlowski,2
mention,2
wallach,2
valiant,2
mccomb,2
stubborn,2
ungrat,2
arliss,2
lisbeth,2
feature-length,2
'tale,2
city-br,2
1868,2
victoria,2
woodsman,2
uncanni,2
wildlif,2
statu,2
sempler,2
skyscrap,2
'girl,2
biograph,2
impuls,2
star-cross,2
weight,2
reckon,2
rodeo-cum-prison,2
wick,2
fabian,2
trumbo,2
slaver,2
pharaoh,2
bleed,2
inch,2
1880,2
poorli,2
court-martial-l,2
motley,2
stablehand,2
1854,2
shell,2
postpon,2
shoshon,2
retel,2
pylad,2
electra,2
baldi,2
rafael/pylad,2
recollect,2
toll,2
re-unit,2
isabella,2
over-compl,2
viewer,2
roberto,2
pregadio,2
awesom,2
isaih,2
hero-al,2
cruelli,2
cyru,2
bloomington,2
isaiah,2
grew,2
1883,2
teddi,2
mainwar,2
valencia,2
terenc,2
close-mouth,2
landlord,2
hewitt,2
forewarn,2
chilli,2
recept,2
repel,2
jacki,2
back-shoot,2
garson,2
mervyn,2
leroy,2
hampden,2
gonzales-gonzal,2
holliman,2
adel,2
jergen,2
dekova,2
lorim,2
flashi,2
nouveau,2
actor/butl,2
roosevelt,2
jordan,2
donavan,2
match-mak,2
candidaci,2
turn-of-th,2
cottownwood,2
basi,2
shiloh,2
jan.,2
1963,2
nobil,2
nov.,2
peanut,2
vendor,2
great-nephew,2
raft,2
pianist,2
tuberculosi,2
socorro,2
rapp,2
couthen,2
waif-with-a-past,2
rannah,2
braden,2
unsentiment,2
elegi,2
sweetgrass,2
flock,2
absaroka-beartooth,2
astonishingli,2
vulner,2
mesh,2
cattle-woman,2
blowhard,2
wherea,2
displi,2
revuls,2
mcandrew,2
pudg,2
chatto,2
saniti,2
waver,2
whatsoever.tenneray,2
bullfight,2
arena,2
low-key,2
unromanticis,2
sequenc,2
imagin,2
espionag,2
powerful,2
intimid,2
santiago,2
jolli,2
gipo,2
illustr,2
lulu,2
upstart,2
bait,2
keeper,2
bueno,2
malo,2
site,2
shirley,2
susannah,2
higgin,2
beeri,2
reinforc,2
tyrann,2
saul,2
wave,2
bluff,2
associ,2
1849,2
fallout,2
snowstorm,2
concept,2
oater,2
quantril,2
remi,2
barg,2
populac,2
chino,2
gold-rush,2
garrison,2
tipton,2
bridger,2
planet,2
christma,2
automomi,2
expens,2
stabl,2
trainer,2
addit,2
sweet,2
parnel,2
wale,2
1942,2
landri,2
remov,2
flesh,2
sandra,2
mccoy,2
jealou,2
colleagu,2
kimbal,2
util,2
devlin,2
poli,2
devast,2
bounc,2
rancho,2
gaspar,2
melo,2
unclear,2
smooth,2
gulag,2
hair,2
nobl,2
lambert,2
rate,2
clive,2
ex-foreman,2
clyde,2
moss,2
jaroo,2
billion,2
madsen,2
abraham,2
daugherti,2
highwayman,2
1901,2
genial,2
adjust,2
cling,2
trussed-up,2
bride-to-b,2
tricki,2
dicki,2
asylum,2
klux,2
klan,2
everett,2
martn,2
land-rel,2
observ,2
//www.spaghetti-western.net,2
brandt,2
bust,2
1893,2
plate,2
payoff,2
repli,2
inquiri,2
cardwel,2
phipp,2
shayn,2
veda,2
borg,2
fowley,2
whippl,2
sooth,2
simpi,2
agreement,2
trophi,2
jacqu,2
merrick,2
1878,2
wahoo,2
spunki,2
ranni,2
sackett,2
withdrawn,2
heifer,2
rowley,2
regular,2
tramp,2
lionel,2
jeffri,2
transvaal,2
priss,2
dobb,2
aubrey,2
erni,2
downhil,2
frankfob2,2
yahoo.com,2
beaudin,2
1500,2
welsh,2
outdraw,2
nash,2
lush,2
astair,2
hunger,2
peacekeep,2
enliven,2
craven,2
clue,2
smallpox,2
winterhawk,2
mulieta,2
spur,2
treatment,2
oust,2
parson,2
josiah,2
promot,2
mcquad,2
corner,2
bushwhack,2
anybodi,2
denounc,2
yoke,2
'warlock,2
disapprov,2
envis,2
steve..,2
circa,2
visual,2
torrid,2
erotic,2
virgin,2
exhibit,2
lesbian,2
orgi,2
long-abandon,2
monolith,2
eyesight,2
re-appear,2
sixteen,2
ordinari,2
tourist,2
sinist,2
dwell,2
psych,2
dwindl,2
exquisit,2
character-driven,2
carv,2
subtl,2
choreographi,2
evolv,2
battle-harden,2
bellow,2
reconnect,2
24-film,2
gopher,2
rowel,2
gill,2
wanted-outlaw,2
breedon,2
school-teach,2
weie,2
wlfe,2
1969,2
crusti,2
dorado,2
california-bound,2
snowbound,2
1846-1847,2
shunka,2
wakan,2
formerli,2
rusher,2
hartman,2
20-year,2
alop,2
worldwid,2
lafe,2
prowl,2
falter,2
johanna,2
carterr,2
upheld,2
heesman,2
herrick,2
theoriz,2
sylvia,2
findley,2
contriv,2
distrust,2
abruptli,2
poster,2
runner,2
particularli,2
thorn,2
highhawk,2
claudia,2
simpleton,2
standoff,2
frankenstein,2
intens,2
corps,2
soda,2
traditionally-anim,2
bruno,2
bozzetto,2
parodi,2
lupino,2
earthquak,2
far-west,2
rori,2
costar,2
ruta,2
tread,2
heim,2
misti,2
ludwig,2
50-year,2
span,2
seabe,2
mclain,2
crowd,2
lavishli,2
deadpan,2
highest,2
extraordinarili,2
carillo,2
jeann,2
atmospher,2
thriller,2
seventh,2
1943,2
endlessli,2
recycl,2
snare,2
mayhew,2
cockney,2
maxwel,2
randal,2
baiz,2
loser,2
arturo,2
bordega,2
fold,2
peco,2
disabl,2
1929,2
barn,2
reservoir,2
feed,2
carniv,2
lorena,2
yvonn,2
record,2
tribut,2
lauter,2
horror-film,2
entrepreneur,2
warm,2
junctur,2
petri,2
ticonderoga,2
pedediah,2
boast,2
fowler,2
gimmick,2
britton,2
domergu,2
bettger,2
wati,2
bootch,2
collum,2
lamar,2
rockwel,2
druri,2
sugg,2
heretofor,2
pillar,2
privileg,2
epitom,2
confluenc,2
mulatto,2
dysfunct,2
1878,2
retard,2
demean,2
time-honor,2
dolenz,2
elev,2
speed,2
slap-dash,2
starlet,2
daun,2
imperil,2
rondo,2
non-actor,2
grotesqu,2
acromegali,2
so-cal,2
eleph,2
tastelessli,2
drudg,2
birth,2
redeath,2
robbery-murd,2
greiner,2
ostens,2
morsbi,2
inclin,2
ramirez,2
insurrect,2
federal,2
turn-of-the-centuri,2
bliss,2
stuffi,2
hairi,2
basement,2
brag,2
julian,2
shay,2
strode,2
adulter,2
fairchild,2
god-lov,2
hain,2
chatterton,2
etc.,2
mcclendon,2
ardisson,2
giacomo,2
rossi-stuart,2
eduardo,2
disput,2
helluva,2
scope,2
35mm,2
wrapped-up,2
oilmen,2
sheepmen,2
cyclon,2
chieftain,2
aggrav,2
chum,2
genocid,2
whereupon,2
fifteen-year-old,2
horse-dr,2
likabl,2
taught,2
conner,2
'brand,2
door,2
gorg,2
yosemit,2
roughest,2
he-man,2
stuffest,2
live-act,2
snag,2
video,2
mid-wint,2
rental,2
cabin-fev,2
deploy,2
shaughnessi,2
springsteen,2
dagger,2
armin,2
wayward,2
reagan,2
gallag,2
expert,2
masterson,2
alter-ego,2
brolin,2
kirkland,2
eaten,2
samson,2
grudgingli,2
milk,2
scientif,2
dust,2
'new,2
fright-fest,2
halloween,2
unravel,2
'spectacular,2
cave,2
sampson,2
pistol-whip,2
timmi,2
alert,2
dennison,2
sear,2
commiss,2
shoemak,2
instig,2
cronin,2
roar,2
godfath,2
bulgarian,2
turkish,2
vicin,2
ransack,2
geezer,2
antic,2
hungri,2
joker,2
abound,2
stroll,2
behest,2
troublesom,2
power-craz,2
one-hour,2
isaach,2
bankol,2
dreamlik,2
reveri,2
szabolc,2
hajdu,2
resel,2
soon-to-be-legendari,2
entwin,2
shoot-'em-up,2
avers,2
censur,2
foolhardi,2
iven,2
fond,2
camera,2
shop,2
wigwam,2
conclus,2
pipe,2
corkl,2
loder,2
argentina,2
randel,2
seventeen,2
diner,2
instantli,2
duck,2
righter,2
doer,2
porki,2
gag-steal,2
squar,2
flex,2
hulki,2
muscl,2
shirt,2
stupor,2
1986,2
burt,2
pitiless,2
botch,2
tough-guy,2
perenni,2
blunder,2
pryor,2
slick,2
labour,2
greatli,2
newborn,2
talbott,2
nanni,2
lyon,2
verna,2
felton,2
esther,2
sheb,2
mimi,2
caruso,2
1885,2
shakespearian,2
michelito,2
loveless,2
deplic,2
cleveland,2
scientist,2
wide,2
weapons-rang,2
atom,2
trinapreston3ao.com,2
roundtre,2
ex-cavalri,2
liar,2
serious,2
tumor,2
attribut,2
imaginari,2
pregnanc,2
laredo,2
nice,2
lin-chu,2
respond,2
elus,2
toxic,2
date,2
langston,2
inhospit,2
snowblind,2
barrel,2
red-hot,2
moder,2
coulde,2
mass,2
sienna,2
mean-tim,2
hondo,2
kelley,2
whit,2
bissel,2
dobson,2
home-stead,2
sleep,2
gertrud,2
poloniu,2
mackenzi,2
ingram,2
kathi,2
townsman,2
myron,2
healey,2
link,2
albord,2
frost,2
cultiv,2
knight,2
make-shift,2
bale,2
festiv,2
precipit,2
evildo,2
ruster,2
second-youngest,2
homesick,2
accustom,2
retreat,2
horticultur,2
sawmil,2
unprofit,2
1835,2
riel,2
blast,2
tunnel,2
bidwel,2
badly-wound,2
down-on-their-luck,2
vaudevillian,2
girli,2
all-mal,2
latter-day,2
queen,2
well-mad,2
specialist,2
mededith,2
crescent,2
litl,2
dwarf-lik,2
christina,2
berndon,2
preteen,2
shaft,2
loom,2
horizon,2
tribal,2
wwii,2
evacu,2
scorch,2
wyndham,2
brisban,2
queensland,2
1862,2
well-b,2
contempt,2
sorrow,2
roug,2
kline,2
b-movi,2
lester,2
orlebeck,2
systemat,2
supernatur,2
entiti,2
fenimor,2
talbot,2
acoma,2
philippin,2
heir,2
starlight,2
jimmyboy,2
dentist,2
substitut,2
brazo,2
bannist,2
jerusalem,2
lesli,2
stopov,2
doesnt,2
skovil,2
muslim,2
sarajevo,2
scroll,2
rita,2
moreno,2
paiut,2
jockey,2
squaw,2
prolong,2
opera,2
germani,2
proteu,2
navi,2
faction,2
balczar,2
hustl,2
repo,2
houseboat,2
sail,2
beam,2
sunshin,2
shingl,2
profil,2
compatriot,2
deceiv,2
stella,2
wile,2
light-heart,2
journeyman,2
thunder,2
#ÀNOMBRE?,2
superstar,2
eight,2
capitan,2
monastario,2
tyranni,2
bernardo,2
pueblo,2
chick,2
argu,2
ginger,2
o'neal,2
greenhow,2
crossfir,2
bystand,2
vesser,2
scrupul,2
laid,2
infest,2
ownership,2
underman,2
extort,2
cromwel,2
lightnin,2
opal,2
laci,2
healthi,2
unless,2
wedg,2
gunsmok,2
ronson,2
brawley,2
coin,2
dove,2
besieg,2
1974,2
hagman,2
overzeal,2
cahier,2
cinma,2
dare,2
overtli,2
alejandro,2
jodorowski,2
premier,2
moullet,2
steam,2
jean-pierr,2
laud,2
1882,2
savannah,2
macmurray,2
dekker,2
roam,2
betti,2
brewer,2
schildkraut,2
petit,2
rochel,2
halli,2
borer,2
cantinfla,2
apothecari,2
exagger,2
toothach,2
heal,2
wheel,2
sculli,2
garcia,2
jewel,2
janitor,2
auken,2
sutter,2
swamp,2
boondock,2
ill-consid,2
spiral,2
downward,2
machine-gun,2
lend,2
stand-in/stunt,2
egotist,2
demobil,2
underway,2
mishap,2
bombard,2
triumph,2
contradictori,2
lengthi,2
spoilt,2
sartana,2
garbag,2
elizabeth,2
wreck,2
clemson,2
marlow,2
chemist,2
horton,2
hartigan,2
emigr,2
adjac,2
branch,2
campo,2
mounter,2
jump,2
lady-friend,2
errand,2
paso,2
document,2
stock,2
bert,2
farg,2
system,2
o'brian,2
dolor,2
cristal,2
emil,2
meyer,2
hord,2
lash,2
coexist,2
everywher,2
nadja,2
roma,2
insati,2
vagabond,2
casual,2
filmaffin,2
enrag,2
technolog,2
refriger,2
butcher,2
perman,2
culver,2
nardo,2
emporia,2
mourner,2
scotti,2
reaction,2
gore,2
jenner,2
eagerli,2
nazarro,2
joann,2
hickock,2
daili,2
old-tim,2
peaceabl,2
trailcross,2
nevadi,2
entrust,2
intervent,2
lespard,2
kunga-sunga,2
wizard,2
lariat,2
hayse,2
hoosier,2
gender,2
rotund,2
kibbe,2
handyman,2
donnel,2
jerom,2
winston,2
stover,2
guinn,2
//www.allmovie.com/movie/cowboy-blues-v88020,2
s45hjwk4wc6cpu4t.99,2
fish,2
canneri,2
1972,2
coup,2
frighten,2
fitzgerald,2
daly/morgan,2
unequ,2
convent-rais,2
vicker,2
egypt,2
zalata,2
remind,2
kazan,2
egyptian,2
u.s..,2
depred,2
non-viol,2
deterior,2
basehart,2
donald,2
renault,2
renaldo,2
thinli,2
grandson,2
crown,2
carrasco,2
lore,2
freezer,2
freez,2
'rocki,2
'skeeter,2
chubbi,2
jock,2
mahoney,2
jagad,2
abid,2
saloon-keep,2
faro,2
swipe,2
gallop,2
hiatu,2
scaveng,2
thoroughli,2
disgust,2
seriou,2
freudian,2
chuckawalla,2
testifi,2
monogram-produc,2
declin,2
full-fledg,2
druggist,2
recaptur,2
western-genr,2
woven,2
hopalong,2
root,2
'shooter,2
beaten,2
shooter,2
solitari,2
sherif,2
weav,2
heartfelt,2
storytel,2
gruff,2
meriweth,2
wise,2
sacagawea,2
'trinity'esqu,2
bicycl,2
interraci,2
turbul,2
ellen,2
chaco,2
deck,2
1946,2
homeless,2
whittak,2
1899,2
laikon,2
overpow,2
cannon,2
1976,2
italian-isra,2
co-product,2
leif,2
gianfranco,2
parolini,2
pistola,2
manduk,2
isaac,2
mcclain,2
rape-massacr,2
omnipres,2
1970,2
glynni,2
marley,2
remark,2
anem,2
candian,2
nazi,2
falcon,2
fortuit,2
fortune-tel,2
charlita,2
dire,2
tone,2
stew,2
dinosaur,2
bone,2
poncho,2
milna,2
timberland,2
alderson,2
eco-unfriendli,2
naturama,2
spoiler,2
langtri,2
alter,2
dureau,2
necklac,2
1915,2
revolutions.tyranni,2
provinci,2
simon,2
rrba,2
re-occupi,2
convent,2
monogram/,2
off-and-on,2
schedul,2
policeman,2
chinook,2
novelti,2
marion,2
bailey,2
helmsman,2
resum,2
1968,2
ettor,2
fizzarotti,2
giovanni,2
simonelli,2
swing,2
moment,2
ramiz,2
balist,2
ahmet,2
yager,2
goss,2